TRACE::2025-12-24.06:17:23::SCWPlatform::Trying to open the hw design at /home/zhou/Desktop/validation_1/vitis/full_system_v0/hw/new_system_v0_wrapper.xsa
TRACE::2025-12-24.06:17:23::SCWPlatform::DSA given /home/zhou/Desktop/validation_1/vitis/full_system_v0/hw/new_system_v0_wrapper.xsa
TRACE::2025-12-24.06:17:23::SCWPlatform::DSA absoulate path /home/zhou/Desktop/validation_1/vitis/full_system_v0/hw/new_system_v0_wrapper.xsa
TRACE::2025-12-24.06:17:23::SCWPlatform::DSA directory /home/zhou/Desktop/validation_1/vitis/full_system_v0/hw
TRACE::2025-12-24.06:17:23::SCWPlatform:: Platform Path /home/zhou/Desktop/validation_1/vitis/full_system_v0/hw/new_system_v0_wrapper.xsa
TRACE::2025-12-24.06:17:23::SCWPlatform:: Unique name xilinx:::0.0
TRACE::2025-12-24.06:17:23::SCWPlatform::Do not have an existing db opened. 
TRACE::2025-12-24.06:17:23::SCWWriter::formatted JSON is {
	"platformName":	"full_system_v0",
	"sprVersion":	"2.0",
	"mode":	"gui",
	"dsaType":	"Fixed",
	"platformDesc":	"full_system_v0",
	"platHandOff":	"/home/zhou/Desktop/validation_1/vitis/new_system_v0_wrapper.xsa",
	"platIntHandOff":	"<platformDir>/hw/new_system_v0_wrapper.xsa",
	"deviceType":	"zynqMP",
	"platIsPrebuiltAutogen":	"false",
	"platIsNoBootBsp":	"false",
	"hasFsblMakeHasChanges":	"false",
	"hasPmufwMakeHasChanges":	"false",
	"platPreBuiltFlag":	false,
	"platformSamplesDir":	""
}
TRACE::2025-12-24.06:17:23::SCWWriter::formatted JSON is {
	"platformName":	"full_system_v0",
	"sprVersion":	"2.0",
	"mode":	"gui",
	"dsaType":	"Fixed",
	"platformDesc":	"full_system_v0",
	"platHandOff":	"/home/zhou/Desktop/validation_1/vitis/new_system_v0_wrapper.xsa",
	"platIntHandOff":	"<platformDir>/hw/new_system_v0_wrapper.xsa",
	"deviceType":	"zynqMP",
	"platIsPrebuiltAutogen":	"false",
	"platIsNoBootBsp":	"false",
	"hasFsblMakeHasChanges":	"false",
	"hasPmufwMakeHasChanges":	"false",
	"platPreBuiltFlag":	false,
	"platformSamplesDir":	"",
	"platActiveSys":	"full_system_v0",
	"systems":	[{
			"systemName":	"full_system_v0",
			"systemDesc":	"full_system_v0",
			"sysIsBootAutoGen":	"true",
			"systemDispName":	"full_system_v0"
		}]
}
TRACE::2025-12-24.06:17:24::SCWPlatform::Boot application domains not present, creating them
TRACE::2025-12-24.06:17:24::SCWDomain::checking for install qemu data   : 
TRACE::2025-12-24.06:17:24::SCWDomain:: Using the QEMU Data from install at  : /tools/Xilinx/Vitis/2024.2/data/emulation/platforms/zynqmp/sw/a53_standalone/qemu/
TRACE::2025-12-24.06:17:24::SCWDomain:: Using the QEMU args  from install at  : /tools/Xilinx/Vitis/2024.2/data/emulation/platforms/zynqmp/sw/a53_standalone/qemu/qemu_args.txt
TRACE::2025-12-24.06:17:24::SCWDomain:: Using the PMUQEMU args from install at  : /tools/Xilinx/Vitis/2024.2/data/emulation/platforms/zynqmp/sw/a53_standalone/qemu/pmu_args.txt
TRACE::2025-12-24.06:17:24::SCWPlatform::Trying to open the hw design at /home/zhou/Desktop/validation_1/vitis/full_system_v0/hw/new_system_v0_wrapper.xsa
TRACE::2025-12-24.06:17:24::SCWPlatform::DSA given /home/zhou/Desktop/validation_1/vitis/full_system_v0/hw/new_system_v0_wrapper.xsa
TRACE::2025-12-24.06:17:24::SCWPlatform::DSA absoulate path /home/zhou/Desktop/validation_1/vitis/full_system_v0/hw/new_system_v0_wrapper.xsa
TRACE::2025-12-24.06:17:24::SCWPlatform::DSA directory /home/zhou/Desktop/validation_1/vitis/full_system_v0/hw
TRACE::2025-12-24.06:17:24::SCWPlatform:: Platform Path /home/zhou/Desktop/validation_1/vitis/full_system_v0/hw/new_system_v0_wrapper.xsa
TRACE::2025-12-24.06:17:24::SCWPlatform:: Unique name xilinx:::0.0
TRACE::2025-12-24.06:17:24::SCWPlatform::Trying to set the existing hwdb with name gemm_v0_wrapper
TRACE::2025-12-24.06:17:24::SCWPlatform::Could not get the HWDB from existing dbname
TRACE::2025-12-24.06:17:24::SCWPlatform::Do not have an existing db opened. Attempting to open the hwDb. 
TRACE::2025-12-24.06:17:24::SCWPlatform::Opened new HwDB with name gemm_v0_wrapper
TRACE::2025-12-24.06:17:24::SCWPlatform::Trying to open the hw design at /home/zhou/Desktop/validation_1/vitis/full_system_v0/hw/new_system_v0_wrapper.xsa
TRACE::2025-12-24.06:17:24::SCWPlatform::DSA given /home/zhou/Desktop/validation_1/vitis/full_system_v0/hw/new_system_v0_wrapper.xsa
TRACE::2025-12-24.06:17:24::SCWPlatform::DSA absoulate path /home/zhou/Desktop/validation_1/vitis/full_system_v0/hw/new_system_v0_wrapper.xsa
TRACE::2025-12-24.06:17:24::SCWPlatform::DSA directory /home/zhou/Desktop/validation_1/vitis/full_system_v0/hw
TRACE::2025-12-24.06:17:24::SCWPlatform:: Platform Path /home/zhou/Desktop/validation_1/vitis/full_system_v0/hw/new_system_v0_wrapper.xsa
TRACE::2025-12-24.06:17:24::SCWPlatform:: Unique name xilinx:::0.0
TRACE::2025-12-24.06:17:24::SCWPlatform::Trying to set the existing hwdb with name gemm_v0_wrapper
TRACE::2025-12-24.06:17:24::SCWPlatform::Could not get the HWDB from existing dbname
TRACE::2025-12-24.06:17:24::SCWPlatform::Do not have an existing db opened. Attempting to open the hwDb. 
TRACE::2025-12-24.06:17:24::SCWPlatform::Opened new HwDB with name gemm_v0_wrapper
TRACE::2025-12-24.06:17:24::SCWPlatform::Trying to open the hw design at /home/zhou/Desktop/validation_1/vitis/full_system_v0/hw/new_system_v0_wrapper.xsa
TRACE::2025-12-24.06:17:24::SCWPlatform::DSA given /home/zhou/Desktop/validation_1/vitis/full_system_v0/hw/new_system_v0_wrapper.xsa
TRACE::2025-12-24.06:17:24::SCWPlatform::DSA absoulate path /home/zhou/Desktop/validation_1/vitis/full_system_v0/hw/new_system_v0_wrapper.xsa
TRACE::2025-12-24.06:17:24::SCWPlatform::DSA directory /home/zhou/Desktop/validation_1/vitis/full_system_v0/hw
TRACE::2025-12-24.06:17:24::SCWPlatform:: Platform Path /home/zhou/Desktop/validation_1/vitis/full_system_v0/hw/new_system_v0_wrapper.xsa
TRACE::2025-12-24.06:17:24::SCWPlatform:: Unique name xilinx:::0.0
TRACE::2025-12-24.06:17:24::SCWPlatform::Trying to set the existing hwdb with name gemm_v0_wrapper
TRACE::2025-12-24.06:17:24::SCWPlatform::Could not get the HWDB from existing dbname
TRACE::2025-12-24.06:17:24::SCWPlatform::Do not have an existing db opened. Attempting to open the hwDb. 
TRACE::2025-12-24.06:17:24::SCWPlatform::Opened new HwDB with name gemm_v0_wrapper
TRACE::2025-12-24.06:17:24::SCWPlatform::Boot application domain added for zynqmp_fsbl
TRACE::2025-12-24.06:17:24::SCWPlatform::Generating the sources  .
TRACE::2025-12-24.06:17:24::SCWBDomain::Generating boot domain sources.
TRACE::2025-12-24.06:17:24::SCWBDomain:: Generating the zynqmp_fsbl Application.
TRACE::2025-12-24.06:17:24::SCWPlatform::Trying to open the hw design at /home/zhou/Desktop/validation_1/vitis/full_system_v0/hw/new_system_v0_wrapper.xsa
TRACE::2025-12-24.06:17:24::SCWPlatform::DSA given /home/zhou/Desktop/validation_1/vitis/full_system_v0/hw/new_system_v0_wrapper.xsa
TRACE::2025-12-24.06:17:24::SCWPlatform::DSA absoulate path /home/zhou/Desktop/validation_1/vitis/full_system_v0/hw/new_system_v0_wrapper.xsa
TRACE::2025-12-24.06:17:24::SCWPlatform::DSA directory /home/zhou/Desktop/validation_1/vitis/full_system_v0/hw
TRACE::2025-12-24.06:17:24::SCWPlatform:: Platform Path /home/zhou/Desktop/validation_1/vitis/full_system_v0/hw/new_system_v0_wrapper.xsa
TRACE::2025-12-24.06:17:24::SCWPlatform:: Unique name xilinx:::0.0
TRACE::2025-12-24.06:17:24::SCWPlatform::Trying to set the existing hwdb with name gemm_v0_wrapper
TRACE::2025-12-24.06:17:24::SCWPlatform::Could not get the HWDB from existing dbname
TRACE::2025-12-24.06:17:24::SCWPlatform::Do not have an existing db opened. Attempting to open the hwDb. 
TRACE::2025-12-24.06:17:24::SCWPlatform::Opened new HwDB with name gemm_v0_wrapper
TRACE::2025-12-24.06:17:24::SCWMssOS::Checking the sw design at  /home/zhou/Desktop/validation_1/vitis/full_system_v0/zynqmp_fsbl/zynqmp_fsbl_bsp/system.mss
TRACE::2025-12-24.06:17:24::SCWMssOS::DEBUG:  swdes dump  
TRACE::2025-12-24.06:17:24::SCWMssOS::No sw design opened at  /home/zhou/Desktop/validation_1/vitis/full_system_v0/zynqmp_fsbl/zynqmp_fsbl_bsp/system.mss
TRACE::2025-12-24.06:17:24::SCWMssOS::mss does not exists at /home/zhou/Desktop/validation_1/vitis/full_system_v0/zynqmp_fsbl/zynqmp_fsbl_bsp/system.mss
TRACE::2025-12-24.06:17:24::SCWMssOS::Creating sw design at  /home/zhou/Desktop/validation_1/vitis/full_system_v0/zynqmp_fsbl/zynqmp_fsbl_bsp/system.mss
TRACE::2025-12-24.06:17:24::SCWMssOS::Adding the swdes entry, created swdb /home/zhou/Desktop/validation_1/vitis/full_system_v0/zynqmp_fsbl/zynqmp_fsbl_bsp/system.mss with des name /home/zhou/Desktop/validation_1/vitis/full_system_v0/zynqmp_fsbl/zynqmp_fsbl_bsp/system.mss
TRACE::2025-12-24.06:17:24::SCWMssOS::updating the scw layer changes to swdes at   /home/zhou/Desktop/validation_1/vitis/full_system_v0/zynqmp_fsbl/zynqmp_fsbl_bsp/system.mss
TRACE::2025-12-24.06:17:24::SCWMssOS::Writing mss at /home/zhou/Desktop/validation_1/vitis/full_system_v0/zynqmp_fsbl/zynqmp_fsbl_bsp/system.mss
TRACE::2025-12-24.06:17:24::SCWMssOS::Completed writing the mss file at /home/zhou/Desktop/validation_1/vitis/full_system_v0/zynqmp_fsbl/zynqmp_fsbl_bsp
TRACE::2025-12-24.06:17:24::SCWMssOS::Picking up changes from newly written mss file into SCW Layer. 
TRACE::2025-12-24.06:17:24::SCWMssOS::Updated the changes from newly written mss file into SCW Layer. 
TRACE::2025-12-24.06:17:24::SCWBDomain::Completed writing the mss file at /home/zhou/Desktop/validation_1/vitis/full_system_v0/zynqmp_fsbl/zynqmp_fsbl_bsp
TRACE::2025-12-24.06:17:26::SCWPlatform::Generating sources Done.
TRACE::2025-12-24.06:17:26::SCWDomain::checking for install qemu data   : 
TRACE::2025-12-24.06:17:26::SCWDomain:: Using the QEMU Data from install at  : /tools/Xilinx/Vitis/2024.2/data/emulation/platforms/zynqmp/sw/a53_standalone/qemu/
TRACE::2025-12-24.06:17:26::SCWDomain:: Using the QEMU args  from install at  : /tools/Xilinx/Vitis/2024.2/data/emulation/platforms/zynqmp/sw/a53_standalone/qemu/qemu_args.txt
TRACE::2025-12-24.06:17:26::SCWDomain:: Using the PMUQEMU args from install at  : /tools/Xilinx/Vitis/2024.2/data/emulation/platforms/zynqmp/sw/a53_standalone/qemu/pmu_args.txt
TRACE::2025-12-24.06:17:26::SCWPlatform::Trying to open the hw design at /home/zhou/Desktop/validation_1/vitis/full_system_v0/hw/new_system_v0_wrapper.xsa
TRACE::2025-12-24.06:17:26::SCWPlatform::DSA given /home/zhou/Desktop/validation_1/vitis/full_system_v0/hw/new_system_v0_wrapper.xsa
TRACE::2025-12-24.06:17:26::SCWPlatform::DSA absoulate path /home/zhou/Desktop/validation_1/vitis/full_system_v0/hw/new_system_v0_wrapper.xsa
TRACE::2025-12-24.06:17:26::SCWPlatform::DSA directory /home/zhou/Desktop/validation_1/vitis/full_system_v0/hw
TRACE::2025-12-24.06:17:26::SCWPlatform:: Platform Path /home/zhou/Desktop/validation_1/vitis/full_system_v0/hw/new_system_v0_wrapper.xsa
TRACE::2025-12-24.06:17:26::SCWPlatform:: Unique name xilinx:::0.0
TRACE::2025-12-24.06:17:26::SCWPlatform::Trying to set the existing hwdb with name gemm_v0_wrapper
TRACE::2025-12-24.06:17:26::SCWPlatform::Could not get the HWDB from existing dbname
TRACE::2025-12-24.06:17:26::SCWPlatform::Do not have an existing db opened. Attempting to open the hwDb. 
TRACE::2025-12-24.06:17:26::SCWPlatform::Opened new HwDB with name gemm_v0_wrapper
TRACE::2025-12-24.06:17:26::SCWPlatform::Boot application domain added for zynqmp_pmufw
TRACE::2025-12-24.06:17:26::SCWPlatform::Generating the sources  .
TRACE::2025-12-24.06:17:26::SCWBDomain::Generating boot domain sources.
TRACE::2025-12-24.06:17:26::SCWBDomain:: Generating the zynqmp_pmufw Application.
TRACE::2025-12-24.06:17:26::SCWPlatform::Trying to open the hw design at /home/zhou/Desktop/validation_1/vitis/full_system_v0/hw/new_system_v0_wrapper.xsa
TRACE::2025-12-24.06:17:26::SCWPlatform::DSA given /home/zhou/Desktop/validation_1/vitis/full_system_v0/hw/new_system_v0_wrapper.xsa
TRACE::2025-12-24.06:17:26::SCWPlatform::DSA absoulate path /home/zhou/Desktop/validation_1/vitis/full_system_v0/hw/new_system_v0_wrapper.xsa
TRACE::2025-12-24.06:17:26::SCWPlatform::DSA directory /home/zhou/Desktop/validation_1/vitis/full_system_v0/hw
TRACE::2025-12-24.06:17:26::SCWPlatform:: Platform Path /home/zhou/Desktop/validation_1/vitis/full_system_v0/hw/new_system_v0_wrapper.xsa
TRACE::2025-12-24.06:17:26::SCWPlatform:: Unique name xilinx:::0.0
TRACE::2025-12-24.06:17:26::SCWPlatform::Trying to set the existing hwdb with name gemm_v0_wrapper
TRACE::2025-12-24.06:17:26::SCWPlatform::Could not get the HWDB from existing dbname
TRACE::2025-12-24.06:17:26::SCWPlatform::Do not have an existing db opened. Attempting to open the hwDb. 
TRACE::2025-12-24.06:17:26::SCWPlatform::Opened new HwDB with name gemm_v0_wrapper
TRACE::2025-12-24.06:17:26::SCWMssOS::Checking the sw design at  /home/zhou/Desktop/validation_1/vitis/full_system_v0/zynqmp_pmufw/zynqmp_pmufw_bsp/system.mss
TRACE::2025-12-24.06:17:26::SCWMssOS::DEBUG:  swdes dump  
TRACE::2025-12-24.06:17:26::SCWMssOS::No sw design opened at  /home/zhou/Desktop/validation_1/vitis/full_system_v0/zynqmp_pmufw/zynqmp_pmufw_bsp/system.mss
TRACE::2025-12-24.06:17:26::SCWMssOS::mss does not exists at /home/zhou/Desktop/validation_1/vitis/full_system_v0/zynqmp_pmufw/zynqmp_pmufw_bsp/system.mss
TRACE::2025-12-24.06:17:26::SCWMssOS::Creating sw design at  /home/zhou/Desktop/validation_1/vitis/full_system_v0/zynqmp_pmufw/zynqmp_pmufw_bsp/system.mss
TRACE::2025-12-24.06:17:26::SCWMssOS::Adding the swdes entry, created swdb /home/zhou/Desktop/validation_1/vitis/full_system_v0/zynqmp_pmufw/zynqmp_pmufw_bsp/system.mss with des name /home/zhou/Desktop/validation_1/vitis/full_system_v0/zynqmp_pmufw/zynqmp_pmufw_bsp/system.mss
TRACE::2025-12-24.06:17:26::SCWMssOS::updating the scw layer changes to swdes at   /home/zhou/Desktop/validation_1/vitis/full_system_v0/zynqmp_pmufw/zynqmp_pmufw_bsp/system.mss
TRACE::2025-12-24.06:17:26::SCWMssOS::Writing mss at /home/zhou/Desktop/validation_1/vitis/full_system_v0/zynqmp_pmufw/zynqmp_pmufw_bsp/system.mss
TRACE::2025-12-24.06:17:26::SCWMssOS::Completed writing the mss file at /home/zhou/Desktop/validation_1/vitis/full_system_v0/zynqmp_pmufw/zynqmp_pmufw_bsp
TRACE::2025-12-24.06:17:26::SCWMssOS::Picking up changes from newly written mss file into SCW Layer. 
TRACE::2025-12-24.06:17:26::SCWMssOS::Updated the changes from newly written mss file into SCW Layer. 
TRACE::2025-12-24.06:17:26::SCWBDomain::Completed writing the mss file at /home/zhou/Desktop/validation_1/vitis/full_system_v0/zynqmp_pmufw/zynqmp_pmufw_bsp
TRACE::2025-12-24.06:17:27::SCWPlatform::Generating sources Done.
TRACE::2025-12-24.06:17:27::SCWPlatform::Trying to open the hw design at /home/zhou/Desktop/validation_1/vitis/full_system_v0/hw/new_system_v0_wrapper.xsa
TRACE::2025-12-24.06:17:27::SCWPlatform::DSA given /home/zhou/Desktop/validation_1/vitis/full_system_v0/hw/new_system_v0_wrapper.xsa
TRACE::2025-12-24.06:17:27::SCWPlatform::DSA absoulate path /home/zhou/Desktop/validation_1/vitis/full_system_v0/hw/new_system_v0_wrapper.xsa
TRACE::2025-12-24.06:17:27::SCWPlatform::DSA directory /home/zhou/Desktop/validation_1/vitis/full_system_v0/hw
TRACE::2025-12-24.06:17:27::SCWPlatform:: Platform Path /home/zhou/Desktop/validation_1/vitis/full_system_v0/hw/new_system_v0_wrapper.xsa
TRACE::2025-12-24.06:17:27::SCWPlatform:: Unique name xilinx:::0.0
TRACE::2025-12-24.06:17:27::SCWPlatform::Trying to set the existing hwdb with name gemm_v0_wrapper
TRACE::2025-12-24.06:17:27::SCWPlatform::Could not get the HWDB from existing dbname
TRACE::2025-12-24.06:17:27::SCWPlatform::Do not have an existing db opened. Attempting to open the hwDb. 
TRACE::2025-12-24.06:17:27::SCWPlatform::Opened new HwDB with name gemm_v0_wrapper
TRACE::2025-12-24.06:17:27::SCWMssOS::Checking the sw design at  /home/zhou/Desktop/validation_1/vitis/full_system_v0/zynqmp_fsbl/zynqmp_fsbl_bsp/system.mss
TRACE::2025-12-24.06:17:27::SCWMssOS::DEBUG:  swdes dump  
TRACE::2025-12-24.06:17:27::SCWMssOS::No sw design opened at  /home/zhou/Desktop/validation_1/vitis/full_system_v0/zynqmp_fsbl/zynqmp_fsbl_bsp/system.mss
TRACE::2025-12-24.06:17:27::SCWMssOS::mss exists loading the mss file  /home/zhou/Desktop/validation_1/vitis/full_system_v0/zynqmp_fsbl/zynqmp_fsbl_bsp/system.mss
TRACE::2025-12-24.06:17:27::SCWMssOS::Opened the sw design from mss  /home/zhou/Desktop/validation_1/vitis/full_system_v0/zynqmp_fsbl/zynqmp_fsbl_bsp/system.mss
TRACE::2025-12-24.06:17:27::SCWMssOS::Adding the swdes entry /home/zhou/Desktop/validation_1/vitis/full_system_v0/zynqmp_fsbl/zynqmp_fsbl_bsp/system.mss with des name system
TRACE::2025-12-24.06:17:27::SCWMssOS::updating the scw layer about changes
TRACE::2025-12-24.06:17:27::SCWMssOS::Opened the sw design.  /home/zhou/Desktop/validation_1/vitis/full_system_v0/zynqmp_fsbl/zynqmp_fsbl_bsp/system.mss
TRACE::2025-12-24.06:17:27::SCWPlatform::Trying to open the hw design at /home/zhou/Desktop/validation_1/vitis/full_system_v0/hw/new_system_v0_wrapper.xsa
TRACE::2025-12-24.06:17:27::SCWPlatform::DSA given /home/zhou/Desktop/validation_1/vitis/full_system_v0/hw/new_system_v0_wrapper.xsa
TRACE::2025-12-24.06:17:27::SCWPlatform::DSA absoulate path /home/zhou/Desktop/validation_1/vitis/full_system_v0/hw/new_system_v0_wrapper.xsa
TRACE::2025-12-24.06:17:27::SCWPlatform::DSA directory /home/zhou/Desktop/validation_1/vitis/full_system_v0/hw
TRACE::2025-12-24.06:17:27::SCWPlatform:: Platform Path /home/zhou/Desktop/validation_1/vitis/full_system_v0/hw/new_system_v0_wrapper.xsa
TRACE::2025-12-24.06:17:27::SCWPlatform:: Unique name xilinx:::0.0
TRACE::2025-12-24.06:17:27::SCWPlatform::Trying to set the existing hwdb with name gemm_v0_wrapper
TRACE::2025-12-24.06:17:27::SCWPlatform::Could not get the HWDB from existing dbname
TRACE::2025-12-24.06:17:27::SCWPlatform::Do not have an existing db opened. Attempting to open the hwDb. 
TRACE::2025-12-24.06:17:27::SCWPlatform::Opened new HwDB with name gemm_v0_wrapper
TRACE::2025-12-24.06:17:27::SCWMssOS::Checking the sw design at  /home/zhou/Desktop/validation_1/vitis/full_system_v0/zynqmp_pmufw/zynqmp_pmufw_bsp/system.mss
TRACE::2025-12-24.06:17:27::SCWMssOS::DEBUG:  swdes dump  /home/zhou/Desktop/validation_1/vitis/full_system_v0/zynqmp_fsbl/zynqmp_fsbl_bsp/system.mss|system||

TRACE::2025-12-24.06:17:27::SCWMssOS::No sw design opened at  /home/zhou/Desktop/validation_1/vitis/full_system_v0/zynqmp_pmufw/zynqmp_pmufw_bsp/system.mss
TRACE::2025-12-24.06:17:27::SCWMssOS::mss exists loading the mss file  /home/zhou/Desktop/validation_1/vitis/full_system_v0/zynqmp_pmufw/zynqmp_pmufw_bsp/system.mss
TRACE::2025-12-24.06:17:27::SCWMssOS::Opened the sw design from mss  /home/zhou/Desktop/validation_1/vitis/full_system_v0/zynqmp_pmufw/zynqmp_pmufw_bsp/system.mss
TRACE::2025-12-24.06:17:27::SCWMssOS::Adding the swdes entry /home/zhou/Desktop/validation_1/vitis/full_system_v0/zynqmp_pmufw/zynqmp_pmufw_bsp/system.mss with des name system_0
TRACE::2025-12-24.06:17:27::SCWMssOS::updating the scw layer about changes
TRACE::2025-12-24.06:17:27::SCWMssOS::Opened the sw design.  /home/zhou/Desktop/validation_1/vitis/full_system_v0/zynqmp_pmufw/zynqmp_pmufw_bsp/system.mss
TRACE::2025-12-24.06:17:27::SCWMssOS::Saving the mss changes /home/zhou/Desktop/validation_1/vitis/full_system_v0/zynqmp_fsbl/zynqmp_fsbl_bsp/system.mss
TRACE::2025-12-24.06:17:27::SCWMssOS::Found a swdesign opened with the mssfile.
TRACE::2025-12-24.06:17:27::SCWMssOS::Completed writemss as part of save.
TRACE::2025-12-24.06:17:27::SCWMssOS::Commit changes completed.
TRACE::2025-12-24.06:17:27::SCWMssOS::Saving the mss changes /home/zhou/Desktop/validation_1/vitis/full_system_v0/zynqmp_pmufw/zynqmp_pmufw_bsp/system.mss
TRACE::2025-12-24.06:17:27::SCWMssOS::Found a swdesign opened with the mssfile.
TRACE::2025-12-24.06:17:27::SCWMssOS::Completed writemss as part of save.
TRACE::2025-12-24.06:17:27::SCWMssOS::Commit changes completed.
TRACE::2025-12-24.06:17:27::SCWPlatform::Trying to open the hw design at /home/zhou/Desktop/validation_1/vitis/full_system_v0/hw/new_system_v0_wrapper.xsa
TRACE::2025-12-24.06:17:27::SCWPlatform::DSA given /home/zhou/Desktop/validation_1/vitis/full_system_v0/hw/new_system_v0_wrapper.xsa
TRACE::2025-12-24.06:17:27::SCWPlatform::DSA absoulate path /home/zhou/Desktop/validation_1/vitis/full_system_v0/hw/new_system_v0_wrapper.xsa
TRACE::2025-12-24.06:17:27::SCWPlatform::DSA directory /home/zhou/Desktop/validation_1/vitis/full_system_v0/hw
TRACE::2025-12-24.06:17:27::SCWPlatform:: Platform Path /home/zhou/Desktop/validation_1/vitis/full_system_v0/hw/new_system_v0_wrapper.xsa
TRACE::2025-12-24.06:17:27::SCWPlatform:: Unique name xilinx:::0.0
TRACE::2025-12-24.06:17:27::SCWPlatform::Trying to set the existing hwdb with name gemm_v0_wrapper
TRACE::2025-12-24.06:17:27::SCWPlatform::Could not get the HWDB from existing dbname
TRACE::2025-12-24.06:17:27::SCWPlatform::Do not have an existing db opened. Attempting to open the hwDb. 
TRACE::2025-12-24.06:17:27::SCWPlatform::Opened new HwDB with name gemm_v0_wrapper
TRACE::2025-12-24.06:17:27::SCWMssOS::Checking the sw design at  /home/zhou/Desktop/validation_1/vitis/full_system_v0/zynqmp_fsbl/zynqmp_fsbl_bsp/system.mss
TRACE::2025-12-24.06:17:27::SCWMssOS::DEBUG:  swdes dump  /home/zhou/Desktop/validation_1/vitis/full_system_v0/zynqmp_fsbl/zynqmp_fsbl_bsp/system.mss|system||
/home/zhou/Desktop/validation_1/vitis/full_system_v0/zynqmp_pmufw/zynqmp_pmufw_bsp/system.mss|system_0||

TRACE::2025-12-24.06:17:27::SCWMssOS::Sw design exists and opened at  /home/zhou/Desktop/validation_1/vitis/full_system_v0/zynqmp_fsbl/zynqmp_fsbl_bsp/system.mss
TRACE::2025-12-24.06:17:27::SCWPlatform::Trying to open the hw design at /home/zhou/Desktop/validation_1/vitis/full_system_v0/hw/new_system_v0_wrapper.xsa
TRACE::2025-12-24.06:17:27::SCWPlatform::DSA given /home/zhou/Desktop/validation_1/vitis/full_system_v0/hw/new_system_v0_wrapper.xsa
TRACE::2025-12-24.06:17:27::SCWPlatform::DSA absoulate path /home/zhou/Desktop/validation_1/vitis/full_system_v0/hw/new_system_v0_wrapper.xsa
TRACE::2025-12-24.06:17:27::SCWPlatform::DSA directory /home/zhou/Desktop/validation_1/vitis/full_system_v0/hw
TRACE::2025-12-24.06:17:27::SCWPlatform:: Platform Path /home/zhou/Desktop/validation_1/vitis/full_system_v0/hw/new_system_v0_wrapper.xsa
TRACE::2025-12-24.06:17:27::SCWPlatform:: Unique name xilinx:::0.0
TRACE::2025-12-24.06:17:27::SCWPlatform::Trying to set the existing hwdb with name gemm_v0_wrapper
TRACE::2025-12-24.06:17:27::SCWPlatform::Could not get the HWDB from existing dbname
TRACE::2025-12-24.06:17:27::SCWPlatform::Do not have an existing db opened. Attempting to open the hwDb. 
TRACE::2025-12-24.06:17:27::SCWPlatform::Opened new HwDB with name gemm_v0_wrapper
TRACE::2025-12-24.06:17:27::SCWMssOS::Checking the sw design at  /home/zhou/Desktop/validation_1/vitis/full_system_v0/zynqmp_fsbl/zynqmp_fsbl_bsp/system.mss
TRACE::2025-12-24.06:17:27::SCWMssOS::DEBUG:  swdes dump  /home/zhou/Desktop/validation_1/vitis/full_system_v0/zynqmp_fsbl/zynqmp_fsbl_bsp/system.mss|system||
/home/zhou/Desktop/validation_1/vitis/full_system_v0/zynqmp_pmufw/zynqmp_pmufw_bsp/system.mss|system_0||

TRACE::2025-12-24.06:17:27::SCWMssOS::Sw design exists and opened at  /home/zhou/Desktop/validation_1/vitis/full_system_v0/zynqmp_fsbl/zynqmp_fsbl_bsp/system.mss
TRACE::2025-12-24.06:17:27::SCWPlatform::Trying to open the hw design at /home/zhou/Desktop/validation_1/vitis/full_system_v0/hw/new_system_v0_wrapper.xsa
TRACE::2025-12-24.06:17:27::SCWPlatform::DSA given /home/zhou/Desktop/validation_1/vitis/full_system_v0/hw/new_system_v0_wrapper.xsa
TRACE::2025-12-24.06:17:27::SCWPlatform::DSA absoulate path /home/zhou/Desktop/validation_1/vitis/full_system_v0/hw/new_system_v0_wrapper.xsa
TRACE::2025-12-24.06:17:27::SCWPlatform::DSA directory /home/zhou/Desktop/validation_1/vitis/full_system_v0/hw
TRACE::2025-12-24.06:17:27::SCWPlatform:: Platform Path /home/zhou/Desktop/validation_1/vitis/full_system_v0/hw/new_system_v0_wrapper.xsa
TRACE::2025-12-24.06:17:27::SCWPlatform:: Unique name xilinx:::0.0
TRACE::2025-12-24.06:17:27::SCWPlatform::Trying to set the existing hwdb with name gemm_v0_wrapper
TRACE::2025-12-24.06:17:27::SCWPlatform::Could not get the HWDB from existing dbname
TRACE::2025-12-24.06:17:27::SCWPlatform::Do not have an existing db opened. Attempting to open the hwDb. 
TRACE::2025-12-24.06:17:27::SCWPlatform::Opened new HwDB with name gemm_v0_wrapper
TRACE::2025-12-24.06:17:27::SCWMssOS::Checking the sw design at  /home/zhou/Desktop/validation_1/vitis/full_system_v0/zynqmp_fsbl/zynqmp_fsbl_bsp/system.mss
TRACE::2025-12-24.06:17:27::SCWMssOS::DEBUG:  swdes dump  /home/zhou/Desktop/validation_1/vitis/full_system_v0/zynqmp_fsbl/zynqmp_fsbl_bsp/system.mss|system||
/home/zhou/Desktop/validation_1/vitis/full_system_v0/zynqmp_pmufw/zynqmp_pmufw_bsp/system.mss|system_0||

TRACE::2025-12-24.06:17:27::SCWMssOS::Sw design exists and opened at  /home/zhou/Desktop/validation_1/vitis/full_system_v0/zynqmp_fsbl/zynqmp_fsbl_bsp/system.mss
TRACE::2025-12-24.06:17:27::SCWPlatform::Trying to open the hw design at /home/zhou/Desktop/validation_1/vitis/full_system_v0/hw/new_system_v0_wrapper.xsa
TRACE::2025-12-24.06:17:27::SCWPlatform::DSA given /home/zhou/Desktop/validation_1/vitis/full_system_v0/hw/new_system_v0_wrapper.xsa
TRACE::2025-12-24.06:17:27::SCWPlatform::DSA absoulate path /home/zhou/Desktop/validation_1/vitis/full_system_v0/hw/new_system_v0_wrapper.xsa
TRACE::2025-12-24.06:17:27::SCWPlatform::DSA directory /home/zhou/Desktop/validation_1/vitis/full_system_v0/hw
TRACE::2025-12-24.06:17:27::SCWPlatform:: Platform Path /home/zhou/Desktop/validation_1/vitis/full_system_v0/hw/new_system_v0_wrapper.xsa
TRACE::2025-12-24.06:17:27::SCWPlatform:: Unique name xilinx:::0.0
TRACE::2025-12-24.06:17:27::SCWPlatform::Trying to set the existing hwdb with name gemm_v0_wrapper
TRACE::2025-12-24.06:17:27::SCWPlatform::Could not get the HWDB from existing dbname
TRACE::2025-12-24.06:17:27::SCWPlatform::Do not have an existing db opened. Attempting to open the hwDb. 
TRACE::2025-12-24.06:17:27::SCWPlatform::Opened new HwDB with name gemm_v0_wrapper
TRACE::2025-12-24.06:17:27::SCWMssOS::Checking the sw design at  /home/zhou/Desktop/validation_1/vitis/full_system_v0/zynqmp_pmufw/zynqmp_pmufw_bsp/system.mss
TRACE::2025-12-24.06:17:27::SCWMssOS::DEBUG:  swdes dump  /home/zhou/Desktop/validation_1/vitis/full_system_v0/zynqmp_fsbl/zynqmp_fsbl_bsp/system.mss|system||
/home/zhou/Desktop/validation_1/vitis/full_system_v0/zynqmp_pmufw/zynqmp_pmufw_bsp/system.mss|system_0||

TRACE::2025-12-24.06:17:27::SCWMssOS::Sw design exists and opened at  /home/zhou/Desktop/validation_1/vitis/full_system_v0/zynqmp_pmufw/zynqmp_pmufw_bsp/system.mss
TRACE::2025-12-24.06:17:27::SCWPlatform::Trying to open the hw design at /home/zhou/Desktop/validation_1/vitis/full_system_v0/hw/new_system_v0_wrapper.xsa
TRACE::2025-12-24.06:17:27::SCWPlatform::DSA given /home/zhou/Desktop/validation_1/vitis/full_system_v0/hw/new_system_v0_wrapper.xsa
TRACE::2025-12-24.06:17:27::SCWPlatform::DSA absoulate path /home/zhou/Desktop/validation_1/vitis/full_system_v0/hw/new_system_v0_wrapper.xsa
TRACE::2025-12-24.06:17:27::SCWPlatform::DSA directory /home/zhou/Desktop/validation_1/vitis/full_system_v0/hw
TRACE::2025-12-24.06:17:27::SCWPlatform:: Platform Path /home/zhou/Desktop/validation_1/vitis/full_system_v0/hw/new_system_v0_wrapper.xsa
TRACE::2025-12-24.06:17:27::SCWPlatform:: Unique name xilinx:::0.0
TRACE::2025-12-24.06:17:27::SCWPlatform::Trying to set the existing hwdb with name gemm_v0_wrapper
TRACE::2025-12-24.06:17:27::SCWPlatform::Could not get the HWDB from existing dbname
TRACE::2025-12-24.06:17:27::SCWPlatform::Do not have an existing db opened. Attempting to open the hwDb. 
TRACE::2025-12-24.06:17:27::SCWPlatform::Opened new HwDB with name gemm_v0_wrapper
TRACE::2025-12-24.06:17:27::SCWMssOS::Checking the sw design at  /home/zhou/Desktop/validation_1/vitis/full_system_v0/zynqmp_pmufw/zynqmp_pmufw_bsp/system.mss
TRACE::2025-12-24.06:17:27::SCWMssOS::DEBUG:  swdes dump  /home/zhou/Desktop/validation_1/vitis/full_system_v0/zynqmp_fsbl/zynqmp_fsbl_bsp/system.mss|system||
/home/zhou/Desktop/validation_1/vitis/full_system_v0/zynqmp_pmufw/zynqmp_pmufw_bsp/system.mss|system_0||

TRACE::2025-12-24.06:17:27::SCWMssOS::Sw design exists and opened at  /home/zhou/Desktop/validation_1/vitis/full_system_v0/zynqmp_pmufw/zynqmp_pmufw_bsp/system.mss
TRACE::2025-12-24.06:17:27::SCWPlatform::Trying to open the hw design at /home/zhou/Desktop/validation_1/vitis/full_system_v0/hw/new_system_v0_wrapper.xsa
TRACE::2025-12-24.06:17:27::SCWPlatform::DSA given /home/zhou/Desktop/validation_1/vitis/full_system_v0/hw/new_system_v0_wrapper.xsa
TRACE::2025-12-24.06:17:27::SCWPlatform::DSA absoulate path /home/zhou/Desktop/validation_1/vitis/full_system_v0/hw/new_system_v0_wrapper.xsa
TRACE::2025-12-24.06:17:27::SCWPlatform::DSA directory /home/zhou/Desktop/validation_1/vitis/full_system_v0/hw
TRACE::2025-12-24.06:17:27::SCWPlatform:: Platform Path /home/zhou/Desktop/validation_1/vitis/full_system_v0/hw/new_system_v0_wrapper.xsa
TRACE::2025-12-24.06:17:27::SCWPlatform:: Unique name xilinx:::0.0
TRACE::2025-12-24.06:17:27::SCWPlatform::Trying to set the existing hwdb with name gemm_v0_wrapper
TRACE::2025-12-24.06:17:27::SCWPlatform::Could not get the HWDB from existing dbname
TRACE::2025-12-24.06:17:27::SCWPlatform::Do not have an existing db opened. Attempting to open the hwDb. 
TRACE::2025-12-24.06:17:27::SCWPlatform::Opened new HwDB with name gemm_v0_wrapper
TRACE::2025-12-24.06:17:27::SCWMssOS::Checking the sw design at  /home/zhou/Desktop/validation_1/vitis/full_system_v0/zynqmp_pmufw/zynqmp_pmufw_bsp/system.mss
TRACE::2025-12-24.06:17:27::SCWMssOS::DEBUG:  swdes dump  /home/zhou/Desktop/validation_1/vitis/full_system_v0/zynqmp_fsbl/zynqmp_fsbl_bsp/system.mss|system||
/home/zhou/Desktop/validation_1/vitis/full_system_v0/zynqmp_pmufw/zynqmp_pmufw_bsp/system.mss|system_0||

TRACE::2025-12-24.06:17:27::SCWMssOS::Sw design exists and opened at  /home/zhou/Desktop/validation_1/vitis/full_system_v0/zynqmp_pmufw/zynqmp_pmufw_bsp/system.mss
TRACE::2025-12-24.06:17:27::SCWWriter::formatted JSON is {
	"platformName":	"full_system_v0",
	"sprVersion":	"2.0",
	"mode":	"gui",
	"dsaType":	"Fixed",
	"platformDesc":	"full_system_v0",
	"platHandOff":	"/home/zhou/Desktop/validation_1/vitis/new_system_v0_wrapper.xsa",
	"platIntHandOff":	"<platformDir>/hw/new_system_v0_wrapper.xsa",
	"deviceType":	"zynqMP",
	"platIsPrebuiltAutogen":	"false",
	"platIsNoBootBsp":	"false",
	"platFsblTarget":	"psu_cortexa53_0",
	"hasFsblMakeHasChanges":	"false",
	"hasPmufwMakeHasChanges":	"false",
	"fsblExtraCompilerFlags":	"-MMD -MP      -Wall -fmessage-length=0 -DARMA53_64 -Os -flto -ffat-lto-objects  ",
	"pmufwExtraCompilerFlags":	"-MMD -MP      -mlittle-endian -mxl-barrel-shift -mxl-pattern-compare -mcpu=v9.2 -mxl-soft-mul -Os -flto -ffat-lto-objects  ",
	"platPreBuiltFlag":	false,
	"platformSamplesDir":	"",
	"platActiveSys":	"full_system_v0",
	"systems":	[{
			"systemName":	"full_system_v0",
			"systemDesc":	"full_system_v0",
			"sysIsBootAutoGen":	"true",
			"systemDispName":	"full_system_v0",
			"sysActiveDom":	"zynqmp_pmufw",
			"sysDefaultDom":	"",
			"domains":	[{
					"domainName":	"zynqmp_fsbl",
					"domainDispName":	"zynqmp_fsbl",
					"domainDesc":	"FSBL Application BSP - Auto Generated.",
					"processors":	"psu_cortexa53_0",
					"os":	"standalone",
					"sdxOs":	"standalone",
					"debugEnable":	"",
					"domRuntimes":	["cpp"],
					"swRepo":	"",
					"mssOsVer":	"9.2",
					"mssFile":	"",
					"md5Digest":	"0563630c5429eb64395820372b32e638",
					"compatibleApp":	"zynqmp_fsbl",
					"domType":	"bootDomain",
					"arch":	"64-bit",
					"appSettings":	{
						"appCompilerFlags":	"",
						"appLinkerFlags":	""
					},
					"addedLibs":	["xilffs:5.3", "xilsecure:5.4", "xilpm:5.3"],
					"libOptions":	{
						"standalone":	{
							"zynqmp_fsbl_bsp":	"true",
							"libOptionNames":	["zynqmp_fsbl_bsp"]
						},
						"xilffs":	{
							"read_only":	"true",
							"use_mkfs":	"false",
							"libOptionNames":	["read_only", "use_mkfs"]
						},
						"xilsecure":	{
							"tpm_support":	"true",
							"libOptionNames":	["tpm_support"]
						},
						"libsContainingOptions":	["standalone", "xilffs", "xilsecure"]
					},
					"prebuiltLibs":	{
						"prebuiltIncPath":	[],
						"prebuiltLibPath":	[]
					},
					"isolation":	{
					}
				}, {
					"domainName":	"zynqmp_pmufw",
					"domainDispName":	"zynqmp_pmufw",
					"domainDesc":	"PMUFW Application BSP - Auto Generated.",
					"processors":	"psu_pmu_0",
					"os":	"standalone",
					"sdxOs":	"standalone",
					"debugEnable":	"",
					"domRuntimes":	["cpp"],
					"swRepo":	"",
					"mssOsVer":	"9.2",
					"mssFile":	"",
					"md5Digest":	"068ac74865b8e7e98159ae2e0d07fe64",
					"compatibleApp":	"zynqmp_pmufw",
					"domType":	"bootDomain",
					"arch":	"32-bit",
					"appSettings":	{
						"appCompilerFlags":	"",
						"appLinkerFlags":	""
					},
					"addedLibs":	["xilfpga:6.7", "xilsecure:5.4", "xilskey:7.6"],
					"libOptions":	{
						"psu_pmu_0":	{
							"extra_compiler_flags":	"-g -ffunction-sections -fdata-sections -Wall -Wextra -fno-tree-loop-distribute-patterns  -Os -flto -ffat-lto-objects",
							"libOptionNames":	["extra_compiler_flags"]
						},
						"libsContainingOptions":	["psu_pmu_0"]
					},
					"prebuiltLibs":	{
						"prebuiltIncPath":	[],
						"prebuiltLibPath":	[]
					},
					"isolation":	{
					}
				}]
		}]
}
TRACE::2025-12-24.06:17:27::SCWPlatform::Trying to open the hw design at /home/zhou/Desktop/validation_1/vitis/full_system_v0/hw/new_system_v0_wrapper.xsa
TRACE::2025-12-24.06:17:27::SCWPlatform::DSA given /home/zhou/Desktop/validation_1/vitis/full_system_v0/hw/new_system_v0_wrapper.xsa
TRACE::2025-12-24.06:17:27::SCWPlatform::DSA absoulate path /home/zhou/Desktop/validation_1/vitis/full_system_v0/hw/new_system_v0_wrapper.xsa
TRACE::2025-12-24.06:17:27::SCWPlatform::DSA directory /home/zhou/Desktop/validation_1/vitis/full_system_v0/hw
TRACE::2025-12-24.06:17:27::SCWPlatform:: Platform Path /home/zhou/Desktop/validation_1/vitis/full_system_v0/hw/new_system_v0_wrapper.xsa
TRACE::2025-12-24.06:17:27::SCWPlatform:: Unique name xilinx:::0.0
TRACE::2025-12-24.06:17:27::SCWPlatform::Trying to set the existing hwdb with name gemm_v0_wrapper
TRACE::2025-12-24.06:17:27::SCWPlatform::Could not get the HWDB from existing dbname
TRACE::2025-12-24.06:17:27::SCWPlatform::Do not have an existing db opened. Attempting to open the hwDb. 
TRACE::2025-12-24.06:17:27::SCWPlatform::Opened new HwDB with name gemm_v0_wrapper
TRACE::2025-12-24.06:17:27::SCWPlatform::Trying to open the hw design at /home/zhou/Desktop/validation_1/vitis/full_system_v0/hw/new_system_v0_wrapper.xsa
TRACE::2025-12-24.06:17:27::SCWPlatform::DSA given /home/zhou/Desktop/validation_1/vitis/full_system_v0/hw/new_system_v0_wrapper.xsa
TRACE::2025-12-24.06:17:27::SCWPlatform::DSA absoulate path /home/zhou/Desktop/validation_1/vitis/full_system_v0/hw/new_system_v0_wrapper.xsa
TRACE::2025-12-24.06:17:27::SCWPlatform::DSA directory /home/zhou/Desktop/validation_1/vitis/full_system_v0/hw
TRACE::2025-12-24.06:17:27::SCWPlatform:: Platform Path /home/zhou/Desktop/validation_1/vitis/full_system_v0/hw/new_system_v0_wrapper.xsa
TRACE::2025-12-24.06:17:27::SCWPlatform:: Unique name xilinx:::0.0
TRACE::2025-12-24.06:17:27::SCWPlatform::Trying to set the existing hwdb with name gemm_v0_wrapper
TRACE::2025-12-24.06:17:27::SCWPlatform::Could not get the HWDB from existing dbname
TRACE::2025-12-24.06:17:27::SCWPlatform::Do not have an existing db opened. Attempting to open the hwDb. 
TRACE::2025-12-24.06:17:27::SCWPlatform::Opened new HwDB with name gemm_v0_wrapper
TRACE::2025-12-24.06:17:27::SCWDomain::checking for install qemu data   : 
TRACE::2025-12-24.06:17:27::SCWDomain:: Using the QEMU Data from install at  : /tools/Xilinx/Vitis/2024.2/data/emulation/platforms/zynqmp/sw/a53_standalone/qemu/
TRACE::2025-12-24.06:17:27::SCWDomain:: Using the QEMU args  from install at  : /tools/Xilinx/Vitis/2024.2/data/emulation/platforms/zynqmp/sw/a53_standalone/qemu/qemu_args.txt
TRACE::2025-12-24.06:17:27::SCWDomain:: Using the PMUQEMU args from install at  : /tools/Xilinx/Vitis/2024.2/data/emulation/platforms/zynqmp/sw/a53_standalone/qemu/pmu_args.txt
TRACE::2025-12-24.06:17:27::SCWPlatform::Trying to open the hw design at /home/zhou/Desktop/validation_1/vitis/full_system_v0/hw/new_system_v0_wrapper.xsa
TRACE::2025-12-24.06:17:27::SCWPlatform::DSA given /home/zhou/Desktop/validation_1/vitis/full_system_v0/hw/new_system_v0_wrapper.xsa
TRACE::2025-12-24.06:17:27::SCWPlatform::DSA absoulate path /home/zhou/Desktop/validation_1/vitis/full_system_v0/hw/new_system_v0_wrapper.xsa
TRACE::2025-12-24.06:17:27::SCWPlatform::DSA directory /home/zhou/Desktop/validation_1/vitis/full_system_v0/hw
TRACE::2025-12-24.06:17:27::SCWPlatform:: Platform Path /home/zhou/Desktop/validation_1/vitis/full_system_v0/hw/new_system_v0_wrapper.xsa
TRACE::2025-12-24.06:17:27::SCWPlatform:: Unique name xilinx:::0.0
TRACE::2025-12-24.06:17:27::SCWPlatform::Trying to set the existing hwdb with name gemm_v0_wrapper
TRACE::2025-12-24.06:17:27::SCWPlatform::Could not get the HWDB from existing dbname
TRACE::2025-12-24.06:17:27::SCWPlatform::Do not have an existing db opened. Attempting to open the hwDb. 
TRACE::2025-12-24.06:17:27::SCWPlatform::Opened new HwDB with name gemm_v0_wrapper
TRACE::2025-12-24.06:17:27::SCWPlatform::Trying to open the hw design at /home/zhou/Desktop/validation_1/vitis/full_system_v0/hw/new_system_v0_wrapper.xsa
TRACE::2025-12-24.06:17:27::SCWPlatform::DSA given /home/zhou/Desktop/validation_1/vitis/full_system_v0/hw/new_system_v0_wrapper.xsa
TRACE::2025-12-24.06:17:27::SCWPlatform::DSA absoulate path /home/zhou/Desktop/validation_1/vitis/full_system_v0/hw/new_system_v0_wrapper.xsa
TRACE::2025-12-24.06:17:27::SCWPlatform::DSA directory /home/zhou/Desktop/validation_1/vitis/full_system_v0/hw
TRACE::2025-12-24.06:17:27::SCWPlatform:: Platform Path /home/zhou/Desktop/validation_1/vitis/full_system_v0/hw/new_system_v0_wrapper.xsa
TRACE::2025-12-24.06:17:27::SCWPlatform:: Unique name xilinx:::0.0
TRACE::2025-12-24.06:17:27::SCWPlatform::Trying to set the existing hwdb with name gemm_v0_wrapper
TRACE::2025-12-24.06:17:27::SCWPlatform::Could not get the HWDB from existing dbname
TRACE::2025-12-24.06:17:27::SCWPlatform::Do not have an existing db opened. Attempting to open the hwDb. 
TRACE::2025-12-24.06:17:27::SCWPlatform::Opened new HwDB with name gemm_v0_wrapper
TRACE::2025-12-24.06:17:27::SCWDomain::Qemu Directory name is changed from "" to "qemu"
TRACE::2025-12-24.06:17:27::SCWPlatform::Trying to open the hw design at /home/zhou/Desktop/validation_1/vitis/full_system_v0/hw/new_system_v0_wrapper.xsa
TRACE::2025-12-24.06:17:27::SCWPlatform::DSA given /home/zhou/Desktop/validation_1/vitis/full_system_v0/hw/new_system_v0_wrapper.xsa
TRACE::2025-12-24.06:17:27::SCWPlatform::DSA absoulate path /home/zhou/Desktop/validation_1/vitis/full_system_v0/hw/new_system_v0_wrapper.xsa
TRACE::2025-12-24.06:17:27::SCWPlatform::DSA directory /home/zhou/Desktop/validation_1/vitis/full_system_v0/hw
TRACE::2025-12-24.06:17:27::SCWPlatform:: Platform Path /home/zhou/Desktop/validation_1/vitis/full_system_v0/hw/new_system_v0_wrapper.xsa
TRACE::2025-12-24.06:17:27::SCWPlatform:: Unique name xilinx:::0.0
TRACE::2025-12-24.06:17:27::SCWPlatform::Trying to set the existing hwdb with name gemm_v0_wrapper
TRACE::2025-12-24.06:17:27::SCWPlatform::Could not get the HWDB from existing dbname
TRACE::2025-12-24.06:17:27::SCWPlatform::Do not have an existing db opened. Attempting to open the hwDb. 
TRACE::2025-12-24.06:17:27::SCWPlatform::Opened new HwDB with name gemm_v0_wrapper
TRACE::2025-12-24.06:17:27::SCWMssOS::Checking the sw design at  /home/zhou/Desktop/validation_1/vitis/full_system_v0/psu_cortexa53_0/standalone_domain/bsp/system.mss
TRACE::2025-12-24.06:17:27::SCWMssOS::DEBUG:  swdes dump  /home/zhou/Desktop/validation_1/vitis/full_system_v0/zynqmp_fsbl/zynqmp_fsbl_bsp/system.mss|system||
/home/zhou/Desktop/validation_1/vitis/full_system_v0/zynqmp_pmufw/zynqmp_pmufw_bsp/system.mss|system_0||

TRACE::2025-12-24.06:17:27::SCWMssOS::No sw design opened at  /home/zhou/Desktop/validation_1/vitis/full_system_v0/psu_cortexa53_0/standalone_domain/bsp/system.mss
TRACE::2025-12-24.06:17:27::SCWMssOS::mss does not exists at /home/zhou/Desktop/validation_1/vitis/full_system_v0/psu_cortexa53_0/standalone_domain/bsp/system.mss
TRACE::2025-12-24.06:17:27::SCWMssOS::Creating sw design at  /home/zhou/Desktop/validation_1/vitis/full_system_v0/psu_cortexa53_0/standalone_domain/bsp/system.mss
TRACE::2025-12-24.06:17:27::SCWMssOS::Adding the swdes entry, created swdb /home/zhou/Desktop/validation_1/vitis/full_system_v0/psu_cortexa53_0/standalone_domain/bsp/system.mss with des name /home/zhou/Desktop/validation_1/vitis/full_system_v0/psu_cortexa53_0/standalone_domain/bsp/system.mss
TRACE::2025-12-24.06:17:27::SCWMssOS::updating the scw layer changes to swdes at   /home/zhou/Desktop/validation_1/vitis/full_system_v0/psu_cortexa53_0/standalone_domain/bsp/system.mss
TRACE::2025-12-24.06:17:27::SCWMssOS::Writing mss at /home/zhou/Desktop/validation_1/vitis/full_system_v0/psu_cortexa53_0/standalone_domain/bsp/system.mss
TRACE::2025-12-24.06:17:27::SCWMssOS::Completed writing the mss file at /home/zhou/Desktop/validation_1/vitis/full_system_v0/psu_cortexa53_0/standalone_domain/bsp
TRACE::2025-12-24.06:17:27::SCWMssOS::Picking up changes from newly written mss file into SCW Layer. 
TRACE::2025-12-24.06:17:27::SCWMssOS::Updated the changes from newly written mss file into SCW Layer. 
TRACE::2025-12-24.06:17:27::SCWMssOS::Completed writing the mss file at /home/zhou/Desktop/validation_1/vitis/full_system_v0/psu_cortexa53_0/standalone_domain/bsp
TRACE::2025-12-24.06:17:27::SCWMssOS::Forcing BSP Sources regeneration.
TRACE::2025-12-24.06:17:29::SCWMssOS::Saving the mss changes /home/zhou/Desktop/validation_1/vitis/full_system_v0/zynqmp_fsbl/zynqmp_fsbl_bsp/system.mss
TRACE::2025-12-24.06:17:29::SCWMssOS::Found a swdesign opened with the mssfile.
TRACE::2025-12-24.06:17:29::SCWMssOS::Completed writemss as part of save.
TRACE::2025-12-24.06:17:29::SCWMssOS::Commit changes completed.
TRACE::2025-12-24.06:17:29::SCWMssOS::Saving the mss changes /home/zhou/Desktop/validation_1/vitis/full_system_v0/zynqmp_pmufw/zynqmp_pmufw_bsp/system.mss
TRACE::2025-12-24.06:17:29::SCWMssOS::Found a swdesign opened with the mssfile.
TRACE::2025-12-24.06:17:29::SCWMssOS::Completed writemss as part of save.
TRACE::2025-12-24.06:17:29::SCWMssOS::Commit changes completed.
TRACE::2025-12-24.06:17:29::SCWMssOS::Saving the mss changes /home/zhou/Desktop/validation_1/vitis/full_system_v0/psu_cortexa53_0/standalone_domain/bsp/system.mss
TRACE::2025-12-24.06:17:29::SCWMssOS::Adding the swdes entry, mss present, able to open swdb /home/zhou/Desktop/validation_1/vitis/full_system_v0/psu_cortexa53_0/standalone_domain/bsp/system.mss with des name system_1
TRACE::2025-12-24.06:17:29::SCWMssOS::Writing the mss file completed /home/zhou/Desktop/validation_1/vitis/full_system_v0/psu_cortexa53_0/standalone_domain/bsp/system.mss
TRACE::2025-12-24.06:17:29::SCWMssOS::Commit changes completed.
TRACE::2025-12-24.06:17:29::SCWPlatform::Trying to open the hw design at /home/zhou/Desktop/validation_1/vitis/full_system_v0/hw/new_system_v0_wrapper.xsa
TRACE::2025-12-24.06:17:29::SCWPlatform::DSA given /home/zhou/Desktop/validation_1/vitis/full_system_v0/hw/new_system_v0_wrapper.xsa
TRACE::2025-12-24.06:17:29::SCWPlatform::DSA absoulate path /home/zhou/Desktop/validation_1/vitis/full_system_v0/hw/new_system_v0_wrapper.xsa
TRACE::2025-12-24.06:17:29::SCWPlatform::DSA directory /home/zhou/Desktop/validation_1/vitis/full_system_v0/hw
TRACE::2025-12-24.06:17:29::SCWPlatform:: Platform Path /home/zhou/Desktop/validation_1/vitis/full_system_v0/hw/new_system_v0_wrapper.xsa
TRACE::2025-12-24.06:17:29::SCWPlatform:: Unique name xilinx:::0.0
TRACE::2025-12-24.06:17:29::SCWPlatform::Trying to set the existing hwdb with name gemm_v0_wrapper
TRACE::2025-12-24.06:17:29::SCWPlatform::Could not get the HWDB from existing dbname
TRACE::2025-12-24.06:17:29::SCWPlatform::Do not have an existing db opened. Attempting to open the hwDb. 
TRACE::2025-12-24.06:17:29::SCWPlatform::Opened new HwDB with name gemm_v0_wrapper
TRACE::2025-12-24.06:17:29::SCWMssOS::Checking the sw design at  /home/zhou/Desktop/validation_1/vitis/full_system_v0/zynqmp_fsbl/zynqmp_fsbl_bsp/system.mss
TRACE::2025-12-24.06:17:29::SCWMssOS::DEBUG:  swdes dump  /home/zhou/Desktop/validation_1/vitis/full_system_v0/psu_cortexa53_0/standalone_domain/bsp/system.mss|system_1||
/home/zhou/Desktop/validation_1/vitis/full_system_v0/zynqmp_fsbl/zynqmp_fsbl_bsp/system.mss|system||
/home/zhou/Desktop/validation_1/vitis/full_system_v0/zynqmp_pmufw/zynqmp_pmufw_bsp/system.mss|system_0||

TRACE::2025-12-24.06:17:29::SCWMssOS::Sw design exists and opened at  /home/zhou/Desktop/validation_1/vitis/full_system_v0/zynqmp_fsbl/zynqmp_fsbl_bsp/system.mss
TRACE::2025-12-24.06:17:29::SCWPlatform::Trying to open the hw design at /home/zhou/Desktop/validation_1/vitis/full_system_v0/hw/new_system_v0_wrapper.xsa
TRACE::2025-12-24.06:17:29::SCWPlatform::DSA given /home/zhou/Desktop/validation_1/vitis/full_system_v0/hw/new_system_v0_wrapper.xsa
TRACE::2025-12-24.06:17:29::SCWPlatform::DSA absoulate path /home/zhou/Desktop/validation_1/vitis/full_system_v0/hw/new_system_v0_wrapper.xsa
TRACE::2025-12-24.06:17:29::SCWPlatform::DSA directory /home/zhou/Desktop/validation_1/vitis/full_system_v0/hw
TRACE::2025-12-24.06:17:29::SCWPlatform:: Platform Path /home/zhou/Desktop/validation_1/vitis/full_system_v0/hw/new_system_v0_wrapper.xsa
TRACE::2025-12-24.06:17:29::SCWPlatform:: Unique name xilinx:::0.0
TRACE::2025-12-24.06:17:29::SCWPlatform::Trying to set the existing hwdb with name gemm_v0_wrapper
TRACE::2025-12-24.06:17:29::SCWPlatform::Could not get the HWDB from existing dbname
TRACE::2025-12-24.06:17:29::SCWPlatform::Do not have an existing db opened. Attempting to open the hwDb. 
TRACE::2025-12-24.06:17:29::SCWPlatform::Opened new HwDB with name gemm_v0_wrapper
TRACE::2025-12-24.06:17:29::SCWMssOS::Checking the sw design at  /home/zhou/Desktop/validation_1/vitis/full_system_v0/zynqmp_fsbl/zynqmp_fsbl_bsp/system.mss
TRACE::2025-12-24.06:17:29::SCWMssOS::DEBUG:  swdes dump  /home/zhou/Desktop/validation_1/vitis/full_system_v0/psu_cortexa53_0/standalone_domain/bsp/system.mss|system_1||
/home/zhou/Desktop/validation_1/vitis/full_system_v0/zynqmp_fsbl/zynqmp_fsbl_bsp/system.mss|system||
/home/zhou/Desktop/validation_1/vitis/full_system_v0/zynqmp_pmufw/zynqmp_pmufw_bsp/system.mss|system_0||

TRACE::2025-12-24.06:17:29::SCWMssOS::Sw design exists and opened at  /home/zhou/Desktop/validation_1/vitis/full_system_v0/zynqmp_fsbl/zynqmp_fsbl_bsp/system.mss
TRACE::2025-12-24.06:17:29::SCWPlatform::Trying to open the hw design at /home/zhou/Desktop/validation_1/vitis/full_system_v0/hw/new_system_v0_wrapper.xsa
TRACE::2025-12-24.06:17:29::SCWPlatform::DSA given /home/zhou/Desktop/validation_1/vitis/full_system_v0/hw/new_system_v0_wrapper.xsa
TRACE::2025-12-24.06:17:29::SCWPlatform::DSA absoulate path /home/zhou/Desktop/validation_1/vitis/full_system_v0/hw/new_system_v0_wrapper.xsa
TRACE::2025-12-24.06:17:29::SCWPlatform::DSA directory /home/zhou/Desktop/validation_1/vitis/full_system_v0/hw
TRACE::2025-12-24.06:17:29::SCWPlatform:: Platform Path /home/zhou/Desktop/validation_1/vitis/full_system_v0/hw/new_system_v0_wrapper.xsa
TRACE::2025-12-24.06:17:29::SCWPlatform:: Unique name xilinx:::0.0
TRACE::2025-12-24.06:17:29::SCWPlatform::Trying to set the existing hwdb with name gemm_v0_wrapper
TRACE::2025-12-24.06:17:29::SCWPlatform::Could not get the HWDB from existing dbname
TRACE::2025-12-24.06:17:29::SCWPlatform::Do not have an existing db opened. Attempting to open the hwDb. 
TRACE::2025-12-24.06:17:29::SCWPlatform::Opened new HwDB with name gemm_v0_wrapper
TRACE::2025-12-24.06:17:29::SCWMssOS::Checking the sw design at  /home/zhou/Desktop/validation_1/vitis/full_system_v0/zynqmp_fsbl/zynqmp_fsbl_bsp/system.mss
TRACE::2025-12-24.06:17:29::SCWMssOS::DEBUG:  swdes dump  /home/zhou/Desktop/validation_1/vitis/full_system_v0/psu_cortexa53_0/standalone_domain/bsp/system.mss|system_1||
/home/zhou/Desktop/validation_1/vitis/full_system_v0/zynqmp_fsbl/zynqmp_fsbl_bsp/system.mss|system||
/home/zhou/Desktop/validation_1/vitis/full_system_v0/zynqmp_pmufw/zynqmp_pmufw_bsp/system.mss|system_0||

TRACE::2025-12-24.06:17:29::SCWMssOS::Sw design exists and opened at  /home/zhou/Desktop/validation_1/vitis/full_system_v0/zynqmp_fsbl/zynqmp_fsbl_bsp/system.mss
TRACE::2025-12-24.06:17:29::SCWPlatform::Trying to open the hw design at /home/zhou/Desktop/validation_1/vitis/full_system_v0/hw/new_system_v0_wrapper.xsa
TRACE::2025-12-24.06:17:29::SCWPlatform::DSA given /home/zhou/Desktop/validation_1/vitis/full_system_v0/hw/new_system_v0_wrapper.xsa
TRACE::2025-12-24.06:17:29::SCWPlatform::DSA absoulate path /home/zhou/Desktop/validation_1/vitis/full_system_v0/hw/new_system_v0_wrapper.xsa
TRACE::2025-12-24.06:17:29::SCWPlatform::DSA directory /home/zhou/Desktop/validation_1/vitis/full_system_v0/hw
TRACE::2025-12-24.06:17:29::SCWPlatform:: Platform Path /home/zhou/Desktop/validation_1/vitis/full_system_v0/hw/new_system_v0_wrapper.xsa
TRACE::2025-12-24.06:17:29::SCWPlatform:: Unique name xilinx:::0.0
TRACE::2025-12-24.06:17:29::SCWPlatform::Trying to set the existing hwdb with name gemm_v0_wrapper
TRACE::2025-12-24.06:17:29::SCWPlatform::Could not get the HWDB from existing dbname
TRACE::2025-12-24.06:17:29::SCWPlatform::Do not have an existing db opened. Attempting to open the hwDb. 
TRACE::2025-12-24.06:17:29::SCWPlatform::Opened new HwDB with name gemm_v0_wrapper
TRACE::2025-12-24.06:17:29::SCWMssOS::Checking the sw design at  /home/zhou/Desktop/validation_1/vitis/full_system_v0/zynqmp_pmufw/zynqmp_pmufw_bsp/system.mss
TRACE::2025-12-24.06:17:29::SCWMssOS::DEBUG:  swdes dump  /home/zhou/Desktop/validation_1/vitis/full_system_v0/psu_cortexa53_0/standalone_domain/bsp/system.mss|system_1||
/home/zhou/Desktop/validation_1/vitis/full_system_v0/zynqmp_fsbl/zynqmp_fsbl_bsp/system.mss|system||
/home/zhou/Desktop/validation_1/vitis/full_system_v0/zynqmp_pmufw/zynqmp_pmufw_bsp/system.mss|system_0||

TRACE::2025-12-24.06:17:29::SCWMssOS::Sw design exists and opened at  /home/zhou/Desktop/validation_1/vitis/full_system_v0/zynqmp_pmufw/zynqmp_pmufw_bsp/system.mss
TRACE::2025-12-24.06:17:29::SCWPlatform::Trying to open the hw design at /home/zhou/Desktop/validation_1/vitis/full_system_v0/hw/new_system_v0_wrapper.xsa
TRACE::2025-12-24.06:17:29::SCWPlatform::DSA given /home/zhou/Desktop/validation_1/vitis/full_system_v0/hw/new_system_v0_wrapper.xsa
TRACE::2025-12-24.06:17:29::SCWPlatform::DSA absoulate path /home/zhou/Desktop/validation_1/vitis/full_system_v0/hw/new_system_v0_wrapper.xsa
TRACE::2025-12-24.06:17:29::SCWPlatform::DSA directory /home/zhou/Desktop/validation_1/vitis/full_system_v0/hw
TRACE::2025-12-24.06:17:29::SCWPlatform:: Platform Path /home/zhou/Desktop/validation_1/vitis/full_system_v0/hw/new_system_v0_wrapper.xsa
TRACE::2025-12-24.06:17:29::SCWPlatform:: Unique name xilinx:::0.0
TRACE::2025-12-24.06:17:29::SCWPlatform::Trying to set the existing hwdb with name gemm_v0_wrapper
TRACE::2025-12-24.06:17:29::SCWPlatform::Could not get the HWDB from existing dbname
TRACE::2025-12-24.06:17:29::SCWPlatform::Do not have an existing db opened. Attempting to open the hwDb. 
TRACE::2025-12-24.06:17:29::SCWPlatform::Opened new HwDB with name gemm_v0_wrapper
TRACE::2025-12-24.06:17:29::SCWMssOS::Checking the sw design at  /home/zhou/Desktop/validation_1/vitis/full_system_v0/zynqmp_pmufw/zynqmp_pmufw_bsp/system.mss
TRACE::2025-12-24.06:17:29::SCWMssOS::DEBUG:  swdes dump  /home/zhou/Desktop/validation_1/vitis/full_system_v0/psu_cortexa53_0/standalone_domain/bsp/system.mss|system_1||
/home/zhou/Desktop/validation_1/vitis/full_system_v0/zynqmp_fsbl/zynqmp_fsbl_bsp/system.mss|system||
/home/zhou/Desktop/validation_1/vitis/full_system_v0/zynqmp_pmufw/zynqmp_pmufw_bsp/system.mss|system_0||

TRACE::2025-12-24.06:17:29::SCWMssOS::Sw design exists and opened at  /home/zhou/Desktop/validation_1/vitis/full_system_v0/zynqmp_pmufw/zynqmp_pmufw_bsp/system.mss
TRACE::2025-12-24.06:17:29::SCWPlatform::Trying to open the hw design at /home/zhou/Desktop/validation_1/vitis/full_system_v0/hw/new_system_v0_wrapper.xsa
TRACE::2025-12-24.06:17:29::SCWPlatform::DSA given /home/zhou/Desktop/validation_1/vitis/full_system_v0/hw/new_system_v0_wrapper.xsa
TRACE::2025-12-24.06:17:29::SCWPlatform::DSA absoulate path /home/zhou/Desktop/validation_1/vitis/full_system_v0/hw/new_system_v0_wrapper.xsa
TRACE::2025-12-24.06:17:29::SCWPlatform::DSA directory /home/zhou/Desktop/validation_1/vitis/full_system_v0/hw
TRACE::2025-12-24.06:17:29::SCWPlatform:: Platform Path /home/zhou/Desktop/validation_1/vitis/full_system_v0/hw/new_system_v0_wrapper.xsa
TRACE::2025-12-24.06:17:29::SCWPlatform:: Unique name xilinx:::0.0
TRACE::2025-12-24.06:17:29::SCWPlatform::Trying to set the existing hwdb with name gemm_v0_wrapper
TRACE::2025-12-24.06:17:29::SCWPlatform::Could not get the HWDB from existing dbname
TRACE::2025-12-24.06:17:29::SCWPlatform::Do not have an existing db opened. Attempting to open the hwDb. 
TRACE::2025-12-24.06:17:29::SCWPlatform::Opened new HwDB with name gemm_v0_wrapper
TRACE::2025-12-24.06:17:29::SCWMssOS::Checking the sw design at  /home/zhou/Desktop/validation_1/vitis/full_system_v0/zynqmp_pmufw/zynqmp_pmufw_bsp/system.mss
TRACE::2025-12-24.06:17:29::SCWMssOS::DEBUG:  swdes dump  /home/zhou/Desktop/validation_1/vitis/full_system_v0/psu_cortexa53_0/standalone_domain/bsp/system.mss|system_1||
/home/zhou/Desktop/validation_1/vitis/full_system_v0/zynqmp_fsbl/zynqmp_fsbl_bsp/system.mss|system||
/home/zhou/Desktop/validation_1/vitis/full_system_v0/zynqmp_pmufw/zynqmp_pmufw_bsp/system.mss|system_0||

TRACE::2025-12-24.06:17:29::SCWMssOS::Sw design exists and opened at  /home/zhou/Desktop/validation_1/vitis/full_system_v0/zynqmp_pmufw/zynqmp_pmufw_bsp/system.mss
TRACE::2025-12-24.06:17:29::SCWPlatform::Trying to open the hw design at /home/zhou/Desktop/validation_1/vitis/full_system_v0/hw/new_system_v0_wrapper.xsa
TRACE::2025-12-24.06:17:29::SCWPlatform::DSA given /home/zhou/Desktop/validation_1/vitis/full_system_v0/hw/new_system_v0_wrapper.xsa
TRACE::2025-12-24.06:17:29::SCWPlatform::DSA absoulate path /home/zhou/Desktop/validation_1/vitis/full_system_v0/hw/new_system_v0_wrapper.xsa
TRACE::2025-12-24.06:17:29::SCWPlatform::DSA directory /home/zhou/Desktop/validation_1/vitis/full_system_v0/hw
TRACE::2025-12-24.06:17:29::SCWPlatform:: Platform Path /home/zhou/Desktop/validation_1/vitis/full_system_v0/hw/new_system_v0_wrapper.xsa
TRACE::2025-12-24.06:17:29::SCWPlatform:: Unique name xilinx:::0.0
TRACE::2025-12-24.06:17:29::SCWPlatform::Trying to set the existing hwdb with name gemm_v0_wrapper
TRACE::2025-12-24.06:17:29::SCWPlatform::Could not get the HWDB from existing dbname
TRACE::2025-12-24.06:17:29::SCWPlatform::Do not have an existing db opened. Attempting to open the hwDb. 
TRACE::2025-12-24.06:17:29::SCWPlatform::Opened new HwDB with name gemm_v0_wrapper
TRACE::2025-12-24.06:17:29::SCWMssOS::Checking the sw design at  /home/zhou/Desktop/validation_1/vitis/full_system_v0/psu_cortexa53_0/standalone_domain/bsp/system.mss
TRACE::2025-12-24.06:17:29::SCWMssOS::DEBUG:  swdes dump  /home/zhou/Desktop/validation_1/vitis/full_system_v0/psu_cortexa53_0/standalone_domain/bsp/system.mss|system_1||
/home/zhou/Desktop/validation_1/vitis/full_system_v0/zynqmp_fsbl/zynqmp_fsbl_bsp/system.mss|system||
/home/zhou/Desktop/validation_1/vitis/full_system_v0/zynqmp_pmufw/zynqmp_pmufw_bsp/system.mss|system_0||

TRACE::2025-12-24.06:17:29::SCWMssOS::Sw design exists and opened at  /home/zhou/Desktop/validation_1/vitis/full_system_v0/psu_cortexa53_0/standalone_domain/bsp/system.mss
TRACE::2025-12-24.06:17:29::SCWPlatform::Trying to open the hw design at /home/zhou/Desktop/validation_1/vitis/full_system_v0/hw/new_system_v0_wrapper.xsa
TRACE::2025-12-24.06:17:29::SCWPlatform::DSA given /home/zhou/Desktop/validation_1/vitis/full_system_v0/hw/new_system_v0_wrapper.xsa
TRACE::2025-12-24.06:17:29::SCWPlatform::DSA absoulate path /home/zhou/Desktop/validation_1/vitis/full_system_v0/hw/new_system_v0_wrapper.xsa
TRACE::2025-12-24.06:17:29::SCWPlatform::DSA directory /home/zhou/Desktop/validation_1/vitis/full_system_v0/hw
TRACE::2025-12-24.06:17:29::SCWPlatform:: Platform Path /home/zhou/Desktop/validation_1/vitis/full_system_v0/hw/new_system_v0_wrapper.xsa
TRACE::2025-12-24.06:17:29::SCWPlatform:: Unique name xilinx:::0.0
TRACE::2025-12-24.06:17:29::SCWPlatform::Trying to set the existing hwdb with name gemm_v0_wrapper
TRACE::2025-12-24.06:17:29::SCWPlatform::Could not get the HWDB from existing dbname
TRACE::2025-12-24.06:17:29::SCWPlatform::Do not have an existing db opened. Attempting to open the hwDb. 
TRACE::2025-12-24.06:17:29::SCWPlatform::Opened new HwDB with name gemm_v0_wrapper
TRACE::2025-12-24.06:17:29::SCWMssOS::Checking the sw design at  /home/zhou/Desktop/validation_1/vitis/full_system_v0/psu_cortexa53_0/standalone_domain/bsp/system.mss
TRACE::2025-12-24.06:17:29::SCWMssOS::DEBUG:  swdes dump  /home/zhou/Desktop/validation_1/vitis/full_system_v0/psu_cortexa53_0/standalone_domain/bsp/system.mss|system_1||
/home/zhou/Desktop/validation_1/vitis/full_system_v0/zynqmp_fsbl/zynqmp_fsbl_bsp/system.mss|system||
/home/zhou/Desktop/validation_1/vitis/full_system_v0/zynqmp_pmufw/zynqmp_pmufw_bsp/system.mss|system_0||

TRACE::2025-12-24.06:17:29::SCWMssOS::Sw design exists and opened at  /home/zhou/Desktop/validation_1/vitis/full_system_v0/psu_cortexa53_0/standalone_domain/bsp/system.mss
TRACE::2025-12-24.06:17:29::SCWPlatform::Trying to open the hw design at /home/zhou/Desktop/validation_1/vitis/full_system_v0/hw/new_system_v0_wrapper.xsa
TRACE::2025-12-24.06:17:29::SCWPlatform::DSA given /home/zhou/Desktop/validation_1/vitis/full_system_v0/hw/new_system_v0_wrapper.xsa
TRACE::2025-12-24.06:17:29::SCWPlatform::DSA absoulate path /home/zhou/Desktop/validation_1/vitis/full_system_v0/hw/new_system_v0_wrapper.xsa
TRACE::2025-12-24.06:17:29::SCWPlatform::DSA directory /home/zhou/Desktop/validation_1/vitis/full_system_v0/hw
TRACE::2025-12-24.06:17:29::SCWPlatform:: Platform Path /home/zhou/Desktop/validation_1/vitis/full_system_v0/hw/new_system_v0_wrapper.xsa
TRACE::2025-12-24.06:17:29::SCWPlatform:: Unique name xilinx:::0.0
TRACE::2025-12-24.06:17:29::SCWPlatform::Trying to set the existing hwdb with name gemm_v0_wrapper
TRACE::2025-12-24.06:17:29::SCWPlatform::Could not get the HWDB from existing dbname
TRACE::2025-12-24.06:17:29::SCWPlatform::Do not have an existing db opened. Attempting to open the hwDb. 
TRACE::2025-12-24.06:17:29::SCWPlatform::Opened new HwDB with name gemm_v0_wrapper
TRACE::2025-12-24.06:17:29::SCWMssOS::Checking the sw design at  /home/zhou/Desktop/validation_1/vitis/full_system_v0/psu_cortexa53_0/standalone_domain/bsp/system.mss
TRACE::2025-12-24.06:17:29::SCWMssOS::DEBUG:  swdes dump  /home/zhou/Desktop/validation_1/vitis/full_system_v0/psu_cortexa53_0/standalone_domain/bsp/system.mss|system_1||
/home/zhou/Desktop/validation_1/vitis/full_system_v0/zynqmp_fsbl/zynqmp_fsbl_bsp/system.mss|system||
/home/zhou/Desktop/validation_1/vitis/full_system_v0/zynqmp_pmufw/zynqmp_pmufw_bsp/system.mss|system_0||

TRACE::2025-12-24.06:17:29::SCWMssOS::Sw design exists and opened at  /home/zhou/Desktop/validation_1/vitis/full_system_v0/psu_cortexa53_0/standalone_domain/bsp/system.mss
TRACE::2025-12-24.06:17:29::SCWWriter::formatted JSON is {
	"platformName":	"full_system_v0",
	"sprVersion":	"2.0",
	"mode":	"gui",
	"dsaType":	"Fixed",
	"platformDesc":	"full_system_v0",
	"platHandOff":	"/home/zhou/Desktop/validation_1/vitis/new_system_v0_wrapper.xsa",
	"platIntHandOff":	"<platformDir>/hw/new_system_v0_wrapper.xsa",
	"deviceType":	"zynqMP",
	"platIsPrebuiltAutogen":	"false",
	"platIsNoBootBsp":	"false",
	"platFsblTarget":	"psu_cortexa53_0",
	"hasFsblMakeHasChanges":	"false",
	"hasPmufwMakeHasChanges":	"false",
	"fsblExtraCompilerFlags":	"-MMD -MP      -Wall -fmessage-length=0 -DARMA53_64 -Os -flto -ffat-lto-objects  ",
	"pmufwExtraCompilerFlags":	"-MMD -MP      -mlittle-endian -mxl-barrel-shift -mxl-pattern-compare -mcpu=v9.2 -mxl-soft-mul -Os -flto -ffat-lto-objects  ",
	"platPreBuiltFlag":	false,
	"platformSamplesDir":	"",
	"platActiveSys":	"full_system_v0",
	"systems":	[{
			"systemName":	"full_system_v0",
			"systemDesc":	"full_system_v0",
			"sysIsBootAutoGen":	"true",
			"systemDispName":	"full_system_v0",
			"sysActiveDom":	"standalone_domain",
			"sysDefaultDom":	"standalone_domain",
			"domains":	[{
					"domainName":	"zynqmp_fsbl",
					"domainDispName":	"zynqmp_fsbl",
					"domainDesc":	"FSBL Application BSP - Auto Generated.",
					"processors":	"psu_cortexa53_0",
					"os":	"standalone",
					"sdxOs":	"standalone",
					"debugEnable":	"",
					"domRuntimes":	["cpp"],
					"swRepo":	"",
					"mssOsVer":	"9.2",
					"mssFile":	"",
					"md5Digest":	"0563630c5429eb64395820372b32e638",
					"compatibleApp":	"zynqmp_fsbl",
					"domType":	"bootDomain",
					"arch":	"64-bit",
					"appSettings":	{
						"appCompilerFlags":	"",
						"appLinkerFlags":	""
					},
					"addedLibs":	["xilffs:5.3", "xilsecure:5.4", "xilpm:5.3"],
					"libOptions":	{
						"standalone":	{
							"zynqmp_fsbl_bsp":	"true",
							"libOptionNames":	["zynqmp_fsbl_bsp"]
						},
						"xilffs":	{
							"read_only":	"true",
							"use_mkfs":	"false",
							"libOptionNames":	["read_only", "use_mkfs"]
						},
						"xilsecure":	{
							"tpm_support":	"true",
							"libOptionNames":	["tpm_support"]
						},
						"libsContainingOptions":	["standalone", "xilffs", "xilsecure"]
					},
					"prebuiltLibs":	{
						"prebuiltIncPath":	[],
						"prebuiltLibPath":	[]
					},
					"isolation":	{
					}
				}, {
					"domainName":	"zynqmp_pmufw",
					"domainDispName":	"zynqmp_pmufw",
					"domainDesc":	"PMUFW Application BSP - Auto Generated.",
					"processors":	"psu_pmu_0",
					"os":	"standalone",
					"sdxOs":	"standalone",
					"debugEnable":	"",
					"domRuntimes":	["cpp"],
					"swRepo":	"",
					"mssOsVer":	"9.2",
					"mssFile":	"",
					"md5Digest":	"068ac74865b8e7e98159ae2e0d07fe64",
					"compatibleApp":	"zynqmp_pmufw",
					"domType":	"bootDomain",
					"arch":	"32-bit",
					"appSettings":	{
						"appCompilerFlags":	"",
						"appLinkerFlags":	""
					},
					"addedLibs":	["xilfpga:6.7", "xilsecure:5.4", "xilskey:7.6"],
					"libOptions":	{
						"psu_pmu_0":	{
							"extra_compiler_flags":	"-g -ffunction-sections -fdata-sections -Wall -Wextra -fno-tree-loop-distribute-patterns  -Os -flto -ffat-lto-objects",
							"libOptionNames":	["extra_compiler_flags"]
						},
						"libsContainingOptions":	["psu_pmu_0"]
					},
					"prebuiltLibs":	{
						"prebuiltIncPath":	[],
						"prebuiltLibPath":	[]
					},
					"isolation":	{
					}
				}, {
					"domainName":	"standalone_domain",
					"domainDispName":	"standalone_domain",
					"domainDesc":	"standalone_domain",
					"processors":	"psu_cortexa53_0",
					"os":	"standalone",
					"sdxOs":	"standalone",
					"qemuArgs":	"<platformDir>/resources/full_system_v0/standalone_domain/qemu_args.txt",
					"qemuData":	"<platformDir>/resources/full_system_v0/standalone_domain/qemu",
					"pmuQemuArgs":	"<platformDir>/resources/full_system_v0/standalone_domain/pmu_args.txt",
					"debugEnable":	"False",
					"domRuntimes":	["cpp"],
					"swRepo":	"",
					"mssOsVer":	"9.2",
					"mssFile":	"",
					"md5Digest":	"060eb99cc0d4ae4931ea62d99759d4f1",
					"compatibleApp":	"",
					"domType":	"mssDomain",
					"arch":	"64-bit",
					"appSettings":	{
						"appCompilerFlags":	"",
						"appLinkerFlags":	""
					},
					"addedLibs":	[],
					"libOptions":	{
						"libsContainingOptions":	[]
					},
					"prebuiltLibs":	{
						"prebuiltIncPath":	[],
						"prebuiltLibPath":	[]
					},
					"isolation":	{
					}
				}]
		}]
}
LOG::2025-12-24.06:17:29::SCWPlatform::Started generating the artifacts platform full_system_v0
TRACE::2025-12-24.06:17:29::SCWPlatform::Sanity checking of platform is completed
LOG::2025-12-24.06:17:29::SCWPlatform::Started generating the artifacts for system configuration full_system_v0
LOG::2025-12-24.06:17:29::SCWSystem::Checking the domain zynqmp_fsbl
LOG::2025-12-24.06:17:29::SCWSystem::Doing application build for :  zynqmp_fsbl
TRACE::2025-12-24.06:17:29::SCWBDomain::Not a forced makefile updation, No changes are present. 
TRACE::2025-12-24.06:17:29::SCWDomain::Skipping the build for domain :  zynqmp_fsbl
LOG::2025-12-24.06:17:29::SCWSystem::Checking the domain zynqmp_pmufw
LOG::2025-12-24.06:17:29::SCWSystem::Doing application build for :  zynqmp_pmufw
TRACE::2025-12-24.06:17:29::SCWBDomain::Not a forced makefile updation, No changes are present. 
TRACE::2025-12-24.06:17:29::SCWDomain::Skipping the build for domain :  zynqmp_pmufw
LOG::2025-12-24.06:17:29::SCWSystem::Checking the domain standalone_domain
LOG::2025-12-24.06:17:29::SCWSystem::Not a boot domain 
LOG::2025-12-24.06:17:29::SCWSystem::Started Processing the domain standalone_domain
TRACE::2025-12-24.06:17:29::SCWDomain::Generating domain artifcats
TRACE::2025-12-24.06:17:29::SCWMssOS::Generating standalone artifcats
TRACE::2025-12-24.06:17:29::SCWMssOS::Copying the qemu file from  /home/zhou/Desktop/validation_1/vitis/full_system_v0/resources/full_system_v0/standalone_domain/qemu_args.txt To /home/zhou/Desktop/validation_1/vitis/full_system_v0/export/full_system_v0/sw/full_system_v0/qemu/
TRACE::2025-12-24.06:17:29::SCWMssOS::Copying the qemu file from  /home/zhou/Desktop/validation_1/vitis/full_system_v0/resources/full_system_v0/standalone_domain/qemu_args.txt To /home/zhou/Desktop/validation_1/vitis/full_system_v0/export/full_system_v0/sw/full_system_v0/qemu/
TRACE::2025-12-24.06:17:29::SCWMssOS::Copying the qemu file from  /home/zhou/Desktop/validation_1/vitis/full_system_v0/resources/full_system_v0/standalone_domain/qemu_args.txt To /home/zhou/Desktop/validation_1/vitis/full_system_v0/export/full_system_v0/sw/full_system_v0/standalone_domain/qemu/
TRACE::2025-12-24.06:17:29::SCWMssOS::Copying the qemu file from  /home/zhou/Desktop/validation_1/vitis/full_system_v0/resources/full_system_v0/standalone_domain/qemu_args.txt To /home/zhou/Desktop/validation_1/vitis/full_system_v0/export/full_system_v0/sw/full_system_v0/standalone_domain/qemu/
TRACE::2025-12-24.06:17:29::SCWMssOS:: Copying the user libraries. 
TRACE::2025-12-24.06:17:29::SCWPlatform::Trying to open the hw design at /home/zhou/Desktop/validation_1/vitis/full_system_v0/hw/new_system_v0_wrapper.xsa
TRACE::2025-12-24.06:17:29::SCWPlatform::DSA given /home/zhou/Desktop/validation_1/vitis/full_system_v0/hw/new_system_v0_wrapper.xsa
TRACE::2025-12-24.06:17:29::SCWPlatform::DSA absoulate path /home/zhou/Desktop/validation_1/vitis/full_system_v0/hw/new_system_v0_wrapper.xsa
TRACE::2025-12-24.06:17:29::SCWPlatform::DSA directory /home/zhou/Desktop/validation_1/vitis/full_system_v0/hw
TRACE::2025-12-24.06:17:29::SCWPlatform:: Platform Path /home/zhou/Desktop/validation_1/vitis/full_system_v0/hw/new_system_v0_wrapper.xsa
TRACE::2025-12-24.06:17:29::SCWPlatform:: Unique name xilinx:::0.0
TRACE::2025-12-24.06:17:29::SCWPlatform::Trying to set the existing hwdb with name gemm_v0_wrapper
TRACE::2025-12-24.06:17:29::SCWPlatform::Could not get the HWDB from existing dbname
TRACE::2025-12-24.06:17:29::SCWPlatform::Do not have an existing db opened. Attempting to open the hwDb. 
TRACE::2025-12-24.06:17:29::SCWPlatform::Opened new HwDB with name gemm_v0_wrapper
TRACE::2025-12-24.06:17:29::SCWMssOS::Checking the sw design at  /home/zhou/Desktop/validation_1/vitis/full_system_v0/psu_cortexa53_0/standalone_domain/bsp/system.mss
TRACE::2025-12-24.06:17:29::SCWMssOS::DEBUG:  swdes dump  /home/zhou/Desktop/validation_1/vitis/full_system_v0/psu_cortexa53_0/standalone_domain/bsp/system.mss|system_1||
/home/zhou/Desktop/validation_1/vitis/full_system_v0/zynqmp_fsbl/zynqmp_fsbl_bsp/system.mss|system||
/home/zhou/Desktop/validation_1/vitis/full_system_v0/zynqmp_pmufw/zynqmp_pmufw_bsp/system.mss|system_0||

TRACE::2025-12-24.06:17:29::SCWMssOS::Sw design exists and opened at  /home/zhou/Desktop/validation_1/vitis/full_system_v0/psu_cortexa53_0/standalone_domain/bsp/system.mss
TRACE::2025-12-24.06:17:29::SCWMssOS::Completed writing the mss file at /home/zhou/Desktop/validation_1/vitis/full_system_v0/psu_cortexa53_0/standalone_domain/bsp
TRACE::2025-12-24.06:17:29::SCWMssOS::Mss edits present, copying mssfile into export location /home/zhou/Desktop/validation_1/vitis/full_system_v0/psu_cortexa53_0/standalone_domain/bsp/system.mss
TRACE::2025-12-24.06:17:29::SCWMssOS::bsp generated is upto date with the mss file. Skipping bsp generation.
TRACE::2025-12-24.06:17:29::SCWMssOS::BSP is already built. skipping the bsp build ... 
TRACE::2025-12-24.06:17:29::SCWDomain::Skipping the build for domain :  standalone_domain
TRACE::2025-12-24.06:17:29::SCWMssOS::skipping the bsp build ... 
TRACE::2025-12-24.06:17:29::SCWMssOS::Copying to export directory.
TRACE::2025-12-24.06:17:29::SCWMssOS:: Checking if to create the Supporting Applications
TRACE::2025-12-24.06:17:29::SCWMssOS:: No Linux domain exists, trying to generate FSBL 
TRACE::2025-12-24.06:17:29::SCWMssOS:: Completed Standalone Artifacts creation 
LOG::2025-12-24.06:17:29::SCWSystem::Completed Processing the domain standalone_domain
LOG::2025-12-24.06:17:29::SCWSystem::Completed Processing the sysconfig full_system_v0
LOG::2025-12-24.06:17:29::SCWPlatform::Completed generating the artifacts for system configuration full_system_v0
TRACE::2025-12-24.06:17:29::SCWPlatform::Started preparing the platform 
TRACE::2025-12-24.06:17:29::SCWSystem::Writing the bif file for system config full_system_v0
TRACE::2025-12-24.06:17:29::SCWSystem::dir created 
TRACE::2025-12-24.06:17:29::SCWSystem::Writing the bif 
TRACE::2025-12-24.06:17:29::SCWPlatform::Started writing the spfm file 
TRACE::2025-12-24.06:17:29::SCWPlatform::Started writing the xpfm file 
TRACE::2025-12-24.06:17:29::SCWPlatform::Completed generating the platform
TRACE::2025-12-24.06:17:29::SCWMssOS::Saving the mss changes /home/zhou/Desktop/validation_1/vitis/full_system_v0/zynqmp_fsbl/zynqmp_fsbl_bsp/system.mss
TRACE::2025-12-24.06:17:29::SCWMssOS::Found a swdesign opened with the mssfile.
TRACE::2025-12-24.06:17:29::SCWMssOS::Completed writemss as part of save.
TRACE::2025-12-24.06:17:29::SCWMssOS::Commit changes completed.
TRACE::2025-12-24.06:17:29::SCWMssOS::Saving the mss changes /home/zhou/Desktop/validation_1/vitis/full_system_v0/zynqmp_pmufw/zynqmp_pmufw_bsp/system.mss
TRACE::2025-12-24.06:17:29::SCWMssOS::Found a swdesign opened with the mssfile.
TRACE::2025-12-24.06:17:29::SCWMssOS::Completed writemss as part of save.
TRACE::2025-12-24.06:17:29::SCWMssOS::Commit changes completed.
TRACE::2025-12-24.06:17:29::SCWMssOS::Saving the mss changes /home/zhou/Desktop/validation_1/vitis/full_system_v0/psu_cortexa53_0/standalone_domain/bsp/system.mss
TRACE::2025-12-24.06:17:29::SCWMssOS::Found a swdesign opened with the mssfile.
TRACE::2025-12-24.06:17:29::SCWMssOS::Completed writemss as part of save.
TRACE::2025-12-24.06:17:29::SCWMssOS::Commit changes completed.
TRACE::2025-12-24.06:17:29::SCWPlatform::Trying to open the hw design at /home/zhou/Desktop/validation_1/vitis/full_system_v0/hw/new_system_v0_wrapper.xsa
TRACE::2025-12-24.06:17:29::SCWPlatform::DSA given /home/zhou/Desktop/validation_1/vitis/full_system_v0/hw/new_system_v0_wrapper.xsa
TRACE::2025-12-24.06:17:29::SCWPlatform::DSA absoulate path /home/zhou/Desktop/validation_1/vitis/full_system_v0/hw/new_system_v0_wrapper.xsa
TRACE::2025-12-24.06:17:29::SCWPlatform::DSA directory /home/zhou/Desktop/validation_1/vitis/full_system_v0/hw
TRACE::2025-12-24.06:17:29::SCWPlatform:: Platform Path /home/zhou/Desktop/validation_1/vitis/full_system_v0/hw/new_system_v0_wrapper.xsa
TRACE::2025-12-24.06:17:29::SCWPlatform:: Unique name xilinx:::0.0
TRACE::2025-12-24.06:17:29::SCWPlatform::Trying to set the existing hwdb with name gemm_v0_wrapper
TRACE::2025-12-24.06:17:29::SCWPlatform::Could not get the HWDB from existing dbname
TRACE::2025-12-24.06:17:29::SCWPlatform::Do not have an existing db opened. Attempting to open the hwDb. 
TRACE::2025-12-24.06:17:29::SCWPlatform::Opened new HwDB with name gemm_v0_wrapper
TRACE::2025-12-24.06:17:29::SCWMssOS::Checking the sw design at  /home/zhou/Desktop/validation_1/vitis/full_system_v0/zynqmp_fsbl/zynqmp_fsbl_bsp/system.mss
TRACE::2025-12-24.06:17:29::SCWMssOS::DEBUG:  swdes dump  /home/zhou/Desktop/validation_1/vitis/full_system_v0/psu_cortexa53_0/standalone_domain/bsp/system.mss|system_1||
/home/zhou/Desktop/validation_1/vitis/full_system_v0/zynqmp_fsbl/zynqmp_fsbl_bsp/system.mss|system||
/home/zhou/Desktop/validation_1/vitis/full_system_v0/zynqmp_pmufw/zynqmp_pmufw_bsp/system.mss|system_0||

TRACE::2025-12-24.06:17:29::SCWMssOS::Sw design exists and opened at  /home/zhou/Desktop/validation_1/vitis/full_system_v0/zynqmp_fsbl/zynqmp_fsbl_bsp/system.mss
TRACE::2025-12-24.06:17:29::SCWPlatform::Trying to open the hw design at /home/zhou/Desktop/validation_1/vitis/full_system_v0/hw/new_system_v0_wrapper.xsa
TRACE::2025-12-24.06:17:29::SCWPlatform::DSA given /home/zhou/Desktop/validation_1/vitis/full_system_v0/hw/new_system_v0_wrapper.xsa
TRACE::2025-12-24.06:17:29::SCWPlatform::DSA absoulate path /home/zhou/Desktop/validation_1/vitis/full_system_v0/hw/new_system_v0_wrapper.xsa
TRACE::2025-12-24.06:17:29::SCWPlatform::DSA directory /home/zhou/Desktop/validation_1/vitis/full_system_v0/hw
TRACE::2025-12-24.06:17:29::SCWPlatform:: Platform Path /home/zhou/Desktop/validation_1/vitis/full_system_v0/hw/new_system_v0_wrapper.xsa
TRACE::2025-12-24.06:17:29::SCWPlatform:: Unique name xilinx:::0.0
TRACE::2025-12-24.06:17:29::SCWPlatform::Trying to set the existing hwdb with name gemm_v0_wrapper
TRACE::2025-12-24.06:17:29::SCWPlatform::Could not get the HWDB from existing dbname
TRACE::2025-12-24.06:17:29::SCWPlatform::Do not have an existing db opened. Attempting to open the hwDb. 
TRACE::2025-12-24.06:17:29::SCWPlatform::Opened new HwDB with name gemm_v0_wrapper
TRACE::2025-12-24.06:17:29::SCWMssOS::Checking the sw design at  /home/zhou/Desktop/validation_1/vitis/full_system_v0/zynqmp_fsbl/zynqmp_fsbl_bsp/system.mss
TRACE::2025-12-24.06:17:29::SCWMssOS::DEBUG:  swdes dump  /home/zhou/Desktop/validation_1/vitis/full_system_v0/psu_cortexa53_0/standalone_domain/bsp/system.mss|system_1||
/home/zhou/Desktop/validation_1/vitis/full_system_v0/zynqmp_fsbl/zynqmp_fsbl_bsp/system.mss|system||
/home/zhou/Desktop/validation_1/vitis/full_system_v0/zynqmp_pmufw/zynqmp_pmufw_bsp/system.mss|system_0||

TRACE::2025-12-24.06:17:29::SCWMssOS::Sw design exists and opened at  /home/zhou/Desktop/validation_1/vitis/full_system_v0/zynqmp_fsbl/zynqmp_fsbl_bsp/system.mss
TRACE::2025-12-24.06:17:29::SCWPlatform::Trying to open the hw design at /home/zhou/Desktop/validation_1/vitis/full_system_v0/hw/new_system_v0_wrapper.xsa
TRACE::2025-12-24.06:17:29::SCWPlatform::DSA given /home/zhou/Desktop/validation_1/vitis/full_system_v0/hw/new_system_v0_wrapper.xsa
TRACE::2025-12-24.06:17:29::SCWPlatform::DSA absoulate path /home/zhou/Desktop/validation_1/vitis/full_system_v0/hw/new_system_v0_wrapper.xsa
TRACE::2025-12-24.06:17:29::SCWPlatform::DSA directory /home/zhou/Desktop/validation_1/vitis/full_system_v0/hw
TRACE::2025-12-24.06:17:29::SCWPlatform:: Platform Path /home/zhou/Desktop/validation_1/vitis/full_system_v0/hw/new_system_v0_wrapper.xsa
TRACE::2025-12-24.06:17:29::SCWPlatform:: Unique name xilinx:::0.0
TRACE::2025-12-24.06:17:29::SCWPlatform::Trying to set the existing hwdb with name gemm_v0_wrapper
TRACE::2025-12-24.06:17:29::SCWPlatform::Could not get the HWDB from existing dbname
TRACE::2025-12-24.06:17:29::SCWPlatform::Do not have an existing db opened. Attempting to open the hwDb. 
TRACE::2025-12-24.06:17:29::SCWPlatform::Opened new HwDB with name gemm_v0_wrapper
TRACE::2025-12-24.06:17:29::SCWMssOS::Checking the sw design at  /home/zhou/Desktop/validation_1/vitis/full_system_v0/zynqmp_fsbl/zynqmp_fsbl_bsp/system.mss
TRACE::2025-12-24.06:17:29::SCWMssOS::DEBUG:  swdes dump  /home/zhou/Desktop/validation_1/vitis/full_system_v0/psu_cortexa53_0/standalone_domain/bsp/system.mss|system_1||
/home/zhou/Desktop/validation_1/vitis/full_system_v0/zynqmp_fsbl/zynqmp_fsbl_bsp/system.mss|system||
/home/zhou/Desktop/validation_1/vitis/full_system_v0/zynqmp_pmufw/zynqmp_pmufw_bsp/system.mss|system_0||

TRACE::2025-12-24.06:17:29::SCWMssOS::Sw design exists and opened at  /home/zhou/Desktop/validation_1/vitis/full_system_v0/zynqmp_fsbl/zynqmp_fsbl_bsp/system.mss
TRACE::2025-12-24.06:17:29::SCWPlatform::Trying to open the hw design at /home/zhou/Desktop/validation_1/vitis/full_system_v0/hw/new_system_v0_wrapper.xsa
TRACE::2025-12-24.06:17:29::SCWPlatform::DSA given /home/zhou/Desktop/validation_1/vitis/full_system_v0/hw/new_system_v0_wrapper.xsa
TRACE::2025-12-24.06:17:29::SCWPlatform::DSA absoulate path /home/zhou/Desktop/validation_1/vitis/full_system_v0/hw/new_system_v0_wrapper.xsa
TRACE::2025-12-24.06:17:29::SCWPlatform::DSA directory /home/zhou/Desktop/validation_1/vitis/full_system_v0/hw
TRACE::2025-12-24.06:17:29::SCWPlatform:: Platform Path /home/zhou/Desktop/validation_1/vitis/full_system_v0/hw/new_system_v0_wrapper.xsa
TRACE::2025-12-24.06:17:29::SCWPlatform:: Unique name xilinx:::0.0
TRACE::2025-12-24.06:17:29::SCWPlatform::Trying to set the existing hwdb with name gemm_v0_wrapper
TRACE::2025-12-24.06:17:29::SCWPlatform::Could not get the HWDB from existing dbname
TRACE::2025-12-24.06:17:29::SCWPlatform::Do not have an existing db opened. Attempting to open the hwDb. 
TRACE::2025-12-24.06:17:29::SCWPlatform::Opened new HwDB with name gemm_v0_wrapper
TRACE::2025-12-24.06:17:29::SCWMssOS::Checking the sw design at  /home/zhou/Desktop/validation_1/vitis/full_system_v0/zynqmp_pmufw/zynqmp_pmufw_bsp/system.mss
TRACE::2025-12-24.06:17:29::SCWMssOS::DEBUG:  swdes dump  /home/zhou/Desktop/validation_1/vitis/full_system_v0/psu_cortexa53_0/standalone_domain/bsp/system.mss|system_1||
/home/zhou/Desktop/validation_1/vitis/full_system_v0/zynqmp_fsbl/zynqmp_fsbl_bsp/system.mss|system||
/home/zhou/Desktop/validation_1/vitis/full_system_v0/zynqmp_pmufw/zynqmp_pmufw_bsp/system.mss|system_0||

TRACE::2025-12-24.06:17:29::SCWMssOS::Sw design exists and opened at  /home/zhou/Desktop/validation_1/vitis/full_system_v0/zynqmp_pmufw/zynqmp_pmufw_bsp/system.mss
TRACE::2025-12-24.06:17:29::SCWPlatform::Trying to open the hw design at /home/zhou/Desktop/validation_1/vitis/full_system_v0/hw/new_system_v0_wrapper.xsa
TRACE::2025-12-24.06:17:29::SCWPlatform::DSA given /home/zhou/Desktop/validation_1/vitis/full_system_v0/hw/new_system_v0_wrapper.xsa
TRACE::2025-12-24.06:17:29::SCWPlatform::DSA absoulate path /home/zhou/Desktop/validation_1/vitis/full_system_v0/hw/new_system_v0_wrapper.xsa
TRACE::2025-12-24.06:17:29::SCWPlatform::DSA directory /home/zhou/Desktop/validation_1/vitis/full_system_v0/hw
TRACE::2025-12-24.06:17:29::SCWPlatform:: Platform Path /home/zhou/Desktop/validation_1/vitis/full_system_v0/hw/new_system_v0_wrapper.xsa
TRACE::2025-12-24.06:17:29::SCWPlatform:: Unique name xilinx:::0.0
TRACE::2025-12-24.06:17:29::SCWPlatform::Trying to set the existing hwdb with name gemm_v0_wrapper
TRACE::2025-12-24.06:17:29::SCWPlatform::Could not get the HWDB from existing dbname
TRACE::2025-12-24.06:17:29::SCWPlatform::Do not have an existing db opened. Attempting to open the hwDb. 
TRACE::2025-12-24.06:17:29::SCWPlatform::Opened new HwDB with name gemm_v0_wrapper
TRACE::2025-12-24.06:17:29::SCWMssOS::Checking the sw design at  /home/zhou/Desktop/validation_1/vitis/full_system_v0/zynqmp_pmufw/zynqmp_pmufw_bsp/system.mss
TRACE::2025-12-24.06:17:29::SCWMssOS::DEBUG:  swdes dump  /home/zhou/Desktop/validation_1/vitis/full_system_v0/psu_cortexa53_0/standalone_domain/bsp/system.mss|system_1||
/home/zhou/Desktop/validation_1/vitis/full_system_v0/zynqmp_fsbl/zynqmp_fsbl_bsp/system.mss|system||
/home/zhou/Desktop/validation_1/vitis/full_system_v0/zynqmp_pmufw/zynqmp_pmufw_bsp/system.mss|system_0||

TRACE::2025-12-24.06:17:29::SCWMssOS::Sw design exists and opened at  /home/zhou/Desktop/validation_1/vitis/full_system_v0/zynqmp_pmufw/zynqmp_pmufw_bsp/system.mss
TRACE::2025-12-24.06:17:29::SCWPlatform::Trying to open the hw design at /home/zhou/Desktop/validation_1/vitis/full_system_v0/hw/new_system_v0_wrapper.xsa
TRACE::2025-12-24.06:17:29::SCWPlatform::DSA given /home/zhou/Desktop/validation_1/vitis/full_system_v0/hw/new_system_v0_wrapper.xsa
TRACE::2025-12-24.06:17:29::SCWPlatform::DSA absoulate path /home/zhou/Desktop/validation_1/vitis/full_system_v0/hw/new_system_v0_wrapper.xsa
TRACE::2025-12-24.06:17:29::SCWPlatform::DSA directory /home/zhou/Desktop/validation_1/vitis/full_system_v0/hw
TRACE::2025-12-24.06:17:29::SCWPlatform:: Platform Path /home/zhou/Desktop/validation_1/vitis/full_system_v0/hw/new_system_v0_wrapper.xsa
TRACE::2025-12-24.06:17:29::SCWPlatform:: Unique name xilinx:::0.0
TRACE::2025-12-24.06:17:29::SCWPlatform::Trying to set the existing hwdb with name gemm_v0_wrapper
TRACE::2025-12-24.06:17:29::SCWPlatform::Could not get the HWDB from existing dbname
TRACE::2025-12-24.06:17:29::SCWPlatform::Do not have an existing db opened. Attempting to open the hwDb. 
TRACE::2025-12-24.06:17:29::SCWPlatform::Opened new HwDB with name gemm_v0_wrapper
TRACE::2025-12-24.06:17:29::SCWMssOS::Checking the sw design at  /home/zhou/Desktop/validation_1/vitis/full_system_v0/zynqmp_pmufw/zynqmp_pmufw_bsp/system.mss
TRACE::2025-12-24.06:17:29::SCWMssOS::DEBUG:  swdes dump  /home/zhou/Desktop/validation_1/vitis/full_system_v0/psu_cortexa53_0/standalone_domain/bsp/system.mss|system_1||
/home/zhou/Desktop/validation_1/vitis/full_system_v0/zynqmp_fsbl/zynqmp_fsbl_bsp/system.mss|system||
/home/zhou/Desktop/validation_1/vitis/full_system_v0/zynqmp_pmufw/zynqmp_pmufw_bsp/system.mss|system_0||

TRACE::2025-12-24.06:17:29::SCWMssOS::Sw design exists and opened at  /home/zhou/Desktop/validation_1/vitis/full_system_v0/zynqmp_pmufw/zynqmp_pmufw_bsp/system.mss
TRACE::2025-12-24.06:17:29::SCWPlatform::Trying to open the hw design at /home/zhou/Desktop/validation_1/vitis/full_system_v0/hw/new_system_v0_wrapper.xsa
TRACE::2025-12-24.06:17:29::SCWPlatform::DSA given /home/zhou/Desktop/validation_1/vitis/full_system_v0/hw/new_system_v0_wrapper.xsa
TRACE::2025-12-24.06:17:29::SCWPlatform::DSA absoulate path /home/zhou/Desktop/validation_1/vitis/full_system_v0/hw/new_system_v0_wrapper.xsa
TRACE::2025-12-24.06:17:29::SCWPlatform::DSA directory /home/zhou/Desktop/validation_1/vitis/full_system_v0/hw
TRACE::2025-12-24.06:17:29::SCWPlatform:: Platform Path /home/zhou/Desktop/validation_1/vitis/full_system_v0/hw/new_system_v0_wrapper.xsa
TRACE::2025-12-24.06:17:29::SCWPlatform:: Unique name xilinx:::0.0
TRACE::2025-12-24.06:17:29::SCWPlatform::Trying to set the existing hwdb with name gemm_v0_wrapper
TRACE::2025-12-24.06:17:29::SCWPlatform::Could not get the HWDB from existing dbname
TRACE::2025-12-24.06:17:29::SCWPlatform::Do not have an existing db opened. Attempting to open the hwDb. 
TRACE::2025-12-24.06:17:29::SCWPlatform::Opened new HwDB with name gemm_v0_wrapper
TRACE::2025-12-24.06:17:29::SCWMssOS::Checking the sw design at  /home/zhou/Desktop/validation_1/vitis/full_system_v0/psu_cortexa53_0/standalone_domain/bsp/system.mss
TRACE::2025-12-24.06:17:29::SCWMssOS::DEBUG:  swdes dump  /home/zhou/Desktop/validation_1/vitis/full_system_v0/psu_cortexa53_0/standalone_domain/bsp/system.mss|system_1||
/home/zhou/Desktop/validation_1/vitis/full_system_v0/zynqmp_fsbl/zynqmp_fsbl_bsp/system.mss|system||
/home/zhou/Desktop/validation_1/vitis/full_system_v0/zynqmp_pmufw/zynqmp_pmufw_bsp/system.mss|system_0||

TRACE::2025-12-24.06:17:29::SCWMssOS::Sw design exists and opened at  /home/zhou/Desktop/validation_1/vitis/full_system_v0/psu_cortexa53_0/standalone_domain/bsp/system.mss
TRACE::2025-12-24.06:17:29::SCWPlatform::Trying to open the hw design at /home/zhou/Desktop/validation_1/vitis/full_system_v0/hw/new_system_v0_wrapper.xsa
TRACE::2025-12-24.06:17:29::SCWPlatform::DSA given /home/zhou/Desktop/validation_1/vitis/full_system_v0/hw/new_system_v0_wrapper.xsa
TRACE::2025-12-24.06:17:29::SCWPlatform::DSA absoulate path /home/zhou/Desktop/validation_1/vitis/full_system_v0/hw/new_system_v0_wrapper.xsa
TRACE::2025-12-24.06:17:29::SCWPlatform::DSA directory /home/zhou/Desktop/validation_1/vitis/full_system_v0/hw
TRACE::2025-12-24.06:17:29::SCWPlatform:: Platform Path /home/zhou/Desktop/validation_1/vitis/full_system_v0/hw/new_system_v0_wrapper.xsa
TRACE::2025-12-24.06:17:29::SCWPlatform:: Unique name xilinx:::0.0
TRACE::2025-12-24.06:17:29::SCWPlatform::Trying to set the existing hwdb with name gemm_v0_wrapper
TRACE::2025-12-24.06:17:29::SCWPlatform::Could not get the HWDB from existing dbname
TRACE::2025-12-24.06:17:29::SCWPlatform::Do not have an existing db opened. Attempting to open the hwDb. 
TRACE::2025-12-24.06:17:29::SCWPlatform::Opened new HwDB with name gemm_v0_wrapper
TRACE::2025-12-24.06:17:29::SCWMssOS::Checking the sw design at  /home/zhou/Desktop/validation_1/vitis/full_system_v0/psu_cortexa53_0/standalone_domain/bsp/system.mss
TRACE::2025-12-24.06:17:29::SCWMssOS::DEBUG:  swdes dump  /home/zhou/Desktop/validation_1/vitis/full_system_v0/psu_cortexa53_0/standalone_domain/bsp/system.mss|system_1||
/home/zhou/Desktop/validation_1/vitis/full_system_v0/zynqmp_fsbl/zynqmp_fsbl_bsp/system.mss|system||
/home/zhou/Desktop/validation_1/vitis/full_system_v0/zynqmp_pmufw/zynqmp_pmufw_bsp/system.mss|system_0||

TRACE::2025-12-24.06:17:29::SCWMssOS::Sw design exists and opened at  /home/zhou/Desktop/validation_1/vitis/full_system_v0/psu_cortexa53_0/standalone_domain/bsp/system.mss
TRACE::2025-12-24.06:17:29::SCWPlatform::Trying to open the hw design at /home/zhou/Desktop/validation_1/vitis/full_system_v0/hw/new_system_v0_wrapper.xsa
TRACE::2025-12-24.06:17:29::SCWPlatform::DSA given /home/zhou/Desktop/validation_1/vitis/full_system_v0/hw/new_system_v0_wrapper.xsa
TRACE::2025-12-24.06:17:29::SCWPlatform::DSA absoulate path /home/zhou/Desktop/validation_1/vitis/full_system_v0/hw/new_system_v0_wrapper.xsa
TRACE::2025-12-24.06:17:29::SCWPlatform::DSA directory /home/zhou/Desktop/validation_1/vitis/full_system_v0/hw
TRACE::2025-12-24.06:17:29::SCWPlatform:: Platform Path /home/zhou/Desktop/validation_1/vitis/full_system_v0/hw/new_system_v0_wrapper.xsa
TRACE::2025-12-24.06:17:29::SCWPlatform:: Unique name xilinx:::0.0
TRACE::2025-12-24.06:17:29::SCWPlatform::Trying to set the existing hwdb with name gemm_v0_wrapper
TRACE::2025-12-24.06:17:29::SCWPlatform::Could not get the HWDB from existing dbname
TRACE::2025-12-24.06:17:29::SCWPlatform::Do not have an existing db opened. Attempting to open the hwDb. 
TRACE::2025-12-24.06:17:29::SCWPlatform::Opened new HwDB with name gemm_v0_wrapper
TRACE::2025-12-24.06:17:29::SCWMssOS::Checking the sw design at  /home/zhou/Desktop/validation_1/vitis/full_system_v0/psu_cortexa53_0/standalone_domain/bsp/system.mss
TRACE::2025-12-24.06:17:29::SCWMssOS::DEBUG:  swdes dump  /home/zhou/Desktop/validation_1/vitis/full_system_v0/psu_cortexa53_0/standalone_domain/bsp/system.mss|system_1||
/home/zhou/Desktop/validation_1/vitis/full_system_v0/zynqmp_fsbl/zynqmp_fsbl_bsp/system.mss|system||
/home/zhou/Desktop/validation_1/vitis/full_system_v0/zynqmp_pmufw/zynqmp_pmufw_bsp/system.mss|system_0||

TRACE::2025-12-24.06:17:29::SCWMssOS::Sw design exists and opened at  /home/zhou/Desktop/validation_1/vitis/full_system_v0/psu_cortexa53_0/standalone_domain/bsp/system.mss
TRACE::2025-12-24.06:17:29::SCWWriter::formatted JSON is {
	"platformName":	"full_system_v0",
	"sprVersion":	"2.0",
	"mode":	"gui",
	"dsaType":	"Fixed",
	"platformDesc":	"full_system_v0",
	"platHandOff":	"/home/zhou/Desktop/validation_1/vitis/new_system_v0_wrapper.xsa",
	"platIntHandOff":	"<platformDir>/hw/new_system_v0_wrapper.xsa",
	"deviceType":	"zynqMP",
	"platIsPrebuiltAutogen":	"false",
	"platIsNoBootBsp":	"false",
	"platFsblTarget":	"psu_cortexa53_0",
	"hasFsblMakeHasChanges":	"false",
	"hasPmufwMakeHasChanges":	"false",
	"fsblExtraCompilerFlags":	"-MMD -MP      -Wall -fmessage-length=0 -DARMA53_64 -Os -flto -ffat-lto-objects  ",
	"pmufwExtraCompilerFlags":	"-MMD -MP      -mlittle-endian -mxl-barrel-shift -mxl-pattern-compare -mcpu=v9.2 -mxl-soft-mul -Os -flto -ffat-lto-objects  ",
	"platPreBuiltFlag":	false,
	"platformSamplesDir":	"",
	"platActiveSys":	"full_system_v0",
	"systems":	[{
			"systemName":	"full_system_v0",
			"systemDesc":	"full_system_v0",
			"sysIsBootAutoGen":	"true",
			"systemDispName":	"full_system_v0",
			"sysActiveDom":	"standalone_domain",
			"sysDefaultDom":	"standalone_domain",
			"domains":	[{
					"domainName":	"zynqmp_fsbl",
					"domainDispName":	"zynqmp_fsbl",
					"domainDesc":	"FSBL Application BSP - Auto Generated.",
					"processors":	"psu_cortexa53_0",
					"os":	"standalone",
					"sdxOs":	"standalone",
					"debugEnable":	"",
					"domRuntimes":	["cpp"],
					"swRepo":	"",
					"mssOsVer":	"9.2",
					"mssFile":	"",
					"md5Digest":	"0563630c5429eb64395820372b32e638",
					"compatibleApp":	"zynqmp_fsbl",
					"domType":	"bootDomain",
					"arch":	"64-bit",
					"appSettings":	{
						"appCompilerFlags":	"",
						"appLinkerFlags":	""
					},
					"addedLibs":	["xilffs:5.3", "xilsecure:5.4", "xilpm:5.3"],
					"libOptions":	{
						"standalone":	{
							"zynqmp_fsbl_bsp":	"true",
							"libOptionNames":	["zynqmp_fsbl_bsp"]
						},
						"xilffs":	{
							"read_only":	"true",
							"use_mkfs":	"false",
							"libOptionNames":	["read_only", "use_mkfs"]
						},
						"xilsecure":	{
							"tpm_support":	"true",
							"libOptionNames":	["tpm_support"]
						},
						"libsContainingOptions":	["standalone", "xilffs", "xilsecure"]
					},
					"prebuiltLibs":	{
						"prebuiltIncPath":	[],
						"prebuiltLibPath":	[]
					},
					"isolation":	{
					}
				}, {
					"domainName":	"zynqmp_pmufw",
					"domainDispName":	"zynqmp_pmufw",
					"domainDesc":	"PMUFW Application BSP - Auto Generated.",
					"processors":	"psu_pmu_0",
					"os":	"standalone",
					"sdxOs":	"standalone",
					"debugEnable":	"",
					"domRuntimes":	["cpp"],
					"swRepo":	"",
					"mssOsVer":	"9.2",
					"mssFile":	"",
					"md5Digest":	"068ac74865b8e7e98159ae2e0d07fe64",
					"compatibleApp":	"zynqmp_pmufw",
					"domType":	"bootDomain",
					"arch":	"32-bit",
					"appSettings":	{
						"appCompilerFlags":	"",
						"appLinkerFlags":	""
					},
					"addedLibs":	["xilfpga:6.7", "xilsecure:5.4", "xilskey:7.6"],
					"libOptions":	{
						"psu_pmu_0":	{
							"extra_compiler_flags":	"-g -ffunction-sections -fdata-sections -Wall -Wextra -fno-tree-loop-distribute-patterns  -Os -flto -ffat-lto-objects",
							"libOptionNames":	["extra_compiler_flags"]
						},
						"libsContainingOptions":	["psu_pmu_0"]
					},
					"prebuiltLibs":	{
						"prebuiltIncPath":	[],
						"prebuiltLibPath":	[]
					},
					"isolation":	{
					}
				}, {
					"domainName":	"standalone_domain",
					"domainDispName":	"standalone_domain",
					"domainDesc":	"standalone_domain",
					"processors":	"psu_cortexa53_0",
					"os":	"standalone",
					"sdxOs":	"standalone",
					"qemuArgs":	"<platformDir>/resources/full_system_v0/standalone_domain/qemu_args.txt",
					"qemuData":	"<platformDir>/resources/full_system_v0/standalone_domain/qemu",
					"pmuQemuArgs":	"<platformDir>/resources/full_system_v0/standalone_domain/pmu_args.txt",
					"debugEnable":	"False",
					"domRuntimes":	["cpp"],
					"swRepo":	"",
					"mssOsVer":	"9.2",
					"mssFile":	"",
					"md5Digest":	"060eb99cc0d4ae4931ea62d99759d4f1",
					"compatibleApp":	"",
					"domType":	"mssDomain",
					"arch":	"64-bit",
					"appSettings":	{
						"appCompilerFlags":	"",
						"appLinkerFlags":	""
					},
					"addedLibs":	[],
					"libOptions":	{
						"libsContainingOptions":	[]
					},
					"prebuiltLibs":	{
						"prebuiltIncPath":	[],
						"prebuiltLibPath":	[]
					},
					"isolation":	{
					}
				}]
		}]
}
KEYINFO::2025-12-24.06:17:29::SCWPlatform::updated the xpfm file.
TRACE::2025-12-24.06:17:29::SCWPlatform::Trying to open the hw design at /home/zhou/Desktop/validation_1/vitis/full_system_v0/hw/new_system_v0_wrapper.xsa
TRACE::2025-12-24.06:17:29::SCWPlatform::DSA given /home/zhou/Desktop/validation_1/vitis/full_system_v0/hw/new_system_v0_wrapper.xsa
TRACE::2025-12-24.06:17:29::SCWPlatform::DSA absoulate path /home/zhou/Desktop/validation_1/vitis/full_system_v0/hw/new_system_v0_wrapper.xsa
TRACE::2025-12-24.06:17:29::SCWPlatform::DSA directory /home/zhou/Desktop/validation_1/vitis/full_system_v0/hw
TRACE::2025-12-24.06:17:29::SCWPlatform:: Platform Path /home/zhou/Desktop/validation_1/vitis/full_system_v0/hw/new_system_v0_wrapper.xsa
TRACE::2025-12-24.06:17:29::SCWPlatform:: Unique name xilinx:::0.0
TRACE::2025-12-24.06:17:29::SCWPlatform::Trying to set the existing hwdb with name gemm_v0_wrapper
TRACE::2025-12-24.06:17:29::SCWPlatform::Could not get the HWDB from existing dbname
TRACE::2025-12-24.06:17:29::SCWPlatform::Do not have an existing db opened. Attempting to open the hwDb. 
TRACE::2025-12-24.06:17:29::SCWPlatform::Opened new HwDB with name gemm_v0_wrapper
TRACE::2025-12-24.06:17:29::SCWMssOS::Checking the sw design at  /home/zhou/Desktop/validation_1/vitis/full_system_v0/psu_cortexa53_0/standalone_domain/bsp/system.mss
TRACE::2025-12-24.06:17:29::SCWMssOS::DEBUG:  swdes dump  /home/zhou/Desktop/validation_1/vitis/full_system_v0/psu_cortexa53_0/standalone_domain/bsp/system.mss|system_1||
/home/zhou/Desktop/validation_1/vitis/full_system_v0/zynqmp_fsbl/zynqmp_fsbl_bsp/system.mss|system||
/home/zhou/Desktop/validation_1/vitis/full_system_v0/zynqmp_pmufw/zynqmp_pmufw_bsp/system.mss|system_0||

TRACE::2025-12-24.06:17:29::SCWMssOS::Sw design exists and opened at  /home/zhou/Desktop/validation_1/vitis/full_system_v0/psu_cortexa53_0/standalone_domain/bsp/system.mss
TRACE::2025-12-24.06:17:29::SCWMssOS::Saving the mss changes /home/zhou/Desktop/validation_1/vitis/full_system_v0/zynqmp_fsbl/zynqmp_fsbl_bsp/system.mss
TRACE::2025-12-24.06:17:29::SCWMssOS::Found a swdesign opened with the mssfile.
TRACE::2025-12-24.06:17:29::SCWMssOS::Completed writemss as part of save.
TRACE::2025-12-24.06:17:29::SCWMssOS::Commit changes completed.
TRACE::2025-12-24.06:17:29::SCWMssOS::Saving the mss changes /home/zhou/Desktop/validation_1/vitis/full_system_v0/zynqmp_pmufw/zynqmp_pmufw_bsp/system.mss
TRACE::2025-12-24.06:17:29::SCWMssOS::Found a swdesign opened with the mssfile.
TRACE::2025-12-24.06:17:29::SCWMssOS::Completed writemss as part of save.
TRACE::2025-12-24.06:17:29::SCWMssOS::Commit changes completed.
TRACE::2025-12-24.06:17:29::SCWMssOS::Saving the mss changes /home/zhou/Desktop/validation_1/vitis/full_system_v0/psu_cortexa53_0/standalone_domain/bsp/system.mss
TRACE::2025-12-24.06:17:29::SCWMssOS::Found a swdesign opened with the mssfile.
TRACE::2025-12-24.06:17:29::SCWMssOS::Completed writemss as part of save.
TRACE::2025-12-24.06:17:29::SCWMssOS::Commit changes completed.
TRACE::2025-12-24.06:17:29::SCWPlatform::Trying to open the hw design at /home/zhou/Desktop/validation_1/vitis/full_system_v0/hw/new_system_v0_wrapper.xsa
TRACE::2025-12-24.06:17:29::SCWPlatform::DSA given /home/zhou/Desktop/validation_1/vitis/full_system_v0/hw/new_system_v0_wrapper.xsa
TRACE::2025-12-24.06:17:29::SCWPlatform::DSA absoulate path /home/zhou/Desktop/validation_1/vitis/full_system_v0/hw/new_system_v0_wrapper.xsa
TRACE::2025-12-24.06:17:29::SCWPlatform::DSA directory /home/zhou/Desktop/validation_1/vitis/full_system_v0/hw
TRACE::2025-12-24.06:17:29::SCWPlatform:: Platform Path /home/zhou/Desktop/validation_1/vitis/full_system_v0/hw/new_system_v0_wrapper.xsa
TRACE::2025-12-24.06:17:29::SCWPlatform:: Unique name xilinx:::0.0
TRACE::2025-12-24.06:17:29::SCWPlatform::Trying to set the existing hwdb with name gemm_v0_wrapper
TRACE::2025-12-24.06:17:29::SCWPlatform::Could not get the HWDB from existing dbname
TRACE::2025-12-24.06:17:29::SCWPlatform::Do not have an existing db opened. Attempting to open the hwDb. 
TRACE::2025-12-24.06:17:29::SCWPlatform::Opened new HwDB with name gemm_v0_wrapper
TRACE::2025-12-24.06:17:29::SCWMssOS::Checking the sw design at  /home/zhou/Desktop/validation_1/vitis/full_system_v0/zynqmp_fsbl/zynqmp_fsbl_bsp/system.mss
TRACE::2025-12-24.06:17:29::SCWMssOS::DEBUG:  swdes dump  /home/zhou/Desktop/validation_1/vitis/full_system_v0/psu_cortexa53_0/standalone_domain/bsp/system.mss|system_1||
/home/zhou/Desktop/validation_1/vitis/full_system_v0/zynqmp_fsbl/zynqmp_fsbl_bsp/system.mss|system||
/home/zhou/Desktop/validation_1/vitis/full_system_v0/zynqmp_pmufw/zynqmp_pmufw_bsp/system.mss|system_0||

TRACE::2025-12-24.06:17:29::SCWMssOS::Sw design exists and opened at  /home/zhou/Desktop/validation_1/vitis/full_system_v0/zynqmp_fsbl/zynqmp_fsbl_bsp/system.mss
TRACE::2025-12-24.06:17:29::SCWPlatform::Trying to open the hw design at /home/zhou/Desktop/validation_1/vitis/full_system_v0/hw/new_system_v0_wrapper.xsa
TRACE::2025-12-24.06:17:29::SCWPlatform::DSA given /home/zhou/Desktop/validation_1/vitis/full_system_v0/hw/new_system_v0_wrapper.xsa
TRACE::2025-12-24.06:17:29::SCWPlatform::DSA absoulate path /home/zhou/Desktop/validation_1/vitis/full_system_v0/hw/new_system_v0_wrapper.xsa
TRACE::2025-12-24.06:17:29::SCWPlatform::DSA directory /home/zhou/Desktop/validation_1/vitis/full_system_v0/hw
TRACE::2025-12-24.06:17:29::SCWPlatform:: Platform Path /home/zhou/Desktop/validation_1/vitis/full_system_v0/hw/new_system_v0_wrapper.xsa
TRACE::2025-12-24.06:17:29::SCWPlatform:: Unique name xilinx:::0.0
TRACE::2025-12-24.06:17:29::SCWPlatform::Trying to set the existing hwdb with name gemm_v0_wrapper
TRACE::2025-12-24.06:17:29::SCWPlatform::Could not get the HWDB from existing dbname
TRACE::2025-12-24.06:17:29::SCWPlatform::Do not have an existing db opened. Attempting to open the hwDb. 
TRACE::2025-12-24.06:17:29::SCWPlatform::Opened new HwDB with name gemm_v0_wrapper
TRACE::2025-12-24.06:17:29::SCWMssOS::Checking the sw design at  /home/zhou/Desktop/validation_1/vitis/full_system_v0/zynqmp_fsbl/zynqmp_fsbl_bsp/system.mss
TRACE::2025-12-24.06:17:29::SCWMssOS::DEBUG:  swdes dump  /home/zhou/Desktop/validation_1/vitis/full_system_v0/psu_cortexa53_0/standalone_domain/bsp/system.mss|system_1||
/home/zhou/Desktop/validation_1/vitis/full_system_v0/zynqmp_fsbl/zynqmp_fsbl_bsp/system.mss|system||
/home/zhou/Desktop/validation_1/vitis/full_system_v0/zynqmp_pmufw/zynqmp_pmufw_bsp/system.mss|system_0||

TRACE::2025-12-24.06:17:29::SCWMssOS::Sw design exists and opened at  /home/zhou/Desktop/validation_1/vitis/full_system_v0/zynqmp_fsbl/zynqmp_fsbl_bsp/system.mss
TRACE::2025-12-24.06:17:29::SCWPlatform::Trying to open the hw design at /home/zhou/Desktop/validation_1/vitis/full_system_v0/hw/new_system_v0_wrapper.xsa
TRACE::2025-12-24.06:17:29::SCWPlatform::DSA given /home/zhou/Desktop/validation_1/vitis/full_system_v0/hw/new_system_v0_wrapper.xsa
TRACE::2025-12-24.06:17:29::SCWPlatform::DSA absoulate path /home/zhou/Desktop/validation_1/vitis/full_system_v0/hw/new_system_v0_wrapper.xsa
TRACE::2025-12-24.06:17:29::SCWPlatform::DSA directory /home/zhou/Desktop/validation_1/vitis/full_system_v0/hw
TRACE::2025-12-24.06:17:29::SCWPlatform:: Platform Path /home/zhou/Desktop/validation_1/vitis/full_system_v0/hw/new_system_v0_wrapper.xsa
TRACE::2025-12-24.06:17:29::SCWPlatform:: Unique name xilinx:::0.0
TRACE::2025-12-24.06:17:29::SCWPlatform::Trying to set the existing hwdb with name gemm_v0_wrapper
TRACE::2025-12-24.06:17:29::SCWPlatform::Could not get the HWDB from existing dbname
TRACE::2025-12-24.06:17:29::SCWPlatform::Do not have an existing db opened. Attempting to open the hwDb. 
TRACE::2025-12-24.06:17:29::SCWPlatform::Opened new HwDB with name gemm_v0_wrapper
TRACE::2025-12-24.06:17:29::SCWMssOS::Checking the sw design at  /home/zhou/Desktop/validation_1/vitis/full_system_v0/zynqmp_fsbl/zynqmp_fsbl_bsp/system.mss
TRACE::2025-12-24.06:17:29::SCWMssOS::DEBUG:  swdes dump  /home/zhou/Desktop/validation_1/vitis/full_system_v0/psu_cortexa53_0/standalone_domain/bsp/system.mss|system_1||
/home/zhou/Desktop/validation_1/vitis/full_system_v0/zynqmp_fsbl/zynqmp_fsbl_bsp/system.mss|system||
/home/zhou/Desktop/validation_1/vitis/full_system_v0/zynqmp_pmufw/zynqmp_pmufw_bsp/system.mss|system_0||

TRACE::2025-12-24.06:17:29::SCWMssOS::Sw design exists and opened at  /home/zhou/Desktop/validation_1/vitis/full_system_v0/zynqmp_fsbl/zynqmp_fsbl_bsp/system.mss
TRACE::2025-12-24.06:17:29::SCWPlatform::Trying to open the hw design at /home/zhou/Desktop/validation_1/vitis/full_system_v0/hw/new_system_v0_wrapper.xsa
TRACE::2025-12-24.06:17:29::SCWPlatform::DSA given /home/zhou/Desktop/validation_1/vitis/full_system_v0/hw/new_system_v0_wrapper.xsa
TRACE::2025-12-24.06:17:29::SCWPlatform::DSA absoulate path /home/zhou/Desktop/validation_1/vitis/full_system_v0/hw/new_system_v0_wrapper.xsa
TRACE::2025-12-24.06:17:29::SCWPlatform::DSA directory /home/zhou/Desktop/validation_1/vitis/full_system_v0/hw
TRACE::2025-12-24.06:17:29::SCWPlatform:: Platform Path /home/zhou/Desktop/validation_1/vitis/full_system_v0/hw/new_system_v0_wrapper.xsa
TRACE::2025-12-24.06:17:29::SCWPlatform:: Unique name xilinx:::0.0
TRACE::2025-12-24.06:17:29::SCWPlatform::Trying to set the existing hwdb with name gemm_v0_wrapper
TRACE::2025-12-24.06:17:29::SCWPlatform::Could not get the HWDB from existing dbname
TRACE::2025-12-24.06:17:29::SCWPlatform::Do not have an existing db opened. Attempting to open the hwDb. 
TRACE::2025-12-24.06:17:29::SCWPlatform::Opened new HwDB with name gemm_v0_wrapper
TRACE::2025-12-24.06:17:29::SCWMssOS::Checking the sw design at  /home/zhou/Desktop/validation_1/vitis/full_system_v0/zynqmp_pmufw/zynqmp_pmufw_bsp/system.mss
TRACE::2025-12-24.06:17:29::SCWMssOS::DEBUG:  swdes dump  /home/zhou/Desktop/validation_1/vitis/full_system_v0/psu_cortexa53_0/standalone_domain/bsp/system.mss|system_1||
/home/zhou/Desktop/validation_1/vitis/full_system_v0/zynqmp_fsbl/zynqmp_fsbl_bsp/system.mss|system||
/home/zhou/Desktop/validation_1/vitis/full_system_v0/zynqmp_pmufw/zynqmp_pmufw_bsp/system.mss|system_0||

TRACE::2025-12-24.06:17:29::SCWMssOS::Sw design exists and opened at  /home/zhou/Desktop/validation_1/vitis/full_system_v0/zynqmp_pmufw/zynqmp_pmufw_bsp/system.mss
TRACE::2025-12-24.06:17:29::SCWPlatform::Trying to open the hw design at /home/zhou/Desktop/validation_1/vitis/full_system_v0/hw/new_system_v0_wrapper.xsa
TRACE::2025-12-24.06:17:29::SCWPlatform::DSA given /home/zhou/Desktop/validation_1/vitis/full_system_v0/hw/new_system_v0_wrapper.xsa
TRACE::2025-12-24.06:17:29::SCWPlatform::DSA absoulate path /home/zhou/Desktop/validation_1/vitis/full_system_v0/hw/new_system_v0_wrapper.xsa
TRACE::2025-12-24.06:17:29::SCWPlatform::DSA directory /home/zhou/Desktop/validation_1/vitis/full_system_v0/hw
TRACE::2025-12-24.06:17:29::SCWPlatform:: Platform Path /home/zhou/Desktop/validation_1/vitis/full_system_v0/hw/new_system_v0_wrapper.xsa
TRACE::2025-12-24.06:17:29::SCWPlatform:: Unique name xilinx:::0.0
TRACE::2025-12-24.06:17:29::SCWPlatform::Trying to set the existing hwdb with name gemm_v0_wrapper
TRACE::2025-12-24.06:17:29::SCWPlatform::Could not get the HWDB from existing dbname
TRACE::2025-12-24.06:17:29::SCWPlatform::Do not have an existing db opened. Attempting to open the hwDb. 
TRACE::2025-12-24.06:17:29::SCWPlatform::Opened new HwDB with name gemm_v0_wrapper
TRACE::2025-12-24.06:17:29::SCWMssOS::Checking the sw design at  /home/zhou/Desktop/validation_1/vitis/full_system_v0/zynqmp_pmufw/zynqmp_pmufw_bsp/system.mss
TRACE::2025-12-24.06:17:29::SCWMssOS::DEBUG:  swdes dump  /home/zhou/Desktop/validation_1/vitis/full_system_v0/psu_cortexa53_0/standalone_domain/bsp/system.mss|system_1||
/home/zhou/Desktop/validation_1/vitis/full_system_v0/zynqmp_fsbl/zynqmp_fsbl_bsp/system.mss|system||
/home/zhou/Desktop/validation_1/vitis/full_system_v0/zynqmp_pmufw/zynqmp_pmufw_bsp/system.mss|system_0||

TRACE::2025-12-24.06:17:29::SCWMssOS::Sw design exists and opened at  /home/zhou/Desktop/validation_1/vitis/full_system_v0/zynqmp_pmufw/zynqmp_pmufw_bsp/system.mss
TRACE::2025-12-24.06:17:29::SCWPlatform::Trying to open the hw design at /home/zhou/Desktop/validation_1/vitis/full_system_v0/hw/new_system_v0_wrapper.xsa
TRACE::2025-12-24.06:17:29::SCWPlatform::DSA given /home/zhou/Desktop/validation_1/vitis/full_system_v0/hw/new_system_v0_wrapper.xsa
TRACE::2025-12-24.06:17:29::SCWPlatform::DSA absoulate path /home/zhou/Desktop/validation_1/vitis/full_system_v0/hw/new_system_v0_wrapper.xsa
TRACE::2025-12-24.06:17:29::SCWPlatform::DSA directory /home/zhou/Desktop/validation_1/vitis/full_system_v0/hw
TRACE::2025-12-24.06:17:29::SCWPlatform:: Platform Path /home/zhou/Desktop/validation_1/vitis/full_system_v0/hw/new_system_v0_wrapper.xsa
TRACE::2025-12-24.06:17:29::SCWPlatform:: Unique name xilinx:::0.0
TRACE::2025-12-24.06:17:29::SCWPlatform::Trying to set the existing hwdb with name gemm_v0_wrapper
TRACE::2025-12-24.06:17:29::SCWPlatform::Could not get the HWDB from existing dbname
TRACE::2025-12-24.06:17:29::SCWPlatform::Do not have an existing db opened. Attempting to open the hwDb. 
TRACE::2025-12-24.06:17:29::SCWPlatform::Opened new HwDB with name gemm_v0_wrapper
TRACE::2025-12-24.06:17:29::SCWMssOS::Checking the sw design at  /home/zhou/Desktop/validation_1/vitis/full_system_v0/zynqmp_pmufw/zynqmp_pmufw_bsp/system.mss
TRACE::2025-12-24.06:17:29::SCWMssOS::DEBUG:  swdes dump  /home/zhou/Desktop/validation_1/vitis/full_system_v0/psu_cortexa53_0/standalone_domain/bsp/system.mss|system_1||
/home/zhou/Desktop/validation_1/vitis/full_system_v0/zynqmp_fsbl/zynqmp_fsbl_bsp/system.mss|system||
/home/zhou/Desktop/validation_1/vitis/full_system_v0/zynqmp_pmufw/zynqmp_pmufw_bsp/system.mss|system_0||

TRACE::2025-12-24.06:17:29::SCWMssOS::Sw design exists and opened at  /home/zhou/Desktop/validation_1/vitis/full_system_v0/zynqmp_pmufw/zynqmp_pmufw_bsp/system.mss
TRACE::2025-12-24.06:17:29::SCWPlatform::Trying to open the hw design at /home/zhou/Desktop/validation_1/vitis/full_system_v0/hw/new_system_v0_wrapper.xsa
TRACE::2025-12-24.06:17:29::SCWPlatform::DSA given /home/zhou/Desktop/validation_1/vitis/full_system_v0/hw/new_system_v0_wrapper.xsa
TRACE::2025-12-24.06:17:29::SCWPlatform::DSA absoulate path /home/zhou/Desktop/validation_1/vitis/full_system_v0/hw/new_system_v0_wrapper.xsa
TRACE::2025-12-24.06:17:29::SCWPlatform::DSA directory /home/zhou/Desktop/validation_1/vitis/full_system_v0/hw
TRACE::2025-12-24.06:17:29::SCWPlatform:: Platform Path /home/zhou/Desktop/validation_1/vitis/full_system_v0/hw/new_system_v0_wrapper.xsa
TRACE::2025-12-24.06:17:29::SCWPlatform:: Unique name xilinx:::0.0
TRACE::2025-12-24.06:17:29::SCWPlatform::Trying to set the existing hwdb with name gemm_v0_wrapper
TRACE::2025-12-24.06:17:29::SCWPlatform::Could not get the HWDB from existing dbname
TRACE::2025-12-24.06:17:29::SCWPlatform::Do not have an existing db opened. Attempting to open the hwDb. 
TRACE::2025-12-24.06:17:29::SCWPlatform::Opened new HwDB with name gemm_v0_wrapper
TRACE::2025-12-24.06:17:29::SCWMssOS::Checking the sw design at  /home/zhou/Desktop/validation_1/vitis/full_system_v0/psu_cortexa53_0/standalone_domain/bsp/system.mss
TRACE::2025-12-24.06:17:29::SCWMssOS::DEBUG:  swdes dump  /home/zhou/Desktop/validation_1/vitis/full_system_v0/psu_cortexa53_0/standalone_domain/bsp/system.mss|system_1||
/home/zhou/Desktop/validation_1/vitis/full_system_v0/zynqmp_fsbl/zynqmp_fsbl_bsp/system.mss|system||
/home/zhou/Desktop/validation_1/vitis/full_system_v0/zynqmp_pmufw/zynqmp_pmufw_bsp/system.mss|system_0||

TRACE::2025-12-24.06:17:29::SCWMssOS::Sw design exists and opened at  /home/zhou/Desktop/validation_1/vitis/full_system_v0/psu_cortexa53_0/standalone_domain/bsp/system.mss
TRACE::2025-12-24.06:17:29::SCWPlatform::Trying to open the hw design at /home/zhou/Desktop/validation_1/vitis/full_system_v0/hw/new_system_v0_wrapper.xsa
TRACE::2025-12-24.06:17:29::SCWPlatform::DSA given /home/zhou/Desktop/validation_1/vitis/full_system_v0/hw/new_system_v0_wrapper.xsa
TRACE::2025-12-24.06:17:29::SCWPlatform::DSA absoulate path /home/zhou/Desktop/validation_1/vitis/full_system_v0/hw/new_system_v0_wrapper.xsa
TRACE::2025-12-24.06:17:29::SCWPlatform::DSA directory /home/zhou/Desktop/validation_1/vitis/full_system_v0/hw
TRACE::2025-12-24.06:17:29::SCWPlatform:: Platform Path /home/zhou/Desktop/validation_1/vitis/full_system_v0/hw/new_system_v0_wrapper.xsa
TRACE::2025-12-24.06:17:29::SCWPlatform:: Unique name xilinx:::0.0
TRACE::2025-12-24.06:17:29::SCWPlatform::Trying to set the existing hwdb with name gemm_v0_wrapper
TRACE::2025-12-24.06:17:29::SCWPlatform::Could not get the HWDB from existing dbname
TRACE::2025-12-24.06:17:29::SCWPlatform::Do not have an existing db opened. Attempting to open the hwDb. 
TRACE::2025-12-24.06:17:29::SCWPlatform::Opened new HwDB with name gemm_v0_wrapper
TRACE::2025-12-24.06:17:29::SCWMssOS::Checking the sw design at  /home/zhou/Desktop/validation_1/vitis/full_system_v0/psu_cortexa53_0/standalone_domain/bsp/system.mss
TRACE::2025-12-24.06:17:29::SCWMssOS::DEBUG:  swdes dump  /home/zhou/Desktop/validation_1/vitis/full_system_v0/psu_cortexa53_0/standalone_domain/bsp/system.mss|system_1||
/home/zhou/Desktop/validation_1/vitis/full_system_v0/zynqmp_fsbl/zynqmp_fsbl_bsp/system.mss|system||
/home/zhou/Desktop/validation_1/vitis/full_system_v0/zynqmp_pmufw/zynqmp_pmufw_bsp/system.mss|system_0||

TRACE::2025-12-24.06:17:29::SCWMssOS::Sw design exists and opened at  /home/zhou/Desktop/validation_1/vitis/full_system_v0/psu_cortexa53_0/standalone_domain/bsp/system.mss
TRACE::2025-12-24.06:17:29::SCWPlatform::Trying to open the hw design at /home/zhou/Desktop/validation_1/vitis/full_system_v0/hw/new_system_v0_wrapper.xsa
TRACE::2025-12-24.06:17:29::SCWPlatform::DSA given /home/zhou/Desktop/validation_1/vitis/full_system_v0/hw/new_system_v0_wrapper.xsa
TRACE::2025-12-24.06:17:29::SCWPlatform::DSA absoulate path /home/zhou/Desktop/validation_1/vitis/full_system_v0/hw/new_system_v0_wrapper.xsa
TRACE::2025-12-24.06:17:29::SCWPlatform::DSA directory /home/zhou/Desktop/validation_1/vitis/full_system_v0/hw
TRACE::2025-12-24.06:17:29::SCWPlatform:: Platform Path /home/zhou/Desktop/validation_1/vitis/full_system_v0/hw/new_system_v0_wrapper.xsa
TRACE::2025-12-24.06:17:29::SCWPlatform:: Unique name xilinx:::0.0
TRACE::2025-12-24.06:17:29::SCWPlatform::Trying to set the existing hwdb with name gemm_v0_wrapper
TRACE::2025-12-24.06:17:29::SCWPlatform::Could not get the HWDB from existing dbname
TRACE::2025-12-24.06:17:29::SCWPlatform::Do not have an existing db opened. Attempting to open the hwDb. 
TRACE::2025-12-24.06:17:29::SCWPlatform::Opened new HwDB with name gemm_v0_wrapper
TRACE::2025-12-24.06:17:29::SCWMssOS::Checking the sw design at  /home/zhou/Desktop/validation_1/vitis/full_system_v0/psu_cortexa53_0/standalone_domain/bsp/system.mss
TRACE::2025-12-24.06:17:29::SCWMssOS::DEBUG:  swdes dump  /home/zhou/Desktop/validation_1/vitis/full_system_v0/psu_cortexa53_0/standalone_domain/bsp/system.mss|system_1||
/home/zhou/Desktop/validation_1/vitis/full_system_v0/zynqmp_fsbl/zynqmp_fsbl_bsp/system.mss|system||
/home/zhou/Desktop/validation_1/vitis/full_system_v0/zynqmp_pmufw/zynqmp_pmufw_bsp/system.mss|system_0||

TRACE::2025-12-24.06:17:29::SCWMssOS::Sw design exists and opened at  /home/zhou/Desktop/validation_1/vitis/full_system_v0/psu_cortexa53_0/standalone_domain/bsp/system.mss
TRACE::2025-12-24.06:17:29::SCWWriter::formatted JSON is {
	"platformName":	"full_system_v0",
	"sprVersion":	"2.0",
	"mode":	"gui",
	"dsaType":	"Fixed",
	"platformDesc":	"full_system_v0",
	"platHandOff":	"/home/zhou/Desktop/validation_1/vitis/new_system_v0_wrapper.xsa",
	"platIntHandOff":	"<platformDir>/hw/new_system_v0_wrapper.xsa",
	"deviceType":	"zynqMP",
	"platIsPrebuiltAutogen":	"false",
	"platIsNoBootBsp":	"false",
	"platFsblTarget":	"psu_cortexa53_0",
	"hasFsblMakeHasChanges":	"false",
	"hasPmufwMakeHasChanges":	"false",
	"fsblExtraCompilerFlags":	"-MMD -MP      -Wall -fmessage-length=0 -DARMA53_64 -Os -flto -ffat-lto-objects  ",
	"pmufwExtraCompilerFlags":	"-MMD -MP      -mlittle-endian -mxl-barrel-shift -mxl-pattern-compare -mcpu=v9.2 -mxl-soft-mul -Os -flto -ffat-lto-objects  ",
	"platPreBuiltFlag":	false,
	"platformSamplesDir":	"",
	"platActiveSys":	"full_system_v0",
	"systems":	[{
			"systemName":	"full_system_v0",
			"systemDesc":	"full_system_v0",
			"sysIsBootAutoGen":	"true",
			"systemDispName":	"full_system_v0",
			"sysActiveDom":	"standalone_domain",
			"sysDefaultDom":	"standalone_domain",
			"domains":	[{
					"domainName":	"zynqmp_fsbl",
					"domainDispName":	"zynqmp_fsbl",
					"domainDesc":	"FSBL Application BSP - Auto Generated.",
					"processors":	"psu_cortexa53_0",
					"os":	"standalone",
					"sdxOs":	"standalone",
					"debugEnable":	"",
					"domRuntimes":	["cpp"],
					"swRepo":	"",
					"mssOsVer":	"9.2",
					"mssFile":	"",
					"md5Digest":	"0563630c5429eb64395820372b32e638",
					"compatibleApp":	"zynqmp_fsbl",
					"domType":	"bootDomain",
					"arch":	"64-bit",
					"appSettings":	{
						"appCompilerFlags":	"",
						"appLinkerFlags":	""
					},
					"addedLibs":	["xilffs:5.3", "xilsecure:5.4", "xilpm:5.3"],
					"libOptions":	{
						"standalone":	{
							"zynqmp_fsbl_bsp":	"true",
							"libOptionNames":	["zynqmp_fsbl_bsp"]
						},
						"xilffs":	{
							"read_only":	"true",
							"use_mkfs":	"false",
							"libOptionNames":	["read_only", "use_mkfs"]
						},
						"xilsecure":	{
							"tpm_support":	"true",
							"libOptionNames":	["tpm_support"]
						},
						"libsContainingOptions":	["standalone", "xilffs", "xilsecure"]
					},
					"prebuiltLibs":	{
						"prebuiltIncPath":	[],
						"prebuiltLibPath":	[]
					},
					"isolation":	{
					}
				}, {
					"domainName":	"zynqmp_pmufw",
					"domainDispName":	"zynqmp_pmufw",
					"domainDesc":	"PMUFW Application BSP - Auto Generated.",
					"processors":	"psu_pmu_0",
					"os":	"standalone",
					"sdxOs":	"standalone",
					"debugEnable":	"",
					"domRuntimes":	["cpp"],
					"swRepo":	"",
					"mssOsVer":	"9.2",
					"mssFile":	"",
					"md5Digest":	"068ac74865b8e7e98159ae2e0d07fe64",
					"compatibleApp":	"zynqmp_pmufw",
					"domType":	"bootDomain",
					"arch":	"32-bit",
					"appSettings":	{
						"appCompilerFlags":	"",
						"appLinkerFlags":	""
					},
					"addedLibs":	["xilfpga:6.7", "xilsecure:5.4", "xilskey:7.6"],
					"libOptions":	{
						"psu_pmu_0":	{
							"extra_compiler_flags":	"-g -ffunction-sections -fdata-sections -Wall -Wextra -fno-tree-loop-distribute-patterns  -Os -flto -ffat-lto-objects",
							"libOptionNames":	["extra_compiler_flags"]
						},
						"libsContainingOptions":	["psu_pmu_0"]
					},
					"prebuiltLibs":	{
						"prebuiltIncPath":	[],
						"prebuiltLibPath":	[]
					},
					"isolation":	{
					}
				}, {
					"domainName":	"standalone_domain",
					"domainDispName":	"standalone_domain",
					"domainDesc":	"standalone_domain",
					"processors":	"psu_cortexa53_0",
					"os":	"standalone",
					"sdxOs":	"standalone",
					"qemuArgs":	"<platformDir>/resources/full_system_v0/standalone_domain/qemu_args.txt",
					"qemuData":	"<platformDir>/resources/full_system_v0/standalone_domain/qemu",
					"pmuQemuArgs":	"<platformDir>/resources/full_system_v0/standalone_domain/pmu_args.txt",
					"debugEnable":	"False",
					"domRuntimes":	["cpp"],
					"swRepo":	"",
					"mssOsVer":	"9.2",
					"mssFile":	"",
					"md5Digest":	"060eb99cc0d4ae4931ea62d99759d4f1",
					"compatibleApp":	"",
					"domType":	"mssDomain",
					"arch":	"64-bit",
					"appSettings":	{
						"appCompilerFlags":	"",
						"appLinkerFlags":	""
					},
					"addedLibs":	[],
					"libOptions":	{
						"libsContainingOptions":	[]
					},
					"prebuiltLibs":	{
						"prebuiltIncPath":	[],
						"prebuiltLibPath":	[]
					},
					"isolation":	{
					}
				}]
		}]
}
TRACE::2025-12-24.06:17:29::SCWPlatform::Trying to open the hw design at /home/zhou/Desktop/validation_1/vitis/full_system_v0/hw/new_system_v0_wrapper.xsa
TRACE::2025-12-24.06:17:29::SCWPlatform::DSA given /home/zhou/Desktop/validation_1/vitis/full_system_v0/hw/new_system_v0_wrapper.xsa
TRACE::2025-12-24.06:17:29::SCWPlatform::DSA absoulate path /home/zhou/Desktop/validation_1/vitis/full_system_v0/hw/new_system_v0_wrapper.xsa
TRACE::2025-12-24.06:17:29::SCWPlatform::DSA directory /home/zhou/Desktop/validation_1/vitis/full_system_v0/hw
TRACE::2025-12-24.06:17:29::SCWPlatform:: Platform Path /home/zhou/Desktop/validation_1/vitis/full_system_v0/hw/new_system_v0_wrapper.xsa
TRACE::2025-12-24.06:17:29::SCWPlatform:: Unique name xilinx:::0.0
TRACE::2025-12-24.06:17:29::SCWPlatform::Trying to set the existing hwdb with name gemm_v0_wrapper
TRACE::2025-12-24.06:17:29::SCWPlatform::Could not get the HWDB from existing dbname
TRACE::2025-12-24.06:17:29::SCWPlatform::Do not have an existing db opened. Attempting to open the hwDb. 
TRACE::2025-12-24.06:17:29::SCWPlatform::Opened new HwDB with name gemm_v0_wrapper
TRACE::2025-12-24.06:17:29::SCWMssOS::Checking the sw design at  /home/zhou/Desktop/validation_1/vitis/full_system_v0/psu_cortexa53_0/standalone_domain/bsp/system.mss
TRACE::2025-12-24.06:17:29::SCWMssOS::DEBUG:  swdes dump  /home/zhou/Desktop/validation_1/vitis/full_system_v0/psu_cortexa53_0/standalone_domain/bsp/system.mss|system_1||
/home/zhou/Desktop/validation_1/vitis/full_system_v0/zynqmp_fsbl/zynqmp_fsbl_bsp/system.mss|system||
/home/zhou/Desktop/validation_1/vitis/full_system_v0/zynqmp_pmufw/zynqmp_pmufw_bsp/system.mss|system_0||

TRACE::2025-12-24.06:17:29::SCWMssOS::Sw design exists and opened at  /home/zhou/Desktop/validation_1/vitis/full_system_v0/psu_cortexa53_0/standalone_domain/bsp/system.mss
TRACE::2025-12-24.06:17:29::SCWPlatform::Trying to open the hw design at /home/zhou/Desktop/validation_1/vitis/full_system_v0/hw/new_system_v0_wrapper.xsa
TRACE::2025-12-24.06:17:29::SCWPlatform::DSA given /home/zhou/Desktop/validation_1/vitis/full_system_v0/hw/new_system_v0_wrapper.xsa
TRACE::2025-12-24.06:17:29::SCWPlatform::DSA absoulate path /home/zhou/Desktop/validation_1/vitis/full_system_v0/hw/new_system_v0_wrapper.xsa
TRACE::2025-12-24.06:17:29::SCWPlatform::DSA directory /home/zhou/Desktop/validation_1/vitis/full_system_v0/hw
TRACE::2025-12-24.06:17:29::SCWPlatform:: Platform Path /home/zhou/Desktop/validation_1/vitis/full_system_v0/hw/new_system_v0_wrapper.xsa
TRACE::2025-12-24.06:17:29::SCWPlatform:: Unique name xilinx:::0.0
TRACE::2025-12-24.06:17:29::SCWPlatform::Trying to set the existing hwdb with name gemm_v0_wrapper
TRACE::2025-12-24.06:17:29::SCWPlatform::Could not get the HWDB from existing dbname
TRACE::2025-12-24.06:17:29::SCWPlatform::Do not have an existing db opened. Attempting to open the hwDb. 
TRACE::2025-12-24.06:17:29::SCWPlatform::Opened new HwDB with name gemm_v0_wrapper
TRACE::2025-12-24.06:17:29::SCWMssOS::Checking the sw design at  /home/zhou/Desktop/validation_1/vitis/full_system_v0/psu_cortexa53_0/standalone_domain/bsp/system.mss
TRACE::2025-12-24.06:17:29::SCWMssOS::DEBUG:  swdes dump  /home/zhou/Desktop/validation_1/vitis/full_system_v0/psu_cortexa53_0/standalone_domain/bsp/system.mss|system_1||
/home/zhou/Desktop/validation_1/vitis/full_system_v0/zynqmp_fsbl/zynqmp_fsbl_bsp/system.mss|system||
/home/zhou/Desktop/validation_1/vitis/full_system_v0/zynqmp_pmufw/zynqmp_pmufw_bsp/system.mss|system_0||

TRACE::2025-12-24.06:17:29::SCWMssOS::Sw design exists and opened at  /home/zhou/Desktop/validation_1/vitis/full_system_v0/psu_cortexa53_0/standalone_domain/bsp/system.mss
TRACE::2025-12-24.06:17:29::SCWPlatform::Trying to open the hw design at /home/zhou/Desktop/validation_1/vitis/full_system_v0/hw/new_system_v0_wrapper.xsa
TRACE::2025-12-24.06:17:29::SCWPlatform::DSA given /home/zhou/Desktop/validation_1/vitis/full_system_v0/hw/new_system_v0_wrapper.xsa
TRACE::2025-12-24.06:17:29::SCWPlatform::DSA absoulate path /home/zhou/Desktop/validation_1/vitis/full_system_v0/hw/new_system_v0_wrapper.xsa
TRACE::2025-12-24.06:17:29::SCWPlatform::DSA directory /home/zhou/Desktop/validation_1/vitis/full_system_v0/hw
TRACE::2025-12-24.06:17:29::SCWPlatform:: Platform Path /home/zhou/Desktop/validation_1/vitis/full_system_v0/hw/new_system_v0_wrapper.xsa
TRACE::2025-12-24.06:17:29::SCWPlatform:: Unique name xilinx:::0.0
TRACE::2025-12-24.06:17:29::SCWPlatform::Trying to set the existing hwdb with name gemm_v0_wrapper
TRACE::2025-12-24.06:17:29::SCWPlatform::Could not get the HWDB from existing dbname
TRACE::2025-12-24.06:17:29::SCWPlatform::Do not have an existing db opened. Attempting to open the hwDb. 
TRACE::2025-12-24.06:17:29::SCWPlatform::Opened new HwDB with name gemm_v0_wrapper
TRACE::2025-12-24.06:17:29::SCWMssOS::Checking the sw design at  /home/zhou/Desktop/validation_1/vitis/full_system_v0/psu_cortexa53_0/standalone_domain/bsp/system.mss
TRACE::2025-12-24.06:17:29::SCWMssOS::DEBUG:  swdes dump  /home/zhou/Desktop/validation_1/vitis/full_system_v0/psu_cortexa53_0/standalone_domain/bsp/system.mss|system_1||
/home/zhou/Desktop/validation_1/vitis/full_system_v0/zynqmp_fsbl/zynqmp_fsbl_bsp/system.mss|system||
/home/zhou/Desktop/validation_1/vitis/full_system_v0/zynqmp_pmufw/zynqmp_pmufw_bsp/system.mss|system_0||

TRACE::2025-12-24.06:17:29::SCWMssOS::Sw design exists and opened at  /home/zhou/Desktop/validation_1/vitis/full_system_v0/psu_cortexa53_0/standalone_domain/bsp/system.mss
TRACE::2025-12-24.06:17:29::SCWMssOS::Saving the mss changes /home/zhou/Desktop/validation_1/vitis/full_system_v0/zynqmp_fsbl/zynqmp_fsbl_bsp/system.mss
TRACE::2025-12-24.06:17:29::SCWMssOS::Found a swdesign opened with the mssfile.
TRACE::2025-12-24.06:17:29::SCWMssOS::Completed writemss as part of save.
TRACE::2025-12-24.06:17:29::SCWMssOS::Commit changes completed.
TRACE::2025-12-24.06:17:29::SCWMssOS::Saving the mss changes /home/zhou/Desktop/validation_1/vitis/full_system_v0/zynqmp_pmufw/zynqmp_pmufw_bsp/system.mss
TRACE::2025-12-24.06:17:29::SCWMssOS::Found a swdesign opened with the mssfile.
TRACE::2025-12-24.06:17:29::SCWMssOS::Completed writemss as part of save.
TRACE::2025-12-24.06:17:29::SCWMssOS::Commit changes completed.
TRACE::2025-12-24.06:17:29::SCWMssOS::Saving the mss changes /home/zhou/Desktop/validation_1/vitis/full_system_v0/psu_cortexa53_0/standalone_domain/bsp/system.mss
TRACE::2025-12-24.06:17:29::SCWMssOS::Found a swdesign opened with the mssfile.
TRACE::2025-12-24.06:17:29::SCWMssOS::Completed writemss as part of save.
TRACE::2025-12-24.06:17:29::SCWMssOS::Commit changes completed.
TRACE::2025-12-24.06:17:29::SCWPlatform::Trying to open the hw design at /home/zhou/Desktop/validation_1/vitis/full_system_v0/hw/new_system_v0_wrapper.xsa
TRACE::2025-12-24.06:17:29::SCWPlatform::DSA given /home/zhou/Desktop/validation_1/vitis/full_system_v0/hw/new_system_v0_wrapper.xsa
TRACE::2025-12-24.06:17:29::SCWPlatform::DSA absoulate path /home/zhou/Desktop/validation_1/vitis/full_system_v0/hw/new_system_v0_wrapper.xsa
TRACE::2025-12-24.06:17:29::SCWPlatform::DSA directory /home/zhou/Desktop/validation_1/vitis/full_system_v0/hw
TRACE::2025-12-24.06:17:29::SCWPlatform:: Platform Path /home/zhou/Desktop/validation_1/vitis/full_system_v0/hw/new_system_v0_wrapper.xsa
TRACE::2025-12-24.06:17:29::SCWPlatform:: Unique name xilinx:::0.0
TRACE::2025-12-24.06:17:29::SCWPlatform::Trying to set the existing hwdb with name gemm_v0_wrapper
TRACE::2025-12-24.06:17:29::SCWPlatform::Could not get the HWDB from existing dbname
TRACE::2025-12-24.06:17:29::SCWPlatform::Do not have an existing db opened. Attempting to open the hwDb. 
TRACE::2025-12-24.06:17:29::SCWPlatform::Opened new HwDB with name gemm_v0_wrapper
TRACE::2025-12-24.06:17:29::SCWMssOS::Checking the sw design at  /home/zhou/Desktop/validation_1/vitis/full_system_v0/zynqmp_fsbl/zynqmp_fsbl_bsp/system.mss
TRACE::2025-12-24.06:17:29::SCWMssOS::DEBUG:  swdes dump  /home/zhou/Desktop/validation_1/vitis/full_system_v0/psu_cortexa53_0/standalone_domain/bsp/system.mss|system_1||
/home/zhou/Desktop/validation_1/vitis/full_system_v0/zynqmp_fsbl/zynqmp_fsbl_bsp/system.mss|system||
/home/zhou/Desktop/validation_1/vitis/full_system_v0/zynqmp_pmufw/zynqmp_pmufw_bsp/system.mss|system_0||

TRACE::2025-12-24.06:17:29::SCWMssOS::Sw design exists and opened at  /home/zhou/Desktop/validation_1/vitis/full_system_v0/zynqmp_fsbl/zynqmp_fsbl_bsp/system.mss
TRACE::2025-12-24.06:17:29::SCWPlatform::Trying to open the hw design at /home/zhou/Desktop/validation_1/vitis/full_system_v0/hw/new_system_v0_wrapper.xsa
TRACE::2025-12-24.06:17:29::SCWPlatform::DSA given /home/zhou/Desktop/validation_1/vitis/full_system_v0/hw/new_system_v0_wrapper.xsa
TRACE::2025-12-24.06:17:29::SCWPlatform::DSA absoulate path /home/zhou/Desktop/validation_1/vitis/full_system_v0/hw/new_system_v0_wrapper.xsa
TRACE::2025-12-24.06:17:29::SCWPlatform::DSA directory /home/zhou/Desktop/validation_1/vitis/full_system_v0/hw
TRACE::2025-12-24.06:17:29::SCWPlatform:: Platform Path /home/zhou/Desktop/validation_1/vitis/full_system_v0/hw/new_system_v0_wrapper.xsa
TRACE::2025-12-24.06:17:29::SCWPlatform:: Unique name xilinx:::0.0
TRACE::2025-12-24.06:17:29::SCWPlatform::Trying to set the existing hwdb with name gemm_v0_wrapper
TRACE::2025-12-24.06:17:29::SCWPlatform::Could not get the HWDB from existing dbname
TRACE::2025-12-24.06:17:29::SCWPlatform::Do not have an existing db opened. Attempting to open the hwDb. 
TRACE::2025-12-24.06:17:29::SCWPlatform::Opened new HwDB with name gemm_v0_wrapper
TRACE::2025-12-24.06:17:29::SCWMssOS::Checking the sw design at  /home/zhou/Desktop/validation_1/vitis/full_system_v0/zynqmp_fsbl/zynqmp_fsbl_bsp/system.mss
TRACE::2025-12-24.06:17:29::SCWMssOS::DEBUG:  swdes dump  /home/zhou/Desktop/validation_1/vitis/full_system_v0/psu_cortexa53_0/standalone_domain/bsp/system.mss|system_1||
/home/zhou/Desktop/validation_1/vitis/full_system_v0/zynqmp_fsbl/zynqmp_fsbl_bsp/system.mss|system||
/home/zhou/Desktop/validation_1/vitis/full_system_v0/zynqmp_pmufw/zynqmp_pmufw_bsp/system.mss|system_0||

TRACE::2025-12-24.06:17:29::SCWMssOS::Sw design exists and opened at  /home/zhou/Desktop/validation_1/vitis/full_system_v0/zynqmp_fsbl/zynqmp_fsbl_bsp/system.mss
TRACE::2025-12-24.06:17:29::SCWPlatform::Trying to open the hw design at /home/zhou/Desktop/validation_1/vitis/full_system_v0/hw/new_system_v0_wrapper.xsa
TRACE::2025-12-24.06:17:29::SCWPlatform::DSA given /home/zhou/Desktop/validation_1/vitis/full_system_v0/hw/new_system_v0_wrapper.xsa
TRACE::2025-12-24.06:17:29::SCWPlatform::DSA absoulate path /home/zhou/Desktop/validation_1/vitis/full_system_v0/hw/new_system_v0_wrapper.xsa
TRACE::2025-12-24.06:17:29::SCWPlatform::DSA directory /home/zhou/Desktop/validation_1/vitis/full_system_v0/hw
TRACE::2025-12-24.06:17:29::SCWPlatform:: Platform Path /home/zhou/Desktop/validation_1/vitis/full_system_v0/hw/new_system_v0_wrapper.xsa
TRACE::2025-12-24.06:17:29::SCWPlatform:: Unique name xilinx:::0.0
TRACE::2025-12-24.06:17:29::SCWPlatform::Trying to set the existing hwdb with name gemm_v0_wrapper
TRACE::2025-12-24.06:17:29::SCWPlatform::Could not get the HWDB from existing dbname
TRACE::2025-12-24.06:17:29::SCWPlatform::Do not have an existing db opened. Attempting to open the hwDb. 
TRACE::2025-12-24.06:17:29::SCWPlatform::Opened new HwDB with name gemm_v0_wrapper
TRACE::2025-12-24.06:17:29::SCWMssOS::Checking the sw design at  /home/zhou/Desktop/validation_1/vitis/full_system_v0/zynqmp_fsbl/zynqmp_fsbl_bsp/system.mss
TRACE::2025-12-24.06:17:29::SCWMssOS::DEBUG:  swdes dump  /home/zhou/Desktop/validation_1/vitis/full_system_v0/psu_cortexa53_0/standalone_domain/bsp/system.mss|system_1||
/home/zhou/Desktop/validation_1/vitis/full_system_v0/zynqmp_fsbl/zynqmp_fsbl_bsp/system.mss|system||
/home/zhou/Desktop/validation_1/vitis/full_system_v0/zynqmp_pmufw/zynqmp_pmufw_bsp/system.mss|system_0||

TRACE::2025-12-24.06:17:29::SCWMssOS::Sw design exists and opened at  /home/zhou/Desktop/validation_1/vitis/full_system_v0/zynqmp_fsbl/zynqmp_fsbl_bsp/system.mss
TRACE::2025-12-24.06:17:29::SCWPlatform::Trying to open the hw design at /home/zhou/Desktop/validation_1/vitis/full_system_v0/hw/new_system_v0_wrapper.xsa
TRACE::2025-12-24.06:17:29::SCWPlatform::DSA given /home/zhou/Desktop/validation_1/vitis/full_system_v0/hw/new_system_v0_wrapper.xsa
TRACE::2025-12-24.06:17:29::SCWPlatform::DSA absoulate path /home/zhou/Desktop/validation_1/vitis/full_system_v0/hw/new_system_v0_wrapper.xsa
TRACE::2025-12-24.06:17:29::SCWPlatform::DSA directory /home/zhou/Desktop/validation_1/vitis/full_system_v0/hw
TRACE::2025-12-24.06:17:29::SCWPlatform:: Platform Path /home/zhou/Desktop/validation_1/vitis/full_system_v0/hw/new_system_v0_wrapper.xsa
TRACE::2025-12-24.06:17:29::SCWPlatform:: Unique name xilinx:::0.0
TRACE::2025-12-24.06:17:29::SCWPlatform::Trying to set the existing hwdb with name gemm_v0_wrapper
TRACE::2025-12-24.06:17:29::SCWPlatform::Could not get the HWDB from existing dbname
TRACE::2025-12-24.06:17:29::SCWPlatform::Do not have an existing db opened. Attempting to open the hwDb. 
TRACE::2025-12-24.06:17:29::SCWPlatform::Opened new HwDB with name gemm_v0_wrapper
TRACE::2025-12-24.06:17:29::SCWMssOS::Checking the sw design at  /home/zhou/Desktop/validation_1/vitis/full_system_v0/zynqmp_pmufw/zynqmp_pmufw_bsp/system.mss
TRACE::2025-12-24.06:17:29::SCWMssOS::DEBUG:  swdes dump  /home/zhou/Desktop/validation_1/vitis/full_system_v0/psu_cortexa53_0/standalone_domain/bsp/system.mss|system_1||
/home/zhou/Desktop/validation_1/vitis/full_system_v0/zynqmp_fsbl/zynqmp_fsbl_bsp/system.mss|system||
/home/zhou/Desktop/validation_1/vitis/full_system_v0/zynqmp_pmufw/zynqmp_pmufw_bsp/system.mss|system_0||

TRACE::2025-12-24.06:17:29::SCWMssOS::Sw design exists and opened at  /home/zhou/Desktop/validation_1/vitis/full_system_v0/zynqmp_pmufw/zynqmp_pmufw_bsp/system.mss
TRACE::2025-12-24.06:17:29::SCWPlatform::Trying to open the hw design at /home/zhou/Desktop/validation_1/vitis/full_system_v0/hw/new_system_v0_wrapper.xsa
TRACE::2025-12-24.06:17:29::SCWPlatform::DSA given /home/zhou/Desktop/validation_1/vitis/full_system_v0/hw/new_system_v0_wrapper.xsa
TRACE::2025-12-24.06:17:29::SCWPlatform::DSA absoulate path /home/zhou/Desktop/validation_1/vitis/full_system_v0/hw/new_system_v0_wrapper.xsa
TRACE::2025-12-24.06:17:29::SCWPlatform::DSA directory /home/zhou/Desktop/validation_1/vitis/full_system_v0/hw
TRACE::2025-12-24.06:17:29::SCWPlatform:: Platform Path /home/zhou/Desktop/validation_1/vitis/full_system_v0/hw/new_system_v0_wrapper.xsa
TRACE::2025-12-24.06:17:29::SCWPlatform:: Unique name xilinx:::0.0
TRACE::2025-12-24.06:17:29::SCWPlatform::Trying to set the existing hwdb with name gemm_v0_wrapper
TRACE::2025-12-24.06:17:29::SCWPlatform::Could not get the HWDB from existing dbname
TRACE::2025-12-24.06:17:29::SCWPlatform::Do not have an existing db opened. Attempting to open the hwDb. 
TRACE::2025-12-24.06:17:29::SCWPlatform::Opened new HwDB with name gemm_v0_wrapper
TRACE::2025-12-24.06:17:29::SCWMssOS::Checking the sw design at  /home/zhou/Desktop/validation_1/vitis/full_system_v0/zynqmp_pmufw/zynqmp_pmufw_bsp/system.mss
TRACE::2025-12-24.06:17:29::SCWMssOS::DEBUG:  swdes dump  /home/zhou/Desktop/validation_1/vitis/full_system_v0/psu_cortexa53_0/standalone_domain/bsp/system.mss|system_1||
/home/zhou/Desktop/validation_1/vitis/full_system_v0/zynqmp_fsbl/zynqmp_fsbl_bsp/system.mss|system||
/home/zhou/Desktop/validation_1/vitis/full_system_v0/zynqmp_pmufw/zynqmp_pmufw_bsp/system.mss|system_0||

TRACE::2025-12-24.06:17:29::SCWMssOS::Sw design exists and opened at  /home/zhou/Desktop/validation_1/vitis/full_system_v0/zynqmp_pmufw/zynqmp_pmufw_bsp/system.mss
TRACE::2025-12-24.06:17:29::SCWPlatform::Trying to open the hw design at /home/zhou/Desktop/validation_1/vitis/full_system_v0/hw/new_system_v0_wrapper.xsa
TRACE::2025-12-24.06:17:29::SCWPlatform::DSA given /home/zhou/Desktop/validation_1/vitis/full_system_v0/hw/new_system_v0_wrapper.xsa
TRACE::2025-12-24.06:17:29::SCWPlatform::DSA absoulate path /home/zhou/Desktop/validation_1/vitis/full_system_v0/hw/new_system_v0_wrapper.xsa
TRACE::2025-12-24.06:17:29::SCWPlatform::DSA directory /home/zhou/Desktop/validation_1/vitis/full_system_v0/hw
TRACE::2025-12-24.06:17:29::SCWPlatform:: Platform Path /home/zhou/Desktop/validation_1/vitis/full_system_v0/hw/new_system_v0_wrapper.xsa
TRACE::2025-12-24.06:17:29::SCWPlatform:: Unique name xilinx:::0.0
TRACE::2025-12-24.06:17:29::SCWPlatform::Trying to set the existing hwdb with name gemm_v0_wrapper
TRACE::2025-12-24.06:17:29::SCWPlatform::Could not get the HWDB from existing dbname
TRACE::2025-12-24.06:17:29::SCWPlatform::Do not have an existing db opened. Attempting to open the hwDb. 
TRACE::2025-12-24.06:17:29::SCWPlatform::Opened new HwDB with name gemm_v0_wrapper
TRACE::2025-12-24.06:17:29::SCWMssOS::Checking the sw design at  /home/zhou/Desktop/validation_1/vitis/full_system_v0/zynqmp_pmufw/zynqmp_pmufw_bsp/system.mss
TRACE::2025-12-24.06:17:29::SCWMssOS::DEBUG:  swdes dump  /home/zhou/Desktop/validation_1/vitis/full_system_v0/psu_cortexa53_0/standalone_domain/bsp/system.mss|system_1||
/home/zhou/Desktop/validation_1/vitis/full_system_v0/zynqmp_fsbl/zynqmp_fsbl_bsp/system.mss|system||
/home/zhou/Desktop/validation_1/vitis/full_system_v0/zynqmp_pmufw/zynqmp_pmufw_bsp/system.mss|system_0||

TRACE::2025-12-24.06:17:29::SCWMssOS::Sw design exists and opened at  /home/zhou/Desktop/validation_1/vitis/full_system_v0/zynqmp_pmufw/zynqmp_pmufw_bsp/system.mss
TRACE::2025-12-24.06:17:29::SCWPlatform::Trying to open the hw design at /home/zhou/Desktop/validation_1/vitis/full_system_v0/hw/new_system_v0_wrapper.xsa
TRACE::2025-12-24.06:17:29::SCWPlatform::DSA given /home/zhou/Desktop/validation_1/vitis/full_system_v0/hw/new_system_v0_wrapper.xsa
TRACE::2025-12-24.06:17:29::SCWPlatform::DSA absoulate path /home/zhou/Desktop/validation_1/vitis/full_system_v0/hw/new_system_v0_wrapper.xsa
TRACE::2025-12-24.06:17:29::SCWPlatform::DSA directory /home/zhou/Desktop/validation_1/vitis/full_system_v0/hw
TRACE::2025-12-24.06:17:29::SCWPlatform:: Platform Path /home/zhou/Desktop/validation_1/vitis/full_system_v0/hw/new_system_v0_wrapper.xsa
TRACE::2025-12-24.06:17:29::SCWPlatform:: Unique name xilinx:::0.0
TRACE::2025-12-24.06:17:29::SCWPlatform::Trying to set the existing hwdb with name gemm_v0_wrapper
TRACE::2025-12-24.06:17:29::SCWPlatform::Could not get the HWDB from existing dbname
TRACE::2025-12-24.06:17:29::SCWPlatform::Do not have an existing db opened. Attempting to open the hwDb. 
TRACE::2025-12-24.06:17:29::SCWPlatform::Opened new HwDB with name gemm_v0_wrapper
TRACE::2025-12-24.06:17:29::SCWMssOS::Checking the sw design at  /home/zhou/Desktop/validation_1/vitis/full_system_v0/psu_cortexa53_0/standalone_domain/bsp/system.mss
TRACE::2025-12-24.06:17:29::SCWMssOS::DEBUG:  swdes dump  /home/zhou/Desktop/validation_1/vitis/full_system_v0/psu_cortexa53_0/standalone_domain/bsp/system.mss|system_1||
/home/zhou/Desktop/validation_1/vitis/full_system_v0/zynqmp_fsbl/zynqmp_fsbl_bsp/system.mss|system||
/home/zhou/Desktop/validation_1/vitis/full_system_v0/zynqmp_pmufw/zynqmp_pmufw_bsp/system.mss|system_0||

TRACE::2025-12-24.06:17:29::SCWMssOS::Sw design exists and opened at  /home/zhou/Desktop/validation_1/vitis/full_system_v0/psu_cortexa53_0/standalone_domain/bsp/system.mss
TRACE::2025-12-24.06:17:29::SCWPlatform::Trying to open the hw design at /home/zhou/Desktop/validation_1/vitis/full_system_v0/hw/new_system_v0_wrapper.xsa
TRACE::2025-12-24.06:17:29::SCWPlatform::DSA given /home/zhou/Desktop/validation_1/vitis/full_system_v0/hw/new_system_v0_wrapper.xsa
TRACE::2025-12-24.06:17:29::SCWPlatform::DSA absoulate path /home/zhou/Desktop/validation_1/vitis/full_system_v0/hw/new_system_v0_wrapper.xsa
TRACE::2025-12-24.06:17:29::SCWPlatform::DSA directory /home/zhou/Desktop/validation_1/vitis/full_system_v0/hw
TRACE::2025-12-24.06:17:29::SCWPlatform:: Platform Path /home/zhou/Desktop/validation_1/vitis/full_system_v0/hw/new_system_v0_wrapper.xsa
TRACE::2025-12-24.06:17:29::SCWPlatform:: Unique name xilinx:::0.0
TRACE::2025-12-24.06:17:29::SCWPlatform::Trying to set the existing hwdb with name gemm_v0_wrapper
TRACE::2025-12-24.06:17:29::SCWPlatform::Could not get the HWDB from existing dbname
TRACE::2025-12-24.06:17:29::SCWPlatform::Do not have an existing db opened. Attempting to open the hwDb. 
TRACE::2025-12-24.06:17:29::SCWPlatform::Opened new HwDB with name gemm_v0_wrapper
TRACE::2025-12-24.06:17:29::SCWMssOS::Checking the sw design at  /home/zhou/Desktop/validation_1/vitis/full_system_v0/psu_cortexa53_0/standalone_domain/bsp/system.mss
TRACE::2025-12-24.06:17:29::SCWMssOS::DEBUG:  swdes dump  /home/zhou/Desktop/validation_1/vitis/full_system_v0/psu_cortexa53_0/standalone_domain/bsp/system.mss|system_1||
/home/zhou/Desktop/validation_1/vitis/full_system_v0/zynqmp_fsbl/zynqmp_fsbl_bsp/system.mss|system||
/home/zhou/Desktop/validation_1/vitis/full_system_v0/zynqmp_pmufw/zynqmp_pmufw_bsp/system.mss|system_0||

TRACE::2025-12-24.06:17:29::SCWMssOS::Sw design exists and opened at  /home/zhou/Desktop/validation_1/vitis/full_system_v0/psu_cortexa53_0/standalone_domain/bsp/system.mss
TRACE::2025-12-24.06:17:29::SCWPlatform::Trying to open the hw design at /home/zhou/Desktop/validation_1/vitis/full_system_v0/hw/new_system_v0_wrapper.xsa
TRACE::2025-12-24.06:17:29::SCWPlatform::DSA given /home/zhou/Desktop/validation_1/vitis/full_system_v0/hw/new_system_v0_wrapper.xsa
TRACE::2025-12-24.06:17:29::SCWPlatform::DSA absoulate path /home/zhou/Desktop/validation_1/vitis/full_system_v0/hw/new_system_v0_wrapper.xsa
TRACE::2025-12-24.06:17:29::SCWPlatform::DSA directory /home/zhou/Desktop/validation_1/vitis/full_system_v0/hw
TRACE::2025-12-24.06:17:29::SCWPlatform:: Platform Path /home/zhou/Desktop/validation_1/vitis/full_system_v0/hw/new_system_v0_wrapper.xsa
TRACE::2025-12-24.06:17:29::SCWPlatform:: Unique name xilinx:::0.0
TRACE::2025-12-24.06:17:29::SCWPlatform::Trying to set the existing hwdb with name gemm_v0_wrapper
TRACE::2025-12-24.06:17:29::SCWPlatform::Could not get the HWDB from existing dbname
TRACE::2025-12-24.06:17:29::SCWPlatform::Do not have an existing db opened. Attempting to open the hwDb. 
TRACE::2025-12-24.06:17:29::SCWPlatform::Opened new HwDB with name gemm_v0_wrapper
TRACE::2025-12-24.06:17:29::SCWMssOS::Checking the sw design at  /home/zhou/Desktop/validation_1/vitis/full_system_v0/psu_cortexa53_0/standalone_domain/bsp/system.mss
TRACE::2025-12-24.06:17:29::SCWMssOS::DEBUG:  swdes dump  /home/zhou/Desktop/validation_1/vitis/full_system_v0/psu_cortexa53_0/standalone_domain/bsp/system.mss|system_1||
/home/zhou/Desktop/validation_1/vitis/full_system_v0/zynqmp_fsbl/zynqmp_fsbl_bsp/system.mss|system||
/home/zhou/Desktop/validation_1/vitis/full_system_v0/zynqmp_pmufw/zynqmp_pmufw_bsp/system.mss|system_0||

TRACE::2025-12-24.06:17:29::SCWMssOS::Sw design exists and opened at  /home/zhou/Desktop/validation_1/vitis/full_system_v0/psu_cortexa53_0/standalone_domain/bsp/system.mss
TRACE::2025-12-24.06:17:29::SCWWriter::formatted JSON is {
	"platformName":	"full_system_v0",
	"sprVersion":	"2.0",
	"mode":	"gui",
	"dsaType":	"Fixed",
	"platformDesc":	"full_system_v0",
	"platHandOff":	"/home/zhou/Desktop/validation_1/vitis/new_system_v0_wrapper.xsa",
	"platIntHandOff":	"<platformDir>/hw/new_system_v0_wrapper.xsa",
	"deviceType":	"zynqMP",
	"platIsPrebuiltAutogen":	"false",
	"platIsNoBootBsp":	"false",
	"platFsblTarget":	"psu_cortexa53_0",
	"hasFsblMakeHasChanges":	"false",
	"hasPmufwMakeHasChanges":	"false",
	"fsblExtraCompilerFlags":	"-MMD -MP      -Wall -fmessage-length=0 -DARMA53_64 -Os -flto -ffat-lto-objects  ",
	"pmufwExtraCompilerFlags":	"-MMD -MP      -mlittle-endian -mxl-barrel-shift -mxl-pattern-compare -mcpu=v9.2 -mxl-soft-mul -Os -flto -ffat-lto-objects  ",
	"platPreBuiltFlag":	false,
	"platformSamplesDir":	"",
	"platActiveSys":	"full_system_v0",
	"systems":	[{
			"systemName":	"full_system_v0",
			"systemDesc":	"full_system_v0",
			"sysIsBootAutoGen":	"true",
			"systemDispName":	"full_system_v0",
			"sysActiveDom":	"standalone_domain",
			"sysDefaultDom":	"standalone_domain",
			"domains":	[{
					"domainName":	"zynqmp_fsbl",
					"domainDispName":	"zynqmp_fsbl",
					"domainDesc":	"FSBL Application BSP - Auto Generated.",
					"processors":	"psu_cortexa53_0",
					"os":	"standalone",
					"sdxOs":	"standalone",
					"debugEnable":	"",
					"domRuntimes":	["cpp"],
					"swRepo":	"",
					"mssOsVer":	"9.2",
					"mssFile":	"",
					"md5Digest":	"0563630c5429eb64395820372b32e638",
					"compatibleApp":	"zynqmp_fsbl",
					"domType":	"bootDomain",
					"arch":	"64-bit",
					"appSettings":	{
						"appCompilerFlags":	"",
						"appLinkerFlags":	""
					},
					"addedLibs":	["xilffs:5.3", "xilsecure:5.4", "xilpm:5.3"],
					"libOptions":	{
						"standalone":	{
							"zynqmp_fsbl_bsp":	"true",
							"libOptionNames":	["zynqmp_fsbl_bsp"]
						},
						"xilffs":	{
							"read_only":	"true",
							"use_mkfs":	"false",
							"libOptionNames":	["read_only", "use_mkfs"]
						},
						"xilsecure":	{
							"tpm_support":	"true",
							"libOptionNames":	["tpm_support"]
						},
						"libsContainingOptions":	["standalone", "xilffs", "xilsecure"]
					},
					"prebuiltLibs":	{
						"prebuiltIncPath":	[],
						"prebuiltLibPath":	[]
					},
					"isolation":	{
					}
				}, {
					"domainName":	"zynqmp_pmufw",
					"domainDispName":	"zynqmp_pmufw",
					"domainDesc":	"PMUFW Application BSP - Auto Generated.",
					"processors":	"psu_pmu_0",
					"os":	"standalone",
					"sdxOs":	"standalone",
					"debugEnable":	"",
					"domRuntimes":	["cpp"],
					"swRepo":	"",
					"mssOsVer":	"9.2",
					"mssFile":	"",
					"md5Digest":	"068ac74865b8e7e98159ae2e0d07fe64",
					"compatibleApp":	"zynqmp_pmufw",
					"domType":	"bootDomain",
					"arch":	"32-bit",
					"appSettings":	{
						"appCompilerFlags":	"",
						"appLinkerFlags":	""
					},
					"addedLibs":	["xilfpga:6.7", "xilsecure:5.4", "xilskey:7.6"],
					"libOptions":	{
						"psu_pmu_0":	{
							"extra_compiler_flags":	"-g -ffunction-sections -fdata-sections -Wall -Wextra -fno-tree-loop-distribute-patterns  -Os -flto -ffat-lto-objects",
							"libOptionNames":	["extra_compiler_flags"]
						},
						"libsContainingOptions":	["psu_pmu_0"]
					},
					"prebuiltLibs":	{
						"prebuiltIncPath":	[],
						"prebuiltLibPath":	[]
					},
					"isolation":	{
					}
				}, {
					"domainName":	"standalone_domain",
					"domainDispName":	"standalone on psu_cortexa53_0",
					"domainDesc":	"standalone_domain",
					"processors":	"psu_cortexa53_0",
					"os":	"standalone",
					"sdxOs":	"standalone",
					"qemuArgs":	"<platformDir>/resources/full_system_v0/standalone_domain/qemu_args.txt",
					"qemuData":	"<platformDir>/resources/full_system_v0/standalone_domain/qemu",
					"pmuQemuArgs":	"<platformDir>/resources/full_system_v0/standalone_domain/pmu_args.txt",
					"debugEnable":	"False",
					"domRuntimes":	["cpp"],
					"swRepo":	"",
					"mssOsVer":	"9.2",
					"mssFile":	"",
					"md5Digest":	"060eb99cc0d4ae4931ea62d99759d4f1",
					"compatibleApp":	"",
					"domType":	"mssDomain",
					"arch":	"64-bit",
					"appSettings":	{
						"appCompilerFlags":	"",
						"appLinkerFlags":	""
					},
					"addedLibs":	[],
					"libOptions":	{
						"libsContainingOptions":	[]
					},
					"prebuiltLibs":	{
						"prebuiltIncPath":	[],
						"prebuiltLibPath":	[]
					},
					"isolation":	{
					}
				}]
		}]
}
TRACE::2025-12-24.06:17:29::SCWMssOS::Saving the mss changes /home/zhou/Desktop/validation_1/vitis/full_system_v0/zynqmp_fsbl/zynqmp_fsbl_bsp/system.mss
TRACE::2025-12-24.06:17:29::SCWMssOS::Found a swdesign opened with the mssfile.
TRACE::2025-12-24.06:17:29::SCWMssOS::Completed writemss as part of save.
TRACE::2025-12-24.06:17:29::SCWMssOS::Commit changes completed.
TRACE::2025-12-24.06:17:29::SCWMssOS::Saving the mss changes /home/zhou/Desktop/validation_1/vitis/full_system_v0/zynqmp_pmufw/zynqmp_pmufw_bsp/system.mss
TRACE::2025-12-24.06:17:29::SCWMssOS::Found a swdesign opened with the mssfile.
TRACE::2025-12-24.06:17:29::SCWMssOS::Completed writemss as part of save.
TRACE::2025-12-24.06:17:29::SCWMssOS::Commit changes completed.
TRACE::2025-12-24.06:17:29::SCWMssOS::Saving the mss changes /home/zhou/Desktop/validation_1/vitis/full_system_v0/psu_cortexa53_0/standalone_domain/bsp/system.mss
TRACE::2025-12-24.06:17:29::SCWMssOS::Found a swdesign opened with the mssfile.
TRACE::2025-12-24.06:17:29::SCWMssOS::Completed writemss as part of save.
TRACE::2025-12-24.06:17:29::SCWMssOS::Commit changes completed.
TRACE::2025-12-24.06:17:29::SCWPlatform::Trying to open the hw design at /home/zhou/Desktop/validation_1/vitis/full_system_v0/hw/new_system_v0_wrapper.xsa
TRACE::2025-12-24.06:17:29::SCWPlatform::DSA given /home/zhou/Desktop/validation_1/vitis/full_system_v0/hw/new_system_v0_wrapper.xsa
TRACE::2025-12-24.06:17:29::SCWPlatform::DSA absoulate path /home/zhou/Desktop/validation_1/vitis/full_system_v0/hw/new_system_v0_wrapper.xsa
TRACE::2025-12-24.06:17:29::SCWPlatform::DSA directory /home/zhou/Desktop/validation_1/vitis/full_system_v0/hw
TRACE::2025-12-24.06:17:29::SCWPlatform:: Platform Path /home/zhou/Desktop/validation_1/vitis/full_system_v0/hw/new_system_v0_wrapper.xsa
TRACE::2025-12-24.06:17:29::SCWPlatform:: Unique name xilinx:::0.0
TRACE::2025-12-24.06:17:29::SCWPlatform::Trying to set the existing hwdb with name gemm_v0_wrapper
TRACE::2025-12-24.06:17:29::SCWPlatform::Could not get the HWDB from existing dbname
TRACE::2025-12-24.06:17:29::SCWPlatform::Do not have an existing db opened. Attempting to open the hwDb. 
TRACE::2025-12-24.06:17:29::SCWPlatform::Opened new HwDB with name gemm_v0_wrapper
TRACE::2025-12-24.06:17:29::SCWMssOS::Checking the sw design at  /home/zhou/Desktop/validation_1/vitis/full_system_v0/zynqmp_fsbl/zynqmp_fsbl_bsp/system.mss
TRACE::2025-12-24.06:17:29::SCWMssOS::DEBUG:  swdes dump  /home/zhou/Desktop/validation_1/vitis/full_system_v0/psu_cortexa53_0/standalone_domain/bsp/system.mss|system_1||
/home/zhou/Desktop/validation_1/vitis/full_system_v0/zynqmp_fsbl/zynqmp_fsbl_bsp/system.mss|system||
/home/zhou/Desktop/validation_1/vitis/full_system_v0/zynqmp_pmufw/zynqmp_pmufw_bsp/system.mss|system_0||

TRACE::2025-12-24.06:17:29::SCWMssOS::Sw design exists and opened at  /home/zhou/Desktop/validation_1/vitis/full_system_v0/zynqmp_fsbl/zynqmp_fsbl_bsp/system.mss
TRACE::2025-12-24.06:17:29::SCWPlatform::Trying to open the hw design at /home/zhou/Desktop/validation_1/vitis/full_system_v0/hw/new_system_v0_wrapper.xsa
TRACE::2025-12-24.06:17:29::SCWPlatform::DSA given /home/zhou/Desktop/validation_1/vitis/full_system_v0/hw/new_system_v0_wrapper.xsa
TRACE::2025-12-24.06:17:29::SCWPlatform::DSA absoulate path /home/zhou/Desktop/validation_1/vitis/full_system_v0/hw/new_system_v0_wrapper.xsa
TRACE::2025-12-24.06:17:29::SCWPlatform::DSA directory /home/zhou/Desktop/validation_1/vitis/full_system_v0/hw
TRACE::2025-12-24.06:17:29::SCWPlatform:: Platform Path /home/zhou/Desktop/validation_1/vitis/full_system_v0/hw/new_system_v0_wrapper.xsa
TRACE::2025-12-24.06:17:29::SCWPlatform:: Unique name xilinx:::0.0
TRACE::2025-12-24.06:17:29::SCWPlatform::Trying to set the existing hwdb with name gemm_v0_wrapper
TRACE::2025-12-24.06:17:29::SCWPlatform::Could not get the HWDB from existing dbname
TRACE::2025-12-24.06:17:29::SCWPlatform::Do not have an existing db opened. Attempting to open the hwDb. 
TRACE::2025-12-24.06:17:29::SCWPlatform::Opened new HwDB with name gemm_v0_wrapper
TRACE::2025-12-24.06:17:29::SCWMssOS::Checking the sw design at  /home/zhou/Desktop/validation_1/vitis/full_system_v0/zynqmp_fsbl/zynqmp_fsbl_bsp/system.mss
TRACE::2025-12-24.06:17:29::SCWMssOS::DEBUG:  swdes dump  /home/zhou/Desktop/validation_1/vitis/full_system_v0/psu_cortexa53_0/standalone_domain/bsp/system.mss|system_1||
/home/zhou/Desktop/validation_1/vitis/full_system_v0/zynqmp_fsbl/zynqmp_fsbl_bsp/system.mss|system||
/home/zhou/Desktop/validation_1/vitis/full_system_v0/zynqmp_pmufw/zynqmp_pmufw_bsp/system.mss|system_0||

TRACE::2025-12-24.06:17:29::SCWMssOS::Sw design exists and opened at  /home/zhou/Desktop/validation_1/vitis/full_system_v0/zynqmp_fsbl/zynqmp_fsbl_bsp/system.mss
TRACE::2025-12-24.06:17:29::SCWPlatform::Trying to open the hw design at /home/zhou/Desktop/validation_1/vitis/full_system_v0/hw/new_system_v0_wrapper.xsa
TRACE::2025-12-24.06:17:29::SCWPlatform::DSA given /home/zhou/Desktop/validation_1/vitis/full_system_v0/hw/new_system_v0_wrapper.xsa
TRACE::2025-12-24.06:17:29::SCWPlatform::DSA absoulate path /home/zhou/Desktop/validation_1/vitis/full_system_v0/hw/new_system_v0_wrapper.xsa
TRACE::2025-12-24.06:17:29::SCWPlatform::DSA directory /home/zhou/Desktop/validation_1/vitis/full_system_v0/hw
TRACE::2025-12-24.06:17:29::SCWPlatform:: Platform Path /home/zhou/Desktop/validation_1/vitis/full_system_v0/hw/new_system_v0_wrapper.xsa
TRACE::2025-12-24.06:17:29::SCWPlatform:: Unique name xilinx:::0.0
TRACE::2025-12-24.06:17:29::SCWPlatform::Trying to set the existing hwdb with name gemm_v0_wrapper
TRACE::2025-12-24.06:17:29::SCWPlatform::Could not get the HWDB from existing dbname
TRACE::2025-12-24.06:17:29::SCWPlatform::Do not have an existing db opened. Attempting to open the hwDb. 
TRACE::2025-12-24.06:17:29::SCWPlatform::Opened new HwDB with name gemm_v0_wrapper
TRACE::2025-12-24.06:17:29::SCWMssOS::Checking the sw design at  /home/zhou/Desktop/validation_1/vitis/full_system_v0/zynqmp_fsbl/zynqmp_fsbl_bsp/system.mss
TRACE::2025-12-24.06:17:29::SCWMssOS::DEBUG:  swdes dump  /home/zhou/Desktop/validation_1/vitis/full_system_v0/psu_cortexa53_0/standalone_domain/bsp/system.mss|system_1||
/home/zhou/Desktop/validation_1/vitis/full_system_v0/zynqmp_fsbl/zynqmp_fsbl_bsp/system.mss|system||
/home/zhou/Desktop/validation_1/vitis/full_system_v0/zynqmp_pmufw/zynqmp_pmufw_bsp/system.mss|system_0||

TRACE::2025-12-24.06:17:29::SCWMssOS::Sw design exists and opened at  /home/zhou/Desktop/validation_1/vitis/full_system_v0/zynqmp_fsbl/zynqmp_fsbl_bsp/system.mss
TRACE::2025-12-24.06:17:29::SCWPlatform::Trying to open the hw design at /home/zhou/Desktop/validation_1/vitis/full_system_v0/hw/new_system_v0_wrapper.xsa
TRACE::2025-12-24.06:17:29::SCWPlatform::DSA given /home/zhou/Desktop/validation_1/vitis/full_system_v0/hw/new_system_v0_wrapper.xsa
TRACE::2025-12-24.06:17:29::SCWPlatform::DSA absoulate path /home/zhou/Desktop/validation_1/vitis/full_system_v0/hw/new_system_v0_wrapper.xsa
TRACE::2025-12-24.06:17:29::SCWPlatform::DSA directory /home/zhou/Desktop/validation_1/vitis/full_system_v0/hw
TRACE::2025-12-24.06:17:29::SCWPlatform:: Platform Path /home/zhou/Desktop/validation_1/vitis/full_system_v0/hw/new_system_v0_wrapper.xsa
TRACE::2025-12-24.06:17:29::SCWPlatform:: Unique name xilinx:::0.0
TRACE::2025-12-24.06:17:29::SCWPlatform::Trying to set the existing hwdb with name gemm_v0_wrapper
TRACE::2025-12-24.06:17:29::SCWPlatform::Could not get the HWDB from existing dbname
TRACE::2025-12-24.06:17:29::SCWPlatform::Do not have an existing db opened. Attempting to open the hwDb. 
TRACE::2025-12-24.06:17:29::SCWPlatform::Opened new HwDB with name gemm_v0_wrapper
TRACE::2025-12-24.06:17:29::SCWMssOS::Checking the sw design at  /home/zhou/Desktop/validation_1/vitis/full_system_v0/zynqmp_pmufw/zynqmp_pmufw_bsp/system.mss
TRACE::2025-12-24.06:17:29::SCWMssOS::DEBUG:  swdes dump  /home/zhou/Desktop/validation_1/vitis/full_system_v0/psu_cortexa53_0/standalone_domain/bsp/system.mss|system_1||
/home/zhou/Desktop/validation_1/vitis/full_system_v0/zynqmp_fsbl/zynqmp_fsbl_bsp/system.mss|system||
/home/zhou/Desktop/validation_1/vitis/full_system_v0/zynqmp_pmufw/zynqmp_pmufw_bsp/system.mss|system_0||

TRACE::2025-12-24.06:17:29::SCWMssOS::Sw design exists and opened at  /home/zhou/Desktop/validation_1/vitis/full_system_v0/zynqmp_pmufw/zynqmp_pmufw_bsp/system.mss
TRACE::2025-12-24.06:17:29::SCWPlatform::Trying to open the hw design at /home/zhou/Desktop/validation_1/vitis/full_system_v0/hw/new_system_v0_wrapper.xsa
TRACE::2025-12-24.06:17:29::SCWPlatform::DSA given /home/zhou/Desktop/validation_1/vitis/full_system_v0/hw/new_system_v0_wrapper.xsa
TRACE::2025-12-24.06:17:29::SCWPlatform::DSA absoulate path /home/zhou/Desktop/validation_1/vitis/full_system_v0/hw/new_system_v0_wrapper.xsa
TRACE::2025-12-24.06:17:29::SCWPlatform::DSA directory /home/zhou/Desktop/validation_1/vitis/full_system_v0/hw
TRACE::2025-12-24.06:17:29::SCWPlatform:: Platform Path /home/zhou/Desktop/validation_1/vitis/full_system_v0/hw/new_system_v0_wrapper.xsa
TRACE::2025-12-24.06:17:29::SCWPlatform:: Unique name xilinx:::0.0
TRACE::2025-12-24.06:17:29::SCWPlatform::Trying to set the existing hwdb with name gemm_v0_wrapper
TRACE::2025-12-24.06:17:29::SCWPlatform::Could not get the HWDB from existing dbname
TRACE::2025-12-24.06:17:29::SCWPlatform::Do not have an existing db opened. Attempting to open the hwDb. 
TRACE::2025-12-24.06:17:29::SCWPlatform::Opened new HwDB with name gemm_v0_wrapper
TRACE::2025-12-24.06:17:29::SCWMssOS::Checking the sw design at  /home/zhou/Desktop/validation_1/vitis/full_system_v0/zynqmp_pmufw/zynqmp_pmufw_bsp/system.mss
TRACE::2025-12-24.06:17:29::SCWMssOS::DEBUG:  swdes dump  /home/zhou/Desktop/validation_1/vitis/full_system_v0/psu_cortexa53_0/standalone_domain/bsp/system.mss|system_1||
/home/zhou/Desktop/validation_1/vitis/full_system_v0/zynqmp_fsbl/zynqmp_fsbl_bsp/system.mss|system||
/home/zhou/Desktop/validation_1/vitis/full_system_v0/zynqmp_pmufw/zynqmp_pmufw_bsp/system.mss|system_0||

TRACE::2025-12-24.06:17:29::SCWMssOS::Sw design exists and opened at  /home/zhou/Desktop/validation_1/vitis/full_system_v0/zynqmp_pmufw/zynqmp_pmufw_bsp/system.mss
TRACE::2025-12-24.06:17:29::SCWPlatform::Trying to open the hw design at /home/zhou/Desktop/validation_1/vitis/full_system_v0/hw/new_system_v0_wrapper.xsa
TRACE::2025-12-24.06:17:29::SCWPlatform::DSA given /home/zhou/Desktop/validation_1/vitis/full_system_v0/hw/new_system_v0_wrapper.xsa
TRACE::2025-12-24.06:17:29::SCWPlatform::DSA absoulate path /home/zhou/Desktop/validation_1/vitis/full_system_v0/hw/new_system_v0_wrapper.xsa
TRACE::2025-12-24.06:17:29::SCWPlatform::DSA directory /home/zhou/Desktop/validation_1/vitis/full_system_v0/hw
TRACE::2025-12-24.06:17:29::SCWPlatform:: Platform Path /home/zhou/Desktop/validation_1/vitis/full_system_v0/hw/new_system_v0_wrapper.xsa
TRACE::2025-12-24.06:17:29::SCWPlatform:: Unique name xilinx:::0.0
TRACE::2025-12-24.06:17:29::SCWPlatform::Trying to set the existing hwdb with name gemm_v0_wrapper
TRACE::2025-12-24.06:17:29::SCWPlatform::Could not get the HWDB from existing dbname
TRACE::2025-12-24.06:17:29::SCWPlatform::Do not have an existing db opened. Attempting to open the hwDb. 
TRACE::2025-12-24.06:17:29::SCWPlatform::Opened new HwDB with name gemm_v0_wrapper
TRACE::2025-12-24.06:17:29::SCWMssOS::Checking the sw design at  /home/zhou/Desktop/validation_1/vitis/full_system_v0/zynqmp_pmufw/zynqmp_pmufw_bsp/system.mss
TRACE::2025-12-24.06:17:29::SCWMssOS::DEBUG:  swdes dump  /home/zhou/Desktop/validation_1/vitis/full_system_v0/psu_cortexa53_0/standalone_domain/bsp/system.mss|system_1||
/home/zhou/Desktop/validation_1/vitis/full_system_v0/zynqmp_fsbl/zynqmp_fsbl_bsp/system.mss|system||
/home/zhou/Desktop/validation_1/vitis/full_system_v0/zynqmp_pmufw/zynqmp_pmufw_bsp/system.mss|system_0||

TRACE::2025-12-24.06:17:29::SCWMssOS::Sw design exists and opened at  /home/zhou/Desktop/validation_1/vitis/full_system_v0/zynqmp_pmufw/zynqmp_pmufw_bsp/system.mss
TRACE::2025-12-24.06:17:29::SCWPlatform::Trying to open the hw design at /home/zhou/Desktop/validation_1/vitis/full_system_v0/hw/new_system_v0_wrapper.xsa
TRACE::2025-12-24.06:17:29::SCWPlatform::DSA given /home/zhou/Desktop/validation_1/vitis/full_system_v0/hw/new_system_v0_wrapper.xsa
TRACE::2025-12-24.06:17:29::SCWPlatform::DSA absoulate path /home/zhou/Desktop/validation_1/vitis/full_system_v0/hw/new_system_v0_wrapper.xsa
TRACE::2025-12-24.06:17:29::SCWPlatform::DSA directory /home/zhou/Desktop/validation_1/vitis/full_system_v0/hw
TRACE::2025-12-24.06:17:29::SCWPlatform:: Platform Path /home/zhou/Desktop/validation_1/vitis/full_system_v0/hw/new_system_v0_wrapper.xsa
TRACE::2025-12-24.06:17:29::SCWPlatform:: Unique name xilinx:::0.0
TRACE::2025-12-24.06:17:29::SCWPlatform::Trying to set the existing hwdb with name gemm_v0_wrapper
TRACE::2025-12-24.06:17:29::SCWPlatform::Could not get the HWDB from existing dbname
TRACE::2025-12-24.06:17:29::SCWPlatform::Do not have an existing db opened. Attempting to open the hwDb. 
TRACE::2025-12-24.06:17:29::SCWPlatform::Opened new HwDB with name gemm_v0_wrapper
TRACE::2025-12-24.06:17:29::SCWMssOS::Checking the sw design at  /home/zhou/Desktop/validation_1/vitis/full_system_v0/psu_cortexa53_0/standalone_domain/bsp/system.mss
TRACE::2025-12-24.06:17:29::SCWMssOS::DEBUG:  swdes dump  /home/zhou/Desktop/validation_1/vitis/full_system_v0/psu_cortexa53_0/standalone_domain/bsp/system.mss|system_1||
/home/zhou/Desktop/validation_1/vitis/full_system_v0/zynqmp_fsbl/zynqmp_fsbl_bsp/system.mss|system||
/home/zhou/Desktop/validation_1/vitis/full_system_v0/zynqmp_pmufw/zynqmp_pmufw_bsp/system.mss|system_0||

TRACE::2025-12-24.06:17:29::SCWMssOS::Sw design exists and opened at  /home/zhou/Desktop/validation_1/vitis/full_system_v0/psu_cortexa53_0/standalone_domain/bsp/system.mss
TRACE::2025-12-24.06:17:29::SCWPlatform::Trying to open the hw design at /home/zhou/Desktop/validation_1/vitis/full_system_v0/hw/new_system_v0_wrapper.xsa
TRACE::2025-12-24.06:17:29::SCWPlatform::DSA given /home/zhou/Desktop/validation_1/vitis/full_system_v0/hw/new_system_v0_wrapper.xsa
TRACE::2025-12-24.06:17:29::SCWPlatform::DSA absoulate path /home/zhou/Desktop/validation_1/vitis/full_system_v0/hw/new_system_v0_wrapper.xsa
TRACE::2025-12-24.06:17:29::SCWPlatform::DSA directory /home/zhou/Desktop/validation_1/vitis/full_system_v0/hw
TRACE::2025-12-24.06:17:29::SCWPlatform:: Platform Path /home/zhou/Desktop/validation_1/vitis/full_system_v0/hw/new_system_v0_wrapper.xsa
TRACE::2025-12-24.06:17:29::SCWPlatform:: Unique name xilinx:::0.0
TRACE::2025-12-24.06:17:29::SCWPlatform::Trying to set the existing hwdb with name gemm_v0_wrapper
TRACE::2025-12-24.06:17:29::SCWPlatform::Could not get the HWDB from existing dbname
TRACE::2025-12-24.06:17:29::SCWPlatform::Do not have an existing db opened. Attempting to open the hwDb. 
TRACE::2025-12-24.06:17:29::SCWPlatform::Opened new HwDB with name gemm_v0_wrapper
TRACE::2025-12-24.06:17:29::SCWMssOS::Checking the sw design at  /home/zhou/Desktop/validation_1/vitis/full_system_v0/psu_cortexa53_0/standalone_domain/bsp/system.mss
TRACE::2025-12-24.06:17:29::SCWMssOS::DEBUG:  swdes dump  /home/zhou/Desktop/validation_1/vitis/full_system_v0/psu_cortexa53_0/standalone_domain/bsp/system.mss|system_1||
/home/zhou/Desktop/validation_1/vitis/full_system_v0/zynqmp_fsbl/zynqmp_fsbl_bsp/system.mss|system||
/home/zhou/Desktop/validation_1/vitis/full_system_v0/zynqmp_pmufw/zynqmp_pmufw_bsp/system.mss|system_0||

TRACE::2025-12-24.06:17:29::SCWMssOS::Sw design exists and opened at  /home/zhou/Desktop/validation_1/vitis/full_system_v0/psu_cortexa53_0/standalone_domain/bsp/system.mss
TRACE::2025-12-24.06:17:29::SCWPlatform::Trying to open the hw design at /home/zhou/Desktop/validation_1/vitis/full_system_v0/hw/new_system_v0_wrapper.xsa
TRACE::2025-12-24.06:17:29::SCWPlatform::DSA given /home/zhou/Desktop/validation_1/vitis/full_system_v0/hw/new_system_v0_wrapper.xsa
TRACE::2025-12-24.06:17:29::SCWPlatform::DSA absoulate path /home/zhou/Desktop/validation_1/vitis/full_system_v0/hw/new_system_v0_wrapper.xsa
TRACE::2025-12-24.06:17:29::SCWPlatform::DSA directory /home/zhou/Desktop/validation_1/vitis/full_system_v0/hw
TRACE::2025-12-24.06:17:29::SCWPlatform:: Platform Path /home/zhou/Desktop/validation_1/vitis/full_system_v0/hw/new_system_v0_wrapper.xsa
TRACE::2025-12-24.06:17:29::SCWPlatform:: Unique name xilinx:::0.0
TRACE::2025-12-24.06:17:29::SCWPlatform::Trying to set the existing hwdb with name gemm_v0_wrapper
TRACE::2025-12-24.06:17:29::SCWPlatform::Could not get the HWDB from existing dbname
TRACE::2025-12-24.06:17:29::SCWPlatform::Do not have an existing db opened. Attempting to open the hwDb. 
TRACE::2025-12-24.06:17:29::SCWPlatform::Opened new HwDB with name gemm_v0_wrapper
TRACE::2025-12-24.06:17:29::SCWMssOS::Checking the sw design at  /home/zhou/Desktop/validation_1/vitis/full_system_v0/psu_cortexa53_0/standalone_domain/bsp/system.mss
TRACE::2025-12-24.06:17:29::SCWMssOS::DEBUG:  swdes dump  /home/zhou/Desktop/validation_1/vitis/full_system_v0/psu_cortexa53_0/standalone_domain/bsp/system.mss|system_1||
/home/zhou/Desktop/validation_1/vitis/full_system_v0/zynqmp_fsbl/zynqmp_fsbl_bsp/system.mss|system||
/home/zhou/Desktop/validation_1/vitis/full_system_v0/zynqmp_pmufw/zynqmp_pmufw_bsp/system.mss|system_0||

TRACE::2025-12-24.06:17:29::SCWMssOS::Sw design exists and opened at  /home/zhou/Desktop/validation_1/vitis/full_system_v0/psu_cortexa53_0/standalone_domain/bsp/system.mss
TRACE::2025-12-24.06:17:29::SCWWriter::formatted JSON is {
	"platformName":	"full_system_v0",
	"sprVersion":	"2.0",
	"mode":	"gui",
	"dsaType":	"Fixed",
	"platformDesc":	"full_system_v0",
	"platHandOff":	"/home/zhou/Desktop/validation_1/vitis/new_system_v0_wrapper.xsa",
	"platIntHandOff":	"<platformDir>/hw/new_system_v0_wrapper.xsa",
	"deviceType":	"zynqMP",
	"platIsPrebuiltAutogen":	"false",
	"platIsNoBootBsp":	"false",
	"platFsblTarget":	"psu_cortexa53_0",
	"hasFsblMakeHasChanges":	"false",
	"hasPmufwMakeHasChanges":	"false",
	"fsblExtraCompilerFlags":	"-MMD -MP      -Wall -fmessage-length=0 -DARMA53_64 -Os -flto -ffat-lto-objects  ",
	"pmufwExtraCompilerFlags":	"-MMD -MP      -mlittle-endian -mxl-barrel-shift -mxl-pattern-compare -mcpu=v9.2 -mxl-soft-mul -Os -flto -ffat-lto-objects  ",
	"platPreBuiltFlag":	false,
	"platformSamplesDir":	"",
	"platActiveSys":	"full_system_v0",
	"systems":	[{
			"systemName":	"full_system_v0",
			"systemDesc":	"full_system_v0",
			"sysIsBootAutoGen":	"true",
			"systemDispName":	"full_system_v0",
			"sysActiveDom":	"standalone_domain",
			"sysDefaultDom":	"standalone_domain",
			"domains":	[{
					"domainName":	"zynqmp_fsbl",
					"domainDispName":	"zynqmp_fsbl",
					"domainDesc":	"FSBL Application BSP - Auto Generated.",
					"processors":	"psu_cortexa53_0",
					"os":	"standalone",
					"sdxOs":	"standalone",
					"debugEnable":	"",
					"domRuntimes":	["cpp"],
					"swRepo":	"",
					"mssOsVer":	"9.2",
					"mssFile":	"",
					"md5Digest":	"0563630c5429eb64395820372b32e638",
					"compatibleApp":	"zynqmp_fsbl",
					"domType":	"bootDomain",
					"arch":	"64-bit",
					"appSettings":	{
						"appCompilerFlags":	"",
						"appLinkerFlags":	""
					},
					"addedLibs":	["xilffs:5.3", "xilsecure:5.4", "xilpm:5.3"],
					"libOptions":	{
						"standalone":	{
							"zynqmp_fsbl_bsp":	"true",
							"libOptionNames":	["zynqmp_fsbl_bsp"]
						},
						"xilffs":	{
							"read_only":	"true",
							"use_mkfs":	"false",
							"libOptionNames":	["read_only", "use_mkfs"]
						},
						"xilsecure":	{
							"tpm_support":	"true",
							"libOptionNames":	["tpm_support"]
						},
						"libsContainingOptions":	["standalone", "xilffs", "xilsecure"]
					},
					"prebuiltLibs":	{
						"prebuiltIncPath":	[],
						"prebuiltLibPath":	[]
					},
					"isolation":	{
					}
				}, {
					"domainName":	"zynqmp_pmufw",
					"domainDispName":	"zynqmp_pmufw",
					"domainDesc":	"PMUFW Application BSP - Auto Generated.",
					"processors":	"psu_pmu_0",
					"os":	"standalone",
					"sdxOs":	"standalone",
					"debugEnable":	"",
					"domRuntimes":	["cpp"],
					"swRepo":	"",
					"mssOsVer":	"9.2",
					"mssFile":	"",
					"md5Digest":	"068ac74865b8e7e98159ae2e0d07fe64",
					"compatibleApp":	"zynqmp_pmufw",
					"domType":	"bootDomain",
					"arch":	"32-bit",
					"appSettings":	{
						"appCompilerFlags":	"",
						"appLinkerFlags":	""
					},
					"addedLibs":	["xilfpga:6.7", "xilsecure:5.4", "xilskey:7.6"],
					"libOptions":	{
						"psu_pmu_0":	{
							"extra_compiler_flags":	"-g -ffunction-sections -fdata-sections -Wall -Wextra -fno-tree-loop-distribute-patterns  -Os -flto -ffat-lto-objects",
							"libOptionNames":	["extra_compiler_flags"]
						},
						"libsContainingOptions":	["psu_pmu_0"]
					},
					"prebuiltLibs":	{
						"prebuiltIncPath":	[],
						"prebuiltLibPath":	[]
					},
					"isolation":	{
					}
				}, {
					"domainName":	"standalone_domain",
					"domainDispName":	"standalone on psu_cortexa53_0",
					"domainDesc":	"standalone_domain",
					"processors":	"psu_cortexa53_0",
					"os":	"standalone",
					"sdxOs":	"standalone",
					"qemuArgs":	"<platformDir>/resources/full_system_v0/standalone_domain/qemu_args.txt",
					"qemuData":	"<platformDir>/resources/full_system_v0/standalone_domain/qemu",
					"pmuQemuArgs":	"<platformDir>/resources/full_system_v0/standalone_domain/pmu_args.txt",
					"debugEnable":	"False",
					"domRuntimes":	["cpp"],
					"swRepo":	"",
					"mssOsVer":	"9.2",
					"mssFile":	"",
					"md5Digest":	"060eb99cc0d4ae4931ea62d99759d4f1",
					"compatibleApp":	"",
					"domType":	"mssDomain",
					"arch":	"64-bit",
					"appSettings":	{
						"appCompilerFlags":	"",
						"appLinkerFlags":	""
					},
					"addedLibs":	[],
					"libOptions":	{
						"libsContainingOptions":	[]
					},
					"prebuiltLibs":	{
						"prebuiltIncPath":	[],
						"prebuiltLibPath":	[]
					},
					"isolation":	{
					}
				}]
		}]
}
TRACE::2025-12-24.06:17:29::SCWPlatform::Clearing the existing platform
TRACE::2025-12-24.06:17:29::SCWSystem::Clearing the existing sysconfig
TRACE::2025-12-24.06:17:29::SCWBDomain::clearing the fsbl build
TRACE::2025-12-24.06:17:29::SCWMssOS::Removing the swdes entry for  /home/zhou/Desktop/validation_1/vitis/full_system_v0/zynqmp_fsbl/zynqmp_fsbl_bsp/system.mss
TRACE::2025-12-24.06:17:29::SCWBDomain::clearing the pmufw build
TRACE::2025-12-24.06:17:29::SCWMssOS::Removing the swdes entry for  /home/zhou/Desktop/validation_1/vitis/full_system_v0/zynqmp_pmufw/zynqmp_pmufw_bsp/system.mss
TRACE::2025-12-24.06:17:29::SCWMssOS::Removing the swdes entry for  /home/zhou/Desktop/validation_1/vitis/full_system_v0/psu_cortexa53_0/standalone_domain/bsp/system.mss
TRACE::2025-12-24.06:17:29::SCWSystem::Clearing the domains completed.
TRACE::2025-12-24.06:17:29::SCWPlatform::Clearing the opened hw db.
TRACE::2025-12-24.06:17:29::SCWPlatform::DSA given /home/zhou/Desktop/validation_1/vitis/full_system_v0/hw/new_system_v0_wrapper.xsa
TRACE::2025-12-24.06:17:29::SCWPlatform::DSA absoulate path /home/zhou/Desktop/validation_1/vitis/full_system_v0/hw/new_system_v0_wrapper.xsa
TRACE::2025-12-24.06:17:29::SCWPlatform:: Platform location is /home/zhou/Desktop/validation_1/vitis/full_system_v0/hw
TRACE::2025-12-24.06:17:29::SCWPlatform:: Platform Path /home/zhou/Desktop/validation_1/vitis/full_system_v0/hw/new_system_v0_wrapper.xsa
TRACE::2025-12-24.06:17:29::SCWPlatform:: Unique name xilinx:::0.0
TRACE::2025-12-24.06:17:29::SCWPlatform::Trying to open the hw design at /home/zhou/Desktop/validation_1/vitis/full_system_v0/hw/new_system_v0_wrapper.xsa
TRACE::2025-12-24.06:17:29::SCWPlatform::DSA given /home/zhou/Desktop/validation_1/vitis/full_system_v0/hw/new_system_v0_wrapper.xsa
TRACE::2025-12-24.06:17:29::SCWPlatform::DSA absoulate path /home/zhou/Desktop/validation_1/vitis/full_system_v0/hw/new_system_v0_wrapper.xsa
TRACE::2025-12-24.06:17:29::SCWPlatform::DSA directory /home/zhou/Desktop/validation_1/vitis/full_system_v0/hw
TRACE::2025-12-24.06:17:29::SCWPlatform:: Platform Path /home/zhou/Desktop/validation_1/vitis/full_system_v0/hw/new_system_v0_wrapper.xsa
TRACE::2025-12-24.06:17:29::SCWPlatform:: Unique name xilinx:::0.0
TRACE::2025-12-24.06:17:29::SCWPlatform::Do not have an existing db opened. 
TRACE::2025-12-24.06:17:56::SCWPlatform::Opened new HwDB with name gemm_v0_wrapper_2
TRACE::2025-12-24.06:17:56::SCWReader::Active system found as  full_system_v0
TRACE::2025-12-24.06:17:56::SCWReader::Handling sysconfig full_system_v0
TRACE::2025-12-24.06:17:56::SCWDomain::checking for install qemu data   : 
TRACE::2025-12-24.06:17:56::SCWDomain:: Using the QEMU Data from install at  : /tools/Xilinx/Vitis/2024.2/data/emulation/platforms/zynqmp/sw/a53_standalone/qemu/
TRACE::2025-12-24.06:17:56::SCWDomain:: Using the QEMU args  from install at  : /tools/Xilinx/Vitis/2024.2/data/emulation/platforms/zynqmp/sw/a53_standalone/qemu/qemu_args.txt
TRACE::2025-12-24.06:17:56::SCWDomain:: Using the PMUQEMU args from install at  : /tools/Xilinx/Vitis/2024.2/data/emulation/platforms/zynqmp/sw/a53_standalone/qemu/pmu_args.txt
TRACE::2025-12-24.06:17:56::SCWPlatform::Trying to open the hw design at /home/zhou/Desktop/validation_1/vitis/full_system_v0/hw/new_system_v0_wrapper.xsa
TRACE::2025-12-24.06:17:56::SCWPlatform::DSA given /home/zhou/Desktop/validation_1/vitis/full_system_v0/hw/new_system_v0_wrapper.xsa
TRACE::2025-12-24.06:17:56::SCWPlatform::DSA absoulate path /home/zhou/Desktop/validation_1/vitis/full_system_v0/hw/new_system_v0_wrapper.xsa
TRACE::2025-12-24.06:17:56::SCWPlatform::DSA directory /home/zhou/Desktop/validation_1/vitis/full_system_v0/hw
TRACE::2025-12-24.06:17:56::SCWPlatform:: Platform Path /home/zhou/Desktop/validation_1/vitis/full_system_v0/hw/new_system_v0_wrapper.xsa
TRACE::2025-12-24.06:17:56::SCWPlatform:: Unique name xilinx:::0.0
TRACE::2025-12-24.06:17:56::SCWPlatform::Trying to set the existing hwdb with name gemm_v0_wrapper_2
TRACE::2025-12-24.06:17:56::SCWPlatform::Opened existing hwdb gemm_v0_wrapper_2
TRACE::2025-12-24.06:17:56::SCWPlatform::Found the Hw Db part of the input DSA
TRACE::2025-12-24.06:17:56::SCWPlatform::Trying to open the hw design at /home/zhou/Desktop/validation_1/vitis/full_system_v0/hw/new_system_v0_wrapper.xsa
TRACE::2025-12-24.06:17:56::SCWPlatform::DSA given /home/zhou/Desktop/validation_1/vitis/full_system_v0/hw/new_system_v0_wrapper.xsa
TRACE::2025-12-24.06:17:56::SCWPlatform::DSA absoulate path /home/zhou/Desktop/validation_1/vitis/full_system_v0/hw/new_system_v0_wrapper.xsa
TRACE::2025-12-24.06:17:56::SCWPlatform::DSA directory /home/zhou/Desktop/validation_1/vitis/full_system_v0/hw
TRACE::2025-12-24.06:17:56::SCWPlatform:: Platform Path /home/zhou/Desktop/validation_1/vitis/full_system_v0/hw/new_system_v0_wrapper.xsa
TRACE::2025-12-24.06:17:56::SCWPlatform:: Unique name xilinx:::0.0
TRACE::2025-12-24.06:17:56::SCWPlatform::Trying to set the existing hwdb with name gemm_v0_wrapper_2
TRACE::2025-12-24.06:17:56::SCWPlatform::Opened existing hwdb gemm_v0_wrapper_2
TRACE::2025-12-24.06:17:56::SCWPlatform::Found the Hw Db part of the input DSA
TRACE::2025-12-24.06:17:56::SCWPlatform::Trying to open the hw design at /home/zhou/Desktop/validation_1/vitis/full_system_v0/hw/new_system_v0_wrapper.xsa
TRACE::2025-12-24.06:17:56::SCWPlatform::DSA given /home/zhou/Desktop/validation_1/vitis/full_system_v0/hw/new_system_v0_wrapper.xsa
TRACE::2025-12-24.06:17:56::SCWPlatform::DSA absoulate path /home/zhou/Desktop/validation_1/vitis/full_system_v0/hw/new_system_v0_wrapper.xsa
TRACE::2025-12-24.06:17:56::SCWPlatform::DSA directory /home/zhou/Desktop/validation_1/vitis/full_system_v0/hw
TRACE::2025-12-24.06:17:56::SCWPlatform:: Platform Path /home/zhou/Desktop/validation_1/vitis/full_system_v0/hw/new_system_v0_wrapper.xsa
TRACE::2025-12-24.06:17:56::SCWPlatform:: Unique name xilinx:::0.0
TRACE::2025-12-24.06:17:56::SCWPlatform::Trying to set the existing hwdb with name gemm_v0_wrapper_2
TRACE::2025-12-24.06:17:56::SCWPlatform::Opened existing hwdb gemm_v0_wrapper_2
TRACE::2025-12-24.06:17:56::SCWPlatform::Found the Hw Db part of the input DSA
TRACE::2025-12-24.06:17:56::SCWReader::Boot application domain added for zynqmp_fsbl
TRACE::2025-12-24.06:17:56::SCWPlatform::Trying to open the hw design at /home/zhou/Desktop/validation_1/vitis/full_system_v0/hw/new_system_v0_wrapper.xsa
TRACE::2025-12-24.06:17:56::SCWPlatform::DSA given /home/zhou/Desktop/validation_1/vitis/full_system_v0/hw/new_system_v0_wrapper.xsa
TRACE::2025-12-24.06:17:56::SCWPlatform::DSA absoulate path /home/zhou/Desktop/validation_1/vitis/full_system_v0/hw/new_system_v0_wrapper.xsa
TRACE::2025-12-24.06:17:56::SCWPlatform::DSA directory /home/zhou/Desktop/validation_1/vitis/full_system_v0/hw
TRACE::2025-12-24.06:17:56::SCWPlatform:: Platform Path /home/zhou/Desktop/validation_1/vitis/full_system_v0/hw/new_system_v0_wrapper.xsa
TRACE::2025-12-24.06:17:56::SCWPlatform:: Unique name xilinx:::0.0
TRACE::2025-12-24.06:17:56::SCWPlatform::Trying to set the existing hwdb with name gemm_v0_wrapper_2
TRACE::2025-12-24.06:17:56::SCWPlatform::Opened existing hwdb gemm_v0_wrapper_2
TRACE::2025-12-24.06:17:56::SCWPlatform::Found the Hw Db part of the input DSA
TRACE::2025-12-24.06:17:56::SCWMssOS::Checking the sw design at  /home/zhou/Desktop/validation_1/vitis/full_system_v0/zynqmp_fsbl/zynqmp_fsbl_bsp/system.mss
TRACE::2025-12-24.06:17:56::SCWMssOS::DEBUG:  swdes dump  
TRACE::2025-12-24.06:17:56::SCWMssOS::No sw design opened at  /home/zhou/Desktop/validation_1/vitis/full_system_v0/zynqmp_fsbl/zynqmp_fsbl_bsp/system.mss
TRACE::2025-12-24.06:17:56::SCWMssOS::mss exists loading the mss file  /home/zhou/Desktop/validation_1/vitis/full_system_v0/zynqmp_fsbl/zynqmp_fsbl_bsp/system.mss
TRACE::2025-12-24.06:17:56::SCWMssOS::Opened the sw design from mss  /home/zhou/Desktop/validation_1/vitis/full_system_v0/zynqmp_fsbl/zynqmp_fsbl_bsp/system.mss
TRACE::2025-12-24.06:17:56::SCWMssOS::Adding the swdes entry /home/zhou/Desktop/validation_1/vitis/full_system_v0/zynqmp_fsbl/zynqmp_fsbl_bsp/system.mss with des name system
TRACE::2025-12-24.06:17:56::SCWMssOS::updating the scw layer about changes
TRACE::2025-12-24.06:17:56::SCWMssOS::Opened the sw design.  /home/zhou/Desktop/validation_1/vitis/full_system_v0/zynqmp_fsbl/zynqmp_fsbl_bsp/system.mss
TRACE::2025-12-24.06:17:56::SCWPlatform::Trying to open the hw design at /home/zhou/Desktop/validation_1/vitis/full_system_v0/hw/new_system_v0_wrapper.xsa
TRACE::2025-12-24.06:17:56::SCWPlatform::DSA given /home/zhou/Desktop/validation_1/vitis/full_system_v0/hw/new_system_v0_wrapper.xsa
TRACE::2025-12-24.06:17:56::SCWPlatform::DSA absoulate path /home/zhou/Desktop/validation_1/vitis/full_system_v0/hw/new_system_v0_wrapper.xsa
TRACE::2025-12-24.06:17:56::SCWPlatform::DSA directory /home/zhou/Desktop/validation_1/vitis/full_system_v0/hw
TRACE::2025-12-24.06:17:56::SCWPlatform:: Platform Path /home/zhou/Desktop/validation_1/vitis/full_system_v0/hw/new_system_v0_wrapper.xsa
TRACE::2025-12-24.06:17:56::SCWPlatform:: Unique name xilinx:::0.0
TRACE::2025-12-24.06:17:56::SCWPlatform::Trying to set the existing hwdb with name gemm_v0_wrapper_2
TRACE::2025-12-24.06:17:56::SCWPlatform::Opened existing hwdb gemm_v0_wrapper_2
TRACE::2025-12-24.06:17:56::SCWPlatform::Found the Hw Db part of the input DSA
TRACE::2025-12-24.06:17:56::SCWMssOS::Checking the sw design at  /home/zhou/Desktop/validation_1/vitis/full_system_v0/zynqmp_fsbl/zynqmp_fsbl_bsp/system.mss
TRACE::2025-12-24.06:17:56::SCWMssOS::DEBUG:  swdes dump  /home/zhou/Desktop/validation_1/vitis/full_system_v0/zynqmp_fsbl/zynqmp_fsbl_bsp/system.mss|system||

TRACE::2025-12-24.06:17:56::SCWMssOS::Sw design exists and opened at  /home/zhou/Desktop/validation_1/vitis/full_system_v0/zynqmp_fsbl/zynqmp_fsbl_bsp/system.mss
TRACE::2025-12-24.06:17:56::SCWMssOS:: library already available in sw design:  xilffs:5.3
TRACE::2025-12-24.06:17:56::SCWPlatform::Trying to open the hw design at /home/zhou/Desktop/validation_1/vitis/full_system_v0/hw/new_system_v0_wrapper.xsa
TRACE::2025-12-24.06:17:56::SCWPlatform::DSA given /home/zhou/Desktop/validation_1/vitis/full_system_v0/hw/new_system_v0_wrapper.xsa
TRACE::2025-12-24.06:17:56::SCWPlatform::DSA absoulate path /home/zhou/Desktop/validation_1/vitis/full_system_v0/hw/new_system_v0_wrapper.xsa
TRACE::2025-12-24.06:17:56::SCWPlatform::DSA directory /home/zhou/Desktop/validation_1/vitis/full_system_v0/hw
TRACE::2025-12-24.06:17:56::SCWPlatform:: Platform Path /home/zhou/Desktop/validation_1/vitis/full_system_v0/hw/new_system_v0_wrapper.xsa
TRACE::2025-12-24.06:17:56::SCWPlatform:: Unique name xilinx:::0.0
TRACE::2025-12-24.06:17:56::SCWPlatform::Trying to set the existing hwdb with name gemm_v0_wrapper_2
TRACE::2025-12-24.06:17:56::SCWPlatform::Opened existing hwdb gemm_v0_wrapper_2
TRACE::2025-12-24.06:17:56::SCWPlatform::Found the Hw Db part of the input DSA
TRACE::2025-12-24.06:17:56::SCWMssOS::Checking the sw design at  /home/zhou/Desktop/validation_1/vitis/full_system_v0/zynqmp_fsbl/zynqmp_fsbl_bsp/system.mss
TRACE::2025-12-24.06:17:56::SCWMssOS::DEBUG:  swdes dump  /home/zhou/Desktop/validation_1/vitis/full_system_v0/zynqmp_fsbl/zynqmp_fsbl_bsp/system.mss|system||

TRACE::2025-12-24.06:17:56::SCWMssOS::Sw design exists and opened at  /home/zhou/Desktop/validation_1/vitis/full_system_v0/zynqmp_fsbl/zynqmp_fsbl_bsp/system.mss
TRACE::2025-12-24.06:17:56::SCWMssOS:: library already available in sw design:  xilsecure:5.4
TRACE::2025-12-24.06:17:56::SCWPlatform::Trying to open the hw design at /home/zhou/Desktop/validation_1/vitis/full_system_v0/hw/new_system_v0_wrapper.xsa
TRACE::2025-12-24.06:17:56::SCWPlatform::DSA given /home/zhou/Desktop/validation_1/vitis/full_system_v0/hw/new_system_v0_wrapper.xsa
TRACE::2025-12-24.06:17:56::SCWPlatform::DSA absoulate path /home/zhou/Desktop/validation_1/vitis/full_system_v0/hw/new_system_v0_wrapper.xsa
TRACE::2025-12-24.06:17:56::SCWPlatform::DSA directory /home/zhou/Desktop/validation_1/vitis/full_system_v0/hw
TRACE::2025-12-24.06:17:56::SCWPlatform:: Platform Path /home/zhou/Desktop/validation_1/vitis/full_system_v0/hw/new_system_v0_wrapper.xsa
TRACE::2025-12-24.06:17:56::SCWPlatform:: Unique name xilinx:::0.0
TRACE::2025-12-24.06:17:56::SCWPlatform::Trying to set the existing hwdb with name gemm_v0_wrapper_2
TRACE::2025-12-24.06:17:56::SCWPlatform::Opened existing hwdb gemm_v0_wrapper_2
TRACE::2025-12-24.06:17:56::SCWPlatform::Found the Hw Db part of the input DSA
TRACE::2025-12-24.06:17:56::SCWMssOS::Checking the sw design at  /home/zhou/Desktop/validation_1/vitis/full_system_v0/zynqmp_fsbl/zynqmp_fsbl_bsp/system.mss
TRACE::2025-12-24.06:17:56::SCWMssOS::DEBUG:  swdes dump  /home/zhou/Desktop/validation_1/vitis/full_system_v0/zynqmp_fsbl/zynqmp_fsbl_bsp/system.mss|system||

TRACE::2025-12-24.06:17:56::SCWMssOS::Sw design exists and opened at  /home/zhou/Desktop/validation_1/vitis/full_system_v0/zynqmp_fsbl/zynqmp_fsbl_bsp/system.mss
TRACE::2025-12-24.06:17:56::SCWMssOS:: library already available in sw design:  xilpm:5.3
TRACE::2025-12-24.06:17:56::SCWPlatform::Trying to open the hw design at /home/zhou/Desktop/validation_1/vitis/full_system_v0/hw/new_system_v0_wrapper.xsa
TRACE::2025-12-24.06:17:56::SCWPlatform::DSA given /home/zhou/Desktop/validation_1/vitis/full_system_v0/hw/new_system_v0_wrapper.xsa
TRACE::2025-12-24.06:17:56::SCWPlatform::DSA absoulate path /home/zhou/Desktop/validation_1/vitis/full_system_v0/hw/new_system_v0_wrapper.xsa
TRACE::2025-12-24.06:17:56::SCWPlatform::DSA directory /home/zhou/Desktop/validation_1/vitis/full_system_v0/hw
TRACE::2025-12-24.06:17:56::SCWPlatform:: Platform Path /home/zhou/Desktop/validation_1/vitis/full_system_v0/hw/new_system_v0_wrapper.xsa
TRACE::2025-12-24.06:17:56::SCWPlatform:: Unique name xilinx:::0.0
TRACE::2025-12-24.06:17:56::SCWPlatform::Trying to set the existing hwdb with name gemm_v0_wrapper_2
TRACE::2025-12-24.06:17:56::SCWPlatform::Opened existing hwdb gemm_v0_wrapper_2
TRACE::2025-12-24.06:17:56::SCWPlatform::Found the Hw Db part of the input DSA
TRACE::2025-12-24.06:17:56::SCWMssOS::Checking the sw design at  /home/zhou/Desktop/validation_1/vitis/full_system_v0/zynqmp_fsbl/zynqmp_fsbl_bsp/system.mss
TRACE::2025-12-24.06:17:56::SCWMssOS::DEBUG:  swdes dump  /home/zhou/Desktop/validation_1/vitis/full_system_v0/zynqmp_fsbl/zynqmp_fsbl_bsp/system.mss|system||

TRACE::2025-12-24.06:17:56::SCWMssOS::Sw design exists and opened at  /home/zhou/Desktop/validation_1/vitis/full_system_v0/zynqmp_fsbl/zynqmp_fsbl_bsp/system.mss
TRACE::2025-12-24.06:17:56::SCWPlatform::Trying to open the hw design at /home/zhou/Desktop/validation_1/vitis/full_system_v0/hw/new_system_v0_wrapper.xsa
TRACE::2025-12-24.06:17:56::SCWPlatform::DSA given /home/zhou/Desktop/validation_1/vitis/full_system_v0/hw/new_system_v0_wrapper.xsa
TRACE::2025-12-24.06:17:56::SCWPlatform::DSA absoulate path /home/zhou/Desktop/validation_1/vitis/full_system_v0/hw/new_system_v0_wrapper.xsa
TRACE::2025-12-24.06:17:56::SCWPlatform::DSA directory /home/zhou/Desktop/validation_1/vitis/full_system_v0/hw
TRACE::2025-12-24.06:17:56::SCWPlatform:: Platform Path /home/zhou/Desktop/validation_1/vitis/full_system_v0/hw/new_system_v0_wrapper.xsa
TRACE::2025-12-24.06:17:56::SCWPlatform:: Unique name xilinx:::0.0
TRACE::2025-12-24.06:17:56::SCWPlatform::Trying to set the existing hwdb with name gemm_v0_wrapper_2
TRACE::2025-12-24.06:17:56::SCWPlatform::Opened existing hwdb gemm_v0_wrapper_2
TRACE::2025-12-24.06:17:56::SCWPlatform::Found the Hw Db part of the input DSA
TRACE::2025-12-24.06:17:56::SCWMssOS::Checking the sw design at  /home/zhou/Desktop/validation_1/vitis/full_system_v0/zynqmp_fsbl/zynqmp_fsbl_bsp/system.mss
TRACE::2025-12-24.06:17:56::SCWMssOS::DEBUG:  swdes dump  /home/zhou/Desktop/validation_1/vitis/full_system_v0/zynqmp_fsbl/zynqmp_fsbl_bsp/system.mss|system||

TRACE::2025-12-24.06:17:56::SCWMssOS::Sw design exists and opened at  /home/zhou/Desktop/validation_1/vitis/full_system_v0/zynqmp_fsbl/zynqmp_fsbl_bsp/system.mss
TRACE::2025-12-24.06:17:56::SCWPlatform::Trying to open the hw design at /home/zhou/Desktop/validation_1/vitis/full_system_v0/hw/new_system_v0_wrapper.xsa
TRACE::2025-12-24.06:17:56::SCWPlatform::DSA given /home/zhou/Desktop/validation_1/vitis/full_system_v0/hw/new_system_v0_wrapper.xsa
TRACE::2025-12-24.06:17:56::SCWPlatform::DSA absoulate path /home/zhou/Desktop/validation_1/vitis/full_system_v0/hw/new_system_v0_wrapper.xsa
TRACE::2025-12-24.06:17:56::SCWPlatform::DSA directory /home/zhou/Desktop/validation_1/vitis/full_system_v0/hw
TRACE::2025-12-24.06:17:56::SCWPlatform:: Platform Path /home/zhou/Desktop/validation_1/vitis/full_system_v0/hw/new_system_v0_wrapper.xsa
TRACE::2025-12-24.06:17:56::SCWPlatform:: Unique name xilinx:::0.0
TRACE::2025-12-24.06:17:56::SCWPlatform::Trying to set the existing hwdb with name gemm_v0_wrapper_2
TRACE::2025-12-24.06:17:56::SCWPlatform::Opened existing hwdb gemm_v0_wrapper_2
TRACE::2025-12-24.06:17:56::SCWPlatform::Found the Hw Db part of the input DSA
TRACE::2025-12-24.06:17:56::SCWMssOS::Checking the sw design at  /home/zhou/Desktop/validation_1/vitis/full_system_v0/zynqmp_fsbl/zynqmp_fsbl_bsp/system.mss
TRACE::2025-12-24.06:17:56::SCWMssOS::DEBUG:  swdes dump  /home/zhou/Desktop/validation_1/vitis/full_system_v0/zynqmp_fsbl/zynqmp_fsbl_bsp/system.mss|system||

TRACE::2025-12-24.06:17:56::SCWMssOS::Sw design exists and opened at  /home/zhou/Desktop/validation_1/vitis/full_system_v0/zynqmp_fsbl/zynqmp_fsbl_bsp/system.mss
TRACE::2025-12-24.06:17:56::SCWPlatform::Trying to open the hw design at /home/zhou/Desktop/validation_1/vitis/full_system_v0/hw/new_system_v0_wrapper.xsa
TRACE::2025-12-24.06:17:56::SCWPlatform::DSA given /home/zhou/Desktop/validation_1/vitis/full_system_v0/hw/new_system_v0_wrapper.xsa
TRACE::2025-12-24.06:17:56::SCWPlatform::DSA absoulate path /home/zhou/Desktop/validation_1/vitis/full_system_v0/hw/new_system_v0_wrapper.xsa
TRACE::2025-12-24.06:17:56::SCWPlatform::DSA directory /home/zhou/Desktop/validation_1/vitis/full_system_v0/hw
TRACE::2025-12-24.06:17:56::SCWPlatform:: Platform Path /home/zhou/Desktop/validation_1/vitis/full_system_v0/hw/new_system_v0_wrapper.xsa
TRACE::2025-12-24.06:17:56::SCWPlatform:: Unique name xilinx:::0.0
TRACE::2025-12-24.06:17:56::SCWPlatform::Trying to set the existing hwdb with name gemm_v0_wrapper_2
TRACE::2025-12-24.06:17:56::SCWPlatform::Opened existing hwdb gemm_v0_wrapper_2
TRACE::2025-12-24.06:17:56::SCWPlatform::Found the Hw Db part of the input DSA
TRACE::2025-12-24.06:17:56::SCWMssOS::Checking the sw design at  /home/zhou/Desktop/validation_1/vitis/full_system_v0/zynqmp_fsbl/zynqmp_fsbl_bsp/system.mss
TRACE::2025-12-24.06:17:56::SCWMssOS::DEBUG:  swdes dump  /home/zhou/Desktop/validation_1/vitis/full_system_v0/zynqmp_fsbl/zynqmp_fsbl_bsp/system.mss|system||

TRACE::2025-12-24.06:17:56::SCWMssOS::Sw design exists and opened at  /home/zhou/Desktop/validation_1/vitis/full_system_v0/zynqmp_fsbl/zynqmp_fsbl_bsp/system.mss
TRACE::2025-12-24.06:17:56::SCWPlatform::Trying to open the hw design at /home/zhou/Desktop/validation_1/vitis/full_system_v0/hw/new_system_v0_wrapper.xsa
TRACE::2025-12-24.06:17:56::SCWPlatform::DSA given /home/zhou/Desktop/validation_1/vitis/full_system_v0/hw/new_system_v0_wrapper.xsa
TRACE::2025-12-24.06:17:56::SCWPlatform::DSA absoulate path /home/zhou/Desktop/validation_1/vitis/full_system_v0/hw/new_system_v0_wrapper.xsa
TRACE::2025-12-24.06:17:56::SCWPlatform::DSA directory /home/zhou/Desktop/validation_1/vitis/full_system_v0/hw
TRACE::2025-12-24.06:17:56::SCWPlatform:: Platform Path /home/zhou/Desktop/validation_1/vitis/full_system_v0/hw/new_system_v0_wrapper.xsa
TRACE::2025-12-24.06:17:56::SCWPlatform:: Unique name xilinx:::0.0
TRACE::2025-12-24.06:17:56::SCWPlatform::Trying to set the existing hwdb with name gemm_v0_wrapper_2
TRACE::2025-12-24.06:17:56::SCWPlatform::Opened existing hwdb gemm_v0_wrapper_2
TRACE::2025-12-24.06:17:56::SCWPlatform::Found the Hw Db part of the input DSA
TRACE::2025-12-24.06:17:56::SCWMssOS::Checking the sw design at  /home/zhou/Desktop/validation_1/vitis/full_system_v0/zynqmp_fsbl/zynqmp_fsbl_bsp/system.mss
TRACE::2025-12-24.06:17:56::SCWMssOS::DEBUG:  swdes dump  /home/zhou/Desktop/validation_1/vitis/full_system_v0/zynqmp_fsbl/zynqmp_fsbl_bsp/system.mss|system||

TRACE::2025-12-24.06:17:56::SCWMssOS::Sw design exists and opened at  /home/zhou/Desktop/validation_1/vitis/full_system_v0/zynqmp_fsbl/zynqmp_fsbl_bsp/system.mss
TRACE::2025-12-24.06:17:56::SCWPlatform::Trying to open the hw design at /home/zhou/Desktop/validation_1/vitis/full_system_v0/hw/new_system_v0_wrapper.xsa
TRACE::2025-12-24.06:17:56::SCWPlatform::DSA given /home/zhou/Desktop/validation_1/vitis/full_system_v0/hw/new_system_v0_wrapper.xsa
TRACE::2025-12-24.06:17:56::SCWPlatform::DSA absoulate path /home/zhou/Desktop/validation_1/vitis/full_system_v0/hw/new_system_v0_wrapper.xsa
TRACE::2025-12-24.06:17:56::SCWPlatform::DSA directory /home/zhou/Desktop/validation_1/vitis/full_system_v0/hw
TRACE::2025-12-24.06:17:56::SCWPlatform:: Platform Path /home/zhou/Desktop/validation_1/vitis/full_system_v0/hw/new_system_v0_wrapper.xsa
TRACE::2025-12-24.06:17:56::SCWPlatform:: Unique name xilinx:::0.0
TRACE::2025-12-24.06:17:56::SCWPlatform::Trying to set the existing hwdb with name gemm_v0_wrapper_2
TRACE::2025-12-24.06:17:56::SCWPlatform::Opened existing hwdb gemm_v0_wrapper_2
TRACE::2025-12-24.06:17:56::SCWPlatform::Found the Hw Db part of the input DSA
TRACE::2025-12-24.06:17:56::SCWMssOS::Checking the sw design at  /home/zhou/Desktop/validation_1/vitis/full_system_v0/zynqmp_fsbl/zynqmp_fsbl_bsp/system.mss
TRACE::2025-12-24.06:17:56::SCWMssOS::DEBUG:  swdes dump  /home/zhou/Desktop/validation_1/vitis/full_system_v0/zynqmp_fsbl/zynqmp_fsbl_bsp/system.mss|system||

TRACE::2025-12-24.06:17:56::SCWMssOS::Sw design exists and opened at  /home/zhou/Desktop/validation_1/vitis/full_system_v0/zynqmp_fsbl/zynqmp_fsbl_bsp/system.mss
TRACE::2025-12-24.06:17:56::SCWPlatform::Trying to open the hw design at /home/zhou/Desktop/validation_1/vitis/full_system_v0/hw/new_system_v0_wrapper.xsa
TRACE::2025-12-24.06:17:56::SCWPlatform::DSA given /home/zhou/Desktop/validation_1/vitis/full_system_v0/hw/new_system_v0_wrapper.xsa
TRACE::2025-12-24.06:17:56::SCWPlatform::DSA absoulate path /home/zhou/Desktop/validation_1/vitis/full_system_v0/hw/new_system_v0_wrapper.xsa
TRACE::2025-12-24.06:17:56::SCWPlatform::DSA directory /home/zhou/Desktop/validation_1/vitis/full_system_v0/hw
TRACE::2025-12-24.06:17:56::SCWPlatform:: Platform Path /home/zhou/Desktop/validation_1/vitis/full_system_v0/hw/new_system_v0_wrapper.xsa
TRACE::2025-12-24.06:17:56::SCWPlatform:: Unique name xilinx:::0.0
TRACE::2025-12-24.06:17:56::SCWPlatform::Trying to set the existing hwdb with name gemm_v0_wrapper_2
TRACE::2025-12-24.06:17:56::SCWPlatform::Opened existing hwdb gemm_v0_wrapper_2
TRACE::2025-12-24.06:17:56::SCWPlatform::Found the Hw Db part of the input DSA
TRACE::2025-12-24.06:17:56::SCWMssOS::Checking the sw design at  /home/zhou/Desktop/validation_1/vitis/full_system_v0/zynqmp_fsbl/zynqmp_fsbl_bsp/system.mss
TRACE::2025-12-24.06:17:56::SCWMssOS::DEBUG:  swdes dump  /home/zhou/Desktop/validation_1/vitis/full_system_v0/zynqmp_fsbl/zynqmp_fsbl_bsp/system.mss|system||

TRACE::2025-12-24.06:17:56::SCWMssOS::Sw design exists and opened at  /home/zhou/Desktop/validation_1/vitis/full_system_v0/zynqmp_fsbl/zynqmp_fsbl_bsp/system.mss
TRACE::2025-12-24.06:17:56::SCWPlatform::Trying to open the hw design at /home/zhou/Desktop/validation_1/vitis/full_system_v0/hw/new_system_v0_wrapper.xsa
TRACE::2025-12-24.06:17:56::SCWPlatform::DSA given /home/zhou/Desktop/validation_1/vitis/full_system_v0/hw/new_system_v0_wrapper.xsa
TRACE::2025-12-24.06:17:56::SCWPlatform::DSA absoulate path /home/zhou/Desktop/validation_1/vitis/full_system_v0/hw/new_system_v0_wrapper.xsa
TRACE::2025-12-24.06:17:56::SCWPlatform::DSA directory /home/zhou/Desktop/validation_1/vitis/full_system_v0/hw
TRACE::2025-12-24.06:17:56::SCWPlatform:: Platform Path /home/zhou/Desktop/validation_1/vitis/full_system_v0/hw/new_system_v0_wrapper.xsa
TRACE::2025-12-24.06:17:56::SCWPlatform:: Unique name xilinx:::0.0
TRACE::2025-12-24.06:17:56::SCWPlatform::Trying to set the existing hwdb with name gemm_v0_wrapper_2
TRACE::2025-12-24.06:17:56::SCWPlatform::Opened existing hwdb gemm_v0_wrapper_2
TRACE::2025-12-24.06:17:56::SCWPlatform::Found the Hw Db part of the input DSA
TRACE::2025-12-24.06:17:56::SCWMssOS::Checking the sw design at  /home/zhou/Desktop/validation_1/vitis/full_system_v0/zynqmp_fsbl/zynqmp_fsbl_bsp/system.mss
TRACE::2025-12-24.06:17:56::SCWMssOS::DEBUG:  swdes dump  /home/zhou/Desktop/validation_1/vitis/full_system_v0/zynqmp_fsbl/zynqmp_fsbl_bsp/system.mss|system||

TRACE::2025-12-24.06:17:56::SCWMssOS::Sw design exists and opened at  /home/zhou/Desktop/validation_1/vitis/full_system_v0/zynqmp_fsbl/zynqmp_fsbl_bsp/system.mss
TRACE::2025-12-24.06:17:56::SCWMssOS::Saving the mss changes /home/zhou/Desktop/validation_1/vitis/full_system_v0/zynqmp_fsbl/zynqmp_fsbl_bsp/system.mss
TRACE::2025-12-24.06:17:56::SCWMssOS::Found a swdesign opened with the mssfile.
TRACE::2025-12-24.06:17:56::SCWMssOS::Completed writemss as part of save.
TRACE::2025-12-24.06:17:56::SCWMssOS::Commit changes completed.
TRACE::2025-12-24.06:17:56::SCWReader::Adding prebuilt librarypaths as   
TRACE::2025-12-24.06:17:56::SCWReader::Adding prebuilt incpaths  as   
TRACE::2025-12-24.06:17:56::SCWPlatform::Trying to open the hw design at /home/zhou/Desktop/validation_1/vitis/full_system_v0/hw/new_system_v0_wrapper.xsa
TRACE::2025-12-24.06:17:56::SCWPlatform::DSA given /home/zhou/Desktop/validation_1/vitis/full_system_v0/hw/new_system_v0_wrapper.xsa
TRACE::2025-12-24.06:17:56::SCWPlatform::DSA absoulate path /home/zhou/Desktop/validation_1/vitis/full_system_v0/hw/new_system_v0_wrapper.xsa
TRACE::2025-12-24.06:17:56::SCWPlatform::DSA directory /home/zhou/Desktop/validation_1/vitis/full_system_v0/hw
TRACE::2025-12-24.06:17:56::SCWPlatform:: Platform Path /home/zhou/Desktop/validation_1/vitis/full_system_v0/hw/new_system_v0_wrapper.xsa
TRACE::2025-12-24.06:17:56::SCWPlatform:: Unique name xilinx:::0.0
TRACE::2025-12-24.06:17:56::SCWPlatform::Trying to set the existing hwdb with name gemm_v0_wrapper_2
TRACE::2025-12-24.06:17:56::SCWPlatform::Opened existing hwdb gemm_v0_wrapper_2
TRACE::2025-12-24.06:17:56::SCWPlatform::Found the Hw Db part of the input DSA
TRACE::2025-12-24.06:17:56::SCWMssOS::Checking the sw design at  /home/zhou/Desktop/validation_1/vitis/full_system_v0/zynqmp_fsbl/zynqmp_fsbl_bsp/system.mss
TRACE::2025-12-24.06:17:56::SCWMssOS::DEBUG:  swdes dump  /home/zhou/Desktop/validation_1/vitis/full_system_v0/zynqmp_fsbl/zynqmp_fsbl_bsp/system.mss|system||

TRACE::2025-12-24.06:17:56::SCWMssOS::Sw design exists and opened at  /home/zhou/Desktop/validation_1/vitis/full_system_v0/zynqmp_fsbl/zynqmp_fsbl_bsp/system.mss
TRACE::2025-12-24.06:17:56::SCWReader::No isolation master present  
TRACE::2025-12-24.06:17:56::SCWDomain::checking for install qemu data   : 
TRACE::2025-12-24.06:17:56::SCWDomain:: Using the QEMU Data from install at  : /tools/Xilinx/Vitis/2024.2/data/emulation/platforms/zynqmp/sw/a53_standalone/qemu/
TRACE::2025-12-24.06:17:56::SCWDomain:: Using the QEMU args  from install at  : /tools/Xilinx/Vitis/2024.2/data/emulation/platforms/zynqmp/sw/a53_standalone/qemu/qemu_args.txt
TRACE::2025-12-24.06:17:56::SCWDomain:: Using the PMUQEMU args from install at  : /tools/Xilinx/Vitis/2024.2/data/emulation/platforms/zynqmp/sw/a53_standalone/qemu/pmu_args.txt
TRACE::2025-12-24.06:17:56::SCWPlatform::Trying to open the hw design at /home/zhou/Desktop/validation_1/vitis/full_system_v0/hw/new_system_v0_wrapper.xsa
TRACE::2025-12-24.06:17:56::SCWPlatform::DSA given /home/zhou/Desktop/validation_1/vitis/full_system_v0/hw/new_system_v0_wrapper.xsa
TRACE::2025-12-24.06:17:56::SCWPlatform::DSA absoulate path /home/zhou/Desktop/validation_1/vitis/full_system_v0/hw/new_system_v0_wrapper.xsa
TRACE::2025-12-24.06:17:56::SCWPlatform::DSA directory /home/zhou/Desktop/validation_1/vitis/full_system_v0/hw
TRACE::2025-12-24.06:17:56::SCWPlatform:: Platform Path /home/zhou/Desktop/validation_1/vitis/full_system_v0/hw/new_system_v0_wrapper.xsa
TRACE::2025-12-24.06:17:56::SCWPlatform:: Unique name xilinx:::0.0
TRACE::2025-12-24.06:17:56::SCWPlatform::Trying to set the existing hwdb with name gemm_v0_wrapper_2
TRACE::2025-12-24.06:17:56::SCWPlatform::Opened existing hwdb gemm_v0_wrapper_2
TRACE::2025-12-24.06:17:56::SCWPlatform::Found the Hw Db part of the input DSA
TRACE::2025-12-24.06:17:56::SCWReader::Boot application domain added for zynqmp_pmufw
TRACE::2025-12-24.06:17:56::SCWPlatform::Trying to open the hw design at /home/zhou/Desktop/validation_1/vitis/full_system_v0/hw/new_system_v0_wrapper.xsa
TRACE::2025-12-24.06:17:56::SCWPlatform::DSA given /home/zhou/Desktop/validation_1/vitis/full_system_v0/hw/new_system_v0_wrapper.xsa
TRACE::2025-12-24.06:17:56::SCWPlatform::DSA absoulate path /home/zhou/Desktop/validation_1/vitis/full_system_v0/hw/new_system_v0_wrapper.xsa
TRACE::2025-12-24.06:17:56::SCWPlatform::DSA directory /home/zhou/Desktop/validation_1/vitis/full_system_v0/hw
TRACE::2025-12-24.06:17:56::SCWPlatform:: Platform Path /home/zhou/Desktop/validation_1/vitis/full_system_v0/hw/new_system_v0_wrapper.xsa
TRACE::2025-12-24.06:17:56::SCWPlatform:: Unique name xilinx:::0.0
TRACE::2025-12-24.06:17:56::SCWPlatform::Trying to set the existing hwdb with name gemm_v0_wrapper_2
TRACE::2025-12-24.06:17:56::SCWPlatform::Opened existing hwdb gemm_v0_wrapper_2
TRACE::2025-12-24.06:17:56::SCWPlatform::Found the Hw Db part of the input DSA
TRACE::2025-12-24.06:17:56::SCWMssOS::Checking the sw design at  /home/zhou/Desktop/validation_1/vitis/full_system_v0/zynqmp_pmufw/zynqmp_pmufw_bsp/system.mss
TRACE::2025-12-24.06:17:56::SCWMssOS::DEBUG:  swdes dump  /home/zhou/Desktop/validation_1/vitis/full_system_v0/zynqmp_fsbl/zynqmp_fsbl_bsp/system.mss|system||

TRACE::2025-12-24.06:17:56::SCWMssOS::No sw design opened at  /home/zhou/Desktop/validation_1/vitis/full_system_v0/zynqmp_pmufw/zynqmp_pmufw_bsp/system.mss
TRACE::2025-12-24.06:17:56::SCWMssOS::mss exists loading the mss file  /home/zhou/Desktop/validation_1/vitis/full_system_v0/zynqmp_pmufw/zynqmp_pmufw_bsp/system.mss
TRACE::2025-12-24.06:17:56::SCWMssOS::Opened the sw design from mss  /home/zhou/Desktop/validation_1/vitis/full_system_v0/zynqmp_pmufw/zynqmp_pmufw_bsp/system.mss
TRACE::2025-12-24.06:17:56::SCWMssOS::Adding the swdes entry /home/zhou/Desktop/validation_1/vitis/full_system_v0/zynqmp_pmufw/zynqmp_pmufw_bsp/system.mss with des name system_0
TRACE::2025-12-24.06:17:56::SCWMssOS::updating the scw layer about changes
TRACE::2025-12-24.06:17:56::SCWMssOS::Opened the sw design.  /home/zhou/Desktop/validation_1/vitis/full_system_v0/zynqmp_pmufw/zynqmp_pmufw_bsp/system.mss
TRACE::2025-12-24.06:17:56::SCWPlatform::Trying to open the hw design at /home/zhou/Desktop/validation_1/vitis/full_system_v0/hw/new_system_v0_wrapper.xsa
TRACE::2025-12-24.06:17:56::SCWPlatform::DSA given /home/zhou/Desktop/validation_1/vitis/full_system_v0/hw/new_system_v0_wrapper.xsa
TRACE::2025-12-24.06:17:56::SCWPlatform::DSA absoulate path /home/zhou/Desktop/validation_1/vitis/full_system_v0/hw/new_system_v0_wrapper.xsa
TRACE::2025-12-24.06:17:56::SCWPlatform::DSA directory /home/zhou/Desktop/validation_1/vitis/full_system_v0/hw
TRACE::2025-12-24.06:17:56::SCWPlatform:: Platform Path /home/zhou/Desktop/validation_1/vitis/full_system_v0/hw/new_system_v0_wrapper.xsa
TRACE::2025-12-24.06:17:56::SCWPlatform:: Unique name xilinx:::0.0
TRACE::2025-12-24.06:17:56::SCWPlatform::Trying to set the existing hwdb with name gemm_v0_wrapper_2
TRACE::2025-12-24.06:17:56::SCWPlatform::Opened existing hwdb gemm_v0_wrapper_2
TRACE::2025-12-24.06:17:56::SCWPlatform::Found the Hw Db part of the input DSA
TRACE::2025-12-24.06:17:56::SCWMssOS::Checking the sw design at  /home/zhou/Desktop/validation_1/vitis/full_system_v0/zynqmp_pmufw/zynqmp_pmufw_bsp/system.mss
TRACE::2025-12-24.06:17:56::SCWMssOS::DEBUG:  swdes dump  /home/zhou/Desktop/validation_1/vitis/full_system_v0/zynqmp_fsbl/zynqmp_fsbl_bsp/system.mss|system||
/home/zhou/Desktop/validation_1/vitis/full_system_v0/zynqmp_pmufw/zynqmp_pmufw_bsp/system.mss|system_0||

TRACE::2025-12-24.06:17:56::SCWMssOS::Sw design exists and opened at  /home/zhou/Desktop/validation_1/vitis/full_system_v0/zynqmp_pmufw/zynqmp_pmufw_bsp/system.mss
TRACE::2025-12-24.06:17:56::SCWMssOS:: library already available in sw design:  xilfpga:6.7
TRACE::2025-12-24.06:17:56::SCWPlatform::Trying to open the hw design at /home/zhou/Desktop/validation_1/vitis/full_system_v0/hw/new_system_v0_wrapper.xsa
TRACE::2025-12-24.06:17:56::SCWPlatform::DSA given /home/zhou/Desktop/validation_1/vitis/full_system_v0/hw/new_system_v0_wrapper.xsa
TRACE::2025-12-24.06:17:56::SCWPlatform::DSA absoulate path /home/zhou/Desktop/validation_1/vitis/full_system_v0/hw/new_system_v0_wrapper.xsa
TRACE::2025-12-24.06:17:56::SCWPlatform::DSA directory /home/zhou/Desktop/validation_1/vitis/full_system_v0/hw
TRACE::2025-12-24.06:17:56::SCWPlatform:: Platform Path /home/zhou/Desktop/validation_1/vitis/full_system_v0/hw/new_system_v0_wrapper.xsa
TRACE::2025-12-24.06:17:56::SCWPlatform:: Unique name xilinx:::0.0
TRACE::2025-12-24.06:17:56::SCWPlatform::Trying to set the existing hwdb with name gemm_v0_wrapper_2
TRACE::2025-12-24.06:17:56::SCWPlatform::Opened existing hwdb gemm_v0_wrapper_2
TRACE::2025-12-24.06:17:56::SCWPlatform::Found the Hw Db part of the input DSA
TRACE::2025-12-24.06:17:56::SCWMssOS::Checking the sw design at  /home/zhou/Desktop/validation_1/vitis/full_system_v0/zynqmp_pmufw/zynqmp_pmufw_bsp/system.mss
TRACE::2025-12-24.06:17:56::SCWMssOS::DEBUG:  swdes dump  /home/zhou/Desktop/validation_1/vitis/full_system_v0/zynqmp_fsbl/zynqmp_fsbl_bsp/system.mss|system||
/home/zhou/Desktop/validation_1/vitis/full_system_v0/zynqmp_pmufw/zynqmp_pmufw_bsp/system.mss|system_0||

TRACE::2025-12-24.06:17:56::SCWMssOS::Sw design exists and opened at  /home/zhou/Desktop/validation_1/vitis/full_system_v0/zynqmp_pmufw/zynqmp_pmufw_bsp/system.mss
TRACE::2025-12-24.06:17:56::SCWMssOS:: library already available in sw design:  xilsecure:5.4
TRACE::2025-12-24.06:17:56::SCWPlatform::Trying to open the hw design at /home/zhou/Desktop/validation_1/vitis/full_system_v0/hw/new_system_v0_wrapper.xsa
TRACE::2025-12-24.06:17:56::SCWPlatform::DSA given /home/zhou/Desktop/validation_1/vitis/full_system_v0/hw/new_system_v0_wrapper.xsa
TRACE::2025-12-24.06:17:56::SCWPlatform::DSA absoulate path /home/zhou/Desktop/validation_1/vitis/full_system_v0/hw/new_system_v0_wrapper.xsa
TRACE::2025-12-24.06:17:56::SCWPlatform::DSA directory /home/zhou/Desktop/validation_1/vitis/full_system_v0/hw
TRACE::2025-12-24.06:17:56::SCWPlatform:: Platform Path /home/zhou/Desktop/validation_1/vitis/full_system_v0/hw/new_system_v0_wrapper.xsa
TRACE::2025-12-24.06:17:56::SCWPlatform:: Unique name xilinx:::0.0
TRACE::2025-12-24.06:17:56::SCWPlatform::Trying to set the existing hwdb with name gemm_v0_wrapper_2
TRACE::2025-12-24.06:17:56::SCWPlatform::Opened existing hwdb gemm_v0_wrapper_2
TRACE::2025-12-24.06:17:56::SCWPlatform::Found the Hw Db part of the input DSA
TRACE::2025-12-24.06:17:56::SCWMssOS::Checking the sw design at  /home/zhou/Desktop/validation_1/vitis/full_system_v0/zynqmp_pmufw/zynqmp_pmufw_bsp/system.mss
TRACE::2025-12-24.06:17:56::SCWMssOS::DEBUG:  swdes dump  /home/zhou/Desktop/validation_1/vitis/full_system_v0/zynqmp_fsbl/zynqmp_fsbl_bsp/system.mss|system||
/home/zhou/Desktop/validation_1/vitis/full_system_v0/zynqmp_pmufw/zynqmp_pmufw_bsp/system.mss|system_0||

TRACE::2025-12-24.06:17:56::SCWMssOS::Sw design exists and opened at  /home/zhou/Desktop/validation_1/vitis/full_system_v0/zynqmp_pmufw/zynqmp_pmufw_bsp/system.mss
TRACE::2025-12-24.06:17:56::SCWMssOS:: library already available in sw design:  xilskey:7.6
TRACE::2025-12-24.06:17:56::SCWPlatform::Trying to open the hw design at /home/zhou/Desktop/validation_1/vitis/full_system_v0/hw/new_system_v0_wrapper.xsa
TRACE::2025-12-24.06:17:56::SCWPlatform::DSA given /home/zhou/Desktop/validation_1/vitis/full_system_v0/hw/new_system_v0_wrapper.xsa
TRACE::2025-12-24.06:17:56::SCWPlatform::DSA absoulate path /home/zhou/Desktop/validation_1/vitis/full_system_v0/hw/new_system_v0_wrapper.xsa
TRACE::2025-12-24.06:17:56::SCWPlatform::DSA directory /home/zhou/Desktop/validation_1/vitis/full_system_v0/hw
TRACE::2025-12-24.06:17:56::SCWPlatform:: Platform Path /home/zhou/Desktop/validation_1/vitis/full_system_v0/hw/new_system_v0_wrapper.xsa
TRACE::2025-12-24.06:17:56::SCWPlatform:: Unique name xilinx:::0.0
TRACE::2025-12-24.06:17:56::SCWPlatform::Trying to set the existing hwdb with name gemm_v0_wrapper_2
TRACE::2025-12-24.06:17:56::SCWPlatform::Opened existing hwdb gemm_v0_wrapper_2
TRACE::2025-12-24.06:17:56::SCWPlatform::Found the Hw Db part of the input DSA
TRACE::2025-12-24.06:17:56::SCWMssOS::Checking the sw design at  /home/zhou/Desktop/validation_1/vitis/full_system_v0/zynqmp_pmufw/zynqmp_pmufw_bsp/system.mss
TRACE::2025-12-24.06:17:56::SCWMssOS::DEBUG:  swdes dump  /home/zhou/Desktop/validation_1/vitis/full_system_v0/zynqmp_fsbl/zynqmp_fsbl_bsp/system.mss|system||
/home/zhou/Desktop/validation_1/vitis/full_system_v0/zynqmp_pmufw/zynqmp_pmufw_bsp/system.mss|system_0||

TRACE::2025-12-24.06:17:56::SCWMssOS::Sw design exists and opened at  /home/zhou/Desktop/validation_1/vitis/full_system_v0/zynqmp_pmufw/zynqmp_pmufw_bsp/system.mss
TRACE::2025-12-24.06:17:56::SCWPlatform::Trying to open the hw design at /home/zhou/Desktop/validation_1/vitis/full_system_v0/hw/new_system_v0_wrapper.xsa
TRACE::2025-12-24.06:17:56::SCWPlatform::DSA given /home/zhou/Desktop/validation_1/vitis/full_system_v0/hw/new_system_v0_wrapper.xsa
TRACE::2025-12-24.06:17:56::SCWPlatform::DSA absoulate path /home/zhou/Desktop/validation_1/vitis/full_system_v0/hw/new_system_v0_wrapper.xsa
TRACE::2025-12-24.06:17:56::SCWPlatform::DSA directory /home/zhou/Desktop/validation_1/vitis/full_system_v0/hw
TRACE::2025-12-24.06:17:56::SCWPlatform:: Platform Path /home/zhou/Desktop/validation_1/vitis/full_system_v0/hw/new_system_v0_wrapper.xsa
TRACE::2025-12-24.06:17:56::SCWPlatform:: Unique name xilinx:::0.0
TRACE::2025-12-24.06:17:56::SCWPlatform::Trying to set the existing hwdb with name gemm_v0_wrapper_2
TRACE::2025-12-24.06:17:56::SCWPlatform::Opened existing hwdb gemm_v0_wrapper_2
TRACE::2025-12-24.06:17:56::SCWPlatform::Found the Hw Db part of the input DSA
TRACE::2025-12-24.06:17:56::SCWMssOS::Checking the sw design at  /home/zhou/Desktop/validation_1/vitis/full_system_v0/zynqmp_pmufw/zynqmp_pmufw_bsp/system.mss
TRACE::2025-12-24.06:17:56::SCWMssOS::DEBUG:  swdes dump  /home/zhou/Desktop/validation_1/vitis/full_system_v0/zynqmp_fsbl/zynqmp_fsbl_bsp/system.mss|system||
/home/zhou/Desktop/validation_1/vitis/full_system_v0/zynqmp_pmufw/zynqmp_pmufw_bsp/system.mss|system_0||

TRACE::2025-12-24.06:17:56::SCWMssOS::Sw design exists and opened at  /home/zhou/Desktop/validation_1/vitis/full_system_v0/zynqmp_pmufw/zynqmp_pmufw_bsp/system.mss
TRACE::2025-12-24.06:17:56::SCWMssOS::Saving the mss changes /home/zhou/Desktop/validation_1/vitis/full_system_v0/zynqmp_pmufw/zynqmp_pmufw_bsp/system.mss
TRACE::2025-12-24.06:17:56::SCWMssOS::Found a swdesign opened with the mssfile.
TRACE::2025-12-24.06:17:56::SCWMssOS::Completed writemss as part of save.
TRACE::2025-12-24.06:17:56::SCWMssOS::Commit changes completed.
TRACE::2025-12-24.06:17:56::SCWReader::Adding prebuilt librarypaths as   
TRACE::2025-12-24.06:17:56::SCWReader::Adding prebuilt incpaths  as   
TRACE::2025-12-24.06:17:56::SCWPlatform::Trying to open the hw design at /home/zhou/Desktop/validation_1/vitis/full_system_v0/hw/new_system_v0_wrapper.xsa
TRACE::2025-12-24.06:17:56::SCWPlatform::DSA given /home/zhou/Desktop/validation_1/vitis/full_system_v0/hw/new_system_v0_wrapper.xsa
TRACE::2025-12-24.06:17:56::SCWPlatform::DSA absoulate path /home/zhou/Desktop/validation_1/vitis/full_system_v0/hw/new_system_v0_wrapper.xsa
TRACE::2025-12-24.06:17:56::SCWPlatform::DSA directory /home/zhou/Desktop/validation_1/vitis/full_system_v0/hw
TRACE::2025-12-24.06:17:56::SCWPlatform:: Platform Path /home/zhou/Desktop/validation_1/vitis/full_system_v0/hw/new_system_v0_wrapper.xsa
TRACE::2025-12-24.06:17:56::SCWPlatform:: Unique name xilinx:::0.0
TRACE::2025-12-24.06:17:56::SCWPlatform::Trying to set the existing hwdb with name gemm_v0_wrapper_2
TRACE::2025-12-24.06:17:56::SCWPlatform::Opened existing hwdb gemm_v0_wrapper_2
TRACE::2025-12-24.06:17:56::SCWPlatform::Found the Hw Db part of the input DSA
TRACE::2025-12-24.06:17:56::SCWMssOS::Checking the sw design at  /home/zhou/Desktop/validation_1/vitis/full_system_v0/zynqmp_pmufw/zynqmp_pmufw_bsp/system.mss
TRACE::2025-12-24.06:17:56::SCWMssOS::DEBUG:  swdes dump  /home/zhou/Desktop/validation_1/vitis/full_system_v0/zynqmp_fsbl/zynqmp_fsbl_bsp/system.mss|system||
/home/zhou/Desktop/validation_1/vitis/full_system_v0/zynqmp_pmufw/zynqmp_pmufw_bsp/system.mss|system_0||

TRACE::2025-12-24.06:17:56::SCWMssOS::Sw design exists and opened at  /home/zhou/Desktop/validation_1/vitis/full_system_v0/zynqmp_pmufw/zynqmp_pmufw_bsp/system.mss
TRACE::2025-12-24.06:17:56::SCWReader::No isolation master present  
TRACE::2025-12-24.06:17:56::SCWDomain::checking for install qemu data   : 
TRACE::2025-12-24.06:17:56::SCWDomain:: Using the QEMU Data from install at  : /tools/Xilinx/Vitis/2024.2/data/emulation/platforms/zynqmp/sw/a53_standalone/qemu/
TRACE::2025-12-24.06:17:56::SCWDomain:: Using the QEMU args  from install at  : /tools/Xilinx/Vitis/2024.2/data/emulation/platforms/zynqmp/sw/a53_standalone/qemu/qemu_args.txt
TRACE::2025-12-24.06:17:56::SCWDomain:: Using the PMUQEMU args from install at  : /tools/Xilinx/Vitis/2024.2/data/emulation/platforms/zynqmp/sw/a53_standalone/qemu/pmu_args.txt
TRACE::2025-12-24.06:17:56::SCWPlatform::Trying to open the hw design at /home/zhou/Desktop/validation_1/vitis/full_system_v0/hw/new_system_v0_wrapper.xsa
TRACE::2025-12-24.06:17:56::SCWPlatform::DSA given /home/zhou/Desktop/validation_1/vitis/full_system_v0/hw/new_system_v0_wrapper.xsa
TRACE::2025-12-24.06:17:56::SCWPlatform::DSA absoulate path /home/zhou/Desktop/validation_1/vitis/full_system_v0/hw/new_system_v0_wrapper.xsa
TRACE::2025-12-24.06:17:56::SCWPlatform::DSA directory /home/zhou/Desktop/validation_1/vitis/full_system_v0/hw
TRACE::2025-12-24.06:17:56::SCWPlatform:: Platform Path /home/zhou/Desktop/validation_1/vitis/full_system_v0/hw/new_system_v0_wrapper.xsa
TRACE::2025-12-24.06:17:56::SCWPlatform:: Unique name xilinx:::0.0
TRACE::2025-12-24.06:17:56::SCWPlatform::Trying to set the existing hwdb with name gemm_v0_wrapper_2
TRACE::2025-12-24.06:17:56::SCWPlatform::Opened existing hwdb gemm_v0_wrapper_2
TRACE::2025-12-24.06:17:56::SCWPlatform::Found the Hw Db part of the input DSA
TRACE::2025-12-24.06:17:56::SCWPlatform::Trying to open the hw design at /home/zhou/Desktop/validation_1/vitis/full_system_v0/hw/new_system_v0_wrapper.xsa
TRACE::2025-12-24.06:17:56::SCWPlatform::DSA given /home/zhou/Desktop/validation_1/vitis/full_system_v0/hw/new_system_v0_wrapper.xsa
TRACE::2025-12-24.06:17:56::SCWPlatform::DSA absoulate path /home/zhou/Desktop/validation_1/vitis/full_system_v0/hw/new_system_v0_wrapper.xsa
TRACE::2025-12-24.06:17:56::SCWPlatform::DSA directory /home/zhou/Desktop/validation_1/vitis/full_system_v0/hw
TRACE::2025-12-24.06:17:56::SCWPlatform:: Platform Path /home/zhou/Desktop/validation_1/vitis/full_system_v0/hw/new_system_v0_wrapper.xsa
TRACE::2025-12-24.06:17:56::SCWPlatform:: Unique name xilinx:::0.0
TRACE::2025-12-24.06:17:56::SCWPlatform::Trying to set the existing hwdb with name gemm_v0_wrapper_2
TRACE::2025-12-24.06:17:56::SCWPlatform::Opened existing hwdb gemm_v0_wrapper_2
TRACE::2025-12-24.06:17:56::SCWPlatform::Found the Hw Db part of the input DSA
TRACE::2025-12-24.06:17:56::SCWPlatform::Trying to open the hw design at /home/zhou/Desktop/validation_1/vitis/full_system_v0/hw/new_system_v0_wrapper.xsa
TRACE::2025-12-24.06:17:56::SCWPlatform::DSA given /home/zhou/Desktop/validation_1/vitis/full_system_v0/hw/new_system_v0_wrapper.xsa
TRACE::2025-12-24.06:17:56::SCWPlatform::DSA absoulate path /home/zhou/Desktop/validation_1/vitis/full_system_v0/hw/new_system_v0_wrapper.xsa
TRACE::2025-12-24.06:17:56::SCWPlatform::DSA directory /home/zhou/Desktop/validation_1/vitis/full_system_v0/hw
TRACE::2025-12-24.06:17:56::SCWPlatform:: Platform Path /home/zhou/Desktop/validation_1/vitis/full_system_v0/hw/new_system_v0_wrapper.xsa
TRACE::2025-12-24.06:17:56::SCWPlatform:: Unique name xilinx:::0.0
TRACE::2025-12-24.06:17:56::SCWPlatform::Trying to set the existing hwdb with name gemm_v0_wrapper_2
TRACE::2025-12-24.06:17:56::SCWPlatform::Opened existing hwdb gemm_v0_wrapper_2
TRACE::2025-12-24.06:17:56::SCWPlatform::Found the Hw Db part of the input DSA
TRACE::2025-12-24.06:17:56::SCWMssOS::Checking the sw design at  /home/zhou/Desktop/validation_1/vitis/full_system_v0/psu_cortexa53_0/standalone_domain/bsp/system.mss
TRACE::2025-12-24.06:17:56::SCWMssOS::DEBUG:  swdes dump  /home/zhou/Desktop/validation_1/vitis/full_system_v0/zynqmp_fsbl/zynqmp_fsbl_bsp/system.mss|system||
/home/zhou/Desktop/validation_1/vitis/full_system_v0/zynqmp_pmufw/zynqmp_pmufw_bsp/system.mss|system_0||

TRACE::2025-12-24.06:17:56::SCWMssOS::No sw design opened at  /home/zhou/Desktop/validation_1/vitis/full_system_v0/psu_cortexa53_0/standalone_domain/bsp/system.mss
TRACE::2025-12-24.06:17:56::SCWMssOS::mss exists loading the mss file  /home/zhou/Desktop/validation_1/vitis/full_system_v0/psu_cortexa53_0/standalone_domain/bsp/system.mss
TRACE::2025-12-24.06:17:56::SCWMssOS::Opened the sw design from mss  /home/zhou/Desktop/validation_1/vitis/full_system_v0/psu_cortexa53_0/standalone_domain/bsp/system.mss
TRACE::2025-12-24.06:17:56::SCWMssOS::Adding the swdes entry /home/zhou/Desktop/validation_1/vitis/full_system_v0/psu_cortexa53_0/standalone_domain/bsp/system.mss with des name system_1
TRACE::2025-12-24.06:17:56::SCWMssOS::updating the scw layer about changes
TRACE::2025-12-24.06:17:56::SCWMssOS::Opened the sw design.  /home/zhou/Desktop/validation_1/vitis/full_system_v0/psu_cortexa53_0/standalone_domain/bsp/system.mss
TRACE::2025-12-24.06:17:56::SCWMssOS::Saving the mss changes /home/zhou/Desktop/validation_1/vitis/full_system_v0/psu_cortexa53_0/standalone_domain/bsp/system.mss
TRACE::2025-12-24.06:17:56::SCWMssOS::Found a swdesign opened with the mssfile.
TRACE::2025-12-24.06:17:56::SCWMssOS::Completed writemss as part of save.
TRACE::2025-12-24.06:17:56::SCWMssOS::Commit changes completed.
TRACE::2025-12-24.06:17:56::SCWReader::Adding prebuilt librarypaths as   
TRACE::2025-12-24.06:17:56::SCWReader::Adding prebuilt incpaths  as   
TRACE::2025-12-24.06:17:56::SCWPlatform::Trying to open the hw design at /home/zhou/Desktop/validation_1/vitis/full_system_v0/hw/new_system_v0_wrapper.xsa
TRACE::2025-12-24.06:17:56::SCWPlatform::DSA given /home/zhou/Desktop/validation_1/vitis/full_system_v0/hw/new_system_v0_wrapper.xsa
TRACE::2025-12-24.06:17:56::SCWPlatform::DSA absoulate path /home/zhou/Desktop/validation_1/vitis/full_system_v0/hw/new_system_v0_wrapper.xsa
TRACE::2025-12-24.06:17:56::SCWPlatform::DSA directory /home/zhou/Desktop/validation_1/vitis/full_system_v0/hw
TRACE::2025-12-24.06:17:56::SCWPlatform:: Platform Path /home/zhou/Desktop/validation_1/vitis/full_system_v0/hw/new_system_v0_wrapper.xsa
TRACE::2025-12-24.06:17:56::SCWPlatform:: Unique name xilinx:::0.0
TRACE::2025-12-24.06:17:56::SCWPlatform::Trying to set the existing hwdb with name gemm_v0_wrapper_2
TRACE::2025-12-24.06:17:56::SCWPlatform::Opened existing hwdb gemm_v0_wrapper_2
TRACE::2025-12-24.06:17:56::SCWPlatform::Found the Hw Db part of the input DSA
TRACE::2025-12-24.06:17:56::SCWMssOS::Checking the sw design at  /home/zhou/Desktop/validation_1/vitis/full_system_v0/psu_cortexa53_0/standalone_domain/bsp/system.mss
TRACE::2025-12-24.06:17:56::SCWMssOS::DEBUG:  swdes dump  /home/zhou/Desktop/validation_1/vitis/full_system_v0/psu_cortexa53_0/standalone_domain/bsp/system.mss|system_1||
/home/zhou/Desktop/validation_1/vitis/full_system_v0/zynqmp_fsbl/zynqmp_fsbl_bsp/system.mss|system||
/home/zhou/Desktop/validation_1/vitis/full_system_v0/zynqmp_pmufw/zynqmp_pmufw_bsp/system.mss|system_0||

TRACE::2025-12-24.06:17:56::SCWMssOS::Sw design exists and opened at  /home/zhou/Desktop/validation_1/vitis/full_system_v0/psu_cortexa53_0/standalone_domain/bsp/system.mss
TRACE::2025-12-24.06:17:56::SCWReader::No isolation master present  
LOG::2025-12-24.06:18:05::SCWPlatform::Started generating the artifacts platform full_system_v0
TRACE::2025-12-24.06:18:05::SCWPlatform::Sanity checking of platform is completed
LOG::2025-12-24.06:18:05::SCWPlatform::Started generating the artifacts for system configuration full_system_v0
LOG::2025-12-24.06:18:05::SCWSystem::Checking the domain zynqmp_fsbl
LOG::2025-12-24.06:18:05::SCWSystem::Doing application build for :  zynqmp_fsbl
TRACE::2025-12-24.06:18:05::SCWBDomain::Not a forced makefile updation, No changes are present. 
TRACE::2025-12-24.06:18:05::SCWDomain::Building the domain as part of full build :  zynqmp_fsbl
TRACE::2025-12-24.06:18:05::SCWPlatform::Trying to open the hw design at /home/zhou/Desktop/validation_1/vitis/full_system_v0/hw/new_system_v0_wrapper.xsa
TRACE::2025-12-24.06:18:05::SCWPlatform::DSA given /home/zhou/Desktop/validation_1/vitis/full_system_v0/hw/new_system_v0_wrapper.xsa
TRACE::2025-12-24.06:18:05::SCWPlatform::DSA absoulate path /home/zhou/Desktop/validation_1/vitis/full_system_v0/hw/new_system_v0_wrapper.xsa
TRACE::2025-12-24.06:18:05::SCWPlatform::DSA directory /home/zhou/Desktop/validation_1/vitis/full_system_v0/hw
TRACE::2025-12-24.06:18:05::SCWPlatform:: Platform Path /home/zhou/Desktop/validation_1/vitis/full_system_v0/hw/new_system_v0_wrapper.xsa
TRACE::2025-12-24.06:18:05::SCWPlatform:: Unique name xilinx:::0.0
TRACE::2025-12-24.06:18:05::SCWPlatform::Trying to set the existing hwdb with name gemm_v0_wrapper_2
TRACE::2025-12-24.06:18:05::SCWPlatform::Opened existing hwdb gemm_v0_wrapper_2
TRACE::2025-12-24.06:18:05::SCWPlatform::Found the Hw Db part of the input DSA
TRACE::2025-12-24.06:18:05::SCWMssOS::Checking the sw design at  /home/zhou/Desktop/validation_1/vitis/full_system_v0/zynqmp_fsbl/zynqmp_fsbl_bsp/system.mss
TRACE::2025-12-24.06:18:05::SCWMssOS::DEBUG:  swdes dump  /home/zhou/Desktop/validation_1/vitis/full_system_v0/psu_cortexa53_0/standalone_domain/bsp/system.mss|system_1||
/home/zhou/Desktop/validation_1/vitis/full_system_v0/zynqmp_fsbl/zynqmp_fsbl_bsp/system.mss|system||
/home/zhou/Desktop/validation_1/vitis/full_system_v0/zynqmp_pmufw/zynqmp_pmufw_bsp/system.mss|system_0||

TRACE::2025-12-24.06:18:05::SCWMssOS::Sw design exists and opened at  /home/zhou/Desktop/validation_1/vitis/full_system_v0/zynqmp_fsbl/zynqmp_fsbl_bsp/system.mss
TRACE::2025-12-24.06:18:05::SCWBDomain::Completed writing the mss file at /home/zhou/Desktop/validation_1/vitis/full_system_v0/zynqmp_fsbl/zynqmp_fsbl_bsp
TRACE::2025-12-24.06:18:05::SCWBDomain::bsp generated is upto date with the mss file. Skipping bsp generation.
TRACE::2025-12-24.06:18:05::SCWBDomain::Not a forced makefile updation, No changes are present. 
TRACE::2025-12-24.06:18:05::SCWBDomain::System Command Ran  cd  /home/zhou/Desktop/validation_1/vitis/full_system_v0/zynqmp_fsbl ; bash -c " make -C zynqmp_fsbl_bsp ; make  " 
TRACE::2025-12-24.06:18:05::SCWBDomain::make: Entering directory '/home/zhou/Desktop/validation_1/vitis/full_system_v0/zynqmp_fsbl/zynqmp_fsbl_bsp'

TRACE::2025-12-24.06:18:05::SCWBDomain::make --no-print-directory seq_libs

TRACE::2025-12-24.06:18:05::SCWBDomain::Running Make include in psu_cortexa53_0/libsrc/avbuf_v2_6/src

TRACE::2025-12-24.06:18:05::SCWBDomain::make -C psu_cortexa53_0/libsrc/avbuf_v2_6/src -s include  "SHELL=/bin/sh" "COMPILER=aarch64-none-elf-gcc" "ASSEMBLER=aarch64-no
TRACE::2025-12-24.06:18:05::SCWBDomain::ne-elf-as" "ARCHIVER=aarch64-none-elf-ar" "COMPILER_FLAGS=  -c" "EXTRA_COMPILER_FLAGS=-g -Wall -Wextra -fno-tree-loop-distribut
TRACE::2025-12-24.06:18:05::SCWBDomain::e-patterns -Os -flto -ffat-lto-objects"

TRACE::2025-12-24.06:18:05::SCWBDomain::Running Make include in psu_cortexa53_0/libsrc/axipmon_v6_11/src

TRACE::2025-12-24.06:18:05::SCWBDomain::make -C psu_cortexa53_0/libsrc/axipmon_v6_11/src -s include  "SHELL=/bin/sh" "COMPILER=aarch64-none-elf-gcc" "ASSEMBLER=aarch64
TRACE::2025-12-24.06:18:05::SCWBDomain::-none-elf-as" "ARCHIVER=aarch64-none-elf-ar" "COMPILER_FLAGS=  -c" "EXTRA_COMPILER_FLAGS=-g -Wall -Wextra -fno-tree-loop-distri
TRACE::2025-12-24.06:18:05::SCWBDomain::bute-patterns -Os -flto -ffat-lto-objects"

TRACE::2025-12-24.06:18:05::SCWBDomain::Running Make include in psu_cortexa53_0/libsrc/bram_v4_11/src

TRACE::2025-12-24.06:18:05::SCWBDomain::make -C psu_cortexa53_0/libsrc/bram_v4_11/src -s include  "SHELL=/bin/sh" "COMPILER=aarch64-none-elf-gcc" "ASSEMBLER=aarch64-no
TRACE::2025-12-24.06:18:05::SCWBDomain::ne-elf-as" "ARCHIVER=aarch64-none-elf-ar" "COMPILER_FLAGS=  -c" "EXTRA_COMPILER_FLAGS=-g -Wall -Wextra -fno-tree-loop-distribut
TRACE::2025-12-24.06:18:05::SCWBDomain::e-patterns -Os -flto -ffat-lto-objects"

TRACE::2025-12-24.06:18:05::SCWBDomain::Running Make include in psu_cortexa53_0/libsrc/clockps_v1_6/src

TRACE::2025-12-24.06:18:05::SCWBDomain::make -C psu_cortexa53_0/libsrc/clockps_v1_6/src -s include  "SHELL=/bin/sh" "COMPILER=aarch64-none-elf-gcc" "ASSEMBLER=aarch64-
TRACE::2025-12-24.06:18:05::SCWBDomain::none-elf-as" "ARCHIVER=aarch64-none-elf-ar" "COMPILER_FLAGS=  -c" "EXTRA_COMPILER_FLAGS=-g -Wall -Wextra -fno-tree-loop-distrib
TRACE::2025-12-24.06:18:05::SCWBDomain::ute-patterns -Os -flto -ffat-lto-objects"

TRACE::2025-12-24.06:18:05::SCWBDomain::Running Make include in psu_cortexa53_0/libsrc/coresightps_dcc_v1_11/src

TRACE::2025-12-24.06:18:05::SCWBDomain::make -C psu_cortexa53_0/libsrc/coresightps_dcc_v1_11/src -s include  "SHELL=/bin/sh" "COMPILER=aarch64-none-elf-gcc" "ASSEMBLER
TRACE::2025-12-24.06:18:05::SCWBDomain::=aarch64-none-elf-as" "ARCHIVER=aarch64-none-elf-ar" "COMPILER_FLAGS=  -c" "EXTRA_COMPILER_FLAGS=-g -Wall -Wextra -fno-tree-loo
TRACE::2025-12-24.06:18:05::SCWBDomain::p-distribute-patterns -Os -flto -ffat-lto-objects"

TRACE::2025-12-24.06:18:05::SCWBDomain::Running Make include in psu_cortexa53_0/libsrc/cpu_cortexa53_v2_1/src

TRACE::2025-12-24.06:18:05::SCWBDomain::make -C psu_cortexa53_0/libsrc/cpu_cortexa53_v2_1/src -s include  "SHELL=/bin/sh" "COMPILER=aarch64-none-elf-gcc" "ASSEMBLER=aa
TRACE::2025-12-24.06:18:05::SCWBDomain::rch64-none-elf-as" "ARCHIVER=aarch64-none-elf-ar" "COMPILER_FLAGS=  -c" "EXTRA_COMPILER_FLAGS=-g -Wall -Wextra -fno-tree-loop-d
TRACE::2025-12-24.06:18:05::SCWBDomain::istribute-patterns -Os -flto -ffat-lto-objects"

TRACE::2025-12-24.06:18:05::SCWBDomain::Running Make include in psu_cortexa53_0/libsrc/csudma_v1_16/src

TRACE::2025-12-24.06:18:05::SCWBDomain::make -C psu_cortexa53_0/libsrc/csudma_v1_16/src -s include  "SHELL=/bin/sh" "COMPILER=aarch64-none-elf-gcc" "ASSEMBLER=aarch64-
TRACE::2025-12-24.06:18:05::SCWBDomain::none-elf-as" "ARCHIVER=aarch64-none-elf-ar" "COMPILER_FLAGS=  -c" "EXTRA_COMPILER_FLAGS=-g -Wall -Wextra -fno-tree-loop-distrib
TRACE::2025-12-24.06:18:05::SCWBDomain::ute-patterns -Os -flto -ffat-lto-objects"

TRACE::2025-12-24.06:18:05::SCWBDomain::Running Make include in psu_cortexa53_0/libsrc/data_mover_v1_0/src

TRACE::2025-12-24.06:18:05::SCWBDomain::make -C psu_cortexa53_0/libsrc/data_mover_v1_0/src -s include  "SHELL=/bin/sh" "COMPILER=aarch64-none-elf-gcc" "ASSEMBLER=aarch
TRACE::2025-12-24.06:18:05::SCWBDomain::64-none-elf-as" "ARCHIVER=aarch64-none-elf-ar" "COMPILER_FLAGS=  -c" "EXTRA_COMPILER_FLAGS=-g -Wall -Wextra -fno-tree-loop-dist
TRACE::2025-12-24.06:18:05::SCWBDomain::ribute-patterns -Os -flto -ffat-lto-objects"

TRACE::2025-12-24.06:18:05::SCWBDomain::Running Make include in psu_cortexa53_0/libsrc/ddrcpsu_v1_7/src

TRACE::2025-12-24.06:18:05::SCWBDomain::make -C psu_cortexa53_0/libsrc/ddrcpsu_v1_7/src -s include  "SHELL=/bin/sh" "COMPILER=aarch64-none-elf-gcc" "ASSEMBLER=aarch64-
TRACE::2025-12-24.06:18:05::SCWBDomain::none-elf-as" "ARCHIVER=aarch64-none-elf-ar" "COMPILER_FLAGS=  -c" "EXTRA_COMPILER_FLAGS=-g -Wall -Wextra -fno-tree-loop-distrib
TRACE::2025-12-24.06:18:05::SCWBDomain::ute-patterns -Os -flto -ffat-lto-objects"

TRACE::2025-12-24.06:18:05::SCWBDomain::Running Make include in psu_cortexa53_0/libsrc/dpdma_v1_6/src

TRACE::2025-12-24.06:18:05::SCWBDomain::make -C psu_cortexa53_0/libsrc/dpdma_v1_6/src -s include  "SHELL=/bin/sh" "COMPILER=aarch64-none-elf-gcc" "ASSEMBLER=aarch64-no
TRACE::2025-12-24.06:18:05::SCWBDomain::ne-elf-as" "ARCHIVER=aarch64-none-elf-ar" "COMPILER_FLAGS=  -c" "EXTRA_COMPILER_FLAGS=-g -Wall -Wextra -fno-tree-loop-distribut
TRACE::2025-12-24.06:18:05::SCWBDomain::e-patterns -Os -flto -ffat-lto-objects"

TRACE::2025-12-24.06:18:05::SCWBDomain::Running Make include in psu_cortexa53_0/libsrc/dppsu_v1_7/src

TRACE::2025-12-24.06:18:05::SCWBDomain::make -C psu_cortexa53_0/libsrc/dppsu_v1_7/src -s include  "SHELL=/bin/sh" "COMPILER=aarch64-none-elf-gcc" "ASSEMBLER=aarch64-no
TRACE::2025-12-24.06:18:05::SCWBDomain::ne-elf-as" "ARCHIVER=aarch64-none-elf-ar" "COMPILER_FLAGS=  -c" "EXTRA_COMPILER_FLAGS=-g -Wall -Wextra -fno-tree-loop-distribut
TRACE::2025-12-24.06:18:05::SCWBDomain::e-patterns -Os -flto -ffat-lto-objects"

TRACE::2025-12-24.06:18:05::SCWBDomain::Running Make include in psu_cortexa53_0/libsrc/emacps_v3_21/src

TRACE::2025-12-24.06:18:05::SCWBDomain::make -C psu_cortexa53_0/libsrc/emacps_v3_21/src -s include  "SHELL=/bin/sh" "COMPILER=aarch64-none-elf-gcc" "ASSEMBLER=aarch64-
TRACE::2025-12-24.06:18:05::SCWBDomain::none-elf-as" "ARCHIVER=aarch64-none-elf-ar" "COMPILER_FLAGS=  -c" "EXTRA_COMPILER_FLAGS=-g -Wall -Wextra -fno-tree-loop-distrib
TRACE::2025-12-24.06:18:05::SCWBDomain::ute-patterns -Os -flto -ffat-lto-objects"

TRACE::2025-12-24.06:18:05::SCWBDomain::Running Make include in psu_cortexa53_0/libsrc/gpiops_v3_13/src

TRACE::2025-12-24.06:18:05::SCWBDomain::make -C psu_cortexa53_0/libsrc/gpiops_v3_13/src -s include  "SHELL=/bin/sh" "COMPILER=aarch64-none-elf-gcc" "ASSEMBLER=aarch64-
TRACE::2025-12-24.06:18:05::SCWBDomain::none-elf-as" "ARCHIVER=aarch64-none-elf-ar" "COMPILER_FLAGS=  -c" "EXTRA_COMPILER_FLAGS=-g -Wall -Wextra -fno-tree-loop-distrib
TRACE::2025-12-24.06:18:05::SCWBDomain::ute-patterns -Os -flto -ffat-lto-objects"

TRACE::2025-12-24.06:18:05::SCWBDomain::Running Make include in psu_cortexa53_0/libsrc/iicps_v3_20/src

TRACE::2025-12-24.06:18:05::SCWBDomain::make -C psu_cortexa53_0/libsrc/iicps_v3_20/src -s include  "SHELL=/bin/sh" "COMPILER=aarch64-none-elf-gcc" "ASSEMBLER=aarch64-n
TRACE::2025-12-24.06:18:05::SCWBDomain::one-elf-as" "ARCHIVER=aarch64-none-elf-ar" "COMPILER_FLAGS=  -c" "EXTRA_COMPILER_FLAGS=-g -Wall -Wextra -fno-tree-loop-distribu
TRACE::2025-12-24.06:18:05::SCWBDomain::te-patterns -Os -flto -ffat-lto-objects"

TRACE::2025-12-24.06:18:05::SCWBDomain::Running Make include in psu_cortexa53_0/libsrc/ipipsu_v2_16/src

TRACE::2025-12-24.06:18:05::SCWBDomain::make -C psu_cortexa53_0/libsrc/ipipsu_v2_16/src -s include  "SHELL=/bin/sh" "COMPILER=aarch64-none-elf-gcc" "ASSEMBLER=aarch64-
TRACE::2025-12-24.06:18:05::SCWBDomain::none-elf-as" "ARCHIVER=aarch64-none-elf-ar" "COMPILER_FLAGS=  -c" "EXTRA_COMPILER_FLAGS=-g -Wall -Wextra -fno-tree-loop-distrib
TRACE::2025-12-24.06:18:05::SCWBDomain::ute-patterns -Os -flto -ffat-lto-objects"

TRACE::2025-12-24.06:18:05::SCWBDomain::Running Make include in psu_cortexa53_0/libsrc/pciepsu_v2_0/src

TRACE::2025-12-24.06:18:05::SCWBDomain::make -C psu_cortexa53_0/libsrc/pciepsu_v2_0/src -s include  "SHELL=/bin/sh" "COMPILER=aarch64-none-elf-gcc" "ASSEMBLER=aarch64-
TRACE::2025-12-24.06:18:05::SCWBDomain::none-elf-as" "ARCHIVER=aarch64-none-elf-ar" "COMPILER_FLAGS=  -c" "EXTRA_COMPILER_FLAGS=-g -Wall -Wextra -fno-tree-loop-distrib
TRACE::2025-12-24.06:18:05::SCWBDomain::ute-patterns -Os -flto -ffat-lto-objects"

TRACE::2025-12-24.06:18:05::SCWBDomain::Running Make include in psu_cortexa53_0/libsrc/qspipsu_v1_20/src

TRACE::2025-12-24.06:18:05::SCWBDomain::make -C psu_cortexa53_0/libsrc/qspipsu_v1_20/src -s include  "SHELL=/bin/sh" "COMPILER=aarch64-none-elf-gcc" "ASSEMBLER=aarch64
TRACE::2025-12-24.06:18:05::SCWBDomain::-none-elf-as" "ARCHIVER=aarch64-none-elf-ar" "COMPILER_FLAGS=  -c" "EXTRA_COMPILER_FLAGS=-g -Wall -Wextra -fno-tree-loop-distri
TRACE::2025-12-24.06:18:05::SCWBDomain::bute-patterns -Os -flto -ffat-lto-objects"

TRACE::2025-12-24.06:18:05::SCWBDomain::Running Make include in psu_cortexa53_0/libsrc/resetps_v1_7/src

TRACE::2025-12-24.06:18:05::SCWBDomain::make -C psu_cortexa53_0/libsrc/resetps_v1_7/src -s include  "SHELL=/bin/sh" "COMPILER=aarch64-none-elf-gcc" "ASSEMBLER=aarch64-
TRACE::2025-12-24.06:18:05::SCWBDomain::none-elf-as" "ARCHIVER=aarch64-none-elf-ar" "COMPILER_FLAGS=  -c" "EXTRA_COMPILER_FLAGS=-g -Wall -Wextra -fno-tree-loop-distrib
TRACE::2025-12-24.06:18:05::SCWBDomain::ute-patterns -Os -flto -ffat-lto-objects"

TRACE::2025-12-24.06:18:05::SCWBDomain::Running Make include in psu_cortexa53_0/libsrc/rtcpsu_v1_14/src

TRACE::2025-12-24.06:18:05::SCWBDomain::make -C psu_cortexa53_0/libsrc/rtcpsu_v1_14/src -s include  "SHELL=/bin/sh" "COMPILER=aarch64-none-elf-gcc" "ASSEMBLER=aarch64-
TRACE::2025-12-24.06:18:05::SCWBDomain::none-elf-as" "ARCHIVER=aarch64-none-elf-ar" "COMPILER_FLAGS=  -c" "EXTRA_COMPILER_FLAGS=-g -Wall -Wextra -fno-tree-loop-distrib
TRACE::2025-12-24.06:18:05::SCWBDomain::ute-patterns -Os -flto -ffat-lto-objects"

TRACE::2025-12-24.06:18:05::SCWBDomain::Running Make include in psu_cortexa53_0/libsrc/scugic_v5_4/src

TRACE::2025-12-24.06:18:05::SCWBDomain::make -C psu_cortexa53_0/libsrc/scugic_v5_4/src -s include  "SHELL=/bin/sh" "COMPILER=aarch64-none-elf-gcc" "ASSEMBLER=aarch64-n
TRACE::2025-12-24.06:18:05::SCWBDomain::one-elf-as" "ARCHIVER=aarch64-none-elf-ar" "COMPILER_FLAGS=  -c" "EXTRA_COMPILER_FLAGS=-g -Wall -Wextra -fno-tree-loop-distribu
TRACE::2025-12-24.06:18:05::SCWBDomain::te-patterns -Os -flto -ffat-lto-objects"

TRACE::2025-12-24.06:18:05::SCWBDomain::Running Make include in psu_cortexa53_0/libsrc/sdps_v4_4/src

TRACE::2025-12-24.06:18:05::SCWBDomain::make -C psu_cortexa53_0/libsrc/sdps_v4_4/src -s include  "SHELL=/bin/sh" "COMPILER=aarch64-none-elf-gcc" "ASSEMBLER=aarch64-non
TRACE::2025-12-24.06:18:05::SCWBDomain::e-elf-as" "ARCHIVER=aarch64-none-elf-ar" "COMPILER_FLAGS=  -c" "EXTRA_COMPILER_FLAGS=-g -Wall -Wextra -fno-tree-loop-distribute
TRACE::2025-12-24.06:18:05::SCWBDomain::-patterns -Os -flto -ffat-lto-objects"

TRACE::2025-12-24.06:18:05::SCWBDomain::Running Make include in psu_cortexa53_0/libsrc/standalone_v9_2/src

TRACE::2025-12-24.06:18:05::SCWBDomain::make -C psu_cortexa53_0/libsrc/standalone_v9_2/src -s include  "SHELL=/bin/sh" "COMPILER=aarch64-none-elf-gcc" "ASSEMBLER=aarch
TRACE::2025-12-24.06:18:05::SCWBDomain::64-none-elf-as" "ARCHIVER=aarch64-none-elf-ar" "COMPILER_FLAGS=  -c" "EXTRA_COMPILER_FLAGS=-g -Wall -Wextra -fno-tree-loop-dist
TRACE::2025-12-24.06:18:05::SCWBDomain::ribute-patterns -Os -flto -ffat-lto-objects"

TRACE::2025-12-24.06:18:05::SCWBDomain::Running Make include in psu_cortexa53_0/libsrc/sysmonpsu_v3_0/src

TRACE::2025-12-24.06:18:05::SCWBDomain::make -C psu_cortexa53_0/libsrc/sysmonpsu_v3_0/src -s include  "SHELL=/bin/sh" "COMPILER=aarch64-none-elf-gcc" "ASSEMBLER=aarch6
TRACE::2025-12-24.06:18:05::SCWBDomain::4-none-elf-as" "ARCHIVER=aarch64-none-elf-ar" "COMPILER_FLAGS=  -c" "EXTRA_COMPILER_FLAGS=-g -Wall -Wextra -fno-tree-loop-distr
TRACE::2025-12-24.06:18:05::SCWBDomain::ibute-patterns -Os -flto -ffat-lto-objects"

TRACE::2025-12-24.06:18:05::SCWBDomain::Running Make include in psu_cortexa53_0/libsrc/ttcps_v3_20/src

TRACE::2025-12-24.06:18:05::SCWBDomain::make -C psu_cortexa53_0/libsrc/ttcps_v3_20/src -s include  "SHELL=/bin/sh" "COMPILER=aarch64-none-elf-gcc" "ASSEMBLER=aarch64-n
TRACE::2025-12-24.06:18:05::SCWBDomain::one-elf-as" "ARCHIVER=aarch64-none-elf-ar" "COMPILER_FLAGS=  -c" "EXTRA_COMPILER_FLAGS=-g -Wall -Wextra -fno-tree-loop-distribu
TRACE::2025-12-24.06:18:05::SCWBDomain::te-patterns -Os -flto -ffat-lto-objects"

TRACE::2025-12-24.06:18:05::SCWBDomain::Running Make include in psu_cortexa53_0/libsrc/uartps_v3_15/src

TRACE::2025-12-24.06:18:05::SCWBDomain::make -C psu_cortexa53_0/libsrc/uartps_v3_15/src -s include  "SHELL=/bin/sh" "COMPILER=aarch64-none-elf-gcc" "ASSEMBLER=aarch64-
TRACE::2025-12-24.06:18:05::SCWBDomain::none-elf-as" "ARCHIVER=aarch64-none-elf-ar" "COMPILER_FLAGS=  -c" "EXTRA_COMPILER_FLAGS=-g -Wall -Wextra -fno-tree-loop-distrib
TRACE::2025-12-24.06:18:05::SCWBDomain::ute-patterns -Os -flto -ffat-lto-objects"

TRACE::2025-12-24.06:18:05::SCWBDomain::Running Make include in psu_cortexa53_0/libsrc/usbpsu_v1_16/src

TRACE::2025-12-24.06:18:05::SCWBDomain::make -C psu_cortexa53_0/libsrc/usbpsu_v1_16/src -s include  "SHELL=/bin/sh" "COMPILER=aarch64-none-elf-gcc" "ASSEMBLER=aarch64-
TRACE::2025-12-24.06:18:05::SCWBDomain::none-elf-as" "ARCHIVER=aarch64-none-elf-ar" "COMPILER_FLAGS=  -c" "EXTRA_COMPILER_FLAGS=-g -Wall -Wextra -fno-tree-loop-distrib
TRACE::2025-12-24.06:18:05::SCWBDomain::ute-patterns -Os -flto -ffat-lto-objects"

TRACE::2025-12-24.06:18:05::SCWBDomain::Running Make include in psu_cortexa53_0/libsrc/video_common_v4_16/src

TRACE::2025-12-24.06:18:05::SCWBDomain::make -C psu_cortexa53_0/libsrc/video_common_v4_16/src -s include  "SHELL=/bin/sh" "COMPILER=aarch64-none-elf-gcc" "ASSEMBLER=aa
TRACE::2025-12-24.06:18:05::SCWBDomain::rch64-none-elf-as" "ARCHIVER=aarch64-none-elf-ar" "COMPILER_FLAGS=  -c" "EXTRA_COMPILER_FLAGS=-g -Wall -Wextra -fno-tree-loop-d
TRACE::2025-12-24.06:18:05::SCWBDomain::istribute-patterns -Os -flto -ffat-lto-objects"

TRACE::2025-12-24.06:18:05::SCWBDomain::Running Make include in psu_cortexa53_0/libsrc/xilffs_v5_3/src

TRACE::2025-12-24.06:18:05::SCWBDomain::make -C psu_cortexa53_0/libsrc/xilffs_v5_3/src -s include  "SHELL=/bin/sh" "COMPILER=aarch64-none-elf-gcc" "ASSEMBLER=aarch64-n
TRACE::2025-12-24.06:18:05::SCWBDomain::one-elf-as" "ARCHIVER=aarch64-none-elf-ar" "COMPILER_FLAGS=  -c" "EXTRA_COMPILER_FLAGS=-g -Wall -Wextra -fno-tree-loop-distribu
TRACE::2025-12-24.06:18:05::SCWBDomain::te-patterns -Os -flto -ffat-lto-objects"

TRACE::2025-12-24.06:18:05::SCWBDomain::Running Make include in psu_cortexa53_0/libsrc/xilpm_v5_3/src

TRACE::2025-12-24.06:18:05::SCWBDomain::make -C psu_cortexa53_0/libsrc/xilpm_v5_3/src -s include  "SHELL=/bin/sh" "COMPILER=aarch64-none-elf-gcc" "ASSEMBLER=aarch64-no
TRACE::2025-12-24.06:18:05::SCWBDomain::ne-elf-as" "ARCHIVER=aarch64-none-elf-ar" "COMPILER_FLAGS=  -c" "EXTRA_COMPILER_FLAGS=-g -Wall -Wextra -fno-tree-loop-distribut
TRACE::2025-12-24.06:18:05::SCWBDomain::e-patterns -Os -flto -ffat-lto-objects"

TRACE::2025-12-24.06:18:05::SCWBDomain::Include files for this library have already been copied.

TRACE::2025-12-24.06:18:05::SCWBDomain::Running Make include in psu_cortexa53_0/libsrc/xilsecure_v5_4/src

TRACE::2025-12-24.06:18:05::SCWBDomain::make -C psu_cortexa53_0/libsrc/xilsecure_v5_4/src -s include  "SHELL=/bin/sh" "COMPILER=aarch64-none-elf-gcc" "ASSEMBLER=aarch6
TRACE::2025-12-24.06:18:05::SCWBDomain::4-none-elf-as" "ARCHIVER=aarch64-none-elf-ar" "COMPILER_FLAGS=  -c" "EXTRA_COMPILER_FLAGS=-g -Wall -Wextra -fno-tree-loop-distr
TRACE::2025-12-24.06:18:05::SCWBDomain::ibute-patterns -Os -flto -ffat-lto-objects"

TRACE::2025-12-24.06:18:05::SCWBDomain::Running Make include in psu_cortexa53_0/libsrc/zdma_v1_19/src

TRACE::2025-12-24.06:18:05::SCWBDomain::make -C psu_cortexa53_0/libsrc/zdma_v1_19/src -s include  "SHELL=/bin/sh" "COMPILER=aarch64-none-elf-gcc" "ASSEMBLER=aarch64-no
TRACE::2025-12-24.06:18:05::SCWBDomain::ne-elf-as" "ARCHIVER=aarch64-none-elf-ar" "COMPILER_FLAGS=  -c" "EXTRA_COMPILER_FLAGS=-g -Wall -Wextra -fno-tree-loop-distribut
TRACE::2025-12-24.06:18:05::SCWBDomain::e-patterns -Os -flto -ffat-lto-objects"

TRACE::2025-12-24.06:18:05::SCWBDomain::Running Make libs in psu_cortexa53_0/libsrc/dpdma_v1_6/src

TRACE::2025-12-24.06:18:05::SCWBDomain::make -C psu_cortexa53_0/libsrc/dpdma_v1_6/src -s libs  "SHELL=/bin/sh" "COMPILER=aarch64-none-elf-gcc" "ASSEMBLER=aarch64-none-
TRACE::2025-12-24.06:18:05::SCWBDomain::elf-as" "ARCHIVER=aarch64-none-elf-ar" "COMPILER_FLAGS=  -c" "EXTRA_COMPILER_FLAGS=-g -Wall -Wextra -fno-tree-loop-distribute-p
TRACE::2025-12-24.06:18:05::SCWBDomain::atterns -Os -flto -ffat-lto-objects"

TRACE::2025-12-24.06:18:05::SCWBDomain::Compiling dpdma

TRACE::2025-12-24.06:18:05::SCWBDomain::Running Make libs in psu_cortexa53_0/libsrc/avbuf_v2_6/src

TRACE::2025-12-24.06:18:05::SCWBDomain::make -C psu_cortexa53_0/libsrc/avbuf_v2_6/src -s libs  "SHELL=/bin/sh" "COMPILER=aarch64-none-elf-gcc" "ASSEMBLER=aarch64-none-
TRACE::2025-12-24.06:18:05::SCWBDomain::elf-as" "ARCHIVER=aarch64-none-elf-ar" "COMPILER_FLAGS=  -c" "EXTRA_COMPILER_FLAGS=-g -Wall -Wextra -fno-tree-loop-distribute-p
TRACE::2025-12-24.06:18:05::SCWBDomain::atterns -Os -flto -ffat-lto-objects"

TRACE::2025-12-24.06:18:06::SCWBDomain::Compiling avbuf

TRACE::2025-12-24.06:18:06::SCWBDomain::Running Make libs in psu_cortexa53_0/libsrc/data_mover_v1_0/src

TRACE::2025-12-24.06:18:06::SCWBDomain::make -C psu_cortexa53_0/libsrc/data_mover_v1_0/src -s libs  "SHELL=/bin/sh" "COMPILER=aarch64-none-elf-gcc" "ASSEMBLER=aarch64-
TRACE::2025-12-24.06:18:06::SCWBDomain::none-elf-as" "ARCHIVER=aarch64-none-elf-ar" "COMPILER_FLAGS=  -c" "EXTRA_COMPILER_FLAGS=-g -Wall -Wextra -fno-tree-loop-distrib
TRACE::2025-12-24.06:18:06::SCWBDomain::ute-patterns -Os -flto -ffat-lto-objects"

TRACE::2025-12-24.06:18:06::SCWBDomain::Building data_mover

TRACE::2025-12-24.06:18:06::SCWBDomain::Running Make libs in psu_cortexa53_0/libsrc/xilsecure_v5_4/src

TRACE::2025-12-24.06:18:06::SCWBDomain::make -C psu_cortexa53_0/libsrc/xilsecure_v5_4/src -s libs  "SHELL=/bin/sh" "COMPILER=aarch64-none-elf-gcc" "ASSEMBLER=aarch64-n
TRACE::2025-12-24.06:18:06::SCWBDomain::one-elf-as" "ARCHIVER=aarch64-none-elf-ar" "COMPILER_FLAGS=  -c" "EXTRA_COMPILER_FLAGS=-g -Wall -Wextra -fno-tree-loop-distribu
TRACE::2025-12-24.06:18:06::SCWBDomain::te-patterns -Os -flto -ffat-lto-objects"

TRACE::2025-12-24.06:18:06::SCWBDomain::Compiling XilSecure Library

TRACE::2025-12-24.06:18:07::SCWBDomain::Running Make libs in psu_cortexa53_0/libsrc/dppsu_v1_7/src

TRACE::2025-12-24.06:18:07::SCWBDomain::make -C psu_cortexa53_0/libsrc/dppsu_v1_7/src -s libs  "SHELL=/bin/sh" "COMPILER=aarch64-none-elf-gcc" "ASSEMBLER=aarch64-none-
TRACE::2025-12-24.06:18:07::SCWBDomain::elf-as" "ARCHIVER=aarch64-none-elf-ar" "COMPILER_FLAGS=  -c" "EXTRA_COMPILER_FLAGS=-g -Wall -Wextra -fno-tree-loop-distribute-p
TRACE::2025-12-24.06:18:07::SCWBDomain::atterns -Os -flto -ffat-lto-objects"

TRACE::2025-12-24.06:18:07::SCWBDomain::Compiling dppsu

TRACE::2025-12-24.06:18:07::SCWBDomain::Running Make libs in psu_cortexa53_0/libsrc/xilpm_v5_3/src

TRACE::2025-12-24.06:18:07::SCWBDomain::make -C psu_cortexa53_0/libsrc/xilpm_v5_3/src -s libs  "SHELL=/bin/sh" "COMPILER=aarch64-none-elf-gcc" "ASSEMBLER=aarch64-none-
TRACE::2025-12-24.06:18:07::SCWBDomain::elf-as" "ARCHIVER=aarch64-none-elf-ar" "COMPILER_FLAGS=  -c" "EXTRA_COMPILER_FLAGS=-g -Wall -Wextra -fno-tree-loop-distribute-p
TRACE::2025-12-24.06:18:07::SCWBDomain::atterns -Os -flto -ffat-lto-objects"

TRACE::2025-12-24.06:18:07::SCWBDomain::Compiling xilpm library

TRACE::2025-12-24.06:18:08::SCWBDomain::Finished building libraries sequentially.

TRACE::2025-12-24.06:18:08::SCWBDomain::make -j 22 --no-print-directory par_libs

TRACE::2025-12-24.06:18:08::SCWBDomain::Running Make include in psu_cortexa53_0/libsrc/avbuf_v2_6/src

TRACE::2025-12-24.06:18:08::SCWBDomain::make -C psu_cortexa53_0/libsrc/avbuf_v2_6/src -s include  "SHELL=/bin/sh" "COMPILER=aarch64-none-elf-gcc" "ASSEMBLER=aarch64-no
TRACE::2025-12-24.06:18:08::SCWBDomain::ne-elf-as" "ARCHIVER=aarch64-none-elf-ar" "COMPILER_FLAGS=  -c" "EXTRA_COMPILER_FLAGS=-g -Wall -Wextra -fno-tree-loop-distribut
TRACE::2025-12-24.06:18:08::SCWBDomain::e-patterns -Os -flto -ffat-lto-objects"

TRACE::2025-12-24.06:18:08::SCWBDomain::Running Make include in psu_cortexa53_0/libsrc/axipmon_v6_11/src

TRACE::2025-12-24.06:18:08::SCWBDomain::Running Make include in psu_cortexa53_0/libsrc/bram_v4_11/src

TRACE::2025-12-24.06:18:08::SCWBDomain::make -C psu_cortexa53_0/libsrc/axipmon_v6_11/src -s include  "SHELL=/bin/sh" "COMPILER=aarch64-none-elf-gcc" "ASSEMBLER=aarch64
TRACE::2025-12-24.06:18:08::SCWBDomain::-none-elf-as" "ARCHIVER=aarch64-none-elf-ar" "COMPILER_FLAGS=  -c" "EXTRA_COMPILER_FLAGS=-g -Wall -Wextra -fno-tree-loop-distri
TRACE::2025-12-24.06:18:08::SCWBDomain::bute-patterns -Os -flto -ffat-lto-objects"

TRACE::2025-12-24.06:18:08::SCWBDomain::Running Make include in psu_cortexa53_0/libsrc/clockps_v1_6/src

TRACE::2025-12-24.06:18:08::SCWBDomain::make -C psu_cortexa53_0/libsrc/bram_v4_11/src -s include  "SHELL=/bin/sh" "COMPILER=aarch64-none-elf-gcc" "ASSEMBLER=aarch64-no
TRACE::2025-12-24.06:18:08::SCWBDomain::ne-elf-as" "ARCHIVER=aarch64-none-elf-ar" "COMPILER_FLAGS=  -c" "EXTRA_COMPILER_FLAGS=-g -Wall -Wextra -fno-tree-loop-distribut
TRACE::2025-12-24.06:18:08::SCWBDomain::e-patterns -Os -flto -ffat-lto-objects"

TRACE::2025-12-24.06:18:08::SCWBDomain::Running Make include in psu_cortexa53_0/libsrc/coresightps_dcc_v1_11/src

TRACE::2025-12-24.06:18:08::SCWBDomain::make -C psu_cortexa53_0/libsrc/clockps_v1_6/src -s include  "SHELL=/bin/sh" "COMPILER=aarch64-none-elf-gcc" "ASSEMBLER=aarch64-
TRACE::2025-12-24.06:18:08::SCWBDomain::none-elf-as" "ARCHIVER=aarch64-none-elf-ar" "COMPILER_FLAGS=  -c" "EXTRA_COMPILER_FLAGS=-g -Wall -Wextra -fno-tree-loop-distrib
TRACE::2025-12-24.06:18:08::SCWBDomain::ute-patterns -Os -flto -ffat-lto-objects"

TRACE::2025-12-24.06:18:08::SCWBDomain::make -C psu_cortexa53_0/libsrc/coresightps_dcc_v1_11/src -s include  "SHELL=/bin/sh" "COMPILER=aarch64-none-elf-gcc" "ASSEMBLER
TRACE::2025-12-24.06:18:08::SCWBDomain::=aarch64-none-elf-as" "ARCHIVER=aarch64-none-elf-ar" "COMPILER_FLAGS=  -c" "EXTRA_COMPILER_FLAGS=-g -Wall -Wextra -fno-tree-loo
TRACE::2025-12-24.06:18:08::SCWBDomain::p-distribute-patterns -Os -flto -ffat-lto-objects"

TRACE::2025-12-24.06:18:08::SCWBDomain::Running Make include in psu_cortexa53_0/libsrc/cpu_cortexa53_v2_1/src

TRACE::2025-12-24.06:18:08::SCWBDomain::make -C psu_cortexa53_0/libsrc/cpu_cortexa53_v2_1/src -s include  "SHELL=/bin/sh" "COMPILER=aarch64-none-elf-gcc" "ASSEMBLER=aa
TRACE::2025-12-24.06:18:08::SCWBDomain::rch64-none-elf-as" "ARCHIVER=aarch64-none-elf-ar" "COMPILER_FLAGS=  -c" "EXTRA_COMPILER_FLAGS=-g -Wall -Wextra -fno-tree-loop-d
TRACE::2025-12-24.06:18:08::SCWBDomain::istribute-patterns -Os -flto -ffat-lto-objects"

TRACE::2025-12-24.06:18:08::SCWBDomain::Running Make include in psu_cortexa53_0/libsrc/csudma_v1_16/src

TRACE::2025-12-24.06:18:08::SCWBDomain::make -C psu_cortexa53_0/libsrc/csudma_v1_16/src -s include  "SHELL=/bin/sh" "COMPILER=aarch64-none-elf-gcc" "ASSEMBLER=aarch64-
TRACE::2025-12-24.06:18:08::SCWBDomain::none-elf-as" "ARCHIVER=aarch64-none-elf-ar" "COMPILER_FLAGS=  -c" "EXTRA_COMPILER_FLAGS=-g -Wall -Wextra -fno-tree-loop-distrib
TRACE::2025-12-24.06:18:08::SCWBDomain::ute-patterns -Os -flto -ffat-lto-objects"

TRACE::2025-12-24.06:18:08::SCWBDomain::Running Make include in psu_cortexa53_0/libsrc/data_mover_v1_0/src

TRACE::2025-12-24.06:18:08::SCWBDomain::make -C psu_cortexa53_0/libsrc/data_mover_v1_0/src -s include  "SHELL=/bin/sh" "COMPILER=aarch64-none-elf-gcc" "ASSEMBLER=aarch
TRACE::2025-12-24.06:18:08::SCWBDomain::64-none-elf-as" "ARCHIVER=aarch64-none-elf-ar" "COMPILER_FLAGS=  -c" "EXTRA_COMPILER_FLAGS=-g -Wall -Wextra -fno-tree-loop-dist
TRACE::2025-12-24.06:18:08::SCWBDomain::ribute-patterns -Os -flto -ffat-lto-objects"

TRACE::2025-12-24.06:18:08::SCWBDomain::Running Make include in psu_cortexa53_0/libsrc/ddrcpsu_v1_7/src

TRACE::2025-12-24.06:18:08::SCWBDomain::Running Make include in psu_cortexa53_0/libsrc/dpdma_v1_6/src

TRACE::2025-12-24.06:18:08::SCWBDomain::make -C psu_cortexa53_0/libsrc/ddrcpsu_v1_7/src -s include  "SHELL=/bin/sh" "COMPILER=aarch64-none-elf-gcc" "ASSEMBLER=aarch64-
TRACE::2025-12-24.06:18:08::SCWBDomain::none-elf-as" "ARCHIVER=aarch64-none-elf-ar" "COMPILER_FLAGS=  -c" "EXTRA_COMPILER_FLAGS=-g -Wall -Wextra -fno-tree-loop-distrib
TRACE::2025-12-24.06:18:08::SCWBDomain::ute-patterns -Os -flto -ffat-lto-objects"

TRACE::2025-12-24.06:18:08::SCWBDomain::make -C psu_cortexa53_0/libsrc/dpdma_v1_6/src -s include  "SHELL=/bin/sh" "COMPILER=aarch64-none-elf-gcc" "ASSEMBLER=aarch64-no
TRACE::2025-12-24.06:18:08::SCWBDomain::ne-elf-as" "ARCHIVER=aarch64-none-elf-ar" "COMPILER_FLAGS=  -c" "EXTRA_COMPILER_FLAGS=-g -Wall -Wextra -fno-tree-loop-distribut
TRACE::2025-12-24.06:18:08::SCWBDomain::e-patterns -Os -flto -ffat-lto-objects"

TRACE::2025-12-24.06:18:08::SCWBDomain::Running Make include in psu_cortexa53_0/libsrc/dppsu_v1_7/src

TRACE::2025-12-24.06:18:08::SCWBDomain::make -C psu_cortexa53_0/libsrc/dppsu_v1_7/src -s include  "SHELL=/bin/sh" "COMPILER=aarch64-none-elf-gcc" "ASSEMBLER=aarch64-no
TRACE::2025-12-24.06:18:08::SCWBDomain::ne-elf-as" "ARCHIVER=aarch64-none-elf-ar" "COMPILER_FLAGS=  -c" "EXTRA_COMPILER_FLAGS=-g -Wall -Wextra -fno-tree-loop-distribut
TRACE::2025-12-24.06:18:08::SCWBDomain::e-patterns -Os -flto -ffat-lto-objects"

TRACE::2025-12-24.06:18:08::SCWBDomain::Running Make include in psu_cortexa53_0/libsrc/emacps_v3_21/src

TRACE::2025-12-24.06:18:08::SCWBDomain::make -C psu_cortexa53_0/libsrc/emacps_v3_21/src -s include  "SHELL=/bin/sh" "COMPILER=aarch64-none-elf-gcc" "ASSEMBLER=aarch64-
TRACE::2025-12-24.06:18:08::SCWBDomain::none-elf-as" "ARCHIVER=aarch64-none-elf-ar" "COMPILER_FLAGS=  -c" "EXTRA_COMPILER_FLAGS=-g -Wall -Wextra -fno-tree-loop-distrib
TRACE::2025-12-24.06:18:08::SCWBDomain::ute-patterns -Os -flto -ffat-lto-objects"

TRACE::2025-12-24.06:18:08::SCWBDomain::Running Make include in psu_cortexa53_0/libsrc/gpiops_v3_13/src

TRACE::2025-12-24.06:18:08::SCWBDomain::Running Make include in psu_cortexa53_0/libsrc/iicps_v3_20/src

TRACE::2025-12-24.06:18:08::SCWBDomain::make -C psu_cortexa53_0/libsrc/gpiops_v3_13/src -s include  "SHELL=/bin/sh" "COMPILER=aarch64-none-elf-gcc" "ASSEMBLER=aarch64-
TRACE::2025-12-24.06:18:08::SCWBDomain::none-elf-as" "ARCHIVER=aarch64-none-elf-ar" "COMPILER_FLAGS=  -c" "EXTRA_COMPILER_FLAGS=-g -Wall -Wextra -fno-tree-loop-distrib
TRACE::2025-12-24.06:18:08::SCWBDomain::ute-patterns -Os -flto -ffat-lto-objects"

TRACE::2025-12-24.06:18:08::SCWBDomain::make -C psu_cortexa53_0/libsrc/iicps_v3_20/src -s include  "SHELL=/bin/sh" "COMPILER=aarch64-none-elf-gcc" "ASSEMBLER=aarch64-n
TRACE::2025-12-24.06:18:08::SCWBDomain::one-elf-as" "ARCHIVER=aarch64-none-elf-ar" "COMPILER_FLAGS=  -c" "EXTRA_COMPILER_FLAGS=-g -Wall -Wextra -fno-tree-loop-distribu
TRACE::2025-12-24.06:18:08::SCWBDomain::te-patterns -Os -flto -ffat-lto-objects"

TRACE::2025-12-24.06:18:08::SCWBDomain::Running Make include in psu_cortexa53_0/libsrc/ipipsu_v2_16/src

TRACE::2025-12-24.06:18:08::SCWBDomain::Running Make include in psu_cortexa53_0/libsrc/pciepsu_v2_0/src

TRACE::2025-12-24.06:18:08::SCWBDomain::make -C psu_cortexa53_0/libsrc/ipipsu_v2_16/src -s include  "SHELL=/bin/sh" "COMPILER=aarch64-none-elf-gcc" "ASSEMBLER=aarch64-
TRACE::2025-12-24.06:18:08::SCWBDomain::none-elf-as" "ARCHIVER=aarch64-none-elf-ar" "COMPILER_FLAGS=  -c" "EXTRA_COMPILER_FLAGS=-g -Wall -Wextra -fno-tree-loop-distrib
TRACE::2025-12-24.06:18:08::SCWBDomain::ute-patterns -Os -flto -ffat-lto-objects"

TRACE::2025-12-24.06:18:08::SCWBDomain::Running Make include in psu_cortexa53_0/libsrc/qspipsu_v1_20/src

TRACE::2025-12-24.06:18:08::SCWBDomain::make -C psu_cortexa53_0/libsrc/pciepsu_v2_0/src -s include  "SHELL=/bin/sh" "COMPILER=aarch64-none-elf-gcc" "ASSEMBLER=aarch64-
TRACE::2025-12-24.06:18:08::SCWBDomain::none-elf-as" "ARCHIVER=aarch64-none-elf-ar" "COMPILER_FLAGS=  -c" "EXTRA_COMPILER_FLAGS=-g -Wall -Wextra -fno-tree-loop-distrib
TRACE::2025-12-24.06:18:08::SCWBDomain::ute-patterns -Os -flto -ffat-lto-objects"

TRACE::2025-12-24.06:18:08::SCWBDomain::make -C psu_cortexa53_0/libsrc/qspipsu_v1_20/src -s include  "SHELL=/bin/sh" "COMPILER=aarch64-none-elf-gcc" "ASSEMBLER=aarch64
TRACE::2025-12-24.06:18:08::SCWBDomain::-none-elf-as" "ARCHIVER=aarch64-none-elf-ar" "COMPILER_FLAGS=  -c" "EXTRA_COMPILER_FLAGS=-g -Wall -Wextra -fno-tree-loop-distri
TRACE::2025-12-24.06:18:08::SCWBDomain::bute-patterns -Os -flto -ffat-lto-objects"

TRACE::2025-12-24.06:18:08::SCWBDomain::Running Make include in psu_cortexa53_0/libsrc/resetps_v1_7/src

TRACE::2025-12-24.06:18:08::SCWBDomain::make -C psu_cortexa53_0/libsrc/resetps_v1_7/src -s include  "SHELL=/bin/sh" "COMPILER=aarch64-none-elf-gcc" "ASSEMBLER=aarch64-
TRACE::2025-12-24.06:18:08::SCWBDomain::none-elf-as" "ARCHIVER=aarch64-none-elf-ar" "COMPILER_FLAGS=  -c" "EXTRA_COMPILER_FLAGS=-g -Wall -Wextra -fno-tree-loop-distrib
TRACE::2025-12-24.06:18:08::SCWBDomain::ute-patterns -Os -flto -ffat-lto-objects"

TRACE::2025-12-24.06:18:08::SCWBDomain::Running Make include in psu_cortexa53_0/libsrc/rtcpsu_v1_14/src

TRACE::2025-12-24.06:18:08::SCWBDomain::Running Make include in psu_cortexa53_0/libsrc/scugic_v5_4/src

TRACE::2025-12-24.06:18:08::SCWBDomain::make -C psu_cortexa53_0/libsrc/rtcpsu_v1_14/src -s include  "SHELL=/bin/sh" "COMPILER=aarch64-none-elf-gcc" "ASSEMBLER=aarch64-
TRACE::2025-12-24.06:18:08::SCWBDomain::none-elf-as" "ARCHIVER=aarch64-none-elf-ar" "COMPILER_FLAGS=  -c" "EXTRA_COMPILER_FLAGS=-g -Wall -Wextra -fno-tree-loop-distrib
TRACE::2025-12-24.06:18:08::SCWBDomain::ute-patterns -Os -flto -ffat-lto-objects"

TRACE::2025-12-24.06:18:08::SCWBDomain::make -C psu_cortexa53_0/libsrc/scugic_v5_4/src -s include  "SHELL=/bin/sh" "COMPILER=aarch64-none-elf-gcc" "ASSEMBLER=aarch64-n
TRACE::2025-12-24.06:18:08::SCWBDomain::one-elf-as" "ARCHIVER=aarch64-none-elf-ar" "COMPILER_FLAGS=  -c" "EXTRA_COMPILER_FLAGS=-g -Wall -Wextra -fno-tree-loop-distribu
TRACE::2025-12-24.06:18:08::SCWBDomain::te-patterns -Os -flto -ffat-lto-objects"

TRACE::2025-12-24.06:18:08::SCWBDomain::Running Make include in psu_cortexa53_0/libsrc/sdps_v4_4/src

TRACE::2025-12-24.06:18:08::SCWBDomain::make -C psu_cortexa53_0/libsrc/sdps_v4_4/src -s include  "SHELL=/bin/sh" "COMPILER=aarch64-none-elf-gcc" "ASSEMBLER=aarch64-non
TRACE::2025-12-24.06:18:08::SCWBDomain::e-elf-as" "ARCHIVER=aarch64-none-elf-ar" "COMPILER_FLAGS=  -c" "EXTRA_COMPILER_FLAGS=-g -Wall -Wextra -fno-tree-loop-distribute
TRACE::2025-12-24.06:18:08::SCWBDomain::-patterns -Os -flto -ffat-lto-objects"

TRACE::2025-12-24.06:18:08::SCWBDomain::Running Make include in psu_cortexa53_0/libsrc/standalone_v9_2/src

TRACE::2025-12-24.06:18:08::SCWBDomain::make -C psu_cortexa53_0/libsrc/standalone_v9_2/src -s include  "SHELL=/bin/sh" "COMPILER=aarch64-none-elf-gcc" "ASSEMBLER=aarch
TRACE::2025-12-24.06:18:08::SCWBDomain::64-none-elf-as" "ARCHIVER=aarch64-none-elf-ar" "COMPILER_FLAGS=  -c" "EXTRA_COMPILER_FLAGS=-g -Wall -Wextra -fno-tree-loop-dist
TRACE::2025-12-24.06:18:08::SCWBDomain::ribute-patterns -Os -flto -ffat-lto-objects"

TRACE::2025-12-24.06:18:08::SCWBDomain::Running Make include in psu_cortexa53_0/libsrc/sysmonpsu_v3_0/src

TRACE::2025-12-24.06:18:08::SCWBDomain::make -C psu_cortexa53_0/libsrc/sysmonpsu_v3_0/src -s include  "SHELL=/bin/sh" "COMPILER=aarch64-none-elf-gcc" "ASSEMBLER=aarch6
TRACE::2025-12-24.06:18:08::SCWBDomain::4-none-elf-as" "ARCHIVER=aarch64-none-elf-ar" "COMPILER_FLAGS=  -c" "EXTRA_COMPILER_FLAGS=-g -Wall -Wextra -fno-tree-loop-distr
TRACE::2025-12-24.06:18:08::SCWBDomain::ibute-patterns -Os -flto -ffat-lto-objects"

TRACE::2025-12-24.06:18:08::SCWBDomain::Running Make include in psu_cortexa53_0/libsrc/ttcps_v3_20/src

TRACE::2025-12-24.06:18:08::SCWBDomain::make -C psu_cortexa53_0/libsrc/ttcps_v3_20/src -s include  "SHELL=/bin/sh" "COMPILER=aarch64-none-elf-gcc" "ASSEMBLER=aarch64-n
TRACE::2025-12-24.06:18:08::SCWBDomain::one-elf-as" "ARCHIVER=aarch64-none-elf-ar" "COMPILER_FLAGS=  -c" "EXTRA_COMPILER_FLAGS=-g -Wall -Wextra -fno-tree-loop-distribu
TRACE::2025-12-24.06:18:08::SCWBDomain::te-patterns -Os -flto -ffat-lto-objects"

TRACE::2025-12-24.06:18:08::SCWBDomain::Running Make include in psu_cortexa53_0/libsrc/uartps_v3_15/src

TRACE::2025-12-24.06:18:08::SCWBDomain::make -C psu_cortexa53_0/libsrc/uartps_v3_15/src -s include  "SHELL=/bin/sh" "COMPILER=aarch64-none-elf-gcc" "ASSEMBLER=aarch64-
TRACE::2025-12-24.06:18:08::SCWBDomain::none-elf-as" "ARCHIVER=aarch64-none-elf-ar" "COMPILER_FLAGS=  -c" "EXTRA_COMPILER_FLAGS=-g -Wall -Wextra -fno-tree-loop-distrib
TRACE::2025-12-24.06:18:08::SCWBDomain::ute-patterns -Os -flto -ffat-lto-objects"

TRACE::2025-12-24.06:18:08::SCWBDomain::Running Make include in psu_cortexa53_0/libsrc/usbpsu_v1_16/src

TRACE::2025-12-24.06:18:08::SCWBDomain::make -C psu_cortexa53_0/libsrc/usbpsu_v1_16/src -s include  "SHELL=/bin/sh" "COMPILER=aarch64-none-elf-gcc" "ASSEMBLER=aarch64-
TRACE::2025-12-24.06:18:08::SCWBDomain::none-elf-as" "ARCHIVER=aarch64-none-elf-ar" "COMPILER_FLAGS=  -c" "EXTRA_COMPILER_FLAGS=-g -Wall -Wextra -fno-tree-loop-distrib
TRACE::2025-12-24.06:18:08::SCWBDomain::ute-patterns -Os -flto -ffat-lto-objects"

TRACE::2025-12-24.06:18:08::SCWBDomain::Running Make include in psu_cortexa53_0/libsrc/video_common_v4_16/src

TRACE::2025-12-24.06:18:08::SCWBDomain::make -C psu_cortexa53_0/libsrc/video_common_v4_16/src -s include  "SHELL=/bin/sh" "COMPILER=aarch64-none-elf-gcc" "ASSEMBLER=aa
TRACE::2025-12-24.06:18:08::SCWBDomain::rch64-none-elf-as" "ARCHIVER=aarch64-none-elf-ar" "COMPILER_FLAGS=  -c" "EXTRA_COMPILER_FLAGS=-g -Wall -Wextra -fno-tree-loop-d
TRACE::2025-12-24.06:18:08::SCWBDomain::istribute-patterns -Os -flto -ffat-lto-objects"

TRACE::2025-12-24.06:18:08::SCWBDomain::Running Make include in psu_cortexa53_0/libsrc/xilffs_v5_3/src

TRACE::2025-12-24.06:18:08::SCWBDomain::make -C psu_cortexa53_0/libsrc/xilffs_v5_3/src -s include  "SHELL=/bin/sh" "COMPILER=aarch64-none-elf-gcc" "ASSEMBLER=aarch64-n
TRACE::2025-12-24.06:18:08::SCWBDomain::one-elf-as" "ARCHIVER=aarch64-none-elf-ar" "COMPILER_FLAGS=  -c" "EXTRA_COMPILER_FLAGS=-g -Wall -Wextra -fno-tree-loop-distribu
TRACE::2025-12-24.06:18:08::SCWBDomain::te-patterns -Os -flto -ffat-lto-objects"

TRACE::2025-12-24.06:18:08::SCWBDomain::Running Make include in psu_cortexa53_0/libsrc/xilpm_v5_3/src

TRACE::2025-12-24.06:18:08::SCWBDomain::Running Make include in psu_cortexa53_0/libsrc/xilsecure_v5_4/src

TRACE::2025-12-24.06:18:08::SCWBDomain::make -C psu_cortexa53_0/libsrc/xilpm_v5_3/src -s include  "SHELL=/bin/sh" "COMPILER=aarch64-none-elf-gcc" "ASSEMBLER=aarch64-no
TRACE::2025-12-24.06:18:08::SCWBDomain::ne-elf-as" "ARCHIVER=aarch64-none-elf-ar" "COMPILER_FLAGS=  -c" "EXTRA_COMPILER_FLAGS=-g -Wall -Wextra -fno-tree-loop-distribut
TRACE::2025-12-24.06:18:08::SCWBDomain::e-patterns -Os -flto -ffat-lto-objects"

TRACE::2025-12-24.06:18:08::SCWBDomain::make -C psu_cortexa53_0/libsrc/xilsecure_v5_4/src -s include  "SHELL=/bin/sh" "COMPILER=aarch64-none-elf-gcc" "ASSEMBLER=aarch6
TRACE::2025-12-24.06:18:08::SCWBDomain::4-none-elf-as" "ARCHIVER=aarch64-none-elf-ar" "COMPILER_FLAGS=  -c" "EXTRA_COMPILER_FLAGS=-g -Wall -Wextra -fno-tree-loop-distr
TRACE::2025-12-24.06:18:08::SCWBDomain::ibute-patterns -Os -flto -ffat-lto-objects"

TRACE::2025-12-24.06:18:08::SCWBDomain::Running Make include in psu_cortexa53_0/libsrc/zdma_v1_19/src

TRACE::2025-12-24.06:18:08::SCWBDomain::make -C psu_cortexa53_0/libsrc/zdma_v1_19/src -s include  "SHELL=/bin/sh" "COMPILER=aarch64-none-elf-gcc" "ASSEMBLER=aarch64-no
TRACE::2025-12-24.06:18:08::SCWBDomain::ne-elf-as" "ARCHIVER=aarch64-none-elf-ar" "COMPILER_FLAGS=  -c" "EXTRA_COMPILER_FLAGS=-g -Wall -Wextra -fno-tree-loop-distribut
TRACE::2025-12-24.06:18:08::SCWBDomain::e-patterns -Os -flto -ffat-lto-objects"

TRACE::2025-12-24.06:18:08::SCWBDomain::Include files for this library have already been copied.

TRACE::2025-12-24.06:18:08::SCWBDomain::Running Make libs in psu_cortexa53_0/libsrc/axipmon_v6_11/src

TRACE::2025-12-24.06:18:08::SCWBDomain::make -C psu_cortexa53_0/libsrc/axipmon_v6_11/src -s libs  "SHELL=/bin/sh" "COMPILER=aarch64-none-elf-gcc" "ASSEMBLER=aarch64-no
TRACE::2025-12-24.06:18:08::SCWBDomain::ne-elf-as" "ARCHIVER=aarch64-none-elf-ar" "COMPILER_FLAGS=  -c" "EXTRA_COMPILER_FLAGS=-g -Wall -Wextra -fno-tree-loop-distribut
TRACE::2025-12-24.06:18:08::SCWBDomain::e-patterns -Os -flto -ffat-lto-objects"

TRACE::2025-12-24.06:18:08::SCWBDomain::Running Make libs in psu_cortexa53_0/libsrc/bram_v4_11/src

TRACE::2025-12-24.06:18:08::SCWBDomain::Running Make libs in psu_cortexa53_0/libsrc/coresightps_dcc_v1_11/src

TRACE::2025-12-24.06:18:08::SCWBDomain::make -C psu_cortexa53_0/libsrc/bram_v4_11/src -s libs  "SHELL=/bin/sh" "COMPILER=aarch64-none-elf-gcc" "ASSEMBLER=aarch64-none-
TRACE::2025-12-24.06:18:08::SCWBDomain::elf-as" "ARCHIVER=aarch64-none-elf-ar" "COMPILER_FLAGS=  -c" "EXTRA_COMPILER_FLAGS=-g -Wall -Wextra -fno-tree-loop-distribute-p
TRACE::2025-12-24.06:18:08::SCWBDomain::atterns -Os -flto -ffat-lto-objects"

TRACE::2025-12-24.06:18:08::SCWBDomain::Running Make libs in psu_cortexa53_0/libsrc/clockps_v1_6/src

TRACE::2025-12-24.06:18:08::SCWBDomain::make -C psu_cortexa53_0/libsrc/clockps_v1_6/src -s libs  "SHELL=/bin/sh" "COMPILER=aarch64-none-elf-gcc" "ASSEMBLER=aarch64-non
TRACE::2025-12-24.06:18:08::SCWBDomain::e-elf-as" "ARCHIVER=aarch64-none-elf-ar" "COMPILER_FLAGS=  -c" "EXTRA_COMPILER_FLAGS=-g -Wall -Wextra -fno-tree-loop-distribute
TRACE::2025-12-24.06:18:08::SCWBDomain::-patterns -Os -flto -ffat-lto-objects"

TRACE::2025-12-24.06:18:08::SCWBDomain::make -C psu_cortexa53_0/libsrc/coresightps_dcc_v1_11/src -s libs  "SHELL=/bin/sh" "COMPILER=aarch64-none-elf-gcc" "ASSEMBLER=aa
TRACE::2025-12-24.06:18:08::SCWBDomain::rch64-none-elf-as" "ARCHIVER=aarch64-none-elf-ar" "COMPILER_FLAGS=  -c" "EXTRA_COMPILER_FLAGS=-g -Wall -Wextra -fno-tree-loop-d
TRACE::2025-12-24.06:18:08::SCWBDomain::istribute-patterns -Os -flto -ffat-lto-objects"

TRACE::2025-12-24.06:18:08::SCWBDomain::Running Make libs in psu_cortexa53_0/libsrc/cpu_cortexa53_v2_1/src

TRACE::2025-12-24.06:18:08::SCWBDomain::make -C psu_cortexa53_0/libsrc/cpu_cortexa53_v2_1/src -s libs  "SHELL=/bin/sh" "COMPILER=aarch64-none-elf-gcc" "ASSEMBLER=aarch
TRACE::2025-12-24.06:18:08::SCWBDomain::64-none-elf-as" "ARCHIVER=aarch64-none-elf-ar" "COMPILER_FLAGS=  -c" "EXTRA_COMPILER_FLAGS=-g -Wall -Wextra -fno-tree-loop-dist
TRACE::2025-12-24.06:18:08::SCWBDomain::ribute-patterns -Os -flto -ffat-lto-objects"

TRACE::2025-12-24.06:18:08::SCWBDomain::Running Make libs in psu_cortexa53_0/libsrc/csudma_v1_16/src

TRACE::2025-12-24.06:18:08::SCWBDomain::make -C psu_cortexa53_0/libsrc/csudma_v1_16/src -s libs  "SHELL=/bin/sh" "COMPILER=aarch64-none-elf-gcc" "ASSEMBLER=aarch64-non
TRACE::2025-12-24.06:18:08::SCWBDomain::e-elf-as" "ARCHIVER=aarch64-none-elf-ar" "COMPILER_FLAGS=  -c" "EXTRA_COMPILER_FLAGS=-g -Wall -Wextra -fno-tree-loop-distribute
TRACE::2025-12-24.06:18:08::SCWBDomain::-patterns -Os -flto -ffat-lto-objects"

TRACE::2025-12-24.06:18:08::SCWBDomain::Running Make libs in psu_cortexa53_0/libsrc/ddrcpsu_v1_7/src

TRACE::2025-12-24.06:18:08::SCWBDomain::make -C psu_cortexa53_0/libsrc/ddrcpsu_v1_7/src -s libs  "SHELL=/bin/sh" "COMPILER=aarch64-none-elf-gcc" "ASSEMBLER=aarch64-non
TRACE::2025-12-24.06:18:08::SCWBDomain::e-elf-as" "ARCHIVER=aarch64-none-elf-ar" "COMPILER_FLAGS=  -c" "EXTRA_COMPILER_FLAGS=-g -Wall -Wextra -fno-tree-loop-distribute
TRACE::2025-12-24.06:18:08::SCWBDomain::-patterns -Os -flto -ffat-lto-objects"

TRACE::2025-12-24.06:18:08::SCWBDomain::Running Make libs in psu_cortexa53_0/libsrc/emacps_v3_21/src

TRACE::2025-12-24.06:18:08::SCWBDomain::make -C psu_cortexa53_0/libsrc/emacps_v3_21/src -s libs  "SHELL=/bin/sh" "COMPILER=aarch64-none-elf-gcc" "ASSEMBLER=aarch64-non
TRACE::2025-12-24.06:18:08::SCWBDomain::e-elf-as" "ARCHIVER=aarch64-none-elf-ar" "COMPILER_FLAGS=  -c" "EXTRA_COMPILER_FLAGS=-g -Wall -Wextra -fno-tree-loop-distribute
TRACE::2025-12-24.06:18:08::SCWBDomain::-patterns -Os -flto -ffat-lto-objects"

TRACE::2025-12-24.06:18:08::SCWBDomain::Running Make libs in psu_cortexa53_0/libsrc/gpiops_v3_13/src

TRACE::2025-12-24.06:18:08::SCWBDomain::Running Make libs in psu_cortexa53_0/libsrc/iicps_v3_20/src

TRACE::2025-12-24.06:18:08::SCWBDomain::make -C psu_cortexa53_0/libsrc/gpiops_v3_13/src -s libs  "SHELL=/bin/sh" "COMPILER=aarch64-none-elf-gcc" "ASSEMBLER=aarch64-non
TRACE::2025-12-24.06:18:08::SCWBDomain::e-elf-as" "ARCHIVER=aarch64-none-elf-ar" "COMPILER_FLAGS=  -c" "EXTRA_COMPILER_FLAGS=-g -Wall -Wextra -fno-tree-loop-distribute
TRACE::2025-12-24.06:18:08::SCWBDomain::-patterns -Os -flto -ffat-lto-objects"

TRACE::2025-12-24.06:18:08::SCWBDomain::make -C psu_cortexa53_0/libsrc/iicps_v3_20/src -s libs  "SHELL=/bin/sh" "COMPILER=aarch64-none-elf-gcc" "ASSEMBLER=aarch64-none
TRACE::2025-12-24.06:18:08::SCWBDomain::-elf-as" "ARCHIVER=aarch64-none-elf-ar" "COMPILER_FLAGS=  -c" "EXTRA_COMPILER_FLAGS=-g -Wall -Wextra -fno-tree-loop-distribute-
TRACE::2025-12-24.06:18:08::SCWBDomain::patterns -Os -flto -ffat-lto-objects"

TRACE::2025-12-24.06:18:08::SCWBDomain::Running Make libs in psu_cortexa53_0/libsrc/ipipsu_v2_16/src

TRACE::2025-12-24.06:18:08::SCWBDomain::make -C psu_cortexa53_0/libsrc/ipipsu_v2_16/src -s libs  "SHELL=/bin/sh" "COMPILER=aarch64-none-elf-gcc" "ASSEMBLER=aarch64-non
TRACE::2025-12-24.06:18:08::SCWBDomain::e-elf-as" "ARCHIVER=aarch64-none-elf-ar" "COMPILER_FLAGS=  -c" "EXTRA_COMPILER_FLAGS=-g -Wall -Wextra -fno-tree-loop-distribute
TRACE::2025-12-24.06:18:08::SCWBDomain::-patterns -Os -flto -ffat-lto-objects"

TRACE::2025-12-24.06:18:08::SCWBDomain::Running Make libs in psu_cortexa53_0/libsrc/pciepsu_v2_0/src

TRACE::2025-12-24.06:18:08::SCWBDomain::Running Make libs in psu_cortexa53_0/libsrc/qspipsu_v1_20/src

TRACE::2025-12-24.06:18:08::SCWBDomain::make -C psu_cortexa53_0/libsrc/pciepsu_v2_0/src -s libs  "SHELL=/bin/sh" "COMPILER=aarch64-none-elf-gcc" "ASSEMBLER=aarch64-non
TRACE::2025-12-24.06:18:08::SCWBDomain::e-elf-as" "ARCHIVER=aarch64-none-elf-ar" "COMPILER_FLAGS=  -c" "EXTRA_COMPILER_FLAGS=-g -Wall -Wextra -fno-tree-loop-distribute
TRACE::2025-12-24.06:18:08::SCWBDomain::-patterns -Os -flto -ffat-lto-objects"

TRACE::2025-12-24.06:18:08::SCWBDomain::Running Make libs in psu_cortexa53_0/libsrc/resetps_v1_7/src

TRACE::2025-12-24.06:18:08::SCWBDomain::make -C psu_cortexa53_0/libsrc/qspipsu_v1_20/src -s libs  "SHELL=/bin/sh" "COMPILER=aarch64-none-elf-gcc" "ASSEMBLER=aarch64-no
TRACE::2025-12-24.06:18:08::SCWBDomain::ne-elf-as" "ARCHIVER=aarch64-none-elf-ar" "COMPILER_FLAGS=  -c" "EXTRA_COMPILER_FLAGS=-g -Wall -Wextra -fno-tree-loop-distribut
TRACE::2025-12-24.06:18:08::SCWBDomain::e-patterns -Os -flto -ffat-lto-objects"

TRACE::2025-12-24.06:18:08::SCWBDomain::make -C psu_cortexa53_0/libsrc/resetps_v1_7/src -s libs  "SHELL=/bin/sh" "COMPILER=aarch64-none-elf-gcc" "ASSEMBLER=aarch64-non
TRACE::2025-12-24.06:18:08::SCWBDomain::e-elf-as" "ARCHIVER=aarch64-none-elf-ar" "COMPILER_FLAGS=  -c" "EXTRA_COMPILER_FLAGS=-g -Wall -Wextra -fno-tree-loop-distribute
TRACE::2025-12-24.06:18:08::SCWBDomain::-patterns -Os -flto -ffat-lto-objects"

TRACE::2025-12-24.06:18:08::SCWBDomain::Running Make libs in psu_cortexa53_0/libsrc/rtcpsu_v1_14/src

TRACE::2025-12-24.06:18:08::SCWBDomain::make -C psu_cortexa53_0/libsrc/rtcpsu_v1_14/src -s libs  "SHELL=/bin/sh" "COMPILER=aarch64-none-elf-gcc" "ASSEMBLER=aarch64-non
TRACE::2025-12-24.06:18:08::SCWBDomain::e-elf-as" "ARCHIVER=aarch64-none-elf-ar" "COMPILER_FLAGS=  -c" "EXTRA_COMPILER_FLAGS=-g -Wall -Wextra -fno-tree-loop-distribute
TRACE::2025-12-24.06:18:08::SCWBDomain::-patterns -Os -flto -ffat-lto-objects"

TRACE::2025-12-24.06:18:08::SCWBDomain::Running Make libs in psu_cortexa53_0/libsrc/scugic_v5_4/src

TRACE::2025-12-24.06:18:08::SCWBDomain::make -C psu_cortexa53_0/libsrc/scugic_v5_4/src -s libs  "SHELL=/bin/sh" "COMPILER=aarch64-none-elf-gcc" "ASSEMBLER=aarch64-none
TRACE::2025-12-24.06:18:08::SCWBDomain::-elf-as" "ARCHIVER=aarch64-none-elf-ar" "COMPILER_FLAGS=  -c" "EXTRA_COMPILER_FLAGS=-g -Wall -Wextra -fno-tree-loop-distribute-
TRACE::2025-12-24.06:18:08::SCWBDomain::patterns -Os -flto -ffat-lto-objects"

TRACE::2025-12-24.06:18:08::SCWBDomain::Running Make libs in psu_cortexa53_0/libsrc/sdps_v4_4/src

TRACE::2025-12-24.06:18:08::SCWBDomain::make -C psu_cortexa53_0/libsrc/sdps_v4_4/src -s libs  "SHELL=/bin/sh" "COMPILER=aarch64-none-elf-gcc" "ASSEMBLER=aarch64-none-e
TRACE::2025-12-24.06:18:08::SCWBDomain::lf-as" "ARCHIVER=aarch64-none-elf-ar" "COMPILER_FLAGS=  -c" "EXTRA_COMPILER_FLAGS=-g -Wall -Wextra -fno-tree-loop-distribute-pa
TRACE::2025-12-24.06:18:08::SCWBDomain::tterns -Os -flto -ffat-lto-objects"

TRACE::2025-12-24.06:18:08::SCWBDomain::Running Make libs in psu_cortexa53_0/libsrc/standalone_v9_2/src

TRACE::2025-12-24.06:18:08::SCWBDomain::make -C psu_cortexa53_0/libsrc/standalone_v9_2/src -s libs  "SHELL=/bin/sh" "COMPILER=aarch64-none-elf-gcc" "ASSEMBLER=aarch64-
TRACE::2025-12-24.06:18:08::SCWBDomain::none-elf-as" "ARCHIVER=aarch64-none-elf-ar" "COMPILER_FLAGS=  -c" "EXTRA_COMPILER_FLAGS=-g -Wall -Wextra -fno-tree-loop-distrib
TRACE::2025-12-24.06:18:08::SCWBDomain::ute-patterns -Os -flto -ffat-lto-objects"

TRACE::2025-12-24.06:18:08::SCWBDomain::Running Make libs in psu_cortexa53_0/libsrc/sysmonpsu_v3_0/src

TRACE::2025-12-24.06:18:08::SCWBDomain::make -C psu_cortexa53_0/libsrc/sysmonpsu_v3_0/src -s libs  "SHELL=/bin/sh" "COMPILER=aarch64-none-elf-gcc" "ASSEMBLER=aarch64-n
TRACE::2025-12-24.06:18:08::SCWBDomain::one-elf-as" "ARCHIVER=aarch64-none-elf-ar" "COMPILER_FLAGS=  -c" "EXTRA_COMPILER_FLAGS=-g -Wall -Wextra -fno-tree-loop-distribu
TRACE::2025-12-24.06:18:08::SCWBDomain::te-patterns -Os -flto -ffat-lto-objects"

TRACE::2025-12-24.06:18:08::SCWBDomain::Running Make libs in psu_cortexa53_0/libsrc/ttcps_v3_20/src

TRACE::2025-12-24.06:18:08::SCWBDomain::make -C psu_cortexa53_0/libsrc/ttcps_v3_20/src -s libs  "SHELL=/bin/sh" "COMPILER=aarch64-none-elf-gcc" "ASSEMBLER=aarch64-none
TRACE::2025-12-24.06:18:08::SCWBDomain::-elf-as" "ARCHIVER=aarch64-none-elf-ar" "COMPILER_FLAGS=  -c" "EXTRA_COMPILER_FLAGS=-g -Wall -Wextra -fno-tree-loop-distribute-
TRACE::2025-12-24.06:18:08::SCWBDomain::patterns -Os -flto -ffat-lto-objects"

TRACE::2025-12-24.06:18:09::SCWBDomain::Running Make libs in psu_cortexa53_0/libsrc/uartps_v3_15/src

TRACE::2025-12-24.06:18:09::SCWBDomain::make -C psu_cortexa53_0/libsrc/uartps_v3_15/src -s libs  "SHELL=/bin/sh" "COMPILER=aarch64-none-elf-gcc" "ASSEMBLER=aarch64-non
TRACE::2025-12-24.06:18:09::SCWBDomain::e-elf-as" "ARCHIVER=aarch64-none-elf-ar" "COMPILER_FLAGS=  -c" "EXTRA_COMPILER_FLAGS=-g -Wall -Wextra -fno-tree-loop-distribute
TRACE::2025-12-24.06:18:09::SCWBDomain::-patterns -Os -flto -ffat-lto-objects"

TRACE::2025-12-24.06:18:09::SCWBDomain::Running Make libs in psu_cortexa53_0/libsrc/usbpsu_v1_16/src

TRACE::2025-12-24.06:18:09::SCWBDomain::make -C psu_cortexa53_0/libsrc/usbpsu_v1_16/src -s libs  "SHELL=/bin/sh" "COMPILER=aarch64-none-elf-gcc" "ASSEMBLER=aarch64-non
TRACE::2025-12-24.06:18:09::SCWBDomain::e-elf-as" "ARCHIVER=aarch64-none-elf-ar" "COMPILER_FLAGS=  -c" "EXTRA_COMPILER_FLAGS=-g -Wall -Wextra -fno-tree-loop-distribute
TRACE::2025-12-24.06:18:09::SCWBDomain::-patterns -Os -flto -ffat-lto-objects"

TRACE::2025-12-24.06:18:09::SCWBDomain::Running Make libs in psu_cortexa53_0/libsrc/xilffs_v5_3/src

TRACE::2025-12-24.06:18:09::SCWBDomain::Running Make libs in psu_cortexa53_0/libsrc/video_common_v4_16/src

TRACE::2025-12-24.06:18:09::SCWBDomain::make -C psu_cortexa53_0/libsrc/video_common_v4_16/src -s libs  "SHELL=/bin/sh" "COMPILER=aarch64-none-elf-gcc" "ASSEMBLER=aarch
TRACE::2025-12-24.06:18:09::SCWBDomain::64-none-elf-as" "ARCHIVER=aarch64-none-elf-ar" "COMPILER_FLAGS=  -c" "EXTRA_COMPILER_FLAGS=-g -Wall -Wextra -fno-tree-loop-dist
TRACE::2025-12-24.06:18:09::SCWBDomain::ribute-patterns -Os -flto -ffat-lto-objects"

TRACE::2025-12-24.06:18:09::SCWBDomain::Running Make libs in psu_cortexa53_0/libsrc/zdma_v1_19/src

TRACE::2025-12-24.06:18:09::SCWBDomain::make -C psu_cortexa53_0/libsrc/xilffs_v5_3/src -s libs  "SHELL=/bin/sh" "COMPILER=aarch64-none-elf-gcc" "ASSEMBLER=aarch64-none
TRACE::2025-12-24.06:18:09::SCWBDomain::-elf-as" "ARCHIVER=aarch64-none-elf-ar" "COMPILER_FLAGS=  -c" "EXTRA_COMPILER_FLAGS=-g -Wall -Wextra -fno-tree-loop-distribute-
TRACE::2025-12-24.06:18:09::SCWBDomain::patterns -Os -flto -ffat-lto-objects"

TRACE::2025-12-24.06:18:09::SCWBDomain::make -C psu_cortexa53_0/libsrc/zdma_v1_19/src -s libs  "SHELL=/bin/sh" "COMPILER=aarch64-none-elf-gcc" "ASSEMBLER=aarch64-none-
TRACE::2025-12-24.06:18:09::SCWBDomain::elf-as" "ARCHIVER=aarch64-none-elf-ar" "COMPILER_FLAGS=  -c" "EXTRA_COMPILER_FLAGS=-g -Wall -Wextra -fno-tree-loop-distribute-p
TRACE::2025-12-24.06:18:09::SCWBDomain::atterns -Os -flto -ffat-lto-objects"

TRACE::2025-12-24.06:18:09::SCWBDomain::Finished building libraries parallelly.

TRACE::2025-12-24.06:18:09::SCWBDomain::make --no-print-directory archive

TRACE::2025-12-24.06:18:09::SCWBDomain::aarch64-none-elf-ar -r  psu_cortexa53_0/lib/libxil.a psu_cortexa53_0/lib/_exit.o psu_cortexa53_0/lib/_open.o psu_cortexa53_0/li
TRACE::2025-12-24.06:18:09::SCWBDomain::b/_sbrk.o psu_cortexa53_0/lib/abort.o psu_cortexa53_0/lib/asm_vectors.o psu_cortexa53_0/lib/boot.o psu_cortexa53_0/lib/close.o 
TRACE::2025-12-24.06:18:09::SCWBDomain::psu_cortexa53_0/lib/cpputest_time.o psu_cortexa53_0/lib/errno.o psu_cortexa53_0/lib/fcntl.o psu_cortexa53_0/lib/fstat.o psu_cor
TRACE::2025-12-24.06:18:09::SCWBDomain::texa53_0/lib/getentropy.o psu_cortexa53_0/lib/getpid.o psu_cortexa53_0/lib/gettimeofday.o psu_cortexa53_0/lib/inbyte.o psu_cort
TRACE::2025-12-24.06:18:09::SCWBDomain::exa53_0/lib/initialise_monitor_handles.o psu_cortexa53_0/lib/isatty.o psu_cortexa53_0/lib/kill.o psu_cortexa53_0/lib/lseek.o ps
TRACE::2025-12-24.06:18:09::SCWBDomain::u_cortexa53_0/lib/open.o psu_cortexa53_0/lib/outbyte.o psu_cortexa53_0/lib/print.o psu_cortexa53_0/lib/putnum.o psu_cortexa53_0
TRACE::2025-12-24.06:18:09::SCWBDomain::/lib/read.o psu_cortexa53_0/lib/sbrk.o psu_cortexa53_0/lib/sleep.o psu_cortexa53_0/lib/time.o psu_cortexa53_0/lib/translation_t
TRACE::2025-12-24.06:18:09::SCWBDomain::able.o psu_cortexa53_0/lib/unlink.o psu_cortexa53_0/lib/vectors.o psu_cortexa53_0/lib/write.o psu_cortexa53_0/lib/xaxipmon.o ps
TRACE::2025-12-24.06:18:09::SCWBDomain::u_cortexa53_0/lib/xaxipmon_g.o psu_cortexa53_0/lib/xaxipmon_selftest.o psu_cortexa53_0/lib/xaxipmon_sinit.o psu_cortexa53_0/lib
TRACE::2025-12-24.06:18:09::SCWBDomain::/xbram.o psu_cortexa53_0/lib/xbram_g.o psu_cortexa53_0/lib/xbram_intr.o psu_cortexa53_0/lib/xbram_selftest.o psu_cortexa53_0/li
TRACE::2025-12-24.06:18:09::SCWBDomain::b/xbram_sinit.o psu_cortexa53_0/lib/xclockps.o psu_cortexa53_0/lib/xclockps_divider.o psu_cortexa53_0/lib/xclockps_fixedfactor.
TRACE::2025-12-24.06:18:09::SCWBDomain::o psu_cortexa53_0/lib/xclockps_g.o psu_cortexa53_0/lib/xclockps_gate.o psu_cortexa53_0/lib/xclockps_mux.o psu_cortexa53_0/lib/x
TRACE::2025-12-24.06:18:09::SCWBDomain::clockps_pll.o psu_cortexa53_0/lib/xclockps_sinit.o psu_cortexa53_0/lib/xcoresightpsdcc.o psu_cortexa53_0/lib/xcsudma.o psu_cort
TRACE::2025-12-24.06:18:09::SCWBDomain::exa53_0/lib/xcsudma_g.o psu_cortexa53_0/lib/xcsudma_intr.o psu_cortexa53_0/lib/xcsudma_selftest.o psu_cortexa53_0/lib/xcsudma_s
TRACE::2025-12-24.06:18:09::SCWBDomain::init.o psu_cortexa53_0/lib/xdata_mover.o psu_cortexa53_0/lib/xdata_mover_g.o psu_cortexa53_0/lib/xdata_mover_linux.o psu_cortex
TRACE::2025-12-24.06:18:09::SCWBDomain::a53_0/lib/xdata_mover_sinit.o psu_cortexa53_0/lib/xddrcpsu.o psu_cortexa53_0/lib/xddrcpsu_sinit.o psu_cortexa53_0/lib/xemacps.o
TRACE::2025-12-24.06:18:09::SCWBDomain:: psu_cortexa53_0/lib/xemacps_bdring.o psu_cortexa53_0/lib/xemacps_control.o psu_cortexa53_0/lib/xemacps_g.o psu_cortexa53_0/lib
TRACE::2025-12-24.06:18:09::SCWBDomain::/xemacps_hw.o psu_cortexa53_0/lib/xemacps_intr.o psu_cortexa53_0/lib/xemacps_sinit.o psu_cortexa53_0/lib/xgpiops.o psu_cortexa5
TRACE::2025-12-24.06:18:09::SCWBDomain::3_0/lib/xgpiops_g.o psu_cortexa53_0/lib/xgpiops_hw.o psu_cortexa53_0/lib/xgpiops_intr.o psu_cortexa53_0/lib/xgpiops_selftest.o 
TRACE::2025-12-24.06:18:09::SCWBDomain::psu_cortexa53_0/lib/xgpiops_sinit.o psu_cortexa53_0/lib/xiicps.o psu_cortexa53_0/lib/xiicps_g.o psu_cortexa53_0/lib/xiicps_hw.o
TRACE::2025-12-24.06:18:09::SCWBDomain:: psu_cortexa53_0/lib/xiicps_intr.o psu_cortexa53_0/lib/xiicps_master.o psu_cortexa53_0/lib/xiicps_options.o psu_cortexa53_0/lib
TRACE::2025-12-24.06:18:09::SCWBDomain::/xiicps_selftest.o psu_cortexa53_0/lib/xiicps_sinit.o psu_cortexa53_0/lib/xiicps_slave.o psu_cortexa53_0/lib/xiicps_xfer.o psu_
TRACE::2025-12-24.06:18:09::SCWBDomain::cortexa53_0/lib/xil-crt0.o psu_cortexa53_0/lib/xil_assert.o psu_cortexa53_0/lib/xil_cache.o psu_cortexa53_0/lib/xil_clocking.o 
TRACE::2025-12-24.06:18:09::SCWBDomain::psu_cortexa53_0/lib/xil_exception.o psu_cortexa53_0/lib/xil_mem.o psu_cortexa53_0/lib/xil_mmu.o psu_cortexa53_0/lib/xil_printf.
TRACE::2025-12-24.06:18:09::SCWBDomain::o psu_cortexa53_0/lib/xil_sleepcommon.o psu_cortexa53_0/lib/xil_sleeptimer.o psu_cortexa53_0/lib/xil_smc.o psu_cortexa53_0/lib/
TRACE::2025-12-24.06:18:09::SCWBDomain::xil_spinlock.o psu_cortexa53_0/lib/xil_sutil.o psu_cortexa53_0/lib/xil_testcache.o psu_cortexa53_0/lib/xil_testio.o psu_cortexa
TRACE::2025-12-24.06:18:09::SCWBDomain::53_0/lib/xil_testmem.o psu_cortexa53_0/lib/xil_util.o psu_cortexa53_0/lib/xinterrupt_wrap.o psu_cortexa53_0/lib/xipipsu.o psu_c
TRACE::2025-12-24.06:18:09::SCWBDomain::ortexa53_0/lib/xipipsu_buf.o psu_cortexa53_0/lib/xipipsu_g.o psu_cortexa53_0/lib/xipipsu_helper.o psu_cortexa53_0/lib/xipipsu_s
TRACE::2025-12-24.06:18:09::SCWBDomain::init.o psu_cortexa53_0/lib/xpciepsu.o psu_cortexa53_0/lib/xpciepsu_caps.o psu_cortexa53_0/lib/xpciepsu_ep.o psu_cortexa53_0/lib
TRACE::2025-12-24.06:18:09::SCWBDomain::/xpciepsu_g.o psu_cortexa53_0/lib/xpciepsu_sinit.o psu_cortexa53_0/lib/xplatform_info.o psu_cortexa53_0/lib/xpm_counter.o psu_c
TRACE::2025-12-24.06:18:09::SCWBDomain::ortexa53_0/lib/xpm_init.o psu_cortexa53_0/lib/xqspipsu.o psu_cortexa53_0/lib/xqspipsu_control.o psu_cortexa53_0/lib/xqspipsu_g.
TRACE::2025-12-24.06:18:09::SCWBDomain::o psu_cortexa53_0/lib/xqspipsu_hw.o psu_cortexa53_0/lib/xqspipsu_options.o psu_cortexa53_0/lib/xqspipsu_sinit.o psu_cortexa53_0
TRACE::2025-12-24.06:18:09::SCWBDomain::/lib/xqspipsu_xfer.o psu_cortexa53_0/lib/xresetps.o psu_cortexa53_0/lib/xresetps_g.o psu_cortexa53_0/lib/xresetps_sinit.o psu_c
TRACE::2025-12-24.06:18:09::SCWBDomain::ortexa53_0/lib/xrtcpsu.o psu_cortexa53_0/lib/xrtcpsu_g.o psu_cortexa53_0/lib/xrtcpsu_intr.o psu_cortexa53_0/lib/xrtcpsu_selftes
TRACE::2025-12-24.06:18:09::SCWBDomain::t.o psu_cortexa53_0/lib/xrtcpsu_sinit.o psu_cortexa53_0/lib/xscugic.o psu_cortexa53_0/lib/xscugic_g.o psu_cortexa53_0/lib/xscug
TRACE::2025-12-24.06:18:09::SCWBDomain::ic_hw.o psu_cortexa53_0/lib/xscugic_intr.o psu_cortexa53_0/lib/xscugic_selftest.o psu_cortexa53_0/lib/xscugic_sinit.o psu_corte
TRACE::2025-12-24.06:18:09::SCWBDomain::xa53_0/lib/xsdps.o psu_cortexa53_0/lib/xsdps_card.o psu_cortexa53_0/lib/xsdps_g.o psu_cortexa53_0/lib/xsdps_host.o psu_cortexa5
TRACE::2025-12-24.06:18:09::SCWBDomain::3_0/lib/xsdps_options.o psu_cortexa53_0/lib/xsdps_sinit.o psu_cortexa53_0/lib/xsysmonpsu.o psu_cortexa53_0/lib/xsysmonpsu_g.o p
TRACE::2025-12-24.06:18:09::SCWBDomain::su_cortexa53_0/lib/xsysmonpsu_intr.o psu_cortexa53_0/lib/xsysmonpsu_selftest.o psu_cortexa53_0/lib/xsysmonpsu_sinit.o psu_corte
TRACE::2025-12-24.06:18:09::SCWBDomain::xa53_0/lib/xtime_l.o psu_cortexa53_0/lib/xttcps.o psu_cortexa53_0/lib/xttcps_g.o psu_cortexa53_0/lib/xttcps_options.o psu_corte
TRACE::2025-12-24.06:18:09::SCWBDomain::xa53_0/lib/xttcps_selftest.o psu_cortexa53_0/lib/xttcps_sinit.o psu_cortexa53_0/lib/xuartps.o psu_cortexa53_0/lib/xuartps_g.o p
TRACE::2025-12-24.06:18:09::SCWBDomain::su_cortexa53_0/lib/xuartps_hw.o psu_cortexa53_0/lib/xuartps_intr.o psu_cortexa53_0/lib/xuartps_options.o psu_cortexa53_0/lib/xu
TRACE::2025-12-24.06:18:09::SCWBDomain::artps_selftest.o psu_cortexa53_0/lib/xuartps_sinit.o psu_cortexa53_0/lib/xusbpsu.o psu_cortexa53_0/lib/xusbpsu_command.o psu_co
TRACE::2025-12-24.06:18:09::SCWBDomain::rtexa53_0/lib/xusbpsu_controltransfers.o psu_cortexa53_0/lib/xusbpsu_device.o psu_cortexa53_0/lib/xusbpsu_endpoint.o psu_cortex
TRACE::2025-12-24.06:18:09::SCWBDomain::a53_0/lib/xusbpsu_ep0handler.o psu_cortexa53_0/lib/xusbpsu_ephandler.o psu_cortexa53_0/lib/xusbpsu_event.o psu_cortexa53_0/lib/
TRACE::2025-12-24.06:18:09::SCWBDomain::xusbpsu_g.o psu_cortexa53_0/lib/xusbpsu_hibernation.o psu_cortexa53_0/lib/xusbpsu_intr.o psu_cortexa53_0/lib/xusbpsu_sinit.o ps
TRACE::2025-12-24.06:18:09::SCWBDomain::u_cortexa53_0/lib/xvidc.o psu_cortexa53_0/lib/xvidc_edid.o psu_cortexa53_0/lib/xvidc_edid_ext.o psu_cortexa53_0/lib/xvidc_parse
TRACE::2025-12-24.06:18:09::SCWBDomain::_edid.o psu_cortexa53_0/lib/xvidc_timings_table.o psu_cortexa53_0/lib/xzdma.o psu_cortexa53_0/lib/xzdma_g.o psu_cortexa53_0/lib
TRACE::2025-12-24.06:18:09::SCWBDomain::/xzdma_intr.o psu_cortexa53_0/lib/xzdma_selftest.o psu_cortexa53_0/lib/xzdma_sinit.o

TRACE::2025-12-24.06:18:09::SCWBDomain::Finished building libraries

TRACE::2025-12-24.06:18:09::SCWBDomain::make: Leaving directory '/home/zhou/Desktop/validation_1/vitis/full_system_v0/zynqmp_fsbl/zynqmp_fsbl_bsp'

TRACE::2025-12-24.06:18:09::SCWBDomain::aarch64-none-elf-gcc  -c -MMD -MP      -Wall -fmessage-length=0 -DARMA53_64 -Os -flto -ffat-lto-objects   -c psu_init.c -o psu_
TRACE::2025-12-24.06:18:09::SCWBDomain::init.o -Izynqmp_fsbl_bsp/psu_cortexa53_0/include -I.

TRACE::2025-12-24.06:18:09::SCWBDomain::aarch64-none-elf-gcc  -c -MMD -MP      -Wall -fmessage-length=0 -DARMA53_64 -Os -flto -ffat-lto-objects   -c xfsbl_authenticati
TRACE::2025-12-24.06:18:09::SCWBDomain::on.c -o xfsbl_authentication.o -Izynqmp_fsbl_bsp/psu_cortexa53_0/include -I.

TRACE::2025-12-24.06:18:09::SCWBDomain::aarch64-none-elf-gcc  -c -MMD -MP      -Wall -fmessage-length=0 -DARMA53_64 -Os -flto -ffat-lto-objects   -c xfsbl_board.c -o x
TRACE::2025-12-24.06:18:09::SCWBDomain::fsbl_board.o -Izynqmp_fsbl_bsp/psu_cortexa53_0/include -I.

TRACE::2025-12-24.06:18:09::SCWBDomain::aarch64-none-elf-gcc  -c -MMD -MP      -Wall -fmessage-length=0 -DARMA53_64 -Os -flto -ffat-lto-objects   -c xfsbl_bs.c -o xfsb
TRACE::2025-12-24.06:18:09::SCWBDomain::l_bs.o -Izynqmp_fsbl_bsp/psu_cortexa53_0/include -I.

TRACE::2025-12-24.06:18:10::SCWBDomain::aarch64-none-elf-gcc  -c -MMD -MP      -Wall -fmessage-length=0 -DARMA53_64 -Os -flto -ffat-lto-objects   -c xfsbl_csu_dma.c -o
TRACE::2025-12-24.06:18:10::SCWBDomain:: xfsbl_csu_dma.o -Izynqmp_fsbl_bsp/psu_cortexa53_0/include -I.

TRACE::2025-12-24.06:18:10::SCWBDomain::aarch64-none-elf-gcc  -c -MMD -MP      -Wall -fmessage-length=0 -DARMA53_64 -Os -flto -ffat-lto-objects   -c xfsbl_ddr_init.c -
TRACE::2025-12-24.06:18:10::SCWBDomain::o xfsbl_ddr_init.o -Izynqmp_fsbl_bsp/psu_cortexa53_0/include -I.

TRACE::2025-12-24.06:18:10::SCWBDomain::aarch64-none-elf-gcc  -c -MMD -MP      -Wall -fmessage-length=0 -DARMA53_64 -Os -flto -ffat-lto-objects   -c xfsbl_dfu_util.c -
TRACE::2025-12-24.06:18:10::SCWBDomain::o xfsbl_dfu_util.o -Izynqmp_fsbl_bsp/psu_cortexa53_0/include -I.

TRACE::2025-12-24.06:18:10::SCWBDomain::aarch64-none-elf-gcc  -c -MMD -MP      -Wall -fmessage-length=0 -DARMA53_64 -Os -flto -ffat-lto-objects   -c xfsbl_handoff.c -o
TRACE::2025-12-24.06:18:10::SCWBDomain:: xfsbl_handoff.o -Izynqmp_fsbl_bsp/psu_cortexa53_0/include -I.

TRACE::2025-12-24.06:18:10::SCWBDomain::aarch64-none-elf-gcc  -c -MMD -MP      -Wall -fmessage-length=0 -DARMA53_64 -Os -flto -ffat-lto-objects   -c xfsbl_hooks.c -o x
TRACE::2025-12-24.06:18:10::SCWBDomain::fsbl_hooks.o -Izynqmp_fsbl_bsp/psu_cortexa53_0/include -I.

TRACE::2025-12-24.06:18:10::SCWBDomain::aarch64-none-elf-gcc  -c -MMD -MP      -Wall -fmessage-length=0 -DARMA53_64 -Os -flto -ffat-lto-objects   -c xfsbl_image_header
TRACE::2025-12-24.06:18:10::SCWBDomain::.c -o xfsbl_image_header.o -Izynqmp_fsbl_bsp/psu_cortexa53_0/include -I.

TRACE::2025-12-24.06:18:10::SCWBDomain::aarch64-none-elf-gcc  -c -MMD -MP      -Wall -fmessage-length=0 -DARMA53_64 -Os -flto -ffat-lto-objects   -c xfsbl_initializati
TRACE::2025-12-24.06:18:10::SCWBDomain::on.c -o xfsbl_initialization.o -Izynqmp_fsbl_bsp/psu_cortexa53_0/include -I.

TRACE::2025-12-24.06:18:10::SCWBDomain::aarch64-none-elf-gcc  -c -MMD -MP      -Wall -fmessage-length=0 -DARMA53_64 -Os -flto -ffat-lto-objects   -c xfsbl_main.c -o xf
TRACE::2025-12-24.06:18:10::SCWBDomain::sbl_main.o -Izynqmp_fsbl_bsp/psu_cortexa53_0/include -I.

TRACE::2025-12-24.06:18:10::SCWBDomain::aarch64-none-elf-gcc  -c -MMD -MP      -Wall -fmessage-length=0 -DARMA53_64 -Os -flto -ffat-lto-objects   -c xfsbl_misc.c -o xf
TRACE::2025-12-24.06:18:10::SCWBDomain::sbl_misc.o -Izynqmp_fsbl_bsp/psu_cortexa53_0/include -I.

TRACE::2025-12-24.06:18:10::SCWBDomain::aarch64-none-elf-gcc  -c -MMD -MP      -Wall -fmessage-length=0 -DARMA53_64 -Os -flto -ffat-lto-objects   -c xfsbl_misc_drivers
TRACE::2025-12-24.06:18:10::SCWBDomain::.c -o xfsbl_misc_drivers.o -Izynqmp_fsbl_bsp/psu_cortexa53_0/include -I.

TRACE::2025-12-24.06:18:10::SCWBDomain::aarch64-none-elf-gcc  -c -MMD -MP      -Wall -fmessage-length=0 -DARMA53_64 -Os -flto -ffat-lto-objects   -c xfsbl_nand.c -o xf
TRACE::2025-12-24.06:18:10::SCWBDomain::sbl_nand.o -Izynqmp_fsbl_bsp/psu_cortexa53_0/include -I.

TRACE::2025-12-24.06:18:10::SCWBDomain::aarch64-none-elf-gcc  -c -MMD -MP      -Wall -fmessage-length=0 -DARMA53_64 -Os -flto -ffat-lto-objects   -c xfsbl_partition_lo
TRACE::2025-12-24.06:18:10::SCWBDomain::ad.c -o xfsbl_partition_load.o -Izynqmp_fsbl_bsp/psu_cortexa53_0/include -I.

TRACE::2025-12-24.06:18:10::SCWBDomain::aarch64-none-elf-gcc  -c -MMD -MP      -Wall -fmessage-length=0 -DARMA53_64 -Os -flto -ffat-lto-objects   -c xfsbl_plpartition_
TRACE::2025-12-24.06:18:10::SCWBDomain::valid.c -o xfsbl_plpartition_valid.o -Izynqmp_fsbl_bsp/psu_cortexa53_0/include -I.

TRACE::2025-12-24.06:18:10::SCWBDomain::aarch64-none-elf-gcc  -c -MMD -MP      -Wall -fmessage-length=0 -DARMA53_64 -Os -flto -ffat-lto-objects   -c xfsbl_qspi.c -o xf
TRACE::2025-12-24.06:18:10::SCWBDomain::sbl_qspi.o -Izynqmp_fsbl_bsp/psu_cortexa53_0/include -I.

TRACE::2025-12-24.06:18:11::SCWBDomain::aarch64-none-elf-gcc  -c -MMD -MP      -Wall -fmessage-length=0 -DARMA53_64 -Os -flto -ffat-lto-objects   -c xfsbl_rsa_sha.c -o
TRACE::2025-12-24.06:18:11::SCWBDomain:: xfsbl_rsa_sha.o -Izynqmp_fsbl_bsp/psu_cortexa53_0/include -I.

TRACE::2025-12-24.06:18:11::SCWBDomain::aarch64-none-elf-gcc  -c -MMD -MP      -Wall -fmessage-length=0 -DARMA53_64 -Os -flto -ffat-lto-objects   -c xfsbl_sd.c -o xfsb
TRACE::2025-12-24.06:18:11::SCWBDomain::l_sd.o -Izynqmp_fsbl_bsp/psu_cortexa53_0/include -I.

TRACE::2025-12-24.06:18:11::SCWBDomain::aarch64-none-elf-gcc  -c -MMD -MP      -Wall -fmessage-length=0 -DARMA53_64 -Os -flto -ffat-lto-objects   -c xfsbl_tpm.c -o xfs
TRACE::2025-12-24.06:18:11::SCWBDomain::bl_tpm.o -Izynqmp_fsbl_bsp/psu_cortexa53_0/include -I.

TRACE::2025-12-24.06:18:11::SCWBDomain::aarch64-none-elf-gcc  -c -MMD -MP      -Wall -fmessage-length=0 -DARMA53_64 -Os -flto -ffat-lto-objects   -c xfsbl_tpm_util.c -
TRACE::2025-12-24.06:18:11::SCWBDomain::o xfsbl_tpm_util.o -Izynqmp_fsbl_bsp/psu_cortexa53_0/include -I.

TRACE::2025-12-24.06:18:11::SCWBDomain::aarch64-none-elf-gcc  -c -MMD -MP      -Wall -fmessage-length=0 -DARMA53_64 -Os -flto -ffat-lto-objects   -c xfsbl_usb.c -o xfs
TRACE::2025-12-24.06:18:11::SCWBDomain::bl_usb.o -Izynqmp_fsbl_bsp/psu_cortexa53_0/include -I.

TRACE::2025-12-24.06:18:11::SCWBDomain::aarch64-none-elf-gcc  -c -MMD -MP      -Wall -fmessage-length=0 -DARMA53_64 -Os -flto -ffat-lto-objects   -c xfsbl_exit.S -o xf
TRACE::2025-12-24.06:18:11::SCWBDomain::sbl_exit.o -Izynqmp_fsbl_bsp/psu_cortexa53_0/include -I.

TRACE::2025-12-24.06:18:11::SCWBDomain::aarch64-none-elf-gcc  -c -MMD -MP      -Wall -fmessage-length=0 -DARMA53_64 -Os -flto -ffat-lto-objects   -c xfsbl_translation_
TRACE::2025-12-24.06:18:11::SCWBDomain::table.S -o xfsbl_translation_table.o -Izynqmp_fsbl_bsp/psu_cortexa53_0/include -I.

TRACE::2025-12-24.06:18:11::SCWBDomain::aarch64-none-elf-gcc -o fsbl_a53.elf psu_init.o xfsbl_authentication.o xfsbl_board.o xfsbl_bs.o xfsbl_csu_dma.o xfsbl_ddr_init.
TRACE::2025-12-24.06:18:11::SCWBDomain::o xfsbl_dfu_util.o xfsbl_exit.o xfsbl_handoff.o xfsbl_hooks.o xfsbl_image_header.o xfsbl_initialization.o xfsbl_main.o xfsbl_mi
TRACE::2025-12-24.06:18:11::SCWBDomain::sc.o xfsbl_misc_drivers.o xfsbl_nand.o xfsbl_partition_load.o xfsbl_plpartition_valid.o xfsbl_qspi.o xfsbl_rsa_sha.o xfsbl_sd.o
TRACE::2025-12-24.06:18:11::SCWBDomain:: xfsbl_tpm.o xfsbl_tpm_util.o xfsbl_translation_table.o xfsbl_usb.o -MMD -MP      -Wall -fmessage-length=0 -DARMA53_64 -Os -flt
TRACE::2025-12-24.06:18:11::SCWBDomain::o -ffat-lto-objects    -Wl,--start-group,-lxil,-lgcc,-lc,--end-group -Wl,--start-group,-lxilffs,-lxil,-lgcc,-lc,--end-group -Wl
TRACE::2025-12-24.06:18:11::SCWBDomain::,--start-group,-lxilsecure,-lxil,-lgcc,-lc,--end-group -Wl,--start-group,-lxilpm,-lxil,-lgcc,-lc,--end-group                   
TRACE::2025-12-24.06:18:11::SCWBDomain::                                                                                                 -n  -Wl,--gc-sections -Lzynqmp
TRACE::2025-12-24.06:18:11::SCWBDomain::_fsbl_bsp/psu_cortexa53_0/lib -Tlscript.ld

LOG::2025-12-24.06:18:12::SCWSystem::Checking the domain zynqmp_pmufw
LOG::2025-12-24.06:18:12::SCWSystem::Doing application build for :  zynqmp_pmufw
TRACE::2025-12-24.06:18:12::SCWBDomain::Not a forced makefile updation, No changes are present. 
TRACE::2025-12-24.06:18:12::SCWDomain::Building the domain as part of full build :  zynqmp_pmufw
TRACE::2025-12-24.06:18:12::SCWPlatform::Trying to open the hw design at /home/zhou/Desktop/validation_1/vitis/full_system_v0/hw/new_system_v0_wrapper.xsa
TRACE::2025-12-24.06:18:12::SCWPlatform::DSA given /home/zhou/Desktop/validation_1/vitis/full_system_v0/hw/new_system_v0_wrapper.xsa
TRACE::2025-12-24.06:18:12::SCWPlatform::DSA absoulate path /home/zhou/Desktop/validation_1/vitis/full_system_v0/hw/new_system_v0_wrapper.xsa
TRACE::2025-12-24.06:18:12::SCWPlatform::DSA directory /home/zhou/Desktop/validation_1/vitis/full_system_v0/hw
TRACE::2025-12-24.06:18:12::SCWPlatform:: Platform Path /home/zhou/Desktop/validation_1/vitis/full_system_v0/hw/new_system_v0_wrapper.xsa
TRACE::2025-12-24.06:18:12::SCWPlatform:: Unique name xilinx:::0.0
TRACE::2025-12-24.06:18:12::SCWPlatform::Trying to set the existing hwdb with name gemm_v0_wrapper_2
TRACE::2025-12-24.06:18:12::SCWPlatform::Opened existing hwdb gemm_v0_wrapper_2
TRACE::2025-12-24.06:18:12::SCWPlatform::Found the Hw Db part of the input DSA
TRACE::2025-12-24.06:18:12::SCWMssOS::Checking the sw design at  /home/zhou/Desktop/validation_1/vitis/full_system_v0/zynqmp_pmufw/zynqmp_pmufw_bsp/system.mss
TRACE::2025-12-24.06:18:12::SCWMssOS::DEBUG:  swdes dump  /home/zhou/Desktop/validation_1/vitis/full_system_v0/psu_cortexa53_0/standalone_domain/bsp/system.mss|system_1||
/home/zhou/Desktop/validation_1/vitis/full_system_v0/zynqmp_fsbl/zynqmp_fsbl_bsp/system.mss|system||
/home/zhou/Desktop/validation_1/vitis/full_system_v0/zynqmp_pmufw/zynqmp_pmufw_bsp/system.mss|system_0||

TRACE::2025-12-24.06:18:12::SCWMssOS::Sw design exists and opened at  /home/zhou/Desktop/validation_1/vitis/full_system_v0/zynqmp_pmufw/zynqmp_pmufw_bsp/system.mss
TRACE::2025-12-24.06:18:12::SCWBDomain::Completed writing the mss file at /home/zhou/Desktop/validation_1/vitis/full_system_v0/zynqmp_pmufw/zynqmp_pmufw_bsp
TRACE::2025-12-24.06:18:12::SCWBDomain::bsp generated is upto date with the mss file. Skipping bsp generation.
TRACE::2025-12-24.06:18:12::SCWBDomain::Not a forced makefile updation, No changes are present. 
TRACE::2025-12-24.06:18:12::SCWBDomain::System Command Ran  cd  /home/zhou/Desktop/validation_1/vitis/full_system_v0/zynqmp_pmufw ; bash -c " make -C zynqmp_pmufw_bsp ; make  " 
TRACE::2025-12-24.06:18:12::SCWBDomain::make: Entering directory '/home/zhou/Desktop/validation_1/vitis/full_system_v0/zynqmp_pmufw/zynqmp_pmufw_bsp'

TRACE::2025-12-24.06:18:12::SCWBDomain::make --no-print-directory seq_libs

TRACE::2025-12-24.06:18:12::SCWBDomain::Running Make include in psu_pmu_0/libsrc/avbuf_v2_6/src

TRACE::2025-12-24.06:18:12::SCWBDomain::make -C psu_pmu_0/libsrc/avbuf_v2_6/src -s include  "SHELL=/bin/sh" "COMPILER=mb-gcc" "ASSEMBLER=mb-as" "ARCHIVER=mb-ar" "COMPI
TRACE::2025-12-24.06:18:12::SCWBDomain::LER_FLAGS=  -O2 -c -mcpu=v9.2 -mlittle-endian -mxl-barrel-shift -mxl-pattern-compare -mxl-soft-mul" "EXTRA_COMPILER_FLAGS=-g -f
TRACE::2025-12-24.06:18:12::SCWBDomain::function-sections -fdata-sections -Wall -Wextra -fno-tree-loop-distribute-patterns  -Os -flto -ffat-lto-objects"

TRACE::2025-12-24.06:18:12::SCWBDomain::Running Make include in psu_pmu_0/libsrc/axipmon_v6_11/src

TRACE::2025-12-24.06:18:12::SCWBDomain::make -C psu_pmu_0/libsrc/axipmon_v6_11/src -s include  "SHELL=/bin/sh" "COMPILER=mb-gcc" "ASSEMBLER=mb-as" "ARCHIVER=mb-ar" "CO
TRACE::2025-12-24.06:18:12::SCWBDomain::MPILER_FLAGS=  -O2 -c -mcpu=v9.2 -mlittle-endian -mxl-barrel-shift -mxl-pattern-compare -mxl-soft-mul" "EXTRA_COMPILER_FLAGS=-g
TRACE::2025-12-24.06:18:12::SCWBDomain:: -ffunction-sections -fdata-sections -Wall -Wextra -fno-tree-loop-distribute-patterns  -Os -flto -ffat-lto-objects"

TRACE::2025-12-24.06:18:12::SCWBDomain::Running Make include in psu_pmu_0/libsrc/bram_v4_11/src

TRACE::2025-12-24.06:18:12::SCWBDomain::make -C psu_pmu_0/libsrc/bram_v4_11/src -s include  "SHELL=/bin/sh" "COMPILER=mb-gcc" "ASSEMBLER=mb-as" "ARCHIVER=mb-ar" "COMPI
TRACE::2025-12-24.06:18:12::SCWBDomain::LER_FLAGS=  -O2 -c -mcpu=v9.2 -mlittle-endian -mxl-barrel-shift -mxl-pattern-compare -mxl-soft-mul" "EXTRA_COMPILER_FLAGS=-g -f
TRACE::2025-12-24.06:18:12::SCWBDomain::function-sections -fdata-sections -Wall -Wextra -fno-tree-loop-distribute-patterns  -Os -flto -ffat-lto-objects"

TRACE::2025-12-24.06:18:12::SCWBDomain::Running Make include in psu_pmu_0/libsrc/clockps_v1_6/src

TRACE::2025-12-24.06:18:12::SCWBDomain::make -C psu_pmu_0/libsrc/clockps_v1_6/src -s include  "SHELL=/bin/sh" "COMPILER=mb-gcc" "ASSEMBLER=mb-as" "ARCHIVER=mb-ar" "COM
TRACE::2025-12-24.06:18:12::SCWBDomain::PILER_FLAGS=  -O2 -c -mcpu=v9.2 -mlittle-endian -mxl-barrel-shift -mxl-pattern-compare -mxl-soft-mul" "EXTRA_COMPILER_FLAGS=-g 
TRACE::2025-12-24.06:18:12::SCWBDomain::-ffunction-sections -fdata-sections -Wall -Wextra -fno-tree-loop-distribute-patterns  -Os -flto -ffat-lto-objects"

TRACE::2025-12-24.06:18:12::SCWBDomain::Running Make include in psu_pmu_0/libsrc/cpu_v2_18/src

TRACE::2025-12-24.06:18:12::SCWBDomain::make -C psu_pmu_0/libsrc/cpu_v2_18/src -s include  "SHELL=/bin/sh" "COMPILER=mb-gcc" "ASSEMBLER=mb-as" "ARCHIVER=mb-ar" "COMPIL
TRACE::2025-12-24.06:18:12::SCWBDomain::ER_FLAGS=  -O2 -c -mcpu=v9.2 -mlittle-endian -mxl-barrel-shift -mxl-pattern-compare -mxl-soft-mul" "EXTRA_COMPILER_FLAGS=-g -ff
TRACE::2025-12-24.06:18:12::SCWBDomain::unction-sections -fdata-sections -Wall -Wextra -fno-tree-loop-distribute-patterns  -Os -flto -ffat-lto-objects"

TRACE::2025-12-24.06:18:12::SCWBDomain::Running Make include in psu_pmu_0/libsrc/csudma_v1_16/src

TRACE::2025-12-24.06:18:12::SCWBDomain::make -C psu_pmu_0/libsrc/csudma_v1_16/src -s include  "SHELL=/bin/sh" "COMPILER=mb-gcc" "ASSEMBLER=mb-as" "ARCHIVER=mb-ar" "COM
TRACE::2025-12-24.06:18:12::SCWBDomain::PILER_FLAGS=  -O2 -c -mcpu=v9.2 -mlittle-endian -mxl-barrel-shift -mxl-pattern-compare -mxl-soft-mul" "EXTRA_COMPILER_FLAGS=-g 
TRACE::2025-12-24.06:18:12::SCWBDomain::-ffunction-sections -fdata-sections -Wall -Wextra -fno-tree-loop-distribute-patterns  -Os -flto -ffat-lto-objects"

TRACE::2025-12-24.06:18:12::SCWBDomain::Running Make include in psu_pmu_0/libsrc/data_mover_v1_0/src

TRACE::2025-12-24.06:18:12::SCWBDomain::make -C psu_pmu_0/libsrc/data_mover_v1_0/src -s include  "SHELL=/bin/sh" "COMPILER=mb-gcc" "ASSEMBLER=mb-as" "ARCHIVER=mb-ar" "
TRACE::2025-12-24.06:18:12::SCWBDomain::COMPILER_FLAGS=  -O2 -c -mcpu=v9.2 -mlittle-endian -mxl-barrel-shift -mxl-pattern-compare -mxl-soft-mul" "EXTRA_COMPILER_FLAGS=
TRACE::2025-12-24.06:18:12::SCWBDomain::-g -ffunction-sections -fdata-sections -Wall -Wextra -fno-tree-loop-distribute-patterns  -Os -flto -ffat-lto-objects"

TRACE::2025-12-24.06:18:12::SCWBDomain::Running Make include in psu_pmu_0/libsrc/ddrcpsu_v1_7/src

TRACE::2025-12-24.06:18:12::SCWBDomain::make -C psu_pmu_0/libsrc/ddrcpsu_v1_7/src -s include  "SHELL=/bin/sh" "COMPILER=mb-gcc" "ASSEMBLER=mb-as" "ARCHIVER=mb-ar" "COM
TRACE::2025-12-24.06:18:12::SCWBDomain::PILER_FLAGS=  -O2 -c -mcpu=v9.2 -mlittle-endian -mxl-barrel-shift -mxl-pattern-compare -mxl-soft-mul" "EXTRA_COMPILER_FLAGS=-g 
TRACE::2025-12-24.06:18:12::SCWBDomain::-ffunction-sections -fdata-sections -Wall -Wextra -fno-tree-loop-distribute-patterns  -Os -flto -ffat-lto-objects"

TRACE::2025-12-24.06:18:12::SCWBDomain::Running Make include in psu_pmu_0/libsrc/dpdma_v1_6/src

TRACE::2025-12-24.06:18:12::SCWBDomain::make -C psu_pmu_0/libsrc/dpdma_v1_6/src -s include  "SHELL=/bin/sh" "COMPILER=mb-gcc" "ASSEMBLER=mb-as" "ARCHIVER=mb-ar" "COMPI
TRACE::2025-12-24.06:18:12::SCWBDomain::LER_FLAGS=  -O2 -c -mcpu=v9.2 -mlittle-endian -mxl-barrel-shift -mxl-pattern-compare -mxl-soft-mul" "EXTRA_COMPILER_FLAGS=-g -f
TRACE::2025-12-24.06:18:12::SCWBDomain::function-sections -fdata-sections -Wall -Wextra -fno-tree-loop-distribute-patterns  -Os -flto -ffat-lto-objects"

TRACE::2025-12-24.06:18:12::SCWBDomain::Running Make include in psu_pmu_0/libsrc/dppsu_v1_7/src

TRACE::2025-12-24.06:18:12::SCWBDomain::make -C psu_pmu_0/libsrc/dppsu_v1_7/src -s include  "SHELL=/bin/sh" "COMPILER=mb-gcc" "ASSEMBLER=mb-as" "ARCHIVER=mb-ar" "COMPI
TRACE::2025-12-24.06:18:12::SCWBDomain::LER_FLAGS=  -O2 -c -mcpu=v9.2 -mlittle-endian -mxl-barrel-shift -mxl-pattern-compare -mxl-soft-mul" "EXTRA_COMPILER_FLAGS=-g -f
TRACE::2025-12-24.06:18:12::SCWBDomain::function-sections -fdata-sections -Wall -Wextra -fno-tree-loop-distribute-patterns  -Os -flto -ffat-lto-objects"

TRACE::2025-12-24.06:18:12::SCWBDomain::Running Make include in psu_pmu_0/libsrc/emacps_v3_21/src

TRACE::2025-12-24.06:18:12::SCWBDomain::make -C psu_pmu_0/libsrc/emacps_v3_21/src -s include  "SHELL=/bin/sh" "COMPILER=mb-gcc" "ASSEMBLER=mb-as" "ARCHIVER=mb-ar" "COM
TRACE::2025-12-24.06:18:12::SCWBDomain::PILER_FLAGS=  -O2 -c -mcpu=v9.2 -mlittle-endian -mxl-barrel-shift -mxl-pattern-compare -mxl-soft-mul" "EXTRA_COMPILER_FLAGS=-g 
TRACE::2025-12-24.06:18:12::SCWBDomain::-ffunction-sections -fdata-sections -Wall -Wextra -fno-tree-loop-distribute-patterns  -Os -flto -ffat-lto-objects"

TRACE::2025-12-24.06:18:12::SCWBDomain::Running Make include in psu_pmu_0/libsrc/gpiops_v3_13/src

TRACE::2025-12-24.06:18:12::SCWBDomain::make -C psu_pmu_0/libsrc/gpiops_v3_13/src -s include  "SHELL=/bin/sh" "COMPILER=mb-gcc" "ASSEMBLER=mb-as" "ARCHIVER=mb-ar" "COM
TRACE::2025-12-24.06:18:12::SCWBDomain::PILER_FLAGS=  -O2 -c -mcpu=v9.2 -mlittle-endian -mxl-barrel-shift -mxl-pattern-compare -mxl-soft-mul" "EXTRA_COMPILER_FLAGS=-g 
TRACE::2025-12-24.06:18:12::SCWBDomain::-ffunction-sections -fdata-sections -Wall -Wextra -fno-tree-loop-distribute-patterns  -Os -flto -ffat-lto-objects"

TRACE::2025-12-24.06:18:12::SCWBDomain::Running Make include in psu_pmu_0/libsrc/iicps_v3_20/src

TRACE::2025-12-24.06:18:12::SCWBDomain::make -C psu_pmu_0/libsrc/iicps_v3_20/src -s include  "SHELL=/bin/sh" "COMPILER=mb-gcc" "ASSEMBLER=mb-as" "ARCHIVER=mb-ar" "COMP
TRACE::2025-12-24.06:18:12::SCWBDomain::ILER_FLAGS=  -O2 -c -mcpu=v9.2 -mlittle-endian -mxl-barrel-shift -mxl-pattern-compare -mxl-soft-mul" "EXTRA_COMPILER_FLAGS=-g -
TRACE::2025-12-24.06:18:12::SCWBDomain::ffunction-sections -fdata-sections -Wall -Wextra -fno-tree-loop-distribute-patterns  -Os -flto -ffat-lto-objects"

TRACE::2025-12-24.06:18:12::SCWBDomain::Running Make include in psu_pmu_0/libsrc/ipipsu_v2_16/src

TRACE::2025-12-24.06:18:12::SCWBDomain::make -C psu_pmu_0/libsrc/ipipsu_v2_16/src -s include  "SHELL=/bin/sh" "COMPILER=mb-gcc" "ASSEMBLER=mb-as" "ARCHIVER=mb-ar" "COM
TRACE::2025-12-24.06:18:12::SCWBDomain::PILER_FLAGS=  -O2 -c -mcpu=v9.2 -mlittle-endian -mxl-barrel-shift -mxl-pattern-compare -mxl-soft-mul" "EXTRA_COMPILER_FLAGS=-g 
TRACE::2025-12-24.06:18:12::SCWBDomain::-ffunction-sections -fdata-sections -Wall -Wextra -fno-tree-loop-distribute-patterns  -Os -flto -ffat-lto-objects"

TRACE::2025-12-24.06:18:12::SCWBDomain::Running Make include in psu_pmu_0/libsrc/pciepsu_v2_0/src

TRACE::2025-12-24.06:18:12::SCWBDomain::make -C psu_pmu_0/libsrc/pciepsu_v2_0/src -s include  "SHELL=/bin/sh" "COMPILER=mb-gcc" "ASSEMBLER=mb-as" "ARCHIVER=mb-ar" "COM
TRACE::2025-12-24.06:18:12::SCWBDomain::PILER_FLAGS=  -O2 -c -mcpu=v9.2 -mlittle-endian -mxl-barrel-shift -mxl-pattern-compare -mxl-soft-mul" "EXTRA_COMPILER_FLAGS=-g 
TRACE::2025-12-24.06:18:12::SCWBDomain::-ffunction-sections -fdata-sections -Wall -Wextra -fno-tree-loop-distribute-patterns  -Os -flto -ffat-lto-objects"

TRACE::2025-12-24.06:18:12::SCWBDomain::Running Make include in psu_pmu_0/libsrc/qspipsu_v1_20/src

TRACE::2025-12-24.06:18:12::SCWBDomain::make -C psu_pmu_0/libsrc/qspipsu_v1_20/src -s include  "SHELL=/bin/sh" "COMPILER=mb-gcc" "ASSEMBLER=mb-as" "ARCHIVER=mb-ar" "CO
TRACE::2025-12-24.06:18:12::SCWBDomain::MPILER_FLAGS=  -O2 -c -mcpu=v9.2 -mlittle-endian -mxl-barrel-shift -mxl-pattern-compare -mxl-soft-mul" "EXTRA_COMPILER_FLAGS=-g
TRACE::2025-12-24.06:18:12::SCWBDomain:: -ffunction-sections -fdata-sections -Wall -Wextra -fno-tree-loop-distribute-patterns  -Os -flto -ffat-lto-objects"

TRACE::2025-12-24.06:18:12::SCWBDomain::Running Make include in psu_pmu_0/libsrc/resetps_v1_7/src

TRACE::2025-12-24.06:18:12::SCWBDomain::make -C psu_pmu_0/libsrc/resetps_v1_7/src -s include  "SHELL=/bin/sh" "COMPILER=mb-gcc" "ASSEMBLER=mb-as" "ARCHIVER=mb-ar" "COM
TRACE::2025-12-24.06:18:12::SCWBDomain::PILER_FLAGS=  -O2 -c -mcpu=v9.2 -mlittle-endian -mxl-barrel-shift -mxl-pattern-compare -mxl-soft-mul" "EXTRA_COMPILER_FLAGS=-g 
TRACE::2025-12-24.06:18:12::SCWBDomain::-ffunction-sections -fdata-sections -Wall -Wextra -fno-tree-loop-distribute-patterns  -Os -flto -ffat-lto-objects"

TRACE::2025-12-24.06:18:12::SCWBDomain::Running Make include in psu_pmu_0/libsrc/rtcpsu_v1_14/src

TRACE::2025-12-24.06:18:12::SCWBDomain::make -C psu_pmu_0/libsrc/rtcpsu_v1_14/src -s include  "SHELL=/bin/sh" "COMPILER=mb-gcc" "ASSEMBLER=mb-as" "ARCHIVER=mb-ar" "COM
TRACE::2025-12-24.06:18:12::SCWBDomain::PILER_FLAGS=  -O2 -c -mcpu=v9.2 -mlittle-endian -mxl-barrel-shift -mxl-pattern-compare -mxl-soft-mul" "EXTRA_COMPILER_FLAGS=-g 
TRACE::2025-12-24.06:18:12::SCWBDomain::-ffunction-sections -fdata-sections -Wall -Wextra -fno-tree-loop-distribute-patterns  -Os -flto -ffat-lto-objects"

TRACE::2025-12-24.06:18:12::SCWBDomain::Running Make include in psu_pmu_0/libsrc/sdps_v4_4/src

TRACE::2025-12-24.06:18:12::SCWBDomain::make -C psu_pmu_0/libsrc/sdps_v4_4/src -s include  "SHELL=/bin/sh" "COMPILER=mb-gcc" "ASSEMBLER=mb-as" "ARCHIVER=mb-ar" "COMPIL
TRACE::2025-12-24.06:18:12::SCWBDomain::ER_FLAGS=  -O2 -c -mcpu=v9.2 -mlittle-endian -mxl-barrel-shift -mxl-pattern-compare -mxl-soft-mul" "EXTRA_COMPILER_FLAGS=-g -ff
TRACE::2025-12-24.06:18:12::SCWBDomain::unction-sections -fdata-sections -Wall -Wextra -fno-tree-loop-distribute-patterns  -Os -flto -ffat-lto-objects"

TRACE::2025-12-24.06:18:12::SCWBDomain::Running Make include in psu_pmu_0/libsrc/standalone_v9_2/src

TRACE::2025-12-24.06:18:12::SCWBDomain::make -C psu_pmu_0/libsrc/standalone_v9_2/src -s include  "SHELL=/bin/sh" "COMPILER=mb-gcc" "ASSEMBLER=mb-as" "ARCHIVER=mb-ar" "
TRACE::2025-12-24.06:18:12::SCWBDomain::COMPILER_FLAGS=  -O2 -c -mcpu=v9.2 -mlittle-endian -mxl-barrel-shift -mxl-pattern-compare -mxl-soft-mul" "EXTRA_COMPILER_FLAGS=
TRACE::2025-12-24.06:18:12::SCWBDomain::-g -ffunction-sections -fdata-sections -Wall -Wextra -fno-tree-loop-distribute-patterns  -Os -flto -ffat-lto-objects"

TRACE::2025-12-24.06:18:13::SCWBDomain::Running Make include in psu_pmu_0/libsrc/sysmonpsu_v3_0/src

TRACE::2025-12-24.06:18:13::SCWBDomain::make -C psu_pmu_0/libsrc/sysmonpsu_v3_0/src -s include  "SHELL=/bin/sh" "COMPILER=mb-gcc" "ASSEMBLER=mb-as" "ARCHIVER=mb-ar" "C
TRACE::2025-12-24.06:18:13::SCWBDomain::OMPILER_FLAGS=  -O2 -c -mcpu=v9.2 -mlittle-endian -mxl-barrel-shift -mxl-pattern-compare -mxl-soft-mul" "EXTRA_COMPILER_FLAGS=-
TRACE::2025-12-24.06:18:13::SCWBDomain::g -ffunction-sections -fdata-sections -Wall -Wextra -fno-tree-loop-distribute-patterns  -Os -flto -ffat-lto-objects"

TRACE::2025-12-24.06:18:13::SCWBDomain::Running Make include in psu_pmu_0/libsrc/ttcps_v3_20/src

TRACE::2025-12-24.06:18:13::SCWBDomain::make -C psu_pmu_0/libsrc/ttcps_v3_20/src -s include  "SHELL=/bin/sh" "COMPILER=mb-gcc" "ASSEMBLER=mb-as" "ARCHIVER=mb-ar" "COMP
TRACE::2025-12-24.06:18:13::SCWBDomain::ILER_FLAGS=  -O2 -c -mcpu=v9.2 -mlittle-endian -mxl-barrel-shift -mxl-pattern-compare -mxl-soft-mul" "EXTRA_COMPILER_FLAGS=-g -
TRACE::2025-12-24.06:18:13::SCWBDomain::ffunction-sections -fdata-sections -Wall -Wextra -fno-tree-loop-distribute-patterns  -Os -flto -ffat-lto-objects"

TRACE::2025-12-24.06:18:13::SCWBDomain::Running Make include in psu_pmu_0/libsrc/uartps_v3_15/src

TRACE::2025-12-24.06:18:13::SCWBDomain::make -C psu_pmu_0/libsrc/uartps_v3_15/src -s include  "SHELL=/bin/sh" "COMPILER=mb-gcc" "ASSEMBLER=mb-as" "ARCHIVER=mb-ar" "COM
TRACE::2025-12-24.06:18:13::SCWBDomain::PILER_FLAGS=  -O2 -c -mcpu=v9.2 -mlittle-endian -mxl-barrel-shift -mxl-pattern-compare -mxl-soft-mul" "EXTRA_COMPILER_FLAGS=-g 
TRACE::2025-12-24.06:18:13::SCWBDomain::-ffunction-sections -fdata-sections -Wall -Wextra -fno-tree-loop-distribute-patterns  -Os -flto -ffat-lto-objects"

TRACE::2025-12-24.06:18:13::SCWBDomain::Running Make include in psu_pmu_0/libsrc/usbpsu_v1_16/src

TRACE::2025-12-24.06:18:13::SCWBDomain::make -C psu_pmu_0/libsrc/usbpsu_v1_16/src -s include  "SHELL=/bin/sh" "COMPILER=mb-gcc" "ASSEMBLER=mb-as" "ARCHIVER=mb-ar" "COM
TRACE::2025-12-24.06:18:13::SCWBDomain::PILER_FLAGS=  -O2 -c -mcpu=v9.2 -mlittle-endian -mxl-barrel-shift -mxl-pattern-compare -mxl-soft-mul" "EXTRA_COMPILER_FLAGS=-g 
TRACE::2025-12-24.06:18:13::SCWBDomain::-ffunction-sections -fdata-sections -Wall -Wextra -fno-tree-loop-distribute-patterns  -Os -flto -ffat-lto-objects"

TRACE::2025-12-24.06:18:13::SCWBDomain::Running Make include in psu_pmu_0/libsrc/video_common_v4_16/src

TRACE::2025-12-24.06:18:13::SCWBDomain::make -C psu_pmu_0/libsrc/video_common_v4_16/src -s include  "SHELL=/bin/sh" "COMPILER=mb-gcc" "ASSEMBLER=mb-as" "ARCHIVER=mb-ar
TRACE::2025-12-24.06:18:13::SCWBDomain::" "COMPILER_FLAGS=  -O2 -c -mcpu=v9.2 -mlittle-endian -mxl-barrel-shift -mxl-pattern-compare -mxl-soft-mul" "EXTRA_COMPILER_FLA
TRACE::2025-12-24.06:18:13::SCWBDomain::GS=-g -ffunction-sections -fdata-sections -Wall -Wextra -fno-tree-loop-distribute-patterns  -Os -flto -ffat-lto-objects"

TRACE::2025-12-24.06:18:13::SCWBDomain::Running Make include in psu_pmu_0/libsrc/xilfpga_v6_7/src

TRACE::2025-12-24.06:18:13::SCWBDomain::make -C psu_pmu_0/libsrc/xilfpga_v6_7/src -s include  "SHELL=/bin/sh" "COMPILER=mb-gcc" "ASSEMBLER=mb-as" "ARCHIVER=mb-ar" "COM
TRACE::2025-12-24.06:18:13::SCWBDomain::PILER_FLAGS=  -O2 -c -mcpu=v9.2 -mlittle-endian -mxl-barrel-shift -mxl-pattern-compare -mxl-soft-mul" "EXTRA_COMPILER_FLAGS=-g 
TRACE::2025-12-24.06:18:13::SCWBDomain::-ffunction-sections -fdata-sections -Wall -Wextra -fno-tree-loop-distribute-patterns  -Os -flto -ffat-lto-objects"

TRACE::2025-12-24.06:18:13::SCWBDomain::Running Make include in psu_pmu_0/libsrc/xilsecure_v5_4/src

TRACE::2025-12-24.06:18:13::SCWBDomain::make -C psu_pmu_0/libsrc/xilsecure_v5_4/src -s include  "SHELL=/bin/sh" "COMPILER=mb-gcc" "ASSEMBLER=mb-as" "ARCHIVER=mb-ar" "C
TRACE::2025-12-24.06:18:13::SCWBDomain::OMPILER_FLAGS=  -O2 -c -mcpu=v9.2 -mlittle-endian -mxl-barrel-shift -mxl-pattern-compare -mxl-soft-mul" "EXTRA_COMPILER_FLAGS=-
TRACE::2025-12-24.06:18:13::SCWBDomain::g -ffunction-sections -fdata-sections -Wall -Wextra -fno-tree-loop-distribute-patterns  -Os -flto -ffat-lto-objects"

TRACE::2025-12-24.06:18:13::SCWBDomain::Running Make include in psu_pmu_0/libsrc/xilskey_v7_6/src

TRACE::2025-12-24.06:18:13::SCWBDomain::make -C psu_pmu_0/libsrc/xilskey_v7_6/src -s include  "SHELL=/bin/sh" "COMPILER=mb-gcc" "ASSEMBLER=mb-as" "ARCHIVER=mb-ar" "COM
TRACE::2025-12-24.06:18:13::SCWBDomain::PILER_FLAGS=  -O2 -c -mcpu=v9.2 -mlittle-endian -mxl-barrel-shift -mxl-pattern-compare -mxl-soft-mul" "EXTRA_COMPILER_FLAGS=-g 
TRACE::2025-12-24.06:18:13::SCWBDomain::-ffunction-sections -fdata-sections -Wall -Wextra -fno-tree-loop-distribute-patterns  -Os -flto -ffat-lto-objects"

TRACE::2025-12-24.06:18:13::SCWBDomain::Running Make include in psu_pmu_0/libsrc/zdma_v1_19/src

TRACE::2025-12-24.06:18:13::SCWBDomain::make -C psu_pmu_0/libsrc/zdma_v1_19/src -s include  "SHELL=/bin/sh" "COMPILER=mb-gcc" "ASSEMBLER=mb-as" "ARCHIVER=mb-ar" "COMPI
TRACE::2025-12-24.06:18:13::SCWBDomain::LER_FLAGS=  -O2 -c -mcpu=v9.2 -mlittle-endian -mxl-barrel-shift -mxl-pattern-compare -mxl-soft-mul" "EXTRA_COMPILER_FLAGS=-g -f
TRACE::2025-12-24.06:18:13::SCWBDomain::function-sections -fdata-sections -Wall -Wextra -fno-tree-loop-distribute-patterns  -Os -flto -ffat-lto-objects"

TRACE::2025-12-24.06:18:13::SCWBDomain::Running Make libs in psu_pmu_0/libsrc/dpdma_v1_6/src

TRACE::2025-12-24.06:18:13::SCWBDomain::make -C psu_pmu_0/libsrc/dpdma_v1_6/src -s libs  "SHELL=/bin/sh" "COMPILER=mb-gcc" "ASSEMBLER=mb-as" "ARCHIVER=mb-ar" "COMPILER
TRACE::2025-12-24.06:18:13::SCWBDomain::_FLAGS=  -O2 -c -mcpu=v9.2 -mlittle-endian -mxl-barrel-shift -mxl-pattern-compare -mxl-soft-mul" "EXTRA_COMPILER_FLAGS=-g -ffun
TRACE::2025-12-24.06:18:13::SCWBDomain::ction-sections -fdata-sections -Wall -Wextra -fno-tree-loop-distribute-patterns  -Os -flto -ffat-lto-objects"

TRACE::2025-12-24.06:18:13::SCWBDomain::Compiling dpdma

TRACE::2025-12-24.06:18:13::SCWBDomain::Running Make libs in psu_pmu_0/libsrc/avbuf_v2_6/src

TRACE::2025-12-24.06:18:13::SCWBDomain::make -C psu_pmu_0/libsrc/avbuf_v2_6/src -s libs  "SHELL=/bin/sh" "COMPILER=mb-gcc" "ASSEMBLER=mb-as" "ARCHIVER=mb-ar" "COMPILER
TRACE::2025-12-24.06:18:13::SCWBDomain::_FLAGS=  -O2 -c -mcpu=v9.2 -mlittle-endian -mxl-barrel-shift -mxl-pattern-compare -mxl-soft-mul" "EXTRA_COMPILER_FLAGS=-g -ffun
TRACE::2025-12-24.06:18:13::SCWBDomain::ction-sections -fdata-sections -Wall -Wextra -fno-tree-loop-distribute-patterns  -Os -flto -ffat-lto-objects"

TRACE::2025-12-24.06:18:13::SCWBDomain::Compiling avbuf

TRACE::2025-12-24.06:18:13::SCWBDomain::Running Make libs in psu_pmu_0/libsrc/xilskey_v7_6/src

TRACE::2025-12-24.06:18:13::SCWBDomain::make -C psu_pmu_0/libsrc/xilskey_v7_6/src -s libs  "SHELL=/bin/sh" "COMPILER=mb-gcc" "ASSEMBLER=mb-as" "ARCHIVER=mb-ar" "COMPIL
TRACE::2025-12-24.06:18:13::SCWBDomain::ER_FLAGS=  -O2 -c -mcpu=v9.2 -mlittle-endian -mxl-barrel-shift -mxl-pattern-compare -mxl-soft-mul" "EXTRA_COMPILER_FLAGS=-g -ff
TRACE::2025-12-24.06:18:13::SCWBDomain::unction-sections -fdata-sections -Wall -Wextra -fno-tree-loop-distribute-patterns  -Os -flto -ffat-lto-objects"

TRACE::2025-12-24.06:18:13::SCWBDomain::Compiling Xilskey Library

TRACE::2025-12-24.06:18:14::SCWBDomain::Running Make libs in psu_pmu_0/libsrc/data_mover_v1_0/src

TRACE::2025-12-24.06:18:14::SCWBDomain::make -C psu_pmu_0/libsrc/data_mover_v1_0/src -s libs  "SHELL=/bin/sh" "COMPILER=mb-gcc" "ASSEMBLER=mb-as" "ARCHIVER=mb-ar" "COM
TRACE::2025-12-24.06:18:14::SCWBDomain::PILER_FLAGS=  -O2 -c -mcpu=v9.2 -mlittle-endian -mxl-barrel-shift -mxl-pattern-compare -mxl-soft-mul" "EXTRA_COMPILER_FLAGS=-g 
TRACE::2025-12-24.06:18:14::SCWBDomain::-ffunction-sections -fdata-sections -Wall -Wextra -fno-tree-loop-distribute-patterns  -Os -flto -ffat-lto-objects"

TRACE::2025-12-24.06:18:14::SCWBDomain::Building data_mover

TRACE::2025-12-24.06:18:14::SCWBDomain::Running Make libs in psu_pmu_0/libsrc/xilsecure_v5_4/src

TRACE::2025-12-24.06:18:14::SCWBDomain::make -C psu_pmu_0/libsrc/xilsecure_v5_4/src -s libs  "SHELL=/bin/sh" "COMPILER=mb-gcc" "ASSEMBLER=mb-as" "ARCHIVER=mb-ar" "COMP
TRACE::2025-12-24.06:18:14::SCWBDomain::ILER_FLAGS=  -O2 -c -mcpu=v9.2 -mlittle-endian -mxl-barrel-shift -mxl-pattern-compare -mxl-soft-mul" "EXTRA_COMPILER_FLAGS=-g -
TRACE::2025-12-24.06:18:14::SCWBDomain::ffunction-sections -fdata-sections -Wall -Wextra -fno-tree-loop-distribute-patterns  -Os -flto -ffat-lto-objects"

TRACE::2025-12-24.06:18:14::SCWBDomain::Compiling XilSecure Library

TRACE::2025-12-24.06:18:14::SCWBDomain::Running Make libs in psu_pmu_0/libsrc/dppsu_v1_7/src

TRACE::2025-12-24.06:18:14::SCWBDomain::make -C psu_pmu_0/libsrc/dppsu_v1_7/src -s libs  "SHELL=/bin/sh" "COMPILER=mb-gcc" "ASSEMBLER=mb-as" "ARCHIVER=mb-ar" "COMPILER
TRACE::2025-12-24.06:18:14::SCWBDomain::_FLAGS=  -O2 -c -mcpu=v9.2 -mlittle-endian -mxl-barrel-shift -mxl-pattern-compare -mxl-soft-mul" "EXTRA_COMPILER_FLAGS=-g -ffun
TRACE::2025-12-24.06:18:14::SCWBDomain::ction-sections -fdata-sections -Wall -Wextra -fno-tree-loop-distribute-patterns  -Os -flto -ffat-lto-objects"

TRACE::2025-12-24.06:18:14::SCWBDomain::Compiling dppsu

TRACE::2025-12-24.06:18:15::SCWBDomain::Finished building libraries sequentially.

TRACE::2025-12-24.06:18:15::SCWBDomain::make -j 22 --no-print-directory par_libs

TRACE::2025-12-24.06:18:15::SCWBDomain::Running Make include in psu_pmu_0/libsrc/avbuf_v2_6/src

TRACE::2025-12-24.06:18:15::SCWBDomain::Running Make include in psu_pmu_0/libsrc/axipmon_v6_11/src

TRACE::2025-12-24.06:18:15::SCWBDomain::make -C psu_pmu_0/libsrc/avbuf_v2_6/src -s include  "SHELL=/bin/sh" "COMPILER=mb-gcc" "ASSEMBLER=mb-as" "ARCHIVER=mb-ar" "COMPI
TRACE::2025-12-24.06:18:15::SCWBDomain::LER_FLAGS=  -O2 -c -mcpu=v9.2 -mlittle-endian -mxl-barrel-shift -mxl-pattern-compare -mxl-soft-mul" "EXTRA_COMPILER_FLAGS=-g -f
TRACE::2025-12-24.06:18:15::SCWBDomain::function-sections -fdata-sections -Wall -Wextra -fno-tree-loop-distribute-patterns  -Os -flto -ffat-lto-objects"

TRACE::2025-12-24.06:18:15::SCWBDomain::make -C psu_pmu_0/libsrc/axipmon_v6_11/src -s include  "SHELL=/bin/sh" "COMPILER=mb-gcc" "ASSEMBLER=mb-as" "ARCHIVER=mb-ar" "CO
TRACE::2025-12-24.06:18:15::SCWBDomain::MPILER_FLAGS=  -O2 -c -mcpu=v9.2 -mlittle-endian -mxl-barrel-shift -mxl-pattern-compare -mxl-soft-mul" "EXTRA_COMPILER_FLAGS=-g
TRACE::2025-12-24.06:18:15::SCWBDomain:: -ffunction-sections -fdata-sections -Wall -Wextra -fno-tree-loop-distribute-patterns  -Os -flto -ffat-lto-objects"

TRACE::2025-12-24.06:18:15::SCWBDomain::Running Make include in psu_pmu_0/libsrc/bram_v4_11/src

TRACE::2025-12-24.06:18:15::SCWBDomain::Running Make include in psu_pmu_0/libsrc/clockps_v1_6/src

TRACE::2025-12-24.06:18:15::SCWBDomain::make -C psu_pmu_0/libsrc/bram_v4_11/src -s include  "SHELL=/bin/sh" "COMPILER=mb-gcc" "ASSEMBLER=mb-as" "ARCHIVER=mb-ar" "COMPI
TRACE::2025-12-24.06:18:15::SCWBDomain::LER_FLAGS=  -O2 -c -mcpu=v9.2 -mlittle-endian -mxl-barrel-shift -mxl-pattern-compare -mxl-soft-mul" "EXTRA_COMPILER_FLAGS=-g -f
TRACE::2025-12-24.06:18:15::SCWBDomain::function-sections -fdata-sections -Wall -Wextra -fno-tree-loop-distribute-patterns  -Os -flto -ffat-lto-objects"

TRACE::2025-12-24.06:18:15::SCWBDomain::make -C psu_pmu_0/libsrc/clockps_v1_6/src -s include  "SHELL=/bin/sh" "COMPILER=mb-gcc" "ASSEMBLER=mb-as" "ARCHIVER=mb-ar" "COM
TRACE::2025-12-24.06:18:15::SCWBDomain::PILER_FLAGS=  -O2 -c -mcpu=v9.2 -mlittle-endian -mxl-barrel-shift -mxl-pattern-compare -mxl-soft-mul" "EXTRA_COMPILER_FLAGS=-g 
TRACE::2025-12-24.06:18:15::SCWBDomain::-ffunction-sections -fdata-sections -Wall -Wextra -fno-tree-loop-distribute-patterns  -Os -flto -ffat-lto-objects"

TRACE::2025-12-24.06:18:15::SCWBDomain::Running Make include in psu_pmu_0/libsrc/cpu_v2_18/src

TRACE::2025-12-24.06:18:15::SCWBDomain::make -C psu_pmu_0/libsrc/cpu_v2_18/src -s include  "SHELL=/bin/sh" "COMPILER=mb-gcc" "ASSEMBLER=mb-as" "ARCHIVER=mb-ar" "COMPIL
TRACE::2025-12-24.06:18:15::SCWBDomain::ER_FLAGS=  -O2 -c -mcpu=v9.2 -mlittle-endian -mxl-barrel-shift -mxl-pattern-compare -mxl-soft-mul" "EXTRA_COMPILER_FLAGS=-g -ff
TRACE::2025-12-24.06:18:15::SCWBDomain::unction-sections -fdata-sections -Wall -Wextra -fno-tree-loop-distribute-patterns  -Os -flto -ffat-lto-objects"

TRACE::2025-12-24.06:18:15::SCWBDomain::Running Make include in psu_pmu_0/libsrc/csudma_v1_16/src

TRACE::2025-12-24.06:18:15::SCWBDomain::make -C psu_pmu_0/libsrc/csudma_v1_16/src -s include  "SHELL=/bin/sh" "COMPILER=mb-gcc" "ASSEMBLER=mb-as" "ARCHIVER=mb-ar" "COM
TRACE::2025-12-24.06:18:15::SCWBDomain::PILER_FLAGS=  -O2 -c -mcpu=v9.2 -mlittle-endian -mxl-barrel-shift -mxl-pattern-compare -mxl-soft-mul" "EXTRA_COMPILER_FLAGS=-g 
TRACE::2025-12-24.06:18:15::SCWBDomain::-ffunction-sections -fdata-sections -Wall -Wextra -fno-tree-loop-distribute-patterns  -Os -flto -ffat-lto-objects"

TRACE::2025-12-24.06:18:15::SCWBDomain::Running Make include in psu_pmu_0/libsrc/data_mover_v1_0/src

TRACE::2025-12-24.06:18:15::SCWBDomain::make -C psu_pmu_0/libsrc/data_mover_v1_0/src -s include  "SHELL=/bin/sh" "COMPILER=mb-gcc" "ASSEMBLER=mb-as" "ARCHIVER=mb-ar" "
TRACE::2025-12-24.06:18:15::SCWBDomain::COMPILER_FLAGS=  -O2 -c -mcpu=v9.2 -mlittle-endian -mxl-barrel-shift -mxl-pattern-compare -mxl-soft-mul" "EXTRA_COMPILER_FLAGS=
TRACE::2025-12-24.06:18:15::SCWBDomain::-g -ffunction-sections -fdata-sections -Wall -Wextra -fno-tree-loop-distribute-patterns  -Os -flto -ffat-lto-objects"

TRACE::2025-12-24.06:18:15::SCWBDomain::Running Make include in psu_pmu_0/libsrc/ddrcpsu_v1_7/src

TRACE::2025-12-24.06:18:15::SCWBDomain::make -C psu_pmu_0/libsrc/ddrcpsu_v1_7/src -s include  "SHELL=/bin/sh" "COMPILER=mb-gcc" "ASSEMBLER=mb-as" "ARCHIVER=mb-ar" "COM
TRACE::2025-12-24.06:18:15::SCWBDomain::PILER_FLAGS=  -O2 -c -mcpu=v9.2 -mlittle-endian -mxl-barrel-shift -mxl-pattern-compare -mxl-soft-mul" "EXTRA_COMPILER_FLAGS=-g 
TRACE::2025-12-24.06:18:15::SCWBDomain::-ffunction-sections -fdata-sections -Wall -Wextra -fno-tree-loop-distribute-patterns  -Os -flto -ffat-lto-objects"

TRACE::2025-12-24.06:18:15::SCWBDomain::Running Make include in psu_pmu_0/libsrc/dpdma_v1_6/src

TRACE::2025-12-24.06:18:15::SCWBDomain::make -C psu_pmu_0/libsrc/dpdma_v1_6/src -s include  "SHELL=/bin/sh" "COMPILER=mb-gcc" "ASSEMBLER=mb-as" "ARCHIVER=mb-ar" "COMPI
TRACE::2025-12-24.06:18:15::SCWBDomain::LER_FLAGS=  -O2 -c -mcpu=v9.2 -mlittle-endian -mxl-barrel-shift -mxl-pattern-compare -mxl-soft-mul" "EXTRA_COMPILER_FLAGS=-g -f
TRACE::2025-12-24.06:18:15::SCWBDomain::function-sections -fdata-sections -Wall -Wextra -fno-tree-loop-distribute-patterns  -Os -flto -ffat-lto-objects"

TRACE::2025-12-24.06:18:15::SCWBDomain::Running Make include in psu_pmu_0/libsrc/dppsu_v1_7/src

TRACE::2025-12-24.06:18:15::SCWBDomain::make -C psu_pmu_0/libsrc/dppsu_v1_7/src -s include  "SHELL=/bin/sh" "COMPILER=mb-gcc" "ASSEMBLER=mb-as" "ARCHIVER=mb-ar" "COMPI
TRACE::2025-12-24.06:18:15::SCWBDomain::LER_FLAGS=  -O2 -c -mcpu=v9.2 -mlittle-endian -mxl-barrel-shift -mxl-pattern-compare -mxl-soft-mul" "EXTRA_COMPILER_FLAGS=-g -f
TRACE::2025-12-24.06:18:15::SCWBDomain::function-sections -fdata-sections -Wall -Wextra -fno-tree-loop-distribute-patterns  -Os -flto -ffat-lto-objects"

TRACE::2025-12-24.06:18:15::SCWBDomain::Running Make include in psu_pmu_0/libsrc/emacps_v3_21/src

TRACE::2025-12-24.06:18:15::SCWBDomain::make -C psu_pmu_0/libsrc/emacps_v3_21/src -s include  "SHELL=/bin/sh" "COMPILER=mb-gcc" "ASSEMBLER=mb-as" "ARCHIVER=mb-ar" "COM
TRACE::2025-12-24.06:18:15::SCWBDomain::PILER_FLAGS=  -O2 -c -mcpu=v9.2 -mlittle-endian -mxl-barrel-shift -mxl-pattern-compare -mxl-soft-mul" "EXTRA_COMPILER_FLAGS=-g 
TRACE::2025-12-24.06:18:15::SCWBDomain::-ffunction-sections -fdata-sections -Wall -Wextra -fno-tree-loop-distribute-patterns  -Os -flto -ffat-lto-objects"

TRACE::2025-12-24.06:18:15::SCWBDomain::Running Make include in psu_pmu_0/libsrc/gpiops_v3_13/src

TRACE::2025-12-24.06:18:15::SCWBDomain::Running Make include in psu_pmu_0/libsrc/iicps_v3_20/src

TRACE::2025-12-24.06:18:15::SCWBDomain::make -C psu_pmu_0/libsrc/gpiops_v3_13/src -s include  "SHELL=/bin/sh" "COMPILER=mb-gcc" "ASSEMBLER=mb-as" "ARCHIVER=mb-ar" "COM
TRACE::2025-12-24.06:18:15::SCWBDomain::PILER_FLAGS=  -O2 -c -mcpu=v9.2 -mlittle-endian -mxl-barrel-shift -mxl-pattern-compare -mxl-soft-mul" "EXTRA_COMPILER_FLAGS=-g 
TRACE::2025-12-24.06:18:15::SCWBDomain::-ffunction-sections -fdata-sections -Wall -Wextra -fno-tree-loop-distribute-patterns  -Os -flto -ffat-lto-objects"

TRACE::2025-12-24.06:18:15::SCWBDomain::make -C psu_pmu_0/libsrc/iicps_v3_20/src -s include  "SHELL=/bin/sh" "COMPILER=mb-gcc" "ASSEMBLER=mb-as" "ARCHIVER=mb-ar" "COMP
TRACE::2025-12-24.06:18:15::SCWBDomain::ILER_FLAGS=  -O2 -c -mcpu=v9.2 -mlittle-endian -mxl-barrel-shift -mxl-pattern-compare -mxl-soft-mul" "EXTRA_COMPILER_FLAGS=-g -
TRACE::2025-12-24.06:18:15::SCWBDomain::ffunction-sections -fdata-sections -Wall -Wextra -fno-tree-loop-distribute-patterns  -Os -flto -ffat-lto-objects"

TRACE::2025-12-24.06:18:15::SCWBDomain::Running Make include in psu_pmu_0/libsrc/ipipsu_v2_16/src

TRACE::2025-12-24.06:18:15::SCWBDomain::Running Make include in psu_pmu_0/libsrc/pciepsu_v2_0/src

TRACE::2025-12-24.06:18:15::SCWBDomain::make -C psu_pmu_0/libsrc/ipipsu_v2_16/src -s include  "SHELL=/bin/sh" "COMPILER=mb-gcc" "ASSEMBLER=mb-as" "ARCHIVER=mb-ar" "COM
TRACE::2025-12-24.06:18:15::SCWBDomain::PILER_FLAGS=  -O2 -c -mcpu=v9.2 -mlittle-endian -mxl-barrel-shift -mxl-pattern-compare -mxl-soft-mul" "EXTRA_COMPILER_FLAGS=-g 
TRACE::2025-12-24.06:18:15::SCWBDomain::-ffunction-sections -fdata-sections -Wall -Wextra -fno-tree-loop-distribute-patterns  -Os -flto -ffat-lto-objects"

TRACE::2025-12-24.06:18:15::SCWBDomain::make -C psu_pmu_0/libsrc/pciepsu_v2_0/src -s include  "SHELL=/bin/sh" "COMPILER=mb-gcc" "ASSEMBLER=mb-as" "ARCHIVER=mb-ar" "COM
TRACE::2025-12-24.06:18:15::SCWBDomain::PILER_FLAGS=  -O2 -c -mcpu=v9.2 -mlittle-endian -mxl-barrel-shift -mxl-pattern-compare -mxl-soft-mul" "EXTRA_COMPILER_FLAGS=-g 
TRACE::2025-12-24.06:18:15::SCWBDomain::-ffunction-sections -fdata-sections -Wall -Wextra -fno-tree-loop-distribute-patterns  -Os -flto -ffat-lto-objects"

TRACE::2025-12-24.06:18:15::SCWBDomain::Running Make include in psu_pmu_0/libsrc/qspipsu_v1_20/src

TRACE::2025-12-24.06:18:15::SCWBDomain::make -C psu_pmu_0/libsrc/qspipsu_v1_20/src -s include  "SHELL=/bin/sh" "COMPILER=mb-gcc" "ASSEMBLER=mb-as" "ARCHIVER=mb-ar" "CO
TRACE::2025-12-24.06:18:15::SCWBDomain::MPILER_FLAGS=  -O2 -c -mcpu=v9.2 -mlittle-endian -mxl-barrel-shift -mxl-pattern-compare -mxl-soft-mul" "EXTRA_COMPILER_FLAGS=-g
TRACE::2025-12-24.06:18:15::SCWBDomain:: -ffunction-sections -fdata-sections -Wall -Wextra -fno-tree-loop-distribute-patterns  -Os -flto -ffat-lto-objects"

TRACE::2025-12-24.06:18:15::SCWBDomain::Running Make include in psu_pmu_0/libsrc/resetps_v1_7/src

TRACE::2025-12-24.06:18:15::SCWBDomain::make -C psu_pmu_0/libsrc/resetps_v1_7/src -s include  "SHELL=/bin/sh" "COMPILER=mb-gcc" "ASSEMBLER=mb-as" "ARCHIVER=mb-ar" "COM
TRACE::2025-12-24.06:18:15::SCWBDomain::PILER_FLAGS=  -O2 -c -mcpu=v9.2 -mlittle-endian -mxl-barrel-shift -mxl-pattern-compare -mxl-soft-mul" "EXTRA_COMPILER_FLAGS=-g 
TRACE::2025-12-24.06:18:15::SCWBDomain::-ffunction-sections -fdata-sections -Wall -Wextra -fno-tree-loop-distribute-patterns  -Os -flto -ffat-lto-objects"

TRACE::2025-12-24.06:18:15::SCWBDomain::Running Make include in psu_pmu_0/libsrc/rtcpsu_v1_14/src

TRACE::2025-12-24.06:18:15::SCWBDomain::make -C psu_pmu_0/libsrc/rtcpsu_v1_14/src -s include  "SHELL=/bin/sh" "COMPILER=mb-gcc" "ASSEMBLER=mb-as" "ARCHIVER=mb-ar" "COM
TRACE::2025-12-24.06:18:15::SCWBDomain::PILER_FLAGS=  -O2 -c -mcpu=v9.2 -mlittle-endian -mxl-barrel-shift -mxl-pattern-compare -mxl-soft-mul" "EXTRA_COMPILER_FLAGS=-g 
TRACE::2025-12-24.06:18:15::SCWBDomain::-ffunction-sections -fdata-sections -Wall -Wextra -fno-tree-loop-distribute-patterns  -Os -flto -ffat-lto-objects"

TRACE::2025-12-24.06:18:15::SCWBDomain::Running Make include in psu_pmu_0/libsrc/standalone_v9_2/src

TRACE::2025-12-24.06:18:15::SCWBDomain::Running Make include in psu_pmu_0/libsrc/sdps_v4_4/src

TRACE::2025-12-24.06:18:15::SCWBDomain::make -C psu_pmu_0/libsrc/sdps_v4_4/src -s include  "SHELL=/bin/sh" "COMPILER=mb-gcc" "ASSEMBLER=mb-as" "ARCHIVER=mb-ar" "COMPIL
TRACE::2025-12-24.06:18:15::SCWBDomain::ER_FLAGS=  -O2 -c -mcpu=v9.2 -mlittle-endian -mxl-barrel-shift -mxl-pattern-compare -mxl-soft-mul" "EXTRA_COMPILER_FLAGS=-g -ff
TRACE::2025-12-24.06:18:15::SCWBDomain::unction-sections -fdata-sections -Wall -Wextra -fno-tree-loop-distribute-patterns  -Os -flto -ffat-lto-objects"

TRACE::2025-12-24.06:18:15::SCWBDomain::make -C psu_pmu_0/libsrc/standalone_v9_2/src -s include  "SHELL=/bin/sh" "COMPILER=mb-gcc" "ASSEMBLER=mb-as" "ARCHIVER=mb-ar" "
TRACE::2025-12-24.06:18:15::SCWBDomain::COMPILER_FLAGS=  -O2 -c -mcpu=v9.2 -mlittle-endian -mxl-barrel-shift -mxl-pattern-compare -mxl-soft-mul" "EXTRA_COMPILER_FLAGS=
TRACE::2025-12-24.06:18:15::SCWBDomain::-g -ffunction-sections -fdata-sections -Wall -Wextra -fno-tree-loop-distribute-patterns  -Os -flto -ffat-lto-objects"

TRACE::2025-12-24.06:18:15::SCWBDomain::Running Make include in psu_pmu_0/libsrc/sysmonpsu_v3_0/src

TRACE::2025-12-24.06:18:15::SCWBDomain::Running Make include in psu_pmu_0/libsrc/ttcps_v3_20/src

TRACE::2025-12-24.06:18:15::SCWBDomain::make -C psu_pmu_0/libsrc/sysmonpsu_v3_0/src -s include  "SHELL=/bin/sh" "COMPILER=mb-gcc" "ASSEMBLER=mb-as" "ARCHIVER=mb-ar" "C
TRACE::2025-12-24.06:18:15::SCWBDomain::OMPILER_FLAGS=  -O2 -c -mcpu=v9.2 -mlittle-endian -mxl-barrel-shift -mxl-pattern-compare -mxl-soft-mul" "EXTRA_COMPILER_FLAGS=-
TRACE::2025-12-24.06:18:15::SCWBDomain::g -ffunction-sections -fdata-sections -Wall -Wextra -fno-tree-loop-distribute-patterns  -Os -flto -ffat-lto-objects"

TRACE::2025-12-24.06:18:15::SCWBDomain::make -C psu_pmu_0/libsrc/ttcps_v3_20/src -s include  "SHELL=/bin/sh" "COMPILER=mb-gcc" "ASSEMBLER=mb-as" "ARCHIVER=mb-ar" "COMP
TRACE::2025-12-24.06:18:15::SCWBDomain::ILER_FLAGS=  -O2 -c -mcpu=v9.2 -mlittle-endian -mxl-barrel-shift -mxl-pattern-compare -mxl-soft-mul" "EXTRA_COMPILER_FLAGS=-g -
TRACE::2025-12-24.06:18:15::SCWBDomain::ffunction-sections -fdata-sections -Wall -Wextra -fno-tree-loop-distribute-patterns  -Os -flto -ffat-lto-objects"

TRACE::2025-12-24.06:18:15::SCWBDomain::Running Make include in psu_pmu_0/libsrc/uartps_v3_15/src

TRACE::2025-12-24.06:18:15::SCWBDomain::make -C psu_pmu_0/libsrc/uartps_v3_15/src -s include  "SHELL=/bin/sh" "COMPILER=mb-gcc" "ASSEMBLER=mb-as" "ARCHIVER=mb-ar" "COM
TRACE::2025-12-24.06:18:15::SCWBDomain::PILER_FLAGS=  -O2 -c -mcpu=v9.2 -mlittle-endian -mxl-barrel-shift -mxl-pattern-compare -mxl-soft-mul" "EXTRA_COMPILER_FLAGS=-g 
TRACE::2025-12-24.06:18:15::SCWBDomain::-ffunction-sections -fdata-sections -Wall -Wextra -fno-tree-loop-distribute-patterns  -Os -flto -ffat-lto-objects"

TRACE::2025-12-24.06:18:15::SCWBDomain::Running Make include in psu_pmu_0/libsrc/usbpsu_v1_16/src

TRACE::2025-12-24.06:18:15::SCWBDomain::make -C psu_pmu_0/libsrc/usbpsu_v1_16/src -s include  "SHELL=/bin/sh" "COMPILER=mb-gcc" "ASSEMBLER=mb-as" "ARCHIVER=mb-ar" "COM
TRACE::2025-12-24.06:18:15::SCWBDomain::PILER_FLAGS=  -O2 -c -mcpu=v9.2 -mlittle-endian -mxl-barrel-shift -mxl-pattern-compare -mxl-soft-mul" "EXTRA_COMPILER_FLAGS=-g 
TRACE::2025-12-24.06:18:15::SCWBDomain::-ffunction-sections -fdata-sections -Wall -Wextra -fno-tree-loop-distribute-patterns  -Os -flto -ffat-lto-objects"

TRACE::2025-12-24.06:18:15::SCWBDomain::Running Make include in psu_pmu_0/libsrc/video_common_v4_16/src

TRACE::2025-12-24.06:18:15::SCWBDomain::Running Make include in psu_pmu_0/libsrc/xilfpga_v6_7/src

TRACE::2025-12-24.06:18:15::SCWBDomain::make -C psu_pmu_0/libsrc/video_common_v4_16/src -s include  "SHELL=/bin/sh" "COMPILER=mb-gcc" "ASSEMBLER=mb-as" "ARCHIVER=mb-ar
TRACE::2025-12-24.06:18:15::SCWBDomain::" "COMPILER_FLAGS=  -O2 -c -mcpu=v9.2 -mlittle-endian -mxl-barrel-shift -mxl-pattern-compare -mxl-soft-mul" "EXTRA_COMPILER_FLA
TRACE::2025-12-24.06:18:15::SCWBDomain::GS=-g -ffunction-sections -fdata-sections -Wall -Wextra -fno-tree-loop-distribute-patterns  -Os -flto -ffat-lto-objects"

TRACE::2025-12-24.06:18:15::SCWBDomain::make -C psu_pmu_0/libsrc/xilfpga_v6_7/src -s include  "SHELL=/bin/sh" "COMPILER=mb-gcc" "ASSEMBLER=mb-as" "ARCHIVER=mb-ar" "COM
TRACE::2025-12-24.06:18:15::SCWBDomain::PILER_FLAGS=  -O2 -c -mcpu=v9.2 -mlittle-endian -mxl-barrel-shift -mxl-pattern-compare -mxl-soft-mul" "EXTRA_COMPILER_FLAGS=-g 
TRACE::2025-12-24.06:18:15::SCWBDomain::-ffunction-sections -fdata-sections -Wall -Wextra -fno-tree-loop-distribute-patterns  -Os -flto -ffat-lto-objects"

TRACE::2025-12-24.06:18:15::SCWBDomain::Running Make include in psu_pmu_0/libsrc/xilsecure_v5_4/src

TRACE::2025-12-24.06:18:15::SCWBDomain::make -C psu_pmu_0/libsrc/xilsecure_v5_4/src -s include  "SHELL=/bin/sh" "COMPILER=mb-gcc" "ASSEMBLER=mb-as" "ARCHIVER=mb-ar" "C
TRACE::2025-12-24.06:18:15::SCWBDomain::OMPILER_FLAGS=  -O2 -c -mcpu=v9.2 -mlittle-endian -mxl-barrel-shift -mxl-pattern-compare -mxl-soft-mul" "EXTRA_COMPILER_FLAGS=-
TRACE::2025-12-24.06:18:15::SCWBDomain::g -ffunction-sections -fdata-sections -Wall -Wextra -fno-tree-loop-distribute-patterns  -Os -flto -ffat-lto-objects"

TRACE::2025-12-24.06:18:15::SCWBDomain::Running Make include in psu_pmu_0/libsrc/xilskey_v7_6/src

TRACE::2025-12-24.06:18:15::SCWBDomain::make -C psu_pmu_0/libsrc/xilskey_v7_6/src -s include  "SHELL=/bin/sh" "COMPILER=mb-gcc" "ASSEMBLER=mb-as" "ARCHIVER=mb-ar" "COM
TRACE::2025-12-24.06:18:15::SCWBDomain::PILER_FLAGS=  -O2 -c -mcpu=v9.2 -mlittle-endian -mxl-barrel-shift -mxl-pattern-compare -mxl-soft-mul" "EXTRA_COMPILER_FLAGS=-g 
TRACE::2025-12-24.06:18:15::SCWBDomain::-ffunction-sections -fdata-sections -Wall -Wextra -fno-tree-loop-distribute-patterns  -Os -flto -ffat-lto-objects"

TRACE::2025-12-24.06:18:15::SCWBDomain::Running Make include in psu_pmu_0/libsrc/zdma_v1_19/src

TRACE::2025-12-24.06:18:15::SCWBDomain::make -C psu_pmu_0/libsrc/zdma_v1_19/src -s include  "SHELL=/bin/sh" "COMPILER=mb-gcc" "ASSEMBLER=mb-as" "ARCHIVER=mb-ar" "COMPI
TRACE::2025-12-24.06:18:15::SCWBDomain::LER_FLAGS=  -O2 -c -mcpu=v9.2 -mlittle-endian -mxl-barrel-shift -mxl-pattern-compare -mxl-soft-mul" "EXTRA_COMPILER_FLAGS=-g -f
TRACE::2025-12-24.06:18:15::SCWBDomain::function-sections -fdata-sections -Wall -Wextra -fno-tree-loop-distribute-patterns  -Os -flto -ffat-lto-objects"

TRACE::2025-12-24.06:18:15::SCWBDomain::Running Make libs in psu_pmu_0/libsrc/axipmon_v6_11/src

TRACE::2025-12-24.06:18:15::SCWBDomain::make -C psu_pmu_0/libsrc/axipmon_v6_11/src -s libs  "SHELL=/bin/sh" "COMPILER=mb-gcc" "ASSEMBLER=mb-as" "ARCHIVER=mb-ar" "COMPI
TRACE::2025-12-24.06:18:15::SCWBDomain::LER_FLAGS=  -O2 -c -mcpu=v9.2 -mlittle-endian -mxl-barrel-shift -mxl-pattern-compare -mxl-soft-mul" "EXTRA_COMPILER_FLAGS=-g -f
TRACE::2025-12-24.06:18:15::SCWBDomain::function-sections -fdata-sections -Wall -Wextra -fno-tree-loop-distribute-patterns  -Os -flto -ffat-lto-objects"

TRACE::2025-12-24.06:18:15::SCWBDomain::Running Make libs in psu_pmu_0/libsrc/bram_v4_11/src

TRACE::2025-12-24.06:18:15::SCWBDomain::make -C psu_pmu_0/libsrc/bram_v4_11/src -s libs  "SHELL=/bin/sh" "COMPILER=mb-gcc" "ASSEMBLER=mb-as" "ARCHIVER=mb-ar" "COMPILER
TRACE::2025-12-24.06:18:15::SCWBDomain::_FLAGS=  -O2 -c -mcpu=v9.2 -mlittle-endian -mxl-barrel-shift -mxl-pattern-compare -mxl-soft-mul" "EXTRA_COMPILER_FLAGS=-g -ffun
TRACE::2025-12-24.06:18:15::SCWBDomain::ction-sections -fdata-sections -Wall -Wextra -fno-tree-loop-distribute-patterns  -Os -flto -ffat-lto-objects"

TRACE::2025-12-24.06:18:15::SCWBDomain::Running Make libs in psu_pmu_0/libsrc/cpu_v2_18/src

TRACE::2025-12-24.06:18:15::SCWBDomain::Running Make libs in psu_pmu_0/libsrc/clockps_v1_6/src

TRACE::2025-12-24.06:18:15::SCWBDomain::make -C psu_pmu_0/libsrc/cpu_v2_18/src -s libs  "SHELL=/bin/sh" "COMPILER=mb-gcc" "ASSEMBLER=mb-as" "ARCHIVER=mb-ar" "COMPILER_
TRACE::2025-12-24.06:18:15::SCWBDomain::FLAGS=  -O2 -c -mcpu=v9.2 -mlittle-endian -mxl-barrel-shift -mxl-pattern-compare -mxl-soft-mul" "EXTRA_COMPILER_FLAGS=-g -ffunc
TRACE::2025-12-24.06:18:15::SCWBDomain::tion-sections -fdata-sections -Wall -Wextra -fno-tree-loop-distribute-patterns  -Os -flto -ffat-lto-objects"

TRACE::2025-12-24.06:18:15::SCWBDomain::make -C psu_pmu_0/libsrc/clockps_v1_6/src -s libs  "SHELL=/bin/sh" "COMPILER=mb-gcc" "ASSEMBLER=mb-as" "ARCHIVER=mb-ar" "COMPIL
TRACE::2025-12-24.06:18:15::SCWBDomain::ER_FLAGS=  -O2 -c -mcpu=v9.2 -mlittle-endian -mxl-barrel-shift -mxl-pattern-compare -mxl-soft-mul" "EXTRA_COMPILER_FLAGS=-g -ff
TRACE::2025-12-24.06:18:15::SCWBDomain::unction-sections -fdata-sections -Wall -Wextra -fno-tree-loop-distribute-patterns  -Os -flto -ffat-lto-objects"

TRACE::2025-12-24.06:18:15::SCWBDomain::Running Make libs in psu_pmu_0/libsrc/csudma_v1_16/src

TRACE::2025-12-24.06:18:15::SCWBDomain::make -C psu_pmu_0/libsrc/csudma_v1_16/src -s libs  "SHELL=/bin/sh" "COMPILER=mb-gcc" "ASSEMBLER=mb-as" "ARCHIVER=mb-ar" "COMPIL
TRACE::2025-12-24.06:18:15::SCWBDomain::ER_FLAGS=  -O2 -c -mcpu=v9.2 -mlittle-endian -mxl-barrel-shift -mxl-pattern-compare -mxl-soft-mul" "EXTRA_COMPILER_FLAGS=-g -ff
TRACE::2025-12-24.06:18:15::SCWBDomain::unction-sections -fdata-sections -Wall -Wextra -fno-tree-loop-distribute-patterns  -Os -flto -ffat-lto-objects"

TRACE::2025-12-24.06:18:15::SCWBDomain::Running Make libs in psu_pmu_0/libsrc/ddrcpsu_v1_7/src

TRACE::2025-12-24.06:18:15::SCWBDomain::Running Make libs in psu_pmu_0/libsrc/emacps_v3_21/src

TRACE::2025-12-24.06:18:15::SCWBDomain::make -C psu_pmu_0/libsrc/ddrcpsu_v1_7/src -s libs  "SHELL=/bin/sh" "COMPILER=mb-gcc" "ASSEMBLER=mb-as" "ARCHIVER=mb-ar" "COMPIL
TRACE::2025-12-24.06:18:15::SCWBDomain::ER_FLAGS=  -O2 -c -mcpu=v9.2 -mlittle-endian -mxl-barrel-shift -mxl-pattern-compare -mxl-soft-mul" "EXTRA_COMPILER_FLAGS=-g -ff
TRACE::2025-12-24.06:18:15::SCWBDomain::unction-sections -fdata-sections -Wall -Wextra -fno-tree-loop-distribute-patterns  -Os -flto -ffat-lto-objects"

TRACE::2025-12-24.06:18:15::SCWBDomain::Running Make libs in psu_pmu_0/libsrc/gpiops_v3_13/src

TRACE::2025-12-24.06:18:15::SCWBDomain::make -C psu_pmu_0/libsrc/emacps_v3_21/src -s libs  "SHELL=/bin/sh" "COMPILER=mb-gcc" "ASSEMBLER=mb-as" "ARCHIVER=mb-ar" "COMPIL
TRACE::2025-12-24.06:18:15::SCWBDomain::ER_FLAGS=  -O2 -c -mcpu=v9.2 -mlittle-endian -mxl-barrel-shift -mxl-pattern-compare -mxl-soft-mul" "EXTRA_COMPILER_FLAGS=-g -ff
TRACE::2025-12-24.06:18:15::SCWBDomain::unction-sections -fdata-sections -Wall -Wextra -fno-tree-loop-distribute-patterns  -Os -flto -ffat-lto-objects"

TRACE::2025-12-24.06:18:15::SCWBDomain::make -C psu_pmu_0/libsrc/gpiops_v3_13/src -s libs  "SHELL=/bin/sh" "COMPILER=mb-gcc" "ASSEMBLER=mb-as" "ARCHIVER=mb-ar" "COMPIL
TRACE::2025-12-24.06:18:15::SCWBDomain::ER_FLAGS=  -O2 -c -mcpu=v9.2 -mlittle-endian -mxl-barrel-shift -mxl-pattern-compare -mxl-soft-mul" "EXTRA_COMPILER_FLAGS=-g -ff
TRACE::2025-12-24.06:18:15::SCWBDomain::unction-sections -fdata-sections -Wall -Wextra -fno-tree-loop-distribute-patterns  -Os -flto -ffat-lto-objects"

TRACE::2025-12-24.06:18:15::SCWBDomain::Running Make libs in psu_pmu_0/libsrc/iicps_v3_20/src

TRACE::2025-12-24.06:18:15::SCWBDomain::make -C psu_pmu_0/libsrc/iicps_v3_20/src -s libs  "SHELL=/bin/sh" "COMPILER=mb-gcc" "ASSEMBLER=mb-as" "ARCHIVER=mb-ar" "COMPILE
TRACE::2025-12-24.06:18:15::SCWBDomain::R_FLAGS=  -O2 -c -mcpu=v9.2 -mlittle-endian -mxl-barrel-shift -mxl-pattern-compare -mxl-soft-mul" "EXTRA_COMPILER_FLAGS=-g -ffu
TRACE::2025-12-24.06:18:15::SCWBDomain::nction-sections -fdata-sections -Wall -Wextra -fno-tree-loop-distribute-patterns  -Os -flto -ffat-lto-objects"

TRACE::2025-12-24.06:18:15::SCWBDomain::Running Make libs in psu_pmu_0/libsrc/ipipsu_v2_16/src

TRACE::2025-12-24.06:18:15::SCWBDomain::make -C psu_pmu_0/libsrc/ipipsu_v2_16/src -s libs  "SHELL=/bin/sh" "COMPILER=mb-gcc" "ASSEMBLER=mb-as" "ARCHIVER=mb-ar" "COMPIL
TRACE::2025-12-24.06:18:15::SCWBDomain::ER_FLAGS=  -O2 -c -mcpu=v9.2 -mlittle-endian -mxl-barrel-shift -mxl-pattern-compare -mxl-soft-mul" "EXTRA_COMPILER_FLAGS=-g -ff
TRACE::2025-12-24.06:18:15::SCWBDomain::unction-sections -fdata-sections -Wall -Wextra -fno-tree-loop-distribute-patterns  -Os -flto -ffat-lto-objects"

TRACE::2025-12-24.06:18:15::SCWBDomain::Running Make libs in psu_pmu_0/libsrc/pciepsu_v2_0/src

TRACE::2025-12-24.06:18:15::SCWBDomain::Running Make libs in psu_pmu_0/libsrc/qspipsu_v1_20/src

TRACE::2025-12-24.06:18:15::SCWBDomain::Running Make libs in psu_pmu_0/libsrc/resetps_v1_7/src

TRACE::2025-12-24.06:18:15::SCWBDomain::Running Make libs in psu_pmu_0/libsrc/rtcpsu_v1_14/src

TRACE::2025-12-24.06:18:15::SCWBDomain::make -C psu_pmu_0/libsrc/pciepsu_v2_0/src -s libs  "SHELL=/bin/sh" "COMPILER=mb-gcc" "ASSEMBLER=mb-as" "ARCHIVER=mb-ar" "COMPIL
TRACE::2025-12-24.06:18:15::SCWBDomain::ER_FLAGS=  -O2 -c -mcpu=v9.2 -mlittle-endian -mxl-barrel-shift -mxl-pattern-compare -mxl-soft-mul" "EXTRA_COMPILER_FLAGS=-g -ff
TRACE::2025-12-24.06:18:15::SCWBDomain::unction-sections -fdata-sections -Wall -Wextra -fno-tree-loop-distribute-patterns  -Os -flto -ffat-lto-objects"

TRACE::2025-12-24.06:18:15::SCWBDomain::make -C psu_pmu_0/libsrc/qspipsu_v1_20/src -s libs  "SHELL=/bin/sh" "COMPILER=mb-gcc" "ASSEMBLER=mb-as" "ARCHIVER=mb-ar" "COMPI
TRACE::2025-12-24.06:18:15::SCWBDomain::LER_FLAGS=  -O2 -c -mcpu=v9.2 -mlittle-endian -mxl-barrel-shift -mxl-pattern-compare -mxl-soft-mul" "EXTRA_COMPILER_FLAGS=-g -f
TRACE::2025-12-24.06:18:15::SCWBDomain::function-sections -fdata-sections -Wall -Wextra -fno-tree-loop-distribute-patterns  -Os -flto -ffat-lto-objects"

TRACE::2025-12-24.06:18:15::SCWBDomain::make -C psu_pmu_0/libsrc/resetps_v1_7/src -s libs  "SHELL=/bin/sh" "COMPILER=mb-gcc" "ASSEMBLER=mb-as" "ARCHIVER=mb-ar" "COMPIL
TRACE::2025-12-24.06:18:15::SCWBDomain::ER_FLAGS=  -O2 -c -mcpu=v9.2 -mlittle-endian -mxl-barrel-shift -mxl-pattern-compare -mxl-soft-mul" "EXTRA_COMPILER_FLAGS=-g -ff
TRACE::2025-12-24.06:18:15::SCWBDomain::unction-sections -fdata-sections -Wall -Wextra -fno-tree-loop-distribute-patterns  -Os -flto -ffat-lto-objects"

TRACE::2025-12-24.06:18:15::SCWBDomain::Running Make libs in psu_pmu_0/libsrc/sdps_v4_4/src

TRACE::2025-12-24.06:18:15::SCWBDomain::make -C psu_pmu_0/libsrc/rtcpsu_v1_14/src -s libs  "SHELL=/bin/sh" "COMPILER=mb-gcc" "ASSEMBLER=mb-as" "ARCHIVER=mb-ar" "COMPIL
TRACE::2025-12-24.06:18:15::SCWBDomain::ER_FLAGS=  -O2 -c -mcpu=v9.2 -mlittle-endian -mxl-barrel-shift -mxl-pattern-compare -mxl-soft-mul" "EXTRA_COMPILER_FLAGS=-g -ff
TRACE::2025-12-24.06:18:15::SCWBDomain::unction-sections -fdata-sections -Wall -Wextra -fno-tree-loop-distribute-patterns  -Os -flto -ffat-lto-objects"

TRACE::2025-12-24.06:18:15::SCWBDomain::make -C psu_pmu_0/libsrc/sdps_v4_4/src -s libs  "SHELL=/bin/sh" "COMPILER=mb-gcc" "ASSEMBLER=mb-as" "ARCHIVER=mb-ar" "COMPILER_
TRACE::2025-12-24.06:18:15::SCWBDomain::FLAGS=  -O2 -c -mcpu=v9.2 -mlittle-endian -mxl-barrel-shift -mxl-pattern-compare -mxl-soft-mul" "EXTRA_COMPILER_FLAGS=-g -ffunc
TRACE::2025-12-24.06:18:15::SCWBDomain::tion-sections -fdata-sections -Wall -Wextra -fno-tree-loop-distribute-patterns  -Os -flto -ffat-lto-objects"

TRACE::2025-12-24.06:18:15::SCWBDomain::Running Make libs in psu_pmu_0/libsrc/standalone_v9_2/src

TRACE::2025-12-24.06:18:15::SCWBDomain::make -C psu_pmu_0/libsrc/standalone_v9_2/src -s libs  "SHELL=/bin/sh" "COMPILER=mb-gcc" "ASSEMBLER=mb-as" "ARCHIVER=mb-ar" "COM
TRACE::2025-12-24.06:18:15::SCWBDomain::PILER_FLAGS=  -O2 -c -mcpu=v9.2 -mlittle-endian -mxl-barrel-shift -mxl-pattern-compare -mxl-soft-mul" "EXTRA_COMPILER_FLAGS=-g 
TRACE::2025-12-24.06:18:15::SCWBDomain::-ffunction-sections -fdata-sections -Wall -Wextra -fno-tree-loop-distribute-patterns  -Os -flto -ffat-lto-objects"

TRACE::2025-12-24.06:18:15::SCWBDomain::Running Make libs in psu_pmu_0/libsrc/sysmonpsu_v3_0/src

TRACE::2025-12-24.06:18:15::SCWBDomain::make -C psu_pmu_0/libsrc/sysmonpsu_v3_0/src -s libs  "SHELL=/bin/sh" "COMPILER=mb-gcc" "ASSEMBLER=mb-as" "ARCHIVER=mb-ar" "COMP
TRACE::2025-12-24.06:18:15::SCWBDomain::ILER_FLAGS=  -O2 -c -mcpu=v9.2 -mlittle-endian -mxl-barrel-shift -mxl-pattern-compare -mxl-soft-mul" "EXTRA_COMPILER_FLAGS=-g -
TRACE::2025-12-24.06:18:15::SCWBDomain::ffunction-sections -fdata-sections -Wall -Wextra -fno-tree-loop-distribute-patterns  -Os -flto -ffat-lto-objects"

TRACE::2025-12-24.06:18:15::SCWBDomain::Running Make libs in psu_pmu_0/libsrc/ttcps_v3_20/src

TRACE::2025-12-24.06:18:15::SCWBDomain::make -C psu_pmu_0/libsrc/ttcps_v3_20/src -s libs  "SHELL=/bin/sh" "COMPILER=mb-gcc" "ASSEMBLER=mb-as" "ARCHIVER=mb-ar" "COMPILE
TRACE::2025-12-24.06:18:15::SCWBDomain::R_FLAGS=  -O2 -c -mcpu=v9.2 -mlittle-endian -mxl-barrel-shift -mxl-pattern-compare -mxl-soft-mul" "EXTRA_COMPILER_FLAGS=-g -ffu
TRACE::2025-12-24.06:18:15::SCWBDomain::nction-sections -fdata-sections -Wall -Wextra -fno-tree-loop-distribute-patterns  -Os -flto -ffat-lto-objects"

TRACE::2025-12-24.06:18:15::SCWBDomain::Running Make libs in psu_pmu_0/libsrc/uartps_v3_15/src

TRACE::2025-12-24.06:18:15::SCWBDomain::make -C psu_pmu_0/libsrc/uartps_v3_15/src -s libs  "SHELL=/bin/sh" "COMPILER=mb-gcc" "ASSEMBLER=mb-as" "ARCHIVER=mb-ar" "COMPIL
TRACE::2025-12-24.06:18:15::SCWBDomain::ER_FLAGS=  -O2 -c -mcpu=v9.2 -mlittle-endian -mxl-barrel-shift -mxl-pattern-compare -mxl-soft-mul" "EXTRA_COMPILER_FLAGS=-g -ff
TRACE::2025-12-24.06:18:15::SCWBDomain::unction-sections -fdata-sections -Wall -Wextra -fno-tree-loop-distribute-patterns  -Os -flto -ffat-lto-objects"

TRACE::2025-12-24.06:18:15::SCWBDomain::Running Make libs in psu_pmu_0/libsrc/usbpsu_v1_16/src

TRACE::2025-12-24.06:18:15::SCWBDomain::make -C psu_pmu_0/libsrc/usbpsu_v1_16/src -s libs  "SHELL=/bin/sh" "COMPILER=mb-gcc" "ASSEMBLER=mb-as" "ARCHIVER=mb-ar" "COMPIL
TRACE::2025-12-24.06:18:15::SCWBDomain::ER_FLAGS=  -O2 -c -mcpu=v9.2 -mlittle-endian -mxl-barrel-shift -mxl-pattern-compare -mxl-soft-mul" "EXTRA_COMPILER_FLAGS=-g -ff
TRACE::2025-12-24.06:18:15::SCWBDomain::unction-sections -fdata-sections -Wall -Wextra -fno-tree-loop-distribute-patterns  -Os -flto -ffat-lto-objects"

TRACE::2025-12-24.06:18:15::SCWBDomain::Running Make libs in psu_pmu_0/libsrc/video_common_v4_16/src

TRACE::2025-12-24.06:18:15::SCWBDomain::make -C psu_pmu_0/libsrc/video_common_v4_16/src -s libs  "SHELL=/bin/sh" "COMPILER=mb-gcc" "ASSEMBLER=mb-as" "ARCHIVER=mb-ar" "
TRACE::2025-12-24.06:18:15::SCWBDomain::COMPILER_FLAGS=  -O2 -c -mcpu=v9.2 -mlittle-endian -mxl-barrel-shift -mxl-pattern-compare -mxl-soft-mul" "EXTRA_COMPILER_FLAGS=
TRACE::2025-12-24.06:18:15::SCWBDomain::-g -ffunction-sections -fdata-sections -Wall -Wextra -fno-tree-loop-distribute-patterns  -Os -flto -ffat-lto-objects"

TRACE::2025-12-24.06:18:15::SCWBDomain::Running Make libs in psu_pmu_0/libsrc/xilfpga_v6_7/src

TRACE::2025-12-24.06:18:15::SCWBDomain::make -C psu_pmu_0/libsrc/xilfpga_v6_7/src -s libs  "SHELL=/bin/sh" "COMPILER=mb-gcc" "ASSEMBLER=mb-as" "ARCHIVER=mb-ar" "COMPIL
TRACE::2025-12-24.06:18:15::SCWBDomain::ER_FLAGS=  -O2 -c -mcpu=v9.2 -mlittle-endian -mxl-barrel-shift -mxl-pattern-compare -mxl-soft-mul" "EXTRA_COMPILER_FLAGS=-g -ff
TRACE::2025-12-24.06:18:15::SCWBDomain::unction-sections -fdata-sections -Wall -Wextra -fno-tree-loop-distribute-patterns  -Os -flto -ffat-lto-objects"

TRACE::2025-12-24.06:18:15::SCWBDomain::Running Make libs in psu_pmu_0/libsrc/zdma_v1_19/src

TRACE::2025-12-24.06:18:15::SCWBDomain::make -C psu_pmu_0/libsrc/zdma_v1_19/src -s libs  "SHELL=/bin/sh" "COMPILER=mb-gcc" "ASSEMBLER=mb-as" "ARCHIVER=mb-ar" "COMPILER
TRACE::2025-12-24.06:18:15::SCWBDomain::_FLAGS=  -O2 -c -mcpu=v9.2 -mlittle-endian -mxl-barrel-shift -mxl-pattern-compare -mxl-soft-mul" "EXTRA_COMPILER_FLAGS=-g -ffun
TRACE::2025-12-24.06:18:15::SCWBDomain::ction-sections -fdata-sections -Wall -Wextra -fno-tree-loop-distribute-patterns  -Os -flto -ffat-lto-objects"

TRACE::2025-12-24.06:18:16::SCWBDomain::DEBUG NON_LTO_OBJECTS is ../../../lib/microblaze_interrupt_handler.o

TRACE::2025-12-24.06:18:16::SCWBDomain::Finished building libraries parallelly.

TRACE::2025-12-24.06:18:16::SCWBDomain::make --no-print-directory archive

TRACE::2025-12-24.06:18:16::SCWBDomain::mb-ar -r  psu_pmu_0/lib/libxil.a psu_pmu_0/lib/_exit.o psu_pmu_0/lib/errno.o psu_pmu_0/lib/fcntl.o psu_pmu_0/lib/hw_exception_h
TRACE::2025-12-24.06:18:16::SCWBDomain::andler.o psu_pmu_0/lib/inbyte.o psu_pmu_0/lib/microblaze_disable_dcache.o psu_pmu_0/lib/microblaze_disable_exceptions.o psu_pmu
TRACE::2025-12-24.06:18:16::SCWBDomain::_0/lib/microblaze_disable_icache.o psu_pmu_0/lib/microblaze_disable_interrupts.o psu_pmu_0/lib/microblaze_enable_dcache.o psu_p
TRACE::2025-12-24.06:18:16::SCWBDomain::mu_0/lib/microblaze_enable_exceptions.o psu_pmu_0/lib/microblaze_enable_icache.o psu_pmu_0/lib/microblaze_enable_interrupts.o p
TRACE::2025-12-24.06:18:16::SCWBDomain::su_pmu_0/lib/microblaze_exception_handler.o psu_pmu_0/lib/microblaze_flush_cache_ext.o psu_pmu_0/lib/microblaze_flush_cache_ext
TRACE::2025-12-24.06:18:16::SCWBDomain::_range.o psu_pmu_0/lib/microblaze_flush_dcache.o psu_pmu_0/lib/microblaze_flush_dcache_range.o psu_pmu_0/lib/microblaze_init_dc
TRACE::2025-12-24.06:18:16::SCWBDomain::ache_range.o psu_pmu_0/lib/microblaze_init_icache_range.o psu_pmu_0/lib/microblaze_interrupt_handler.o psu_pmu_0/lib/microblaze
TRACE::2025-12-24.06:18:16::SCWBDomain::_interrupts_g.o psu_pmu_0/lib/microblaze_invalidate_cache_ext.o psu_pmu_0/lib/microblaze_invalidate_cache_ext_range.o psu_pmu_0
TRACE::2025-12-24.06:18:16::SCWBDomain::/lib/microblaze_invalidate_dcache.o psu_pmu_0/lib/microblaze_invalidate_dcache_range.o psu_pmu_0/lib/microblaze_invalidate_icac
TRACE::2025-12-24.06:18:16::SCWBDomain::he.o psu_pmu_0/lib/microblaze_invalidate_icache_range.o psu_pmu_0/lib/microblaze_scrub.o psu_pmu_0/lib/microblaze_selftest.o ps
TRACE::2025-12-24.06:18:16::SCWBDomain::u_pmu_0/lib/microblaze_sleep.o psu_pmu_0/lib/microblaze_update_dcache.o psu_pmu_0/lib/microblaze_update_icache.o psu_pmu_0/lib/
TRACE::2025-12-24.06:18:16::SCWBDomain::outbyte.o psu_pmu_0/lib/print.o psu_pmu_0/lib/pvr.o psu_pmu_0/lib/xaxipmon.o psu_pmu_0/lib/xaxipmon_g.o psu_pmu_0/lib/xaxipmon_
TRACE::2025-12-24.06:18:16::SCWBDomain::selftest.o psu_pmu_0/lib/xaxipmon_sinit.o psu_pmu_0/lib/xbram.o psu_pmu_0/lib/xbram_g.o psu_pmu_0/lib/xbram_intr.o psu_pmu_0/li
TRACE::2025-12-24.06:18:16::SCWBDomain::b/xbram_selftest.o psu_pmu_0/lib/xbram_sinit.o psu_pmu_0/lib/xclockps.o psu_pmu_0/lib/xclockps_divider.o psu_pmu_0/lib/xclockps
TRACE::2025-12-24.06:18:16::SCWBDomain::_fixedfactor.o psu_pmu_0/lib/xclockps_g.o psu_pmu_0/lib/xclockps_gate.o psu_pmu_0/lib/xclockps_mux.o psu_pmu_0/lib/xclockps_pll
TRACE::2025-12-24.06:18:16::SCWBDomain::.o psu_pmu_0/lib/xclockps_sinit.o psu_pmu_0/lib/xcsudma.o psu_pmu_0/lib/xcsudma_g.o psu_pmu_0/lib/xcsudma_intr.o psu_pmu_0/lib/
TRACE::2025-12-24.06:18:16::SCWBDomain::xcsudma_selftest.o psu_pmu_0/lib/xcsudma_sinit.o psu_pmu_0/lib/xdata_mover.o psu_pmu_0/lib/xdata_mover_g.o psu_pmu_0/lib/xdata_
TRACE::2025-12-24.06:18:16::SCWBDomain::mover_linux.o psu_pmu_0/lib/xdata_mover_sinit.o psu_pmu_0/lib/xddrcpsu.o psu_pmu_0/lib/xddrcpsu_sinit.o psu_pmu_0/lib/xemacps.o
TRACE::2025-12-24.06:18:16::SCWBDomain:: psu_pmu_0/lib/xemacps_bdring.o psu_pmu_0/lib/xemacps_control.o psu_pmu_0/lib/xemacps_g.o psu_pmu_0/lib/xemacps_hw.o psu_pmu_0/
TRACE::2025-12-24.06:18:16::SCWBDomain::lib/xemacps_intr.o psu_pmu_0/lib/xemacps_sinit.o psu_pmu_0/lib/xgpiops.o psu_pmu_0/lib/xgpiops_g.o psu_pmu_0/lib/xgpiops_hw.o p
TRACE::2025-12-24.06:18:16::SCWBDomain::su_pmu_0/lib/xgpiops_intr.o psu_pmu_0/lib/xgpiops_selftest.o psu_pmu_0/lib/xgpiops_sinit.o psu_pmu_0/lib/xiicps.o psu_pmu_0/lib
TRACE::2025-12-24.06:18:16::SCWBDomain::/xiicps_g.o psu_pmu_0/lib/xiicps_hw.o psu_pmu_0/lib/xiicps_intr.o psu_pmu_0/lib/xiicps_master.o psu_pmu_0/lib/xiicps_options.o 
TRACE::2025-12-24.06:18:16::SCWBDomain::psu_pmu_0/lib/xiicps_selftest.o psu_pmu_0/lib/xiicps_sinit.o psu_pmu_0/lib/xiicps_slave.o psu_pmu_0/lib/xiicps_xfer.o psu_pmu_0
TRACE::2025-12-24.06:18:16::SCWBDomain::/lib/xil_assert.o psu_pmu_0/lib/xil_cache.o psu_pmu_0/lib/xil_clocking.o psu_pmu_0/lib/xil_exception.o psu_pmu_0/lib/xil_mem.o 
TRACE::2025-12-24.06:18:16::SCWBDomain::psu_pmu_0/lib/xil_misc_psreset_api.o psu_pmu_0/lib/xil_printf.o psu_pmu_0/lib/xil_sleepcommon.o psu_pmu_0/lib/xil_sutil.o psu_p
TRACE::2025-12-24.06:18:16::SCWBDomain::mu_0/lib/xil_testcache.o psu_pmu_0/lib/xil_testio.o psu_pmu_0/lib/xil_testmem.o psu_pmu_0/lib/xil_util.o psu_pmu_0/lib/xinterru
TRACE::2025-12-24.06:18:16::SCWBDomain::pt_wrap.o psu_pmu_0/lib/xio.o psu_pmu_0/lib/xipipsu.o psu_pmu_0/lib/xipipsu_buf.o psu_pmu_0/lib/xipipsu_g.o psu_pmu_0/lib/xipip
TRACE::2025-12-24.06:18:16::SCWBDomain::su_helper.o psu_pmu_0/lib/xipipsu_sinit.o psu_pmu_0/lib/xpciepsu.o psu_pmu_0/lib/xpciepsu_caps.o psu_pmu_0/lib/xpciepsu_ep.o ps
TRACE::2025-12-24.06:18:16::SCWBDomain::u_pmu_0/lib/xpciepsu_g.o psu_pmu_0/lib/xpciepsu_sinit.o psu_pmu_0/lib/xplatform_info.o psu_pmu_0/lib/xpm_init.o psu_pmu_0/lib/x
TRACE::2025-12-24.06:18:16::SCWBDomain::qspipsu.o psu_pmu_0/lib/xqspipsu_control.o psu_pmu_0/lib/xqspipsu_g.o psu_pmu_0/lib/xqspipsu_hw.o psu_pmu_0/lib/xqspipsu_option
TRACE::2025-12-24.06:18:16::SCWBDomain::s.o psu_pmu_0/lib/xqspipsu_sinit.o psu_pmu_0/lib/xqspipsu_xfer.o psu_pmu_0/lib/xresetps.o psu_pmu_0/lib/xresetps_g.o psu_pmu_0/
TRACE::2025-12-24.06:18:16::SCWBDomain::lib/xresetps_sinit.o psu_pmu_0/lib/xrtcpsu.o psu_pmu_0/lib/xrtcpsu_g.o psu_pmu_0/lib/xrtcpsu_intr.o psu_pmu_0/lib/xrtcpsu_selft
TRACE::2025-12-24.06:18:16::SCWBDomain::est.o psu_pmu_0/lib/xrtcpsu_sinit.o psu_pmu_0/lib/xsdps.o psu_pmu_0/lib/xsdps_card.o psu_pmu_0/lib/xsdps_g.o psu_pmu_0/lib/xsdp
TRACE::2025-12-24.06:18:16::SCWBDomain::s_host.o psu_pmu_0/lib/xsdps_options.o psu_pmu_0/lib/xsdps_sinit.o psu_pmu_0/lib/xsysmonpsu.o psu_pmu_0/lib/xsysmonpsu_g.o psu_
TRACE::2025-12-24.06:18:16::SCWBDomain::pmu_0/lib/xsysmonpsu_intr.o psu_pmu_0/lib/xsysmonpsu_selftest.o psu_pmu_0/lib/xsysmonpsu_sinit.o psu_pmu_0/lib/xttcps.o psu_pmu
TRACE::2025-12-24.06:18:16::SCWBDomain::_0/lib/xttcps_g.o psu_pmu_0/lib/xttcps_options.o psu_pmu_0/lib/xttcps_selftest.o psu_pmu_0/lib/xttcps_sinit.o psu_pmu_0/lib/xua
TRACE::2025-12-24.06:18:16::SCWBDomain::rtps.o psu_pmu_0/lib/xuartps_g.o psu_pmu_0/lib/xuartps_hw.o psu_pmu_0/lib/xuartps_intr.o psu_pmu_0/lib/xuartps_options.o psu_pm
TRACE::2025-12-24.06:18:16::SCWBDomain::u_0/lib/xuartps_selftest.o psu_pmu_0/lib/xuartps_sinit.o psu_pmu_0/lib/xusbpsu.o psu_pmu_0/lib/xusbpsu_command.o psu_pmu_0/lib/
TRACE::2025-12-24.06:18:16::SCWBDomain::xusbpsu_controltransfers.o psu_pmu_0/lib/xusbpsu_device.o psu_pmu_0/lib/xusbpsu_endpoint.o psu_pmu_0/lib/xusbpsu_ep0handler.o p
TRACE::2025-12-24.06:18:16::SCWBDomain::su_pmu_0/lib/xusbpsu_ephandler.o psu_pmu_0/lib/xusbpsu_event.o psu_pmu_0/lib/xusbpsu_g.o psu_pmu_0/lib/xusbpsu_hibernation.o ps
TRACE::2025-12-24.06:18:16::SCWBDomain::u_pmu_0/lib/xusbpsu_intr.o psu_pmu_0/lib/xusbpsu_sinit.o psu_pmu_0/lib/xvidc.o psu_pmu_0/lib/xvidc_edid.o psu_pmu_0/lib/xvidc_e
TRACE::2025-12-24.06:18:16::SCWBDomain::did_ext.o psu_pmu_0/lib/xvidc_parse_edid.o psu_pmu_0/lib/xvidc_timings_table.o psu_pmu_0/lib/xzdma.o psu_pmu_0/lib/xzdma_g.o ps
TRACE::2025-12-24.06:18:16::SCWBDomain::u_pmu_0/lib/xzdma_intr.o psu_pmu_0/lib/xzdma_selftest.o psu_pmu_0/lib/xzdma_sinit.o

TRACE::2025-12-24.06:18:16::SCWBDomain::Finished building libraries

TRACE::2025-12-24.06:18:16::SCWBDomain::make: Leaving directory '/home/zhou/Desktop/validation_1/vitis/full_system_v0/zynqmp_pmufw/zynqmp_pmufw_bsp'

TRACE::2025-12-24.06:18:16::SCWBDomain::mb-gcc  -mlittle-endian -mxl-barrel-shift -mxl-pattern-compare -mxl-soft-mul -mcpu=v9.2 -MMD -MP      -mlittle-endian -mxl-barr
TRACE::2025-12-24.06:18:16::SCWBDomain::el-shift -mxl-pattern-compare -mcpu=v9.2 -mxl-soft-mul -Os -flto -ffat-lto-objects   -c idle_hooks.c -o idle_hooks.o -Izynqmp_p
TRACE::2025-12-24.06:18:16::SCWBDomain::mufw_bsp/psu_pmu_0/include -I.

TRACE::2025-12-24.06:18:16::SCWBDomain::mb-gcc  -mlittle-endian -mxl-barrel-shift -mxl-pattern-compare -mxl-soft-mul -mcpu=v9.2 -MMD -MP      -mlittle-endian -mxl-barr
TRACE::2025-12-24.06:18:16::SCWBDomain::el-shift -mxl-pattern-compare -mcpu=v9.2 -mxl-soft-mul -Os -flto -ffat-lto-objects   -c pm_binding.c -o pm_binding.o -Izynqmp_p
TRACE::2025-12-24.06:18:16::SCWBDomain::mufw_bsp/psu_pmu_0/include -I.

TRACE::2025-12-24.06:18:16::SCWBDomain::mb-gcc  -mlittle-endian -mxl-barrel-shift -mxl-pattern-compare -mxl-soft-mul -mcpu=v9.2 -MMD -MP      -mlittle-endian -mxl-barr
TRACE::2025-12-24.06:18:16::SCWBDomain::el-shift -mxl-pattern-compare -mcpu=v9.2 -mxl-soft-mul -Os -flto -ffat-lto-objects   -c pm_callbacks.c -o pm_callbacks.o -Izynq
TRACE::2025-12-24.06:18:16::SCWBDomain::mp_pmufw_bsp/psu_pmu_0/include -I.

TRACE::2025-12-24.06:18:16::SCWBDomain::mb-gcc  -mlittle-endian -mxl-barrel-shift -mxl-pattern-compare -mxl-soft-mul -mcpu=v9.2 -MMD -MP      -mlittle-endian -mxl-barr
TRACE::2025-12-24.06:18:16::SCWBDomain::el-shift -mxl-pattern-compare -mcpu=v9.2 -mxl-soft-mul -Os -flto -ffat-lto-objects   -c pm_clock.c -o pm_clock.o -Izynqmp_pmufw
TRACE::2025-12-24.06:18:16::SCWBDomain::_bsp/psu_pmu_0/include -I.

TRACE::2025-12-24.06:18:16::SCWBDomain::mb-gcc  -mlittle-endian -mxl-barrel-shift -mxl-pattern-compare -mxl-soft-mul -mcpu=v9.2 -MMD -MP      -mlittle-endian -mxl-barr
TRACE::2025-12-24.06:18:16::SCWBDomain::el-shift -mxl-pattern-compare -mcpu=v9.2 -mxl-soft-mul -Os -flto -ffat-lto-objects   -c pm_config.c -o pm_config.o -Izynqmp_pmu
TRACE::2025-12-24.06:18:16::SCWBDomain::fw_bsp/psu_pmu_0/include -I.

TRACE::2025-12-24.06:18:16::SCWBDomain::mb-gcc  -mlittle-endian -mxl-barrel-shift -mxl-pattern-compare -mxl-soft-mul -mcpu=v9.2 -MMD -MP      -mlittle-endian -mxl-barr
TRACE::2025-12-24.06:18:16::SCWBDomain::el-shift -mxl-pattern-compare -mcpu=v9.2 -mxl-soft-mul -Os -flto -ffat-lto-objects   -c pm_core.c -o pm_core.o -Izynqmp_pmufw_b
TRACE::2025-12-24.06:18:16::SCWBDomain::sp/psu_pmu_0/include -I.

TRACE::2025-12-24.06:18:16::SCWBDomain::mb-gcc  -mlittle-endian -mxl-barrel-shift -mxl-pattern-compare -mxl-soft-mul -mcpu=v9.2 -MMD -MP      -mlittle-endian -mxl-barr
TRACE::2025-12-24.06:18:16::SCWBDomain::el-shift -mxl-pattern-compare -mcpu=v9.2 -mxl-soft-mul -Os -flto -ffat-lto-objects   -c pm_csudma.c -o pm_csudma.o -Izynqmp_pmu
TRACE::2025-12-24.06:18:16::SCWBDomain::fw_bsp/psu_pmu_0/include -I.

TRACE::2025-12-24.06:18:16::SCWBDomain::mb-gcc  -mlittle-endian -mxl-barrel-shift -mxl-pattern-compare -mxl-soft-mul -mcpu=v9.2 -MMD -MP      -mlittle-endian -mxl-barr
TRACE::2025-12-24.06:18:16::SCWBDomain::el-shift -mxl-pattern-compare -mcpu=v9.2 -mxl-soft-mul -Os -flto -ffat-lto-objects   -c pm_ddr.c -o pm_ddr.o -Izynqmp_pmufw_bsp
TRACE::2025-12-24.06:18:16::SCWBDomain::/psu_pmu_0/include -I.

TRACE::2025-12-24.06:18:16::SCWBDomain::mb-gcc  -mlittle-endian -mxl-barrel-shift -mxl-pattern-compare -mxl-soft-mul -mcpu=v9.2 -MMD -MP      -mlittle-endian -mxl-barr
TRACE::2025-12-24.06:18:16::SCWBDomain::el-shift -mxl-pattern-compare -mcpu=v9.2 -mxl-soft-mul -Os -flto -ffat-lto-objects   -c pm_extern.c -o pm_extern.o -Izynqmp_pmu
TRACE::2025-12-24.06:18:16::SCWBDomain::fw_bsp/psu_pmu_0/include -I.

TRACE::2025-12-24.06:18:17::SCWBDomain::mb-gcc  -mlittle-endian -mxl-barrel-shift -mxl-pattern-compare -mxl-soft-mul -mcpu=v9.2 -MMD -MP      -mlittle-endian -mxl-barr
TRACE::2025-12-24.06:18:17::SCWBDomain::el-shift -mxl-pattern-compare -mcpu=v9.2 -mxl-soft-mul -Os -flto -ffat-lto-objects   -c pm_gic_proxy.c -o pm_gic_proxy.o -Izynq
TRACE::2025-12-24.06:18:17::SCWBDomain::mp_pmufw_bsp/psu_pmu_0/include -I.

TRACE::2025-12-24.06:18:17::SCWBDomain::mb-gcc  -mlittle-endian -mxl-barrel-shift -mxl-pattern-compare -mxl-soft-mul -mcpu=v9.2 -MMD -MP      -mlittle-endian -mxl-barr
TRACE::2025-12-24.06:18:17::SCWBDomain::el-shift -mxl-pattern-compare -mcpu=v9.2 -mxl-soft-mul -Os -flto -ffat-lto-objects   -c pm_gpp.c -o pm_gpp.o -Izynqmp_pmufw_bsp
TRACE::2025-12-24.06:18:17::SCWBDomain::/psu_pmu_0/include -I.

TRACE::2025-12-24.06:18:17::SCWBDomain::mb-gcc  -mlittle-endian -mxl-barrel-shift -mxl-pattern-compare -mxl-soft-mul -mcpu=v9.2 -MMD -MP      -mlittle-endian -mxl-barr
TRACE::2025-12-24.06:18:17::SCWBDomain::el-shift -mxl-pattern-compare -mcpu=v9.2 -mxl-soft-mul -Os -flto -ffat-lto-objects   -c pm_hooks.c -o pm_hooks.o -Izynqmp_pmufw
TRACE::2025-12-24.06:18:17::SCWBDomain::_bsp/psu_pmu_0/include -I.

TRACE::2025-12-24.06:18:17::SCWBDomain::mb-gcc  -mlittle-endian -mxl-barrel-shift -mxl-pattern-compare -mxl-soft-mul -mcpu=v9.2 -MMD -MP      -mlittle-endian -mxl-barr
TRACE::2025-12-24.06:18:17::SCWBDomain::el-shift -mxl-pattern-compare -mcpu=v9.2 -mxl-soft-mul -Os -flto -ffat-lto-objects   -c pm_ioctl.c -o pm_ioctl.o -Izynqmp_pmufw
TRACE::2025-12-24.06:18:17::SCWBDomain::_bsp/psu_pmu_0/include -I.

TRACE::2025-12-24.06:18:17::SCWBDomain::mb-gcc  -mlittle-endian -mxl-barrel-shift -mxl-pattern-compare -mxl-soft-mul -mcpu=v9.2 -MMD -MP      -mlittle-endian -mxl-barr
TRACE::2025-12-24.06:18:17::SCWBDomain::el-shift -mxl-pattern-compare -mcpu=v9.2 -mxl-soft-mul -Os -flto -ffat-lto-objects   -c pm_master.c -o pm_master.o -Izynqmp_pmu
TRACE::2025-12-24.06:18:17::SCWBDomain::fw_bsp/psu_pmu_0/include -I.

TRACE::2025-12-24.06:18:17::SCWBDomain::mb-gcc  -mlittle-endian -mxl-barrel-shift -mxl-pattern-compare -mxl-soft-mul -mcpu=v9.2 -MMD -MP      -mlittle-endian -mxl-barr
TRACE::2025-12-24.06:18:17::SCWBDomain::el-shift -mxl-pattern-compare -mcpu=v9.2 -mxl-soft-mul -Os -flto -ffat-lto-objects   -c pm_mmio_access.c -o pm_mmio_access.o -I
TRACE::2025-12-24.06:18:17::SCWBDomain::zynqmp_pmufw_bsp/psu_pmu_0/include -I.

TRACE::2025-12-24.06:18:17::SCWBDomain::mb-gcc  -mlittle-endian -mxl-barrel-shift -mxl-pattern-compare -mxl-soft-mul -mcpu=v9.2 -MMD -MP      -mlittle-endian -mxl-barr
TRACE::2025-12-24.06:18:17::SCWBDomain::el-shift -mxl-pattern-compare -mcpu=v9.2 -mxl-soft-mul -Os -flto -ffat-lto-objects   -c pm_node.c -o pm_node.o -Izynqmp_pmufw_b
TRACE::2025-12-24.06:18:17::SCWBDomain::sp/psu_pmu_0/include -I.

TRACE::2025-12-24.06:18:17::SCWBDomain::mb-gcc  -mlittle-endian -mxl-barrel-shift -mxl-pattern-compare -mxl-soft-mul -mcpu=v9.2 -MMD -MP      -mlittle-endian -mxl-barr
TRACE::2025-12-24.06:18:17::SCWBDomain::el-shift -mxl-pattern-compare -mcpu=v9.2 -mxl-soft-mul -Os -flto -ffat-lto-objects   -c pm_node_reset.c -o pm_node_reset.o -Izy
TRACE::2025-12-24.06:18:17::SCWBDomain::nqmp_pmufw_bsp/psu_pmu_0/include -I.

TRACE::2025-12-24.06:18:17::SCWBDomain::mb-gcc  -mlittle-endian -mxl-barrel-shift -mxl-pattern-compare -mxl-soft-mul -mcpu=v9.2 -MMD -MP      -mlittle-endian -mxl-barr
TRACE::2025-12-24.06:18:17::SCWBDomain::el-shift -mxl-pattern-compare -mcpu=v9.2 -mxl-soft-mul -Os -flto -ffat-lto-objects   -c pm_notifier.c -o pm_notifier.o -Izynqmp
TRACE::2025-12-24.06:18:17::SCWBDomain::_pmufw_bsp/psu_pmu_0/include -I.

TRACE::2025-12-24.06:18:17::SCWBDomain::mb-gcc  -mlittle-endian -mxl-barrel-shift -mxl-pattern-compare -mxl-soft-mul -mcpu=v9.2 -MMD -MP      -mlittle-endian -mxl-barr
TRACE::2025-12-24.06:18:17::SCWBDomain::el-shift -mxl-pattern-compare -mcpu=v9.2 -mxl-soft-mul -Os -flto -ffat-lto-objects   -c pm_periph.c -o pm_periph.o -Izynqmp_pmu
TRACE::2025-12-24.06:18:17::SCWBDomain::fw_bsp/psu_pmu_0/include -I.

TRACE::2025-12-24.06:18:17::SCWBDomain::mb-gcc  -mlittle-endian -mxl-barrel-shift -mxl-pattern-compare -mxl-soft-mul -mcpu=v9.2 -MMD -MP      -mlittle-endian -mxl-barr
TRACE::2025-12-24.06:18:17::SCWBDomain::el-shift -mxl-pattern-compare -mcpu=v9.2 -mxl-soft-mul -Os -flto -ffat-lto-objects   -c pm_pinctrl.c -o pm_pinctrl.o -Izynqmp_p
TRACE::2025-12-24.06:18:17::SCWBDomain::mufw_bsp/psu_pmu_0/include -I.

TRACE::2025-12-24.06:18:17::SCWBDomain::mb-gcc  -mlittle-endian -mxl-barrel-shift -mxl-pattern-compare -mxl-soft-mul -mcpu=v9.2 -MMD -MP      -mlittle-endian -mxl-barr
TRACE::2025-12-24.06:18:17::SCWBDomain::el-shift -mxl-pattern-compare -mcpu=v9.2 -mxl-soft-mul -Os -flto -ffat-lto-objects   -c pm_pll.c -o pm_pll.o -Izynqmp_pmufw_bsp
TRACE::2025-12-24.06:18:17::SCWBDomain::/psu_pmu_0/include -I.

TRACE::2025-12-24.06:18:17::SCWBDomain::mb-gcc  -mlittle-endian -mxl-barrel-shift -mxl-pattern-compare -mxl-soft-mul -mcpu=v9.2 -MMD -MP      -mlittle-endian -mxl-barr
TRACE::2025-12-24.06:18:17::SCWBDomain::el-shift -mxl-pattern-compare -mcpu=v9.2 -mxl-soft-mul -Os -flto -ffat-lto-objects   -c pm_power.c -o pm_power.o -Izynqmp_pmufw
TRACE::2025-12-24.06:18:17::SCWBDomain::_bsp/psu_pmu_0/include -I.

TRACE::2025-12-24.06:18:17::SCWBDomain::mb-gcc  -mlittle-endian -mxl-barrel-shift -mxl-pattern-compare -mxl-soft-mul -mcpu=v9.2 -MMD -MP      -mlittle-endian -mxl-barr
TRACE::2025-12-24.06:18:17::SCWBDomain::el-shift -mxl-pattern-compare -mcpu=v9.2 -mxl-soft-mul -Os -flto -ffat-lto-objects   -c pm_proc.c -o pm_proc.o -Izynqmp_pmufw_b
TRACE::2025-12-24.06:18:17::SCWBDomain::sp/psu_pmu_0/include -I.

TRACE::2025-12-24.06:18:17::SCWBDomain::mb-gcc  -mlittle-endian -mxl-barrel-shift -mxl-pattern-compare -mxl-soft-mul -mcpu=v9.2 -MMD -MP      -mlittle-endian -mxl-barr
TRACE::2025-12-24.06:18:17::SCWBDomain::el-shift -mxl-pattern-compare -mcpu=v9.2 -mxl-soft-mul -Os -flto -ffat-lto-objects   -c pm_qspi.c -o pm_qspi.o -Izynqmp_pmufw_b
TRACE::2025-12-24.06:18:17::SCWBDomain::sp/psu_pmu_0/include -I.

TRACE::2025-12-24.06:18:17::SCWBDomain::mb-gcc  -mlittle-endian -mxl-barrel-shift -mxl-pattern-compare -mxl-soft-mul -mcpu=v9.2 -MMD -MP      -mlittle-endian -mxl-barr
TRACE::2025-12-24.06:18:17::SCWBDomain::el-shift -mxl-pattern-compare -mcpu=v9.2 -mxl-soft-mul -Os -flto -ffat-lto-objects   -c pm_requirement.c -o pm_requirement.o -I
TRACE::2025-12-24.06:18:17::SCWBDomain::zynqmp_pmufw_bsp/psu_pmu_0/include -I.

TRACE::2025-12-24.06:18:18::SCWBDomain::mb-gcc  -mlittle-endian -mxl-barrel-shift -mxl-pattern-compare -mxl-soft-mul -mcpu=v9.2 -MMD -MP      -mlittle-endian -mxl-barr
TRACE::2025-12-24.06:18:18::SCWBDomain::el-shift -mxl-pattern-compare -mcpu=v9.2 -mxl-soft-mul -Os -flto -ffat-lto-objects   -c pm_reset.c -o pm_reset.o -Izynqmp_pmufw
TRACE::2025-12-24.06:18:18::SCWBDomain::_bsp/psu_pmu_0/include -I.

TRACE::2025-12-24.06:18:18::SCWBDomain::mb-gcc  -mlittle-endian -mxl-barrel-shift -mxl-pattern-compare -mxl-soft-mul -mcpu=v9.2 -MMD -MP      -mlittle-endian -mxl-barr
TRACE::2025-12-24.06:18:18::SCWBDomain::el-shift -mxl-pattern-compare -mcpu=v9.2 -mxl-soft-mul -Os -flto -ffat-lto-objects   -c pm_slave.c -o pm_slave.o -Izynqmp_pmufw
TRACE::2025-12-24.06:18:18::SCWBDomain::_bsp/psu_pmu_0/include -I.

TRACE::2025-12-24.06:18:18::SCWBDomain::mb-gcc  -mlittle-endian -mxl-barrel-shift -mxl-pattern-compare -mxl-soft-mul -mcpu=v9.2 -MMD -MP      -mlittle-endian -mxl-barr
TRACE::2025-12-24.06:18:18::SCWBDomain::el-shift -mxl-pattern-compare -mcpu=v9.2 -mxl-soft-mul -Os -flto -ffat-lto-objects   -c pm_sram.c -o pm_sram.o -Izynqmp_pmufw_b
TRACE::2025-12-24.06:18:18::SCWBDomain::sp/psu_pmu_0/include -I.

TRACE::2025-12-24.06:18:18::SCWBDomain::mb-gcc  -mlittle-endian -mxl-barrel-shift -mxl-pattern-compare -mxl-soft-mul -mcpu=v9.2 -MMD -MP      -mlittle-endian -mxl-barr
TRACE::2025-12-24.06:18:18::SCWBDomain::el-shift -mxl-pattern-compare -mcpu=v9.2 -mxl-soft-mul -Os -flto -ffat-lto-objects   -c pm_system.c -o pm_system.o -Izynqmp_pmu
TRACE::2025-12-24.06:18:18::SCWBDomain::fw_bsp/psu_pmu_0/include -I.

TRACE::2025-12-24.06:18:18::SCWBDomain::mb-gcc  -mlittle-endian -mxl-barrel-shift -mxl-pattern-compare -mxl-soft-mul -mcpu=v9.2 -MMD -MP      -mlittle-endian -mxl-barr
TRACE::2025-12-24.06:18:18::SCWBDomain::el-shift -mxl-pattern-compare -mcpu=v9.2 -mxl-soft-mul -Os -flto -ffat-lto-objects   -c pm_usb.c -o pm_usb.o -Izynqmp_pmufw_bsp
TRACE::2025-12-24.06:18:18::SCWBDomain::/psu_pmu_0/include -I.

TRACE::2025-12-24.06:18:18::SCWBDomain::mb-gcc  -mlittle-endian -mxl-barrel-shift -mxl-pattern-compare -mxl-soft-mul -mcpu=v9.2 -MMD -MP      -mlittle-endian -mxl-barr
TRACE::2025-12-24.06:18:18::SCWBDomain::el-shift -mxl-pattern-compare -mcpu=v9.2 -mxl-soft-mul -Os -flto -ffat-lto-objects   -c xpfw_aib.c -o xpfw_aib.o -Izynqmp_pmufw
TRACE::2025-12-24.06:18:18::SCWBDomain::_bsp/psu_pmu_0/include -I.

TRACE::2025-12-24.06:18:18::SCWBDomain::mb-gcc  -mlittle-endian -mxl-barrel-shift -mxl-pattern-compare -mxl-soft-mul -mcpu=v9.2 -MMD -MP      -mlittle-endian -mxl-barr
TRACE::2025-12-24.06:18:18::SCWBDomain::el-shift -mxl-pattern-compare -mcpu=v9.2 -mxl-soft-mul -Os -flto -ffat-lto-objects   -c xpfw_core.c -o xpfw_core.o -Izynqmp_pmu
TRACE::2025-12-24.06:18:18::SCWBDomain::fw_bsp/psu_pmu_0/include -I.

TRACE::2025-12-24.06:18:18::SCWBDomain::mb-gcc  -mlittle-endian -mxl-barrel-shift -mxl-pattern-compare -mxl-soft-mul -mcpu=v9.2 -MMD -MP      -mlittle-endian -mxl-barr
TRACE::2025-12-24.06:18:18::SCWBDomain::el-shift -mxl-pattern-compare -mcpu=v9.2 -mxl-soft-mul -Os -flto -ffat-lto-objects   -c xpfw_error_manager.c -o xpfw_error_mana
TRACE::2025-12-24.06:18:18::SCWBDomain::ger.o -Izynqmp_pmufw_bsp/psu_pmu_0/include -I.

TRACE::2025-12-24.06:18:18::SCWBDomain::mb-gcc  -mlittle-endian -mxl-barrel-shift -mxl-pattern-compare -mxl-soft-mul -mcpu=v9.2 -MMD -MP      -mlittle-endian -mxl-barr
TRACE::2025-12-24.06:18:18::SCWBDomain::el-shift -mxl-pattern-compare -mcpu=v9.2 -mxl-soft-mul -Os -flto -ffat-lto-objects   -c xpfw_events.c -o xpfw_events.o -Izynqmp
TRACE::2025-12-24.06:18:18::SCWBDomain::_pmufw_bsp/psu_pmu_0/include -I.

TRACE::2025-12-24.06:18:18::SCWBDomain::mb-gcc  -mlittle-endian -mxl-barrel-shift -mxl-pattern-compare -mxl-soft-mul -mcpu=v9.2 -MMD -MP      -mlittle-endian -mxl-barr
TRACE::2025-12-24.06:18:18::SCWBDomain::el-shift -mxl-pattern-compare -mcpu=v9.2 -mxl-soft-mul -Os -flto -ffat-lto-objects   -c xpfw_interrupts.c -o xpfw_interrupts.o 
TRACE::2025-12-24.06:18:18::SCWBDomain::-Izynqmp_pmufw_bsp/psu_pmu_0/include -I.

TRACE::2025-12-24.06:18:18::SCWBDomain::mb-gcc  -mlittle-endian -mxl-barrel-shift -mxl-pattern-compare -mxl-soft-mul -mcpu=v9.2 -MMD -MP      -mlittle-endian -mxl-barr
TRACE::2025-12-24.06:18:18::SCWBDomain::el-shift -mxl-pattern-compare -mcpu=v9.2 -mxl-soft-mul -Os -flto -ffat-lto-objects   -c xpfw_ipi_manager.c -o xpfw_ipi_manager.
TRACE::2025-12-24.06:18:18::SCWBDomain::o -Izynqmp_pmufw_bsp/psu_pmu_0/include -I.

TRACE::2025-12-24.06:18:18::SCWBDomain::mb-gcc  -mlittle-endian -mxl-barrel-shift -mxl-pattern-compare -mxl-soft-mul -mcpu=v9.2 -MMD -MP      -mlittle-endian -mxl-barr
TRACE::2025-12-24.06:18:18::SCWBDomain::el-shift -mxl-pattern-compare -mcpu=v9.2 -mxl-soft-mul -Os -flto -ffat-lto-objects   -c xpfw_main.c -o xpfw_main.o -Izynqmp_pmu
TRACE::2025-12-24.06:18:18::SCWBDomain::fw_bsp/psu_pmu_0/include -I.

TRACE::2025-12-24.06:18:18::SCWBDomain::mb-gcc  -mlittle-endian -mxl-barrel-shift -mxl-pattern-compare -mxl-soft-mul -mcpu=v9.2 -MMD -MP      -mlittle-endian -mxl-barr
TRACE::2025-12-24.06:18:18::SCWBDomain::el-shift -mxl-pattern-compare -mcpu=v9.2 -mxl-soft-mul -Os -flto -ffat-lto-objects   -c xpfw_mod_common.c -o xpfw_mod_common.o 
TRACE::2025-12-24.06:18:18::SCWBDomain::-Izynqmp_pmufw_bsp/psu_pmu_0/include -I.

TRACE::2025-12-24.06:18:18::SCWBDomain::mb-gcc  -mlittle-endian -mxl-barrel-shift -mxl-pattern-compare -mxl-soft-mul -mcpu=v9.2 -MMD -MP      -mlittle-endian -mxl-barr
TRACE::2025-12-24.06:18:18::SCWBDomain::el-shift -mxl-pattern-compare -mcpu=v9.2 -mxl-soft-mul -Os -flto -ffat-lto-objects   -c xpfw_mod_dap.c -o xpfw_mod_dap.o -Izynq
TRACE::2025-12-24.06:18:18::SCWBDomain::mp_pmufw_bsp/psu_pmu_0/include -I.

TRACE::2025-12-24.06:18:18::SCWBDomain::mb-gcc  -mlittle-endian -mxl-barrel-shift -mxl-pattern-compare -mxl-soft-mul -mcpu=v9.2 -MMD -MP      -mlittle-endian -mxl-barr
TRACE::2025-12-24.06:18:18::SCWBDomain::el-shift -mxl-pattern-compare -mcpu=v9.2 -mxl-soft-mul -Os -flto -ffat-lto-objects   -c xpfw_mod_em.c -o xpfw_mod_em.o -Izynqmp
TRACE::2025-12-24.06:18:18::SCWBDomain::_pmufw_bsp/psu_pmu_0/include -I.

TRACE::2025-12-24.06:18:18::SCWBDomain::mb-gcc  -mlittle-endian -mxl-barrel-shift -mxl-pattern-compare -mxl-soft-mul -mcpu=v9.2 -MMD -MP      -mlittle-endian -mxl-barr
TRACE::2025-12-24.06:18:18::SCWBDomain::el-shift -mxl-pattern-compare -mcpu=v9.2 -mxl-soft-mul -Os -flto -ffat-lto-objects   -c xpfw_mod_extwdt.c -o xpfw_mod_extwdt.o 
TRACE::2025-12-24.06:18:18::SCWBDomain::-Izynqmp_pmufw_bsp/psu_pmu_0/include -I.

TRACE::2025-12-24.06:18:18::SCWBDomain::mb-gcc  -mlittle-endian -mxl-barrel-shift -mxl-pattern-compare -mxl-soft-mul -mcpu=v9.2 -MMD -MP      -mlittle-endian -mxl-barr
TRACE::2025-12-24.06:18:18::SCWBDomain::el-shift -mxl-pattern-compare -mcpu=v9.2 -mxl-soft-mul -Os -flto -ffat-lto-objects   -c xpfw_mod_legacy.c -o xpfw_mod_legacy.o 
TRACE::2025-12-24.06:18:18::SCWBDomain::-Izynqmp_pmufw_bsp/psu_pmu_0/include -I.

TRACE::2025-12-24.06:18:18::SCWBDomain::mb-gcc  -mlittle-endian -mxl-barrel-shift -mxl-pattern-compare -mxl-soft-mul -mcpu=v9.2 -MMD -MP      -mlittle-endian -mxl-barr
TRACE::2025-12-24.06:18:18::SCWBDomain::el-shift -mxl-pattern-compare -mcpu=v9.2 -mxl-soft-mul -Os -flto -ffat-lto-objects   -c xpfw_mod_overtemp.c -o xpfw_mod_overtem
TRACE::2025-12-24.06:18:18::SCWBDomain::p.o -Izynqmp_pmufw_bsp/psu_pmu_0/include -I.

TRACE::2025-12-24.06:18:18::SCWBDomain::mb-gcc  -mlittle-endian -mxl-barrel-shift -mxl-pattern-compare -mxl-soft-mul -mcpu=v9.2 -MMD -MP      -mlittle-endian -mxl-barr
TRACE::2025-12-24.06:18:18::SCWBDomain::el-shift -mxl-pattern-compare -mcpu=v9.2 -mxl-soft-mul -Os -flto -ffat-lto-objects   -c xpfw_mod_pm.c -o xpfw_mod_pm.o -Izynqmp
TRACE::2025-12-24.06:18:18::SCWBDomain::_pmufw_bsp/psu_pmu_0/include -I.

TRACE::2025-12-24.06:18:18::SCWBDomain::mb-gcc  -mlittle-endian -mxl-barrel-shift -mxl-pattern-compare -mxl-soft-mul -mcpu=v9.2 -MMD -MP      -mlittle-endian -mxl-barr
TRACE::2025-12-24.06:18:18::SCWBDomain::el-shift -mxl-pattern-compare -mcpu=v9.2 -mxl-soft-mul -Os -flto -ffat-lto-objects   -c xpfw_mod_rpu.c -o xpfw_mod_rpu.o -Izynq
TRACE::2025-12-24.06:18:18::SCWBDomain::mp_pmufw_bsp/psu_pmu_0/include -I.

TRACE::2025-12-24.06:18:19::SCWBDomain::mb-gcc  -mlittle-endian -mxl-barrel-shift -mxl-pattern-compare -mxl-soft-mul -mcpu=v9.2 -MMD -MP      -mlittle-endian -mxl-barr
TRACE::2025-12-24.06:18:19::SCWBDomain::el-shift -mxl-pattern-compare -mcpu=v9.2 -mxl-soft-mul -Os -flto -ffat-lto-objects   -c xpfw_mod_rtc.c -o xpfw_mod_rtc.o -Izynq
TRACE::2025-12-24.06:18:19::SCWBDomain::mp_pmufw_bsp/psu_pmu_0/include -I.

TRACE::2025-12-24.06:18:19::SCWBDomain::mb-gcc  -mlittle-endian -mxl-barrel-shift -mxl-pattern-compare -mxl-soft-mul -mcpu=v9.2 -MMD -MP      -mlittle-endian -mxl-barr
TRACE::2025-12-24.06:18:19::SCWBDomain::el-shift -mxl-pattern-compare -mcpu=v9.2 -mxl-soft-mul -Os -flto -ffat-lto-objects   -c xpfw_mod_sched.c -o xpfw_mod_sched.o -I
TRACE::2025-12-24.06:18:19::SCWBDomain::zynqmp_pmufw_bsp/psu_pmu_0/include -I.

TRACE::2025-12-24.06:18:19::SCWBDomain::mb-gcc  -mlittle-endian -mxl-barrel-shift -mxl-pattern-compare -mxl-soft-mul -mcpu=v9.2 -MMD -MP      -mlittle-endian -mxl-barr
TRACE::2025-12-24.06:18:19::SCWBDomain::el-shift -mxl-pattern-compare -mcpu=v9.2 -mxl-soft-mul -Os -flto -ffat-lto-objects   -c xpfw_mod_stl.c -o xpfw_mod_stl.o -Izynq
TRACE::2025-12-24.06:18:19::SCWBDomain::mp_pmufw_bsp/psu_pmu_0/include -I.

TRACE::2025-12-24.06:18:19::SCWBDomain::mb-gcc  -mlittle-endian -mxl-barrel-shift -mxl-pattern-compare -mxl-soft-mul -mcpu=v9.2 -MMD -MP      -mlittle-endian -mxl-barr
TRACE::2025-12-24.06:18:19::SCWBDomain::el-shift -mxl-pattern-compare -mcpu=v9.2 -mxl-soft-mul -Os -flto -ffat-lto-objects   -c xpfw_module.c -o xpfw_module.o -Izynqmp
TRACE::2025-12-24.06:18:19::SCWBDomain::_pmufw_bsp/psu_pmu_0/include -I.

TRACE::2025-12-24.06:18:19::SCWBDomain::mb-gcc  -mlittle-endian -mxl-barrel-shift -mxl-pattern-compare -mxl-soft-mul -mcpu=v9.2 -MMD -MP      -mlittle-endian -mxl-barr
TRACE::2025-12-24.06:18:19::SCWBDomain::el-shift -mxl-pattern-compare -mcpu=v9.2 -mxl-soft-mul -Os -flto -ffat-lto-objects   -c xpfw_mod_ultra96.c -o xpfw_mod_ultra96.
TRACE::2025-12-24.06:18:19::SCWBDomain::o -Izynqmp_pmufw_bsp/psu_pmu_0/include -I.

TRACE::2025-12-24.06:18:19::SCWBDomain::mb-gcc  -mlittle-endian -mxl-barrel-shift -mxl-pattern-compare -mxl-soft-mul -mcpu=v9.2 -MMD -MP      -mlittle-endian -mxl-barr
TRACE::2025-12-24.06:18:19::SCWBDomain::el-shift -mxl-pattern-compare -mcpu=v9.2 -mxl-soft-mul -Os -flto -ffat-lto-objects   -c xpfw_mod_wdt.c -o xpfw_mod_wdt.o -Izynq
TRACE::2025-12-24.06:18:19::SCWBDomain::mp_pmufw_bsp/psu_pmu_0/include -I.

TRACE::2025-12-24.06:18:19::SCWBDomain::mb-gcc  -mlittle-endian -mxl-barrel-shift -mxl-pattern-compare -mxl-soft-mul -mcpu=v9.2 -MMD -MP      -mlittle-endian -mxl-barr
TRACE::2025-12-24.06:18:19::SCWBDomain::el-shift -mxl-pattern-compare -mcpu=v9.2 -mxl-soft-mul -Os -flto -ffat-lto-objects   -c xpfw_platform.c -o xpfw_platform.o -Izy
TRACE::2025-12-24.06:18:19::SCWBDomain::nqmp_pmufw_bsp/psu_pmu_0/include -I.

TRACE::2025-12-24.06:18:19::SCWBDomain::mb-gcc  -mlittle-endian -mxl-barrel-shift -mxl-pattern-compare -mxl-soft-mul -mcpu=v9.2 -MMD -MP      -mlittle-endian -mxl-barr
TRACE::2025-12-24.06:18:19::SCWBDomain::el-shift -mxl-pattern-compare -mcpu=v9.2 -mxl-soft-mul -Os -flto -ffat-lto-objects   -c xpfw_resets.c -o xpfw_resets.o -Izynqmp
TRACE::2025-12-24.06:18:19::SCWBDomain::_pmufw_bsp/psu_pmu_0/include -I.

TRACE::2025-12-24.06:18:19::SCWBDomain::mb-gcc  -mlittle-endian -mxl-barrel-shift -mxl-pattern-compare -mxl-soft-mul -mcpu=v9.2 -MMD -MP      -mlittle-endian -mxl-barr
TRACE::2025-12-24.06:18:19::SCWBDomain::el-shift -mxl-pattern-compare -mcpu=v9.2 -mxl-soft-mul -Os -flto -ffat-lto-objects   -c xpfw_restart.c -o xpfw_restart.o -Izynq
TRACE::2025-12-24.06:18:19::SCWBDomain::mp_pmufw_bsp/psu_pmu_0/include -I.

TRACE::2025-12-24.06:18:19::SCWBDomain::mb-gcc  -mlittle-endian -mxl-barrel-shift -mxl-pattern-compare -mxl-soft-mul -mcpu=v9.2 -MMD -MP      -mlittle-endian -mxl-barr
TRACE::2025-12-24.06:18:19::SCWBDomain::el-shift -mxl-pattern-compare -mcpu=v9.2 -mxl-soft-mul -Os -flto -ffat-lto-objects   -c xpfw_rom_interface.c -o xpfw_rom_interf
TRACE::2025-12-24.06:18:19::SCWBDomain::ace.o -Izynqmp_pmufw_bsp/psu_pmu_0/include -I.

TRACE::2025-12-24.06:18:19::SCWBDomain::mb-gcc  -mlittle-endian -mxl-barrel-shift -mxl-pattern-compare -mxl-soft-mul -mcpu=v9.2 -MMD -MP      -mlittle-endian -mxl-barr
TRACE::2025-12-24.06:18:19::SCWBDomain::el-shift -mxl-pattern-compare -mcpu=v9.2 -mxl-soft-mul -Os -flto -ffat-lto-objects   -c xpfw_scheduler.c -o xpfw_scheduler.o -I
TRACE::2025-12-24.06:18:19::SCWBDomain::zynqmp_pmufw_bsp/psu_pmu_0/include -I.

TRACE::2025-12-24.06:18:19::SCWBDomain::mb-gcc  -mlittle-endian -mxl-barrel-shift -mxl-pattern-compare -mxl-soft-mul -mcpu=v9.2 -MMD -MP      -mlittle-endian -mxl-barr
TRACE::2025-12-24.06:18:19::SCWBDomain::el-shift -mxl-pattern-compare -mcpu=v9.2 -mxl-soft-mul -Os -flto -ffat-lto-objects   -c xpfw_user_startup.c -o xpfw_user_startu
TRACE::2025-12-24.06:18:19::SCWBDomain::p.o -Izynqmp_pmufw_bsp/psu_pmu_0/include -I.

TRACE::2025-12-24.06:18:19::SCWBDomain::mb-gcc  -mlittle-endian -mxl-barrel-shift -mxl-pattern-compare -mxl-soft-mul -mcpu=v9.2 -MMD -MP      -mlittle-endian -mxl-barr
TRACE::2025-12-24.06:18:19::SCWBDomain::el-shift -mxl-pattern-compare -mcpu=v9.2 -mxl-soft-mul -Os -flto -ffat-lto-objects   -c xpfw_util.c -o xpfw_util.o -Izynqmp_pmu
TRACE::2025-12-24.06:18:19::SCWBDomain::fw_bsp/psu_pmu_0/include -I.

TRACE::2025-12-24.06:18:19::SCWBDomain::mb-gcc  -mlittle-endian -mxl-barrel-shift -mxl-pattern-compare -mxl-soft-mul -mcpu=v9.2 -MMD -MP      -mlittle-endian -mxl-barr
TRACE::2025-12-24.06:18:19::SCWBDomain::el-shift -mxl-pattern-compare -mcpu=v9.2 -mxl-soft-mul -Os -flto -ffat-lto-objects   -c xpfw_xpu.c -o xpfw_xpu.o -Izynqmp_pmufw
TRACE::2025-12-24.06:18:19::SCWBDomain::_bsp/psu_pmu_0/include -I.

TRACE::2025-12-24.06:18:19::SCWBDomain::mb-gcc  -mlittle-endian -mxl-barrel-shift -mxl-pattern-compare -mxl-soft-mul -mcpu=v9.2 -MMD -MP      -mlittle-endian -mxl-barr
TRACE::2025-12-24.06:18:19::SCWBDomain::el-shift -mxl-pattern-compare -mcpu=v9.2 -mxl-soft-mul -Os -flto -ffat-lto-objects   -c xpfw_start.S -o xpfw_start.o -Izynqmp_p
TRACE::2025-12-24.06:18:19::SCWBDomain::mufw_bsp/psu_pmu_0/include -I.

TRACE::2025-12-24.06:18:19::SCWBDomain::mb-gcc -o pmufw.elf idle_hooks.o pm_binding.o pm_callbacks.o pm_clock.o pm_config.o pm_core.o pm_csudma.o pm_ddr.o pm_extern.o 
TRACE::2025-12-24.06:18:19::SCWBDomain::pm_gic_proxy.o pm_gpp.o pm_hooks.o pm_ioctl.o pm_master.o pm_mmio_access.o pm_node.o pm_node_reset.o pm_notifier.o pm_periph.o 
TRACE::2025-12-24.06:18:19::SCWBDomain::pm_pinctrl.o pm_pll.o pm_power.o pm_proc.o pm_qspi.o pm_requirement.o pm_reset.o pm_slave.o pm_sram.o pm_system.o pm_usb.o xpfw
TRACE::2025-12-24.06:18:19::SCWBDomain::_aib.o xpfw_core.o xpfw_error_manager.o xpfw_events.o xpfw_interrupts.o xpfw_ipi_manager.o xpfw_main.o xpfw_mod_common.o xpfw_m
TRACE::2025-12-24.06:18:19::SCWBDomain::od_dap.o xpfw_mod_em.o xpfw_mod_extwdt.o xpfw_mod_legacy.o xpfw_mod_overtemp.o xpfw_mod_pm.o xpfw_mod_rpu.o xpfw_mod_rtc.o xpfw
TRACE::2025-12-24.06:18:19::SCWBDomain::_mod_sched.o xpfw_mod_stl.o xpfw_mod_ultra96.o xpfw_mod_wdt.o xpfw_module.o xpfw_platform.o xpfw_resets.o xpfw_restart.o xpfw_r
TRACE::2025-12-24.06:18:19::SCWBDomain::om_interface.o xpfw_scheduler.o xpfw_start.o xpfw_user_startup.o xpfw_util.o xpfw_xpu.o -MMD -MP      -mlittle-endian -mxl-barr
TRACE::2025-12-24.06:18:19::SCWBDomain::el-shift -mxl-pattern-compare -mcpu=v9.2 -mxl-soft-mul -Os -flto -ffat-lto-objects    -Wl,--start-group,-lxil,-lgcc,-lc,--end-g
TRACE::2025-12-24.06:18:19::SCWBDomain::roup -Wl,--start-group,-lxilfpga,-lxil,-lgcc,-lc,--end-group -Wl,--start-group,-lxilsecure,-lxil,-lgcc,-lc,--end-group -Wl,--st
TRACE::2025-12-24.06:18:19::SCWBDomain::art-group,-lxilskey,-lxil,-lgcc,-lc,--end-group                                                                                
TRACE::2025-12-24.06:18:19::SCWBDomain::                                      -nostartfiles -Wl,--no-relax -Wl,--gc-sections -Lzynqmp_pmufw_bsp/psu_pmu_0/lib -Tlscript
TRACE::2025-12-24.06:18:19::SCWBDomain::.ld

LOG::2025-12-24.06:18:20::SCWSystem::Checking the domain standalone_domain
LOG::2025-12-24.06:18:20::SCWSystem::Not a boot domain 
LOG::2025-12-24.06:18:20::SCWSystem::Started Processing the domain standalone_domain
TRACE::2025-12-24.06:18:20::SCWDomain::Generating domain artifcats
TRACE::2025-12-24.06:18:20::SCWMssOS::Generating standalone artifcats
TRACE::2025-12-24.06:18:20::SCWMssOS::Copying the qemu file from  /home/zhou/Desktop/validation_1/vitis/full_system_v0/resources/full_system_v0/standalone_domain/qemu_args.txt To /home/zhou/Desktop/validation_1/vitis/full_system_v0/export/full_system_v0/sw/full_system_v0/qemu/
TRACE::2025-12-24.06:18:20::SCWMssOS::Copying the qemu file from  /home/zhou/Desktop/validation_1/vitis/full_system_v0/resources/full_system_v0/standalone_domain/qemu_args.txt To /home/zhou/Desktop/validation_1/vitis/full_system_v0/export/full_system_v0/sw/full_system_v0/qemu/
TRACE::2025-12-24.06:18:20::SCWMssOS::Copying the qemu file from  /home/zhou/Desktop/validation_1/vitis/full_system_v0/resources/full_system_v0/standalone_domain/qemu_args.txt To /home/zhou/Desktop/validation_1/vitis/full_system_v0/export/full_system_v0/sw/full_system_v0/standalone_domain/qemu/
TRACE::2025-12-24.06:18:20::SCWMssOS::Copying the qemu file from  /home/zhou/Desktop/validation_1/vitis/full_system_v0/resources/full_system_v0/standalone_domain/qemu_args.txt To /home/zhou/Desktop/validation_1/vitis/full_system_v0/export/full_system_v0/sw/full_system_v0/standalone_domain/qemu/
TRACE::2025-12-24.06:18:20::SCWMssOS:: Copying the user libraries. 
TRACE::2025-12-24.06:18:20::SCWPlatform::Trying to open the hw design at /home/zhou/Desktop/validation_1/vitis/full_system_v0/hw/new_system_v0_wrapper.xsa
TRACE::2025-12-24.06:18:20::SCWPlatform::DSA given /home/zhou/Desktop/validation_1/vitis/full_system_v0/hw/new_system_v0_wrapper.xsa
TRACE::2025-12-24.06:18:20::SCWPlatform::DSA absoulate path /home/zhou/Desktop/validation_1/vitis/full_system_v0/hw/new_system_v0_wrapper.xsa
TRACE::2025-12-24.06:18:20::SCWPlatform::DSA directory /home/zhou/Desktop/validation_1/vitis/full_system_v0/hw
TRACE::2025-12-24.06:18:20::SCWPlatform:: Platform Path /home/zhou/Desktop/validation_1/vitis/full_system_v0/hw/new_system_v0_wrapper.xsa
TRACE::2025-12-24.06:18:20::SCWPlatform:: Unique name xilinx:::0.0
TRACE::2025-12-24.06:18:20::SCWPlatform::Trying to set the existing hwdb with name gemm_v0_wrapper_2
TRACE::2025-12-24.06:18:20::SCWPlatform::Opened existing hwdb gemm_v0_wrapper_2
TRACE::2025-12-24.06:18:20::SCWPlatform::Found the Hw Db part of the input DSA
TRACE::2025-12-24.06:18:20::SCWMssOS::Checking the sw design at  /home/zhou/Desktop/validation_1/vitis/full_system_v0/psu_cortexa53_0/standalone_domain/bsp/system.mss
TRACE::2025-12-24.06:18:20::SCWMssOS::DEBUG:  swdes dump  /home/zhou/Desktop/validation_1/vitis/full_system_v0/psu_cortexa53_0/standalone_domain/bsp/system.mss|system_1||
/home/zhou/Desktop/validation_1/vitis/full_system_v0/zynqmp_fsbl/zynqmp_fsbl_bsp/system.mss|system||
/home/zhou/Desktop/validation_1/vitis/full_system_v0/zynqmp_pmufw/zynqmp_pmufw_bsp/system.mss|system_0||

TRACE::2025-12-24.06:18:20::SCWMssOS::Sw design exists and opened at  /home/zhou/Desktop/validation_1/vitis/full_system_v0/psu_cortexa53_0/standalone_domain/bsp/system.mss
TRACE::2025-12-24.06:18:20::SCWMssOS::Completed writing the mss file at /home/zhou/Desktop/validation_1/vitis/full_system_v0/psu_cortexa53_0/standalone_domain/bsp
TRACE::2025-12-24.06:18:20::SCWMssOS::Mss edits present, copying mssfile into export location /home/zhou/Desktop/validation_1/vitis/full_system_v0/psu_cortexa53_0/standalone_domain/bsp/system.mss
TRACE::2025-12-24.06:18:20::SCWMssOS::bsp generated is upto date with the mss file. Skipping bsp generation.
TRACE::2025-12-24.06:18:20::SCWMssOS::BSP is already built. skipping the bsp build ... 
TRACE::2025-12-24.06:18:20::SCWDomain::Building the domain as part of full build :  standalone_domain
TRACE::2025-12-24.06:18:20::SCWMssOS::doing bsp build ... 
TRACE::2025-12-24.06:18:20::SCWMssOS::System Command Ran  cd  /home/zhou/Desktop/validation_1/vitis/full_system_v0/psu_cortexa53_0/standalone_domain/bsp ; bash -c "make  " 
TRACE::2025-12-24.06:18:20::SCWMssOS::make --no-print-directory seq_libs

TRACE::2025-12-24.06:18:20::SCWMssOS::Running Make include in psu_cortexa53_0/libsrc/avbuf_v2_6/src

TRACE::2025-12-24.06:18:20::SCWMssOS::make -C psu_cortexa53_0/libsrc/avbuf_v2_6/src -s include  "SHELL=/bin/sh" "COMPILER=aarch64-none-elf-gcc" "ASSEMBLER=aarch64-no
TRACE::2025-12-24.06:18:20::SCWMssOS::ne-elf-as" "ARCHIVER=aarch64-none-elf-ar" "COMPILER_FLAGS=  -O2 -c" "EXTRA_COMPILER_FLAGS=-g -Wall -Wextra -fno-tree-loop-distr
TRACE::2025-12-24.06:18:20::SCWMssOS::ibute-patterns"

TRACE::2025-12-24.06:18:20::SCWMssOS::Running Make include in psu_cortexa53_0/libsrc/axipmon_v6_11/src

TRACE::2025-12-24.06:18:20::SCWMssOS::make -C psu_cortexa53_0/libsrc/axipmon_v6_11/src -s include  "SHELL=/bin/sh" "COMPILER=aarch64-none-elf-gcc" "ASSEMBLER=aarch64
TRACE::2025-12-24.06:18:20::SCWMssOS::-none-elf-as" "ARCHIVER=aarch64-none-elf-ar" "COMPILER_FLAGS=  -O2 -c" "EXTRA_COMPILER_FLAGS=-g -Wall -Wextra -fno-tree-loop-di
TRACE::2025-12-24.06:18:20::SCWMssOS::stribute-patterns"

TRACE::2025-12-24.06:18:20::SCWMssOS::Running Make include in psu_cortexa53_0/libsrc/bram_v4_11/src

TRACE::2025-12-24.06:18:20::SCWMssOS::make -C psu_cortexa53_0/libsrc/bram_v4_11/src -s include  "SHELL=/bin/sh" "COMPILER=aarch64-none-elf-gcc" "ASSEMBLER=aarch64-no
TRACE::2025-12-24.06:18:20::SCWMssOS::ne-elf-as" "ARCHIVER=aarch64-none-elf-ar" "COMPILER_FLAGS=  -O2 -c" "EXTRA_COMPILER_FLAGS=-g -Wall -Wextra -fno-tree-loop-distr
TRACE::2025-12-24.06:18:20::SCWMssOS::ibute-patterns"

TRACE::2025-12-24.06:18:20::SCWMssOS::Running Make include in psu_cortexa53_0/libsrc/clockps_v1_6/src

TRACE::2025-12-24.06:18:20::SCWMssOS::make -C psu_cortexa53_0/libsrc/clockps_v1_6/src -s include  "SHELL=/bin/sh" "COMPILER=aarch64-none-elf-gcc" "ASSEMBLER=aarch64-
TRACE::2025-12-24.06:18:20::SCWMssOS::none-elf-as" "ARCHIVER=aarch64-none-elf-ar" "COMPILER_FLAGS=  -O2 -c" "EXTRA_COMPILER_FLAGS=-g -Wall -Wextra -fno-tree-loop-dis
TRACE::2025-12-24.06:18:20::SCWMssOS::tribute-patterns"

TRACE::2025-12-24.06:18:20::SCWMssOS::Running Make include in psu_cortexa53_0/libsrc/coresightps_dcc_v1_11/src

TRACE::2025-12-24.06:18:20::SCWMssOS::make -C psu_cortexa53_0/libsrc/coresightps_dcc_v1_11/src -s include  "SHELL=/bin/sh" "COMPILER=aarch64-none-elf-gcc" "ASSEMBLER
TRACE::2025-12-24.06:18:20::SCWMssOS::=aarch64-none-elf-as" "ARCHIVER=aarch64-none-elf-ar" "COMPILER_FLAGS=  -O2 -c" "EXTRA_COMPILER_FLAGS=-g -Wall -Wextra -fno-tree
TRACE::2025-12-24.06:18:20::SCWMssOS::-loop-distribute-patterns"

TRACE::2025-12-24.06:18:20::SCWMssOS::Running Make include in psu_cortexa53_0/libsrc/cpu_cortexa53_v2_1/src

TRACE::2025-12-24.06:18:20::SCWMssOS::make -C psu_cortexa53_0/libsrc/cpu_cortexa53_v2_1/src -s include  "SHELL=/bin/sh" "COMPILER=aarch64-none-elf-gcc" "ASSEMBLER=aa
TRACE::2025-12-24.06:18:20::SCWMssOS::rch64-none-elf-as" "ARCHIVER=aarch64-none-elf-ar" "COMPILER_FLAGS=  -O2 -c" "EXTRA_COMPILER_FLAGS=-g -Wall -Wextra -fno-tree-lo
TRACE::2025-12-24.06:18:20::SCWMssOS::op-distribute-patterns"

TRACE::2025-12-24.06:18:20::SCWMssOS::Running Make include in psu_cortexa53_0/libsrc/csudma_v1_16/src

TRACE::2025-12-24.06:18:20::SCWMssOS::make -C psu_cortexa53_0/libsrc/csudma_v1_16/src -s include  "SHELL=/bin/sh" "COMPILER=aarch64-none-elf-gcc" "ASSEMBLER=aarch64-
TRACE::2025-12-24.06:18:20::SCWMssOS::none-elf-as" "ARCHIVER=aarch64-none-elf-ar" "COMPILER_FLAGS=  -O2 -c" "EXTRA_COMPILER_FLAGS=-g -Wall -Wextra -fno-tree-loop-dis
TRACE::2025-12-24.06:18:20::SCWMssOS::tribute-patterns"

TRACE::2025-12-24.06:18:20::SCWMssOS::Running Make include in psu_cortexa53_0/libsrc/data_mover_v1_0/src

TRACE::2025-12-24.06:18:20::SCWMssOS::make -C psu_cortexa53_0/libsrc/data_mover_v1_0/src -s include  "SHELL=/bin/sh" "COMPILER=aarch64-none-elf-gcc" "ASSEMBLER=aarch
TRACE::2025-12-24.06:18:20::SCWMssOS::64-none-elf-as" "ARCHIVER=aarch64-none-elf-ar" "COMPILER_FLAGS=  -O2 -c" "EXTRA_COMPILER_FLAGS=-g -Wall -Wextra -fno-tree-loop-
TRACE::2025-12-24.06:18:20::SCWMssOS::distribute-patterns"

TRACE::2025-12-24.06:18:20::SCWMssOS::Running Make include in psu_cortexa53_0/libsrc/ddrcpsu_v1_7/src

TRACE::2025-12-24.06:18:20::SCWMssOS::make -C psu_cortexa53_0/libsrc/ddrcpsu_v1_7/src -s include  "SHELL=/bin/sh" "COMPILER=aarch64-none-elf-gcc" "ASSEMBLER=aarch64-
TRACE::2025-12-24.06:18:20::SCWMssOS::none-elf-as" "ARCHIVER=aarch64-none-elf-ar" "COMPILER_FLAGS=  -O2 -c" "EXTRA_COMPILER_FLAGS=-g -Wall -Wextra -fno-tree-loop-dis
TRACE::2025-12-24.06:18:20::SCWMssOS::tribute-patterns"

TRACE::2025-12-24.06:18:20::SCWMssOS::Running Make include in psu_cortexa53_0/libsrc/dpdma_v1_6/src

TRACE::2025-12-24.06:18:20::SCWMssOS::make -C psu_cortexa53_0/libsrc/dpdma_v1_6/src -s include  "SHELL=/bin/sh" "COMPILER=aarch64-none-elf-gcc" "ASSEMBLER=aarch64-no
TRACE::2025-12-24.06:18:20::SCWMssOS::ne-elf-as" "ARCHIVER=aarch64-none-elf-ar" "COMPILER_FLAGS=  -O2 -c" "EXTRA_COMPILER_FLAGS=-g -Wall -Wextra -fno-tree-loop-distr
TRACE::2025-12-24.06:18:20::SCWMssOS::ibute-patterns"

TRACE::2025-12-24.06:18:20::SCWMssOS::Running Make include in psu_cortexa53_0/libsrc/dppsu_v1_7/src

TRACE::2025-12-24.06:18:20::SCWMssOS::make -C psu_cortexa53_0/libsrc/dppsu_v1_7/src -s include  "SHELL=/bin/sh" "COMPILER=aarch64-none-elf-gcc" "ASSEMBLER=aarch64-no
TRACE::2025-12-24.06:18:20::SCWMssOS::ne-elf-as" "ARCHIVER=aarch64-none-elf-ar" "COMPILER_FLAGS=  -O2 -c" "EXTRA_COMPILER_FLAGS=-g -Wall -Wextra -fno-tree-loop-distr
TRACE::2025-12-24.06:18:20::SCWMssOS::ibute-patterns"

TRACE::2025-12-24.06:18:20::SCWMssOS::Running Make include in psu_cortexa53_0/libsrc/emacps_v3_21/src

TRACE::2025-12-24.06:18:20::SCWMssOS::make -C psu_cortexa53_0/libsrc/emacps_v3_21/src -s include  "SHELL=/bin/sh" "COMPILER=aarch64-none-elf-gcc" "ASSEMBLER=aarch64-
TRACE::2025-12-24.06:18:20::SCWMssOS::none-elf-as" "ARCHIVER=aarch64-none-elf-ar" "COMPILER_FLAGS=  -O2 -c" "EXTRA_COMPILER_FLAGS=-g -Wall -Wextra -fno-tree-loop-dis
TRACE::2025-12-24.06:18:20::SCWMssOS::tribute-patterns"

TRACE::2025-12-24.06:18:20::SCWMssOS::Running Make include in psu_cortexa53_0/libsrc/gpiops_v3_13/src

TRACE::2025-12-24.06:18:20::SCWMssOS::make -C psu_cortexa53_0/libsrc/gpiops_v3_13/src -s include  "SHELL=/bin/sh" "COMPILER=aarch64-none-elf-gcc" "ASSEMBLER=aarch64-
TRACE::2025-12-24.06:18:20::SCWMssOS::none-elf-as" "ARCHIVER=aarch64-none-elf-ar" "COMPILER_FLAGS=  -O2 -c" "EXTRA_COMPILER_FLAGS=-g -Wall -Wextra -fno-tree-loop-dis
TRACE::2025-12-24.06:18:20::SCWMssOS::tribute-patterns"

TRACE::2025-12-24.06:18:20::SCWMssOS::Running Make include in psu_cortexa53_0/libsrc/iicps_v3_20/src

TRACE::2025-12-24.06:18:20::SCWMssOS::make -C psu_cortexa53_0/libsrc/iicps_v3_20/src -s include  "SHELL=/bin/sh" "COMPILER=aarch64-none-elf-gcc" "ASSEMBLER=aarch64-n
TRACE::2025-12-24.06:18:20::SCWMssOS::one-elf-as" "ARCHIVER=aarch64-none-elf-ar" "COMPILER_FLAGS=  -O2 -c" "EXTRA_COMPILER_FLAGS=-g -Wall -Wextra -fno-tree-loop-dist
TRACE::2025-12-24.06:18:20::SCWMssOS::ribute-patterns"

TRACE::2025-12-24.06:18:20::SCWMssOS::Running Make include in psu_cortexa53_0/libsrc/ipipsu_v2_16/src

TRACE::2025-12-24.06:18:20::SCWMssOS::make -C psu_cortexa53_0/libsrc/ipipsu_v2_16/src -s include  "SHELL=/bin/sh" "COMPILER=aarch64-none-elf-gcc" "ASSEMBLER=aarch64-
TRACE::2025-12-24.06:18:20::SCWMssOS::none-elf-as" "ARCHIVER=aarch64-none-elf-ar" "COMPILER_FLAGS=  -O2 -c" "EXTRA_COMPILER_FLAGS=-g -Wall -Wextra -fno-tree-loop-dis
TRACE::2025-12-24.06:18:20::SCWMssOS::tribute-patterns"

TRACE::2025-12-24.06:18:21::SCWMssOS::Running Make include in psu_cortexa53_0/libsrc/pciepsu_v2_0/src

TRACE::2025-12-24.06:18:21::SCWMssOS::make -C psu_cortexa53_0/libsrc/pciepsu_v2_0/src -s include  "SHELL=/bin/sh" "COMPILER=aarch64-none-elf-gcc" "ASSEMBLER=aarch64-
TRACE::2025-12-24.06:18:21::SCWMssOS::none-elf-as" "ARCHIVER=aarch64-none-elf-ar" "COMPILER_FLAGS=  -O2 -c" "EXTRA_COMPILER_FLAGS=-g -Wall -Wextra -fno-tree-loop-dis
TRACE::2025-12-24.06:18:21::SCWMssOS::tribute-patterns"

TRACE::2025-12-24.06:18:21::SCWMssOS::Running Make include in psu_cortexa53_0/libsrc/qspipsu_v1_20/src

TRACE::2025-12-24.06:18:21::SCWMssOS::make -C psu_cortexa53_0/libsrc/qspipsu_v1_20/src -s include  "SHELL=/bin/sh" "COMPILER=aarch64-none-elf-gcc" "ASSEMBLER=aarch64
TRACE::2025-12-24.06:18:21::SCWMssOS::-none-elf-as" "ARCHIVER=aarch64-none-elf-ar" "COMPILER_FLAGS=  -O2 -c" "EXTRA_COMPILER_FLAGS=-g -Wall -Wextra -fno-tree-loop-di
TRACE::2025-12-24.06:18:21::SCWMssOS::stribute-patterns"

TRACE::2025-12-24.06:18:21::SCWMssOS::Running Make include in psu_cortexa53_0/libsrc/resetps_v1_7/src

TRACE::2025-12-24.06:18:21::SCWMssOS::make -C psu_cortexa53_0/libsrc/resetps_v1_7/src -s include  "SHELL=/bin/sh" "COMPILER=aarch64-none-elf-gcc" "ASSEMBLER=aarch64-
TRACE::2025-12-24.06:18:21::SCWMssOS::none-elf-as" "ARCHIVER=aarch64-none-elf-ar" "COMPILER_FLAGS=  -O2 -c" "EXTRA_COMPILER_FLAGS=-g -Wall -Wextra -fno-tree-loop-dis
TRACE::2025-12-24.06:18:21::SCWMssOS::tribute-patterns"

TRACE::2025-12-24.06:18:21::SCWMssOS::Running Make include in psu_cortexa53_0/libsrc/rtcpsu_v1_14/src

TRACE::2025-12-24.06:18:21::SCWMssOS::make -C psu_cortexa53_0/libsrc/rtcpsu_v1_14/src -s include  "SHELL=/bin/sh" "COMPILER=aarch64-none-elf-gcc" "ASSEMBLER=aarch64-
TRACE::2025-12-24.06:18:21::SCWMssOS::none-elf-as" "ARCHIVER=aarch64-none-elf-ar" "COMPILER_FLAGS=  -O2 -c" "EXTRA_COMPILER_FLAGS=-g -Wall -Wextra -fno-tree-loop-dis
TRACE::2025-12-24.06:18:21::SCWMssOS::tribute-patterns"

TRACE::2025-12-24.06:18:21::SCWMssOS::Running Make include in psu_cortexa53_0/libsrc/scugic_v5_4/src

TRACE::2025-12-24.06:18:21::SCWMssOS::make -C psu_cortexa53_0/libsrc/scugic_v5_4/src -s include  "SHELL=/bin/sh" "COMPILER=aarch64-none-elf-gcc" "ASSEMBLER=aarch64-n
TRACE::2025-12-24.06:18:21::SCWMssOS::one-elf-as" "ARCHIVER=aarch64-none-elf-ar" "COMPILER_FLAGS=  -O2 -c" "EXTRA_COMPILER_FLAGS=-g -Wall -Wextra -fno-tree-loop-dist
TRACE::2025-12-24.06:18:21::SCWMssOS::ribute-patterns"

TRACE::2025-12-24.06:18:21::SCWMssOS::Running Make include in psu_cortexa53_0/libsrc/sdps_v4_4/src

TRACE::2025-12-24.06:18:21::SCWMssOS::make -C psu_cortexa53_0/libsrc/sdps_v4_4/src -s include  "SHELL=/bin/sh" "COMPILER=aarch64-none-elf-gcc" "ASSEMBLER=aarch64-non
TRACE::2025-12-24.06:18:21::SCWMssOS::e-elf-as" "ARCHIVER=aarch64-none-elf-ar" "COMPILER_FLAGS=  -O2 -c" "EXTRA_COMPILER_FLAGS=-g -Wall -Wextra -fno-tree-loop-distri
TRACE::2025-12-24.06:18:21::SCWMssOS::bute-patterns"

TRACE::2025-12-24.06:18:21::SCWMssOS::Running Make include in psu_cortexa53_0/libsrc/standalone_v9_2/src

TRACE::2025-12-24.06:18:21::SCWMssOS::make -C psu_cortexa53_0/libsrc/standalone_v9_2/src -s include  "SHELL=/bin/sh" "COMPILER=aarch64-none-elf-gcc" "ASSEMBLER=aarch
TRACE::2025-12-24.06:18:21::SCWMssOS::64-none-elf-as" "ARCHIVER=aarch64-none-elf-ar" "COMPILER_FLAGS=  -O2 -c" "EXTRA_COMPILER_FLAGS=-g -Wall -Wextra -fno-tree-loop-
TRACE::2025-12-24.06:18:21::SCWMssOS::distribute-patterns"

TRACE::2025-12-24.06:18:21::SCWMssOS::Running Make include in psu_cortexa53_0/libsrc/sysmonpsu_v3_0/src

TRACE::2025-12-24.06:18:21::SCWMssOS::make -C psu_cortexa53_0/libsrc/sysmonpsu_v3_0/src -s include  "SHELL=/bin/sh" "COMPILER=aarch64-none-elf-gcc" "ASSEMBLER=aarch6
TRACE::2025-12-24.06:18:21::SCWMssOS::4-none-elf-as" "ARCHIVER=aarch64-none-elf-ar" "COMPILER_FLAGS=  -O2 -c" "EXTRA_COMPILER_FLAGS=-g -Wall -Wextra -fno-tree-loop-d
TRACE::2025-12-24.06:18:21::SCWMssOS::istribute-patterns"

TRACE::2025-12-24.06:18:21::SCWMssOS::Running Make include in psu_cortexa53_0/libsrc/ttcps_v3_20/src

TRACE::2025-12-24.06:18:21::SCWMssOS::make -C psu_cortexa53_0/libsrc/ttcps_v3_20/src -s include  "SHELL=/bin/sh" "COMPILER=aarch64-none-elf-gcc" "ASSEMBLER=aarch64-n
TRACE::2025-12-24.06:18:21::SCWMssOS::one-elf-as" "ARCHIVER=aarch64-none-elf-ar" "COMPILER_FLAGS=  -O2 -c" "EXTRA_COMPILER_FLAGS=-g -Wall -Wextra -fno-tree-loop-dist
TRACE::2025-12-24.06:18:21::SCWMssOS::ribute-patterns"

TRACE::2025-12-24.06:18:21::SCWMssOS::Running Make include in psu_cortexa53_0/libsrc/uartps_v3_15/src

TRACE::2025-12-24.06:18:21::SCWMssOS::make -C psu_cortexa53_0/libsrc/uartps_v3_15/src -s include  "SHELL=/bin/sh" "COMPILER=aarch64-none-elf-gcc" "ASSEMBLER=aarch64-
TRACE::2025-12-24.06:18:21::SCWMssOS::none-elf-as" "ARCHIVER=aarch64-none-elf-ar" "COMPILER_FLAGS=  -O2 -c" "EXTRA_COMPILER_FLAGS=-g -Wall -Wextra -fno-tree-loop-dis
TRACE::2025-12-24.06:18:21::SCWMssOS::tribute-patterns"

TRACE::2025-12-24.06:18:21::SCWMssOS::Running Make include in psu_cortexa53_0/libsrc/usbpsu_v1_16/src

TRACE::2025-12-24.06:18:21::SCWMssOS::make -C psu_cortexa53_0/libsrc/usbpsu_v1_16/src -s include  "SHELL=/bin/sh" "COMPILER=aarch64-none-elf-gcc" "ASSEMBLER=aarch64-
TRACE::2025-12-24.06:18:21::SCWMssOS::none-elf-as" "ARCHIVER=aarch64-none-elf-ar" "COMPILER_FLAGS=  -O2 -c" "EXTRA_COMPILER_FLAGS=-g -Wall -Wextra -fno-tree-loop-dis
TRACE::2025-12-24.06:18:21::SCWMssOS::tribute-patterns"

TRACE::2025-12-24.06:18:21::SCWMssOS::Running Make include in psu_cortexa53_0/libsrc/video_common_v4_16/src

TRACE::2025-12-24.06:18:21::SCWMssOS::make -C psu_cortexa53_0/libsrc/video_common_v4_16/src -s include  "SHELL=/bin/sh" "COMPILER=aarch64-none-elf-gcc" "ASSEMBLER=aa
TRACE::2025-12-24.06:18:21::SCWMssOS::rch64-none-elf-as" "ARCHIVER=aarch64-none-elf-ar" "COMPILER_FLAGS=  -O2 -c" "EXTRA_COMPILER_FLAGS=-g -Wall -Wextra -fno-tree-lo
TRACE::2025-12-24.06:18:21::SCWMssOS::op-distribute-patterns"

TRACE::2025-12-24.06:18:21::SCWMssOS::Running Make include in psu_cortexa53_0/libsrc/zdma_v1_19/src

TRACE::2025-12-24.06:18:21::SCWMssOS::make -C psu_cortexa53_0/libsrc/zdma_v1_19/src -s include  "SHELL=/bin/sh" "COMPILER=aarch64-none-elf-gcc" "ASSEMBLER=aarch64-no
TRACE::2025-12-24.06:18:21::SCWMssOS::ne-elf-as" "ARCHIVER=aarch64-none-elf-ar" "COMPILER_FLAGS=  -O2 -c" "EXTRA_COMPILER_FLAGS=-g -Wall -Wextra -fno-tree-loop-distr
TRACE::2025-12-24.06:18:21::SCWMssOS::ibute-patterns"

TRACE::2025-12-24.06:18:21::SCWMssOS::Running Make libs in psu_cortexa53_0/libsrc/dpdma_v1_6/src

TRACE::2025-12-24.06:18:21::SCWMssOS::make -C psu_cortexa53_0/libsrc/dpdma_v1_6/src -s libs  "SHELL=/bin/sh" "COMPILER=aarch64-none-elf-gcc" "ASSEMBLER=aarch64-none-
TRACE::2025-12-24.06:18:21::SCWMssOS::elf-as" "ARCHIVER=aarch64-none-elf-ar" "COMPILER_FLAGS=  -O2 -c" "EXTRA_COMPILER_FLAGS=-g -Wall -Wextra -fno-tree-loop-distribu
TRACE::2025-12-24.06:18:21::SCWMssOS::te-patterns"

TRACE::2025-12-24.06:18:21::SCWMssOS::Compiling dpdma

TRACE::2025-12-24.06:18:21::SCWMssOS::Running Make libs in psu_cortexa53_0/libsrc/avbuf_v2_6/src

TRACE::2025-12-24.06:18:21::SCWMssOS::make -C psu_cortexa53_0/libsrc/avbuf_v2_6/src -s libs  "SHELL=/bin/sh" "COMPILER=aarch64-none-elf-gcc" "ASSEMBLER=aarch64-none-
TRACE::2025-12-24.06:18:21::SCWMssOS::elf-as" "ARCHIVER=aarch64-none-elf-ar" "COMPILER_FLAGS=  -O2 -c" "EXTRA_COMPILER_FLAGS=-g -Wall -Wextra -fno-tree-loop-distribu
TRACE::2025-12-24.06:18:21::SCWMssOS::te-patterns"

TRACE::2025-12-24.06:18:21::SCWMssOS::Compiling avbuf

TRACE::2025-12-24.06:18:21::SCWMssOS::Running Make libs in psu_cortexa53_0/libsrc/data_mover_v1_0/src

TRACE::2025-12-24.06:18:21::SCWMssOS::make -C psu_cortexa53_0/libsrc/data_mover_v1_0/src -s libs  "SHELL=/bin/sh" "COMPILER=aarch64-none-elf-gcc" "ASSEMBLER=aarch64-
TRACE::2025-12-24.06:18:21::SCWMssOS::none-elf-as" "ARCHIVER=aarch64-none-elf-ar" "COMPILER_FLAGS=  -O2 -c" "EXTRA_COMPILER_FLAGS=-g -Wall -Wextra -fno-tree-loop-dis
TRACE::2025-12-24.06:18:21::SCWMssOS::tribute-patterns"

TRACE::2025-12-24.06:18:21::SCWMssOS::Building data_mover

TRACE::2025-12-24.06:18:21::SCWMssOS::Running Make libs in psu_cortexa53_0/libsrc/dppsu_v1_7/src

TRACE::2025-12-24.06:18:21::SCWMssOS::make -C psu_cortexa53_0/libsrc/dppsu_v1_7/src -s libs  "SHELL=/bin/sh" "COMPILER=aarch64-none-elf-gcc" "ASSEMBLER=aarch64-none-
TRACE::2025-12-24.06:18:21::SCWMssOS::elf-as" "ARCHIVER=aarch64-none-elf-ar" "COMPILER_FLAGS=  -O2 -c" "EXTRA_COMPILER_FLAGS=-g -Wall -Wextra -fno-tree-loop-distribu
TRACE::2025-12-24.06:18:21::SCWMssOS::te-patterns"

TRACE::2025-12-24.06:18:21::SCWMssOS::Compiling dppsu

TRACE::2025-12-24.06:18:22::SCWMssOS::Finished building libraries sequentially.

TRACE::2025-12-24.06:18:22::SCWMssOS::make -j 22 --no-print-directory par_libs

TRACE::2025-12-24.06:18:22::SCWMssOS::Running Make include in psu_cortexa53_0/libsrc/avbuf_v2_6/src

TRACE::2025-12-24.06:18:22::SCWMssOS::Running Make include in psu_cortexa53_0/libsrc/axipmon_v6_11/src

TRACE::2025-12-24.06:18:22::SCWMssOS::make -C psu_cortexa53_0/libsrc/avbuf_v2_6/src -s include  "SHELL=/bin/sh" "COMPILER=aarch64-none-elf-gcc" "ASSEMBLER=aarch64-no
TRACE::2025-12-24.06:18:22::SCWMssOS::ne-elf-as" "ARCHIVER=aarch64-none-elf-ar" "COMPILER_FLAGS=  -O2 -c" "EXTRA_COMPILER_FLAGS=-g -Wall -Wextra -fno-tree-loop-distr
TRACE::2025-12-24.06:18:22::SCWMssOS::ibute-patterns"

TRACE::2025-12-24.06:18:22::SCWMssOS::Running Make include in psu_cortexa53_0/libsrc/bram_v4_11/src

TRACE::2025-12-24.06:18:22::SCWMssOS::make -C psu_cortexa53_0/libsrc/axipmon_v6_11/src -s include  "SHELL=/bin/sh" "COMPILER=aarch64-none-elf-gcc" "ASSEMBLER=aarch64
TRACE::2025-12-24.06:18:22::SCWMssOS::-none-elf-as" "ARCHIVER=aarch64-none-elf-ar" "COMPILER_FLAGS=  -O2 -c" "EXTRA_COMPILER_FLAGS=-g -Wall -Wextra -fno-tree-loop-di
TRACE::2025-12-24.06:18:22::SCWMssOS::stribute-patterns"

TRACE::2025-12-24.06:18:22::SCWMssOS::make -C psu_cortexa53_0/libsrc/bram_v4_11/src -s include  "SHELL=/bin/sh" "COMPILER=aarch64-none-elf-gcc" "ASSEMBLER=aarch64-no
TRACE::2025-12-24.06:18:22::SCWMssOS::ne-elf-as" "ARCHIVER=aarch64-none-elf-ar" "COMPILER_FLAGS=  -O2 -c" "EXTRA_COMPILER_FLAGS=-g -Wall -Wextra -fno-tree-loop-distr
TRACE::2025-12-24.06:18:22::SCWMssOS::ibute-patterns"

TRACE::2025-12-24.06:18:22::SCWMssOS::Running Make include in psu_cortexa53_0/libsrc/clockps_v1_6/src

TRACE::2025-12-24.06:18:22::SCWMssOS::make -C psu_cortexa53_0/libsrc/clockps_v1_6/src -s include  "SHELL=/bin/sh" "COMPILER=aarch64-none-elf-gcc" "ASSEMBLER=aarch64-
TRACE::2025-12-24.06:18:22::SCWMssOS::none-elf-as" "ARCHIVER=aarch64-none-elf-ar" "COMPILER_FLAGS=  -O2 -c" "EXTRA_COMPILER_FLAGS=-g -Wall -Wextra -fno-tree-loop-dis
TRACE::2025-12-24.06:18:22::SCWMssOS::tribute-patterns"

TRACE::2025-12-24.06:18:22::SCWMssOS::Running Make include in psu_cortexa53_0/libsrc/coresightps_dcc_v1_11/src

TRACE::2025-12-24.06:18:22::SCWMssOS::make -C psu_cortexa53_0/libsrc/coresightps_dcc_v1_11/src -s include  "SHELL=/bin/sh" "COMPILER=aarch64-none-elf-gcc" "ASSEMBLER
TRACE::2025-12-24.06:18:22::SCWMssOS::=aarch64-none-elf-as" "ARCHIVER=aarch64-none-elf-ar" "COMPILER_FLAGS=  -O2 -c" "EXTRA_COMPILER_FLAGS=-g -Wall -Wextra -fno-tree
TRACE::2025-12-24.06:18:22::SCWMssOS::-loop-distribute-patterns"

TRACE::2025-12-24.06:18:22::SCWMssOS::Running Make include in psu_cortexa53_0/libsrc/cpu_cortexa53_v2_1/src

TRACE::2025-12-24.06:18:22::SCWMssOS::make -C psu_cortexa53_0/libsrc/cpu_cortexa53_v2_1/src -s include  "SHELL=/bin/sh" "COMPILER=aarch64-none-elf-gcc" "ASSEMBLER=aa
TRACE::2025-12-24.06:18:22::SCWMssOS::rch64-none-elf-as" "ARCHIVER=aarch64-none-elf-ar" "COMPILER_FLAGS=  -O2 -c" "EXTRA_COMPILER_FLAGS=-g -Wall -Wextra -fno-tree-lo
TRACE::2025-12-24.06:18:22::SCWMssOS::op-distribute-patterns"

TRACE::2025-12-24.06:18:22::SCWMssOS::Running Make include in psu_cortexa53_0/libsrc/csudma_v1_16/src

TRACE::2025-12-24.06:18:22::SCWMssOS::Running Make include in psu_cortexa53_0/libsrc/data_mover_v1_0/src

TRACE::2025-12-24.06:18:22::SCWMssOS::make -C psu_cortexa53_0/libsrc/csudma_v1_16/src -s include  "SHELL=/bin/sh" "COMPILER=aarch64-none-elf-gcc" "ASSEMBLER=aarch64-
TRACE::2025-12-24.06:18:22::SCWMssOS::none-elf-as" "ARCHIVER=aarch64-none-elf-ar" "COMPILER_FLAGS=  -O2 -c" "EXTRA_COMPILER_FLAGS=-g -Wall -Wextra -fno-tree-loop-dis
TRACE::2025-12-24.06:18:22::SCWMssOS::tribute-patterns"

TRACE::2025-12-24.06:18:22::SCWMssOS::make -C psu_cortexa53_0/libsrc/data_mover_v1_0/src -s include  "SHELL=/bin/sh" "COMPILER=aarch64-none-elf-gcc" "ASSEMBLER=aarch
TRACE::2025-12-24.06:18:22::SCWMssOS::64-none-elf-as" "ARCHIVER=aarch64-none-elf-ar" "COMPILER_FLAGS=  -O2 -c" "EXTRA_COMPILER_FLAGS=-g -Wall -Wextra -fno-tree-loop-
TRACE::2025-12-24.06:18:22::SCWMssOS::distribute-patterns"

TRACE::2025-12-24.06:18:22::SCWMssOS::Running Make include in psu_cortexa53_0/libsrc/ddrcpsu_v1_7/src

TRACE::2025-12-24.06:18:22::SCWMssOS::make -C psu_cortexa53_0/libsrc/ddrcpsu_v1_7/src -s include  "SHELL=/bin/sh" "COMPILER=aarch64-none-elf-gcc" "ASSEMBLER=aarch64-
TRACE::2025-12-24.06:18:22::SCWMssOS::none-elf-as" "ARCHIVER=aarch64-none-elf-ar" "COMPILER_FLAGS=  -O2 -c" "EXTRA_COMPILER_FLAGS=-g -Wall -Wextra -fno-tree-loop-dis
TRACE::2025-12-24.06:18:22::SCWMssOS::tribute-patterns"

TRACE::2025-12-24.06:18:22::SCWMssOS::Running Make include in psu_cortexa53_0/libsrc/dpdma_v1_6/src

TRACE::2025-12-24.06:18:22::SCWMssOS::make -C psu_cortexa53_0/libsrc/dpdma_v1_6/src -s include  "SHELL=/bin/sh" "COMPILER=aarch64-none-elf-gcc" "ASSEMBLER=aarch64-no
TRACE::2025-12-24.06:18:22::SCWMssOS::ne-elf-as" "ARCHIVER=aarch64-none-elf-ar" "COMPILER_FLAGS=  -O2 -c" "EXTRA_COMPILER_FLAGS=-g -Wall -Wextra -fno-tree-loop-distr
TRACE::2025-12-24.06:18:22::SCWMssOS::ibute-patterns"

TRACE::2025-12-24.06:18:22::SCWMssOS::Running Make include in psu_cortexa53_0/libsrc/dppsu_v1_7/src

TRACE::2025-12-24.06:18:22::SCWMssOS::make -C psu_cortexa53_0/libsrc/dppsu_v1_7/src -s include  "SHELL=/bin/sh" "COMPILER=aarch64-none-elf-gcc" "ASSEMBLER=aarch64-no
TRACE::2025-12-24.06:18:22::SCWMssOS::ne-elf-as" "ARCHIVER=aarch64-none-elf-ar" "COMPILER_FLAGS=  -O2 -c" "EXTRA_COMPILER_FLAGS=-g -Wall -Wextra -fno-tree-loop-distr
TRACE::2025-12-24.06:18:22::SCWMssOS::ibute-patterns"

TRACE::2025-12-24.06:18:22::SCWMssOS::Running Make include in psu_cortexa53_0/libsrc/emacps_v3_21/src

TRACE::2025-12-24.06:18:22::SCWMssOS::make -C psu_cortexa53_0/libsrc/emacps_v3_21/src -s include  "SHELL=/bin/sh" "COMPILER=aarch64-none-elf-gcc" "ASSEMBLER=aarch64-
TRACE::2025-12-24.06:18:22::SCWMssOS::none-elf-as" "ARCHIVER=aarch64-none-elf-ar" "COMPILER_FLAGS=  -O2 -c" "EXTRA_COMPILER_FLAGS=-g -Wall -Wextra -fno-tree-loop-dis
TRACE::2025-12-24.06:18:22::SCWMssOS::tribute-patterns"

TRACE::2025-12-24.06:18:22::SCWMssOS::Running Make include in psu_cortexa53_0/libsrc/gpiops_v3_13/src

TRACE::2025-12-24.06:18:22::SCWMssOS::make -C psu_cortexa53_0/libsrc/gpiops_v3_13/src -s include  "SHELL=/bin/sh" "COMPILER=aarch64-none-elf-gcc" "ASSEMBLER=aarch64-
TRACE::2025-12-24.06:18:22::SCWMssOS::none-elf-as" "ARCHIVER=aarch64-none-elf-ar" "COMPILER_FLAGS=  -O2 -c" "EXTRA_COMPILER_FLAGS=-g -Wall -Wextra -fno-tree-loop-dis
TRACE::2025-12-24.06:18:22::SCWMssOS::tribute-patterns"

TRACE::2025-12-24.06:18:22::SCWMssOS::Running Make include in psu_cortexa53_0/libsrc/iicps_v3_20/src

TRACE::2025-12-24.06:18:22::SCWMssOS::make -C psu_cortexa53_0/libsrc/iicps_v3_20/src -s include  "SHELL=/bin/sh" "COMPILER=aarch64-none-elf-gcc" "ASSEMBLER=aarch64-n
TRACE::2025-12-24.06:18:22::SCWMssOS::one-elf-as" "ARCHIVER=aarch64-none-elf-ar" "COMPILER_FLAGS=  -O2 -c" "EXTRA_COMPILER_FLAGS=-g -Wall -Wextra -fno-tree-loop-dist
TRACE::2025-12-24.06:18:22::SCWMssOS::ribute-patterns"

TRACE::2025-12-24.06:18:22::SCWMssOS::Running Make include in psu_cortexa53_0/libsrc/pciepsu_v2_0/src

TRACE::2025-12-24.06:18:22::SCWMssOS::Running Make include in psu_cortexa53_0/libsrc/ipipsu_v2_16/src

TRACE::2025-12-24.06:18:22::SCWMssOS::make -C psu_cortexa53_0/libsrc/ipipsu_v2_16/src -s include  "SHELL=/bin/sh" "COMPILER=aarch64-none-elf-gcc" "ASSEMBLER=aarch64-
TRACE::2025-12-24.06:18:22::SCWMssOS::none-elf-as" "ARCHIVER=aarch64-none-elf-ar" "COMPILER_FLAGS=  -O2 -c" "EXTRA_COMPILER_FLAGS=-g -Wall -Wextra -fno-tree-loop-dis
TRACE::2025-12-24.06:18:22::SCWMssOS::tribute-patterns"

TRACE::2025-12-24.06:18:22::SCWMssOS::Running Make include in psu_cortexa53_0/libsrc/qspipsu_v1_20/src

TRACE::2025-12-24.06:18:22::SCWMssOS::make -C psu_cortexa53_0/libsrc/pciepsu_v2_0/src -s include  "SHELL=/bin/sh" "COMPILER=aarch64-none-elf-gcc" "ASSEMBLER=aarch64-
TRACE::2025-12-24.06:18:22::SCWMssOS::none-elf-as" "ARCHIVER=aarch64-none-elf-ar" "COMPILER_FLAGS=  -O2 -c" "EXTRA_COMPILER_FLAGS=-g -Wall -Wextra -fno-tree-loop-dis
TRACE::2025-12-24.06:18:22::SCWMssOS::tribute-patterns"

TRACE::2025-12-24.06:18:22::SCWMssOS::make -C psu_cortexa53_0/libsrc/qspipsu_v1_20/src -s include  "SHELL=/bin/sh" "COMPILER=aarch64-none-elf-gcc" "ASSEMBLER=aarch64
TRACE::2025-12-24.06:18:22::SCWMssOS::-none-elf-as" "ARCHIVER=aarch64-none-elf-ar" "COMPILER_FLAGS=  -O2 -c" "EXTRA_COMPILER_FLAGS=-g -Wall -Wextra -fno-tree-loop-di
TRACE::2025-12-24.06:18:22::SCWMssOS::stribute-patterns"

TRACE::2025-12-24.06:18:22::SCWMssOS::Running Make include in psu_cortexa53_0/libsrc/resetps_v1_7/src

TRACE::2025-12-24.06:18:22::SCWMssOS::Running Make include in psu_cortexa53_0/libsrc/rtcpsu_v1_14/src

TRACE::2025-12-24.06:18:22::SCWMssOS::Running Make include in psu_cortexa53_0/libsrc/scugic_v5_4/src

TRACE::2025-12-24.06:18:22::SCWMssOS::make -C psu_cortexa53_0/libsrc/resetps_v1_7/src -s include  "SHELL=/bin/sh" "COMPILER=aarch64-none-elf-gcc" "ASSEMBLER=aarch64-
TRACE::2025-12-24.06:18:22::SCWMssOS::none-elf-as" "ARCHIVER=aarch64-none-elf-ar" "COMPILER_FLAGS=  -O2 -c" "EXTRA_COMPILER_FLAGS=-g -Wall -Wextra -fno-tree-loop-dis
TRACE::2025-12-24.06:18:22::SCWMssOS::tribute-patterns"

TRACE::2025-12-24.06:18:22::SCWMssOS::make -C psu_cortexa53_0/libsrc/rtcpsu_v1_14/src -s include  "SHELL=/bin/sh" "COMPILER=aarch64-none-elf-gcc" "ASSEMBLER=aarch64-
TRACE::2025-12-24.06:18:22::SCWMssOS::none-elf-as" "ARCHIVER=aarch64-none-elf-ar" "COMPILER_FLAGS=  -O2 -c" "EXTRA_COMPILER_FLAGS=-g -Wall -Wextra -fno-tree-loop-dis
TRACE::2025-12-24.06:18:22::SCWMssOS::tribute-patterns"

TRACE::2025-12-24.06:18:22::SCWMssOS::make -C psu_cortexa53_0/libsrc/scugic_v5_4/src -s include  "SHELL=/bin/sh" "COMPILER=aarch64-none-elf-gcc" "ASSEMBLER=aarch64-n
TRACE::2025-12-24.06:18:22::SCWMssOS::one-elf-as" "ARCHIVER=aarch64-none-elf-ar" "COMPILER_FLAGS=  -O2 -c" "EXTRA_COMPILER_FLAGS=-g -Wall -Wextra -fno-tree-loop-dist
TRACE::2025-12-24.06:18:22::SCWMssOS::ribute-patterns"

TRACE::2025-12-24.06:18:22::SCWMssOS::Running Make include in psu_cortexa53_0/libsrc/sdps_v4_4/src

TRACE::2025-12-24.06:18:22::SCWMssOS::Running Make include in psu_cortexa53_0/libsrc/standalone_v9_2/src

TRACE::2025-12-24.06:18:22::SCWMssOS::make -C psu_cortexa53_0/libsrc/sdps_v4_4/src -s include  "SHELL=/bin/sh" "COMPILER=aarch64-none-elf-gcc" "ASSEMBLER=aarch64-non
TRACE::2025-12-24.06:18:22::SCWMssOS::e-elf-as" "ARCHIVER=aarch64-none-elf-ar" "COMPILER_FLAGS=  -O2 -c" "EXTRA_COMPILER_FLAGS=-g -Wall -Wextra -fno-tree-loop-distri
TRACE::2025-12-24.06:18:22::SCWMssOS::bute-patterns"

TRACE::2025-12-24.06:18:22::SCWMssOS::Running Make include in psu_cortexa53_0/libsrc/sysmonpsu_v3_0/src

TRACE::2025-12-24.06:18:22::SCWMssOS::make -C psu_cortexa53_0/libsrc/standalone_v9_2/src -s include  "SHELL=/bin/sh" "COMPILER=aarch64-none-elf-gcc" "ASSEMBLER=aarch
TRACE::2025-12-24.06:18:22::SCWMssOS::64-none-elf-as" "ARCHIVER=aarch64-none-elf-ar" "COMPILER_FLAGS=  -O2 -c" "EXTRA_COMPILER_FLAGS=-g -Wall -Wextra -fno-tree-loop-
TRACE::2025-12-24.06:18:22::SCWMssOS::distribute-patterns"

TRACE::2025-12-24.06:18:22::SCWMssOS::Running Make include in psu_cortexa53_0/libsrc/ttcps_v3_20/src

TRACE::2025-12-24.06:18:22::SCWMssOS::make -C psu_cortexa53_0/libsrc/sysmonpsu_v3_0/src -s include  "SHELL=/bin/sh" "COMPILER=aarch64-none-elf-gcc" "ASSEMBLER=aarch6
TRACE::2025-12-24.06:18:22::SCWMssOS::4-none-elf-as" "ARCHIVER=aarch64-none-elf-ar" "COMPILER_FLAGS=  -O2 -c" "EXTRA_COMPILER_FLAGS=-g -Wall -Wextra -fno-tree-loop-d
TRACE::2025-12-24.06:18:22::SCWMssOS::istribute-patterns"

TRACE::2025-12-24.06:18:22::SCWMssOS::Running Make include in psu_cortexa53_0/libsrc/uartps_v3_15/src

TRACE::2025-12-24.06:18:22::SCWMssOS::make -C psu_cortexa53_0/libsrc/ttcps_v3_20/src -s include  "SHELL=/bin/sh" "COMPILER=aarch64-none-elf-gcc" "ASSEMBLER=aarch64-n
TRACE::2025-12-24.06:18:22::SCWMssOS::one-elf-as" "ARCHIVER=aarch64-none-elf-ar" "COMPILER_FLAGS=  -O2 -c" "EXTRA_COMPILER_FLAGS=-g -Wall -Wextra -fno-tree-loop-dist
TRACE::2025-12-24.06:18:22::SCWMssOS::ribute-patterns"

TRACE::2025-12-24.06:18:22::SCWMssOS::make -C psu_cortexa53_0/libsrc/uartps_v3_15/src -s include  "SHELL=/bin/sh" "COMPILER=aarch64-none-elf-gcc" "ASSEMBLER=aarch64-
TRACE::2025-12-24.06:18:22::SCWMssOS::none-elf-as" "ARCHIVER=aarch64-none-elf-ar" "COMPILER_FLAGS=  -O2 -c" "EXTRA_COMPILER_FLAGS=-g -Wall -Wextra -fno-tree-loop-dis
TRACE::2025-12-24.06:18:22::SCWMssOS::tribute-patterns"

TRACE::2025-12-24.06:18:22::SCWMssOS::Running Make include in psu_cortexa53_0/libsrc/usbpsu_v1_16/src

TRACE::2025-12-24.06:18:22::SCWMssOS::make -C psu_cortexa53_0/libsrc/usbpsu_v1_16/src -s include  "SHELL=/bin/sh" "COMPILER=aarch64-none-elf-gcc" "ASSEMBLER=aarch64-
TRACE::2025-12-24.06:18:22::SCWMssOS::none-elf-as" "ARCHIVER=aarch64-none-elf-ar" "COMPILER_FLAGS=  -O2 -c" "EXTRA_COMPILER_FLAGS=-g -Wall -Wextra -fno-tree-loop-dis
TRACE::2025-12-24.06:18:22::SCWMssOS::tribute-patterns"

TRACE::2025-12-24.06:18:22::SCWMssOS::Running Make include in psu_cortexa53_0/libsrc/video_common_v4_16/src

TRACE::2025-12-24.06:18:22::SCWMssOS::make -C psu_cortexa53_0/libsrc/video_common_v4_16/src -s include  "SHELL=/bin/sh" "COMPILER=aarch64-none-elf-gcc" "ASSEMBLER=aa
TRACE::2025-12-24.06:18:22::SCWMssOS::rch64-none-elf-as" "ARCHIVER=aarch64-none-elf-ar" "COMPILER_FLAGS=  -O2 -c" "EXTRA_COMPILER_FLAGS=-g -Wall -Wextra -fno-tree-lo
TRACE::2025-12-24.06:18:22::SCWMssOS::op-distribute-patterns"

TRACE::2025-12-24.06:18:22::SCWMssOS::Running Make include in psu_cortexa53_0/libsrc/zdma_v1_19/src

TRACE::2025-12-24.06:18:22::SCWMssOS::make -C psu_cortexa53_0/libsrc/zdma_v1_19/src -s include  "SHELL=/bin/sh" "COMPILER=aarch64-none-elf-gcc" "ASSEMBLER=aarch64-no
TRACE::2025-12-24.06:18:22::SCWMssOS::ne-elf-as" "ARCHIVER=aarch64-none-elf-ar" "COMPILER_FLAGS=  -O2 -c" "EXTRA_COMPILER_FLAGS=-g -Wall -Wextra -fno-tree-loop-distr
TRACE::2025-12-24.06:18:22::SCWMssOS::ibute-patterns"

TRACE::2025-12-24.06:18:22::SCWMssOS::Running Make libs in psu_cortexa53_0/libsrc/axipmon_v6_11/src

TRACE::2025-12-24.06:18:22::SCWMssOS::make -C psu_cortexa53_0/libsrc/axipmon_v6_11/src -s libs  "SHELL=/bin/sh" "COMPILER=aarch64-none-elf-gcc" "ASSEMBLER=aarch64-no
TRACE::2025-12-24.06:18:22::SCWMssOS::ne-elf-as" "ARCHIVER=aarch64-none-elf-ar" "COMPILER_FLAGS=  -O2 -c" "EXTRA_COMPILER_FLAGS=-g -Wall -Wextra -fno-tree-loop-distr
TRACE::2025-12-24.06:18:22::SCWMssOS::ibute-patterns"

TRACE::2025-12-24.06:18:22::SCWMssOS::Running Make libs in psu_cortexa53_0/libsrc/bram_v4_11/src

TRACE::2025-12-24.06:18:22::SCWMssOS::make -C psu_cortexa53_0/libsrc/bram_v4_11/src -s libs  "SHELL=/bin/sh" "COMPILER=aarch64-none-elf-gcc" "ASSEMBLER=aarch64-none-
TRACE::2025-12-24.06:18:22::SCWMssOS::elf-as" "ARCHIVER=aarch64-none-elf-ar" "COMPILER_FLAGS=  -O2 -c" "EXTRA_COMPILER_FLAGS=-g -Wall -Wextra -fno-tree-loop-distribu
TRACE::2025-12-24.06:18:22::SCWMssOS::te-patterns"

TRACE::2025-12-24.06:18:22::SCWMssOS::Running Make libs in psu_cortexa53_0/libsrc/clockps_v1_6/src

TRACE::2025-12-24.06:18:22::SCWMssOS::make -C psu_cortexa53_0/libsrc/clockps_v1_6/src -s libs  "SHELL=/bin/sh" "COMPILER=aarch64-none-elf-gcc" "ASSEMBLER=aarch64-non
TRACE::2025-12-24.06:18:22::SCWMssOS::e-elf-as" "ARCHIVER=aarch64-none-elf-ar" "COMPILER_FLAGS=  -O2 -c" "EXTRA_COMPILER_FLAGS=-g -Wall -Wextra -fno-tree-loop-distri
TRACE::2025-12-24.06:18:22::SCWMssOS::bute-patterns"

TRACE::2025-12-24.06:18:22::SCWMssOS::Running Make libs in psu_cortexa53_0/libsrc/coresightps_dcc_v1_11/src

TRACE::2025-12-24.06:18:22::SCWMssOS::make -C psu_cortexa53_0/libsrc/coresightps_dcc_v1_11/src -s libs  "SHELL=/bin/sh" "COMPILER=aarch64-none-elf-gcc" "ASSEMBLER=aa
TRACE::2025-12-24.06:18:22::SCWMssOS::rch64-none-elf-as" "ARCHIVER=aarch64-none-elf-ar" "COMPILER_FLAGS=  -O2 -c" "EXTRA_COMPILER_FLAGS=-g -Wall -Wextra -fno-tree-lo
TRACE::2025-12-24.06:18:22::SCWMssOS::op-distribute-patterns"

TRACE::2025-12-24.06:18:22::SCWMssOS::Running Make libs in psu_cortexa53_0/libsrc/cpu_cortexa53_v2_1/src

TRACE::2025-12-24.06:18:22::SCWMssOS::make -C psu_cortexa53_0/libsrc/cpu_cortexa53_v2_1/src -s libs  "SHELL=/bin/sh" "COMPILER=aarch64-none-elf-gcc" "ASSEMBLER=aarch
TRACE::2025-12-24.06:18:22::SCWMssOS::64-none-elf-as" "ARCHIVER=aarch64-none-elf-ar" "COMPILER_FLAGS=  -O2 -c" "EXTRA_COMPILER_FLAGS=-g -Wall -Wextra -fno-tree-loop-
TRACE::2025-12-24.06:18:22::SCWMssOS::distribute-patterns"

TRACE::2025-12-24.06:18:22::SCWMssOS::Running Make libs in psu_cortexa53_0/libsrc/csudma_v1_16/src

TRACE::2025-12-24.06:18:22::SCWMssOS::Running Make libs in psu_cortexa53_0/libsrc/ddrcpsu_v1_7/src

TRACE::2025-12-24.06:18:22::SCWMssOS::make -C psu_cortexa53_0/libsrc/csudma_v1_16/src -s libs  "SHELL=/bin/sh" "COMPILER=aarch64-none-elf-gcc" "ASSEMBLER=aarch64-non
TRACE::2025-12-24.06:18:22::SCWMssOS::e-elf-as" "ARCHIVER=aarch64-none-elf-ar" "COMPILER_FLAGS=  -O2 -c" "EXTRA_COMPILER_FLAGS=-g -Wall -Wextra -fno-tree-loop-distri
TRACE::2025-12-24.06:18:22::SCWMssOS::bute-patterns"

TRACE::2025-12-24.06:18:22::SCWMssOS::make -C psu_cortexa53_0/libsrc/ddrcpsu_v1_7/src -s libs  "SHELL=/bin/sh" "COMPILER=aarch64-none-elf-gcc" "ASSEMBLER=aarch64-non
TRACE::2025-12-24.06:18:22::SCWMssOS::e-elf-as" "ARCHIVER=aarch64-none-elf-ar" "COMPILER_FLAGS=  -O2 -c" "EXTRA_COMPILER_FLAGS=-g -Wall -Wextra -fno-tree-loop-distri
TRACE::2025-12-24.06:18:22::SCWMssOS::bute-patterns"

TRACE::2025-12-24.06:18:22::SCWMssOS::Running Make libs in psu_cortexa53_0/libsrc/emacps_v3_21/src

TRACE::2025-12-24.06:18:22::SCWMssOS::make -C psu_cortexa53_0/libsrc/emacps_v3_21/src -s libs  "SHELL=/bin/sh" "COMPILER=aarch64-none-elf-gcc" "ASSEMBLER=aarch64-non
TRACE::2025-12-24.06:18:22::SCWMssOS::e-elf-as" "ARCHIVER=aarch64-none-elf-ar" "COMPILER_FLAGS=  -O2 -c" "EXTRA_COMPILER_FLAGS=-g -Wall -Wextra -fno-tree-loop-distri
TRACE::2025-12-24.06:18:22::SCWMssOS::bute-patterns"

TRACE::2025-12-24.06:18:22::SCWMssOS::Running Make libs in psu_cortexa53_0/libsrc/gpiops_v3_13/src

TRACE::2025-12-24.06:18:22::SCWMssOS::make -C psu_cortexa53_0/libsrc/gpiops_v3_13/src -s libs  "SHELL=/bin/sh" "COMPILER=aarch64-none-elf-gcc" "ASSEMBLER=aarch64-non
TRACE::2025-12-24.06:18:22::SCWMssOS::e-elf-as" "ARCHIVER=aarch64-none-elf-ar" "COMPILER_FLAGS=  -O2 -c" "EXTRA_COMPILER_FLAGS=-g -Wall -Wextra -fno-tree-loop-distri
TRACE::2025-12-24.06:18:22::SCWMssOS::bute-patterns"

TRACE::2025-12-24.06:18:22::SCWMssOS::Running Make libs in psu_cortexa53_0/libsrc/iicps_v3_20/src

TRACE::2025-12-24.06:18:22::SCWMssOS::make -C psu_cortexa53_0/libsrc/iicps_v3_20/src -s libs  "SHELL=/bin/sh" "COMPILER=aarch64-none-elf-gcc" "ASSEMBLER=aarch64-none
TRACE::2025-12-24.06:18:22::SCWMssOS::-elf-as" "ARCHIVER=aarch64-none-elf-ar" "COMPILER_FLAGS=  -O2 -c" "EXTRA_COMPILER_FLAGS=-g -Wall -Wextra -fno-tree-loop-distrib
TRACE::2025-12-24.06:18:22::SCWMssOS::ute-patterns"

TRACE::2025-12-24.06:18:22::SCWMssOS::Running Make libs in psu_cortexa53_0/libsrc/ipipsu_v2_16/src

TRACE::2025-12-24.06:18:22::SCWMssOS::Running Make libs in psu_cortexa53_0/libsrc/pciepsu_v2_0/src

TRACE::2025-12-24.06:18:22::SCWMssOS::make -C psu_cortexa53_0/libsrc/ipipsu_v2_16/src -s libs  "SHELL=/bin/sh" "COMPILER=aarch64-none-elf-gcc" "ASSEMBLER=aarch64-non
TRACE::2025-12-24.06:18:22::SCWMssOS::e-elf-as" "ARCHIVER=aarch64-none-elf-ar" "COMPILER_FLAGS=  -O2 -c" "EXTRA_COMPILER_FLAGS=-g -Wall -Wextra -fno-tree-loop-distri
TRACE::2025-12-24.06:18:22::SCWMssOS::bute-patterns"

TRACE::2025-12-24.06:18:22::SCWMssOS::make -C psu_cortexa53_0/libsrc/pciepsu_v2_0/src -s libs  "SHELL=/bin/sh" "COMPILER=aarch64-none-elf-gcc" "ASSEMBLER=aarch64-non
TRACE::2025-12-24.06:18:22::SCWMssOS::e-elf-as" "ARCHIVER=aarch64-none-elf-ar" "COMPILER_FLAGS=  -O2 -c" "EXTRA_COMPILER_FLAGS=-g -Wall -Wextra -fno-tree-loop-distri
TRACE::2025-12-24.06:18:22::SCWMssOS::bute-patterns"

TRACE::2025-12-24.06:18:22::SCWMssOS::Running Make libs in psu_cortexa53_0/libsrc/qspipsu_v1_20/src

TRACE::2025-12-24.06:18:22::SCWMssOS::make -C psu_cortexa53_0/libsrc/qspipsu_v1_20/src -s libs  "SHELL=/bin/sh" "COMPILER=aarch64-none-elf-gcc" "ASSEMBLER=aarch64-no
TRACE::2025-12-24.06:18:22::SCWMssOS::ne-elf-as" "ARCHIVER=aarch64-none-elf-ar" "COMPILER_FLAGS=  -O2 -c" "EXTRA_COMPILER_FLAGS=-g -Wall -Wextra -fno-tree-loop-distr
TRACE::2025-12-24.06:18:22::SCWMssOS::ibute-patterns"

TRACE::2025-12-24.06:18:22::SCWMssOS::Running Make libs in psu_cortexa53_0/libsrc/resetps_v1_7/src

TRACE::2025-12-24.06:18:22::SCWMssOS::make -C psu_cortexa53_0/libsrc/resetps_v1_7/src -s libs  "SHELL=/bin/sh" "COMPILER=aarch64-none-elf-gcc" "ASSEMBLER=aarch64-non
TRACE::2025-12-24.06:18:22::SCWMssOS::e-elf-as" "ARCHIVER=aarch64-none-elf-ar" "COMPILER_FLAGS=  -O2 -c" "EXTRA_COMPILER_FLAGS=-g -Wall -Wextra -fno-tree-loop-distri
TRACE::2025-12-24.06:18:22::SCWMssOS::bute-patterns"

TRACE::2025-12-24.06:18:22::SCWMssOS::Running Make libs in psu_cortexa53_0/libsrc/rtcpsu_v1_14/src

TRACE::2025-12-24.06:18:22::SCWMssOS::make -C psu_cortexa53_0/libsrc/rtcpsu_v1_14/src -s libs  "SHELL=/bin/sh" "COMPILER=aarch64-none-elf-gcc" "ASSEMBLER=aarch64-non
TRACE::2025-12-24.06:18:22::SCWMssOS::e-elf-as" "ARCHIVER=aarch64-none-elf-ar" "COMPILER_FLAGS=  -O2 -c" "EXTRA_COMPILER_FLAGS=-g -Wall -Wextra -fno-tree-loop-distri
TRACE::2025-12-24.06:18:22::SCWMssOS::bute-patterns"

TRACE::2025-12-24.06:18:22::SCWMssOS::Running Make libs in psu_cortexa53_0/libsrc/scugic_v5_4/src

TRACE::2025-12-24.06:18:22::SCWMssOS::make -C psu_cortexa53_0/libsrc/scugic_v5_4/src -s libs  "SHELL=/bin/sh" "COMPILER=aarch64-none-elf-gcc" "ASSEMBLER=aarch64-none
TRACE::2025-12-24.06:18:22::SCWMssOS::-elf-as" "ARCHIVER=aarch64-none-elf-ar" "COMPILER_FLAGS=  -O2 -c" "EXTRA_COMPILER_FLAGS=-g -Wall -Wextra -fno-tree-loop-distrib
TRACE::2025-12-24.06:18:22::SCWMssOS::ute-patterns"

TRACE::2025-12-24.06:18:22::SCWMssOS::Running Make libs in psu_cortexa53_0/libsrc/sdps_v4_4/src

TRACE::2025-12-24.06:18:22::SCWMssOS::make -C psu_cortexa53_0/libsrc/sdps_v4_4/src -s libs  "SHELL=/bin/sh" "COMPILER=aarch64-none-elf-gcc" "ASSEMBLER=aarch64-none-e
TRACE::2025-12-24.06:18:22::SCWMssOS::lf-as" "ARCHIVER=aarch64-none-elf-ar" "COMPILER_FLAGS=  -O2 -c" "EXTRA_COMPILER_FLAGS=-g -Wall -Wextra -fno-tree-loop-distribut
TRACE::2025-12-24.06:18:22::SCWMssOS::e-patterns"

TRACE::2025-12-24.06:18:22::SCWMssOS::Running Make libs in psu_cortexa53_0/libsrc/standalone_v9_2/src

TRACE::2025-12-24.06:18:22::SCWMssOS::make -C psu_cortexa53_0/libsrc/standalone_v9_2/src -s libs  "SHELL=/bin/sh" "COMPILER=aarch64-none-elf-gcc" "ASSEMBLER=aarch64-
TRACE::2025-12-24.06:18:22::SCWMssOS::none-elf-as" "ARCHIVER=aarch64-none-elf-ar" "COMPILER_FLAGS=  -O2 -c" "EXTRA_COMPILER_FLAGS=-g -Wall -Wextra -fno-tree-loop-dis
TRACE::2025-12-24.06:18:22::SCWMssOS::tribute-patterns"

TRACE::2025-12-24.06:18:22::SCWMssOS::Running Make libs in psu_cortexa53_0/libsrc/sysmonpsu_v3_0/src

TRACE::2025-12-24.06:18:22::SCWMssOS::make -C psu_cortexa53_0/libsrc/sysmonpsu_v3_0/src -s libs  "SHELL=/bin/sh" "COMPILER=aarch64-none-elf-gcc" "ASSEMBLER=aarch64-n
TRACE::2025-12-24.06:18:22::SCWMssOS::one-elf-as" "ARCHIVER=aarch64-none-elf-ar" "COMPILER_FLAGS=  -O2 -c" "EXTRA_COMPILER_FLAGS=-g -Wall -Wextra -fno-tree-loop-dist
TRACE::2025-12-24.06:18:22::SCWMssOS::ribute-patterns"

TRACE::2025-12-24.06:18:23::SCWMssOS::Running Make libs in psu_cortexa53_0/libsrc/ttcps_v3_20/src

TRACE::2025-12-24.06:18:23::SCWMssOS::make -C psu_cortexa53_0/libsrc/ttcps_v3_20/src -s libs  "SHELL=/bin/sh" "COMPILER=aarch64-none-elf-gcc" "ASSEMBLER=aarch64-none
TRACE::2025-12-24.06:18:23::SCWMssOS::-elf-as" "ARCHIVER=aarch64-none-elf-ar" "COMPILER_FLAGS=  -O2 -c" "EXTRA_COMPILER_FLAGS=-g -Wall -Wextra -fno-tree-loop-distrib
TRACE::2025-12-24.06:18:23::SCWMssOS::ute-patterns"

TRACE::2025-12-24.06:18:23::SCWMssOS::Running Make libs in psu_cortexa53_0/libsrc/uartps_v3_15/src

TRACE::2025-12-24.06:18:23::SCWMssOS::make -C psu_cortexa53_0/libsrc/uartps_v3_15/src -s libs  "SHELL=/bin/sh" "COMPILER=aarch64-none-elf-gcc" "ASSEMBLER=aarch64-non
TRACE::2025-12-24.06:18:23::SCWMssOS::e-elf-as" "ARCHIVER=aarch64-none-elf-ar" "COMPILER_FLAGS=  -O2 -c" "EXTRA_COMPILER_FLAGS=-g -Wall -Wextra -fno-tree-loop-distri
TRACE::2025-12-24.06:18:23::SCWMssOS::bute-patterns"

TRACE::2025-12-24.06:18:23::SCWMssOS::Running Make libs in psu_cortexa53_0/libsrc/usbpsu_v1_16/src

TRACE::2025-12-24.06:18:23::SCWMssOS::make -C psu_cortexa53_0/libsrc/usbpsu_v1_16/src -s libs  "SHELL=/bin/sh" "COMPILER=aarch64-none-elf-gcc" "ASSEMBLER=aarch64-non
TRACE::2025-12-24.06:18:23::SCWMssOS::e-elf-as" "ARCHIVER=aarch64-none-elf-ar" "COMPILER_FLAGS=  -O2 -c" "EXTRA_COMPILER_FLAGS=-g -Wall -Wextra -fno-tree-loop-distri
TRACE::2025-12-24.06:18:23::SCWMssOS::bute-patterns"

TRACE::2025-12-24.06:18:23::SCWMssOS::Running Make libs in psu_cortexa53_0/libsrc/video_common_v4_16/src

TRACE::2025-12-24.06:18:23::SCWMssOS::make -C psu_cortexa53_0/libsrc/video_common_v4_16/src -s libs  "SHELL=/bin/sh" "COMPILER=aarch64-none-elf-gcc" "ASSEMBLER=aarch
TRACE::2025-12-24.06:18:23::SCWMssOS::64-none-elf-as" "ARCHIVER=aarch64-none-elf-ar" "COMPILER_FLAGS=  -O2 -c" "EXTRA_COMPILER_FLAGS=-g -Wall -Wextra -fno-tree-loop-
TRACE::2025-12-24.06:18:23::SCWMssOS::distribute-patterns"

TRACE::2025-12-24.06:18:23::SCWMssOS::Running Make libs in psu_cortexa53_0/libsrc/zdma_v1_19/src

TRACE::2025-12-24.06:18:23::SCWMssOS::make -C psu_cortexa53_0/libsrc/zdma_v1_19/src -s libs  "SHELL=/bin/sh" "COMPILER=aarch64-none-elf-gcc" "ASSEMBLER=aarch64-none-
TRACE::2025-12-24.06:18:23::SCWMssOS::elf-as" "ARCHIVER=aarch64-none-elf-ar" "COMPILER_FLAGS=  -O2 -c" "EXTRA_COMPILER_FLAGS=-g -Wall -Wextra -fno-tree-loop-distribu
TRACE::2025-12-24.06:18:23::SCWMssOS::te-patterns"

TRACE::2025-12-24.06:18:23::SCWMssOS::Finished building libraries parallelly.

TRACE::2025-12-24.06:18:23::SCWMssOS::make --no-print-directory archive

TRACE::2025-12-24.06:18:23::SCWMssOS::aarch64-none-elf-ar -r  psu_cortexa53_0/lib/libxil.a psu_cortexa53_0/lib/_exit.o psu_cortexa53_0/lib/_open.o psu_cortexa53_0/li
TRACE::2025-12-24.06:18:23::SCWMssOS::b/_sbrk.o psu_cortexa53_0/lib/abort.o psu_cortexa53_0/lib/asm_vectors.o psu_cortexa53_0/lib/boot.o psu_cortexa53_0/lib/close.o 
TRACE::2025-12-24.06:18:23::SCWMssOS::psu_cortexa53_0/lib/cpputest_time.o psu_cortexa53_0/lib/errno.o psu_cortexa53_0/lib/fcntl.o psu_cortexa53_0/lib/fstat.o psu_cor
TRACE::2025-12-24.06:18:23::SCWMssOS::texa53_0/lib/getentropy.o psu_cortexa53_0/lib/getpid.o psu_cortexa53_0/lib/gettimeofday.o psu_cortexa53_0/lib/inbyte.o psu_cort
TRACE::2025-12-24.06:18:23::SCWMssOS::exa53_0/lib/initialise_monitor_handles.o psu_cortexa53_0/lib/isatty.o psu_cortexa53_0/lib/kill.o psu_cortexa53_0/lib/lseek.o ps
TRACE::2025-12-24.06:18:23::SCWMssOS::u_cortexa53_0/lib/open.o psu_cortexa53_0/lib/outbyte.o psu_cortexa53_0/lib/print.o psu_cortexa53_0/lib/putnum.o psu_cortexa53_0
TRACE::2025-12-24.06:18:23::SCWMssOS::/lib/read.o psu_cortexa53_0/lib/sbrk.o psu_cortexa53_0/lib/sleep.o psu_cortexa53_0/lib/time.o psu_cortexa53_0/lib/translation_t
TRACE::2025-12-24.06:18:23::SCWMssOS::able.o psu_cortexa53_0/lib/unlink.o psu_cortexa53_0/lib/vectors.o psu_cortexa53_0/lib/write.o psu_cortexa53_0/lib/xaxipmon.o ps
TRACE::2025-12-24.06:18:23::SCWMssOS::u_cortexa53_0/lib/xaxipmon_g.o psu_cortexa53_0/lib/xaxipmon_selftest.o psu_cortexa53_0/lib/xaxipmon_sinit.o psu_cortexa53_0/lib
TRACE::2025-12-24.06:18:23::SCWMssOS::/xbram.o psu_cortexa53_0/lib/xbram_g.o psu_cortexa53_0/lib/xbram_intr.o psu_cortexa53_0/lib/xbram_selftest.o psu_cortexa53_0/li
TRACE::2025-12-24.06:18:23::SCWMssOS::b/xbram_sinit.o psu_cortexa53_0/lib/xclockps.o psu_cortexa53_0/lib/xclockps_divider.o psu_cortexa53_0/lib/xclockps_fixedfactor.
TRACE::2025-12-24.06:18:23::SCWMssOS::o psu_cortexa53_0/lib/xclockps_g.o psu_cortexa53_0/lib/xclockps_gate.o psu_cortexa53_0/lib/xclockps_mux.o psu_cortexa53_0/lib/x
TRACE::2025-12-24.06:18:23::SCWMssOS::clockps_pll.o psu_cortexa53_0/lib/xclockps_sinit.o psu_cortexa53_0/lib/xcoresightpsdcc.o psu_cortexa53_0/lib/xcsudma.o psu_cort
TRACE::2025-12-24.06:18:23::SCWMssOS::exa53_0/lib/xcsudma_g.o psu_cortexa53_0/lib/xcsudma_intr.o psu_cortexa53_0/lib/xcsudma_selftest.o psu_cortexa53_0/lib/xcsudma_s
TRACE::2025-12-24.06:18:23::SCWMssOS::init.o psu_cortexa53_0/lib/xdata_mover.o psu_cortexa53_0/lib/xdata_mover_g.o psu_cortexa53_0/lib/xdata_mover_linux.o psu_cortex
TRACE::2025-12-24.06:18:23::SCWMssOS::a53_0/lib/xdata_mover_sinit.o psu_cortexa53_0/lib/xddrcpsu.o psu_cortexa53_0/lib/xddrcpsu_sinit.o psu_cortexa53_0/lib/xemacps.o
TRACE::2025-12-24.06:18:23::SCWMssOS:: psu_cortexa53_0/lib/xemacps_bdring.o psu_cortexa53_0/lib/xemacps_control.o psu_cortexa53_0/lib/xemacps_g.o psu_cortexa53_0/lib
TRACE::2025-12-24.06:18:23::SCWMssOS::/xemacps_hw.o psu_cortexa53_0/lib/xemacps_intr.o psu_cortexa53_0/lib/xemacps_sinit.o psu_cortexa53_0/lib/xgpiops.o psu_cortexa5
TRACE::2025-12-24.06:18:23::SCWMssOS::3_0/lib/xgpiops_g.o psu_cortexa53_0/lib/xgpiops_hw.o psu_cortexa53_0/lib/xgpiops_intr.o psu_cortexa53_0/lib/xgpiops_selftest.o 
TRACE::2025-12-24.06:18:23::SCWMssOS::psu_cortexa53_0/lib/xgpiops_sinit.o psu_cortexa53_0/lib/xiicps.o psu_cortexa53_0/lib/xiicps_g.o psu_cortexa53_0/lib/xiicps_hw.o
TRACE::2025-12-24.06:18:23::SCWMssOS:: psu_cortexa53_0/lib/xiicps_intr.o psu_cortexa53_0/lib/xiicps_master.o psu_cortexa53_0/lib/xiicps_options.o psu_cortexa53_0/lib
TRACE::2025-12-24.06:18:23::SCWMssOS::/xiicps_selftest.o psu_cortexa53_0/lib/xiicps_sinit.o psu_cortexa53_0/lib/xiicps_slave.o psu_cortexa53_0/lib/xiicps_xfer.o psu_
TRACE::2025-12-24.06:18:23::SCWMssOS::cortexa53_0/lib/xil-crt0.o psu_cortexa53_0/lib/xil_assert.o psu_cortexa53_0/lib/xil_cache.o psu_cortexa53_0/lib/xil_clocking.o 
TRACE::2025-12-24.06:18:23::SCWMssOS::psu_cortexa53_0/lib/xil_exception.o psu_cortexa53_0/lib/xil_mem.o psu_cortexa53_0/lib/xil_mmu.o psu_cortexa53_0/lib/xil_printf.
TRACE::2025-12-24.06:18:23::SCWMssOS::o psu_cortexa53_0/lib/xil_sleepcommon.o psu_cortexa53_0/lib/xil_sleeptimer.o psu_cortexa53_0/lib/xil_smc.o psu_cortexa53_0/lib/
TRACE::2025-12-24.06:18:23::SCWMssOS::xil_spinlock.o psu_cortexa53_0/lib/xil_sutil.o psu_cortexa53_0/lib/xil_testcache.o psu_cortexa53_0/lib/xil_testio.o psu_cortexa
TRACE::2025-12-24.06:18:23::SCWMssOS::53_0/lib/xil_testmem.o psu_cortexa53_0/lib/xil_util.o psu_cortexa53_0/lib/xinterrupt_wrap.o psu_cortexa53_0/lib/xipipsu.o psu_c
TRACE::2025-12-24.06:18:23::SCWMssOS::ortexa53_0/lib/xipipsu_buf.o psu_cortexa53_0/lib/xipipsu_g.o psu_cortexa53_0/lib/xipipsu_helper.o psu_cortexa53_0/lib/xipipsu_s
TRACE::2025-12-24.06:18:23::SCWMssOS::init.o psu_cortexa53_0/lib/xpciepsu.o psu_cortexa53_0/lib/xpciepsu_caps.o psu_cortexa53_0/lib/xpciepsu_ep.o psu_cortexa53_0/lib
TRACE::2025-12-24.06:18:23::SCWMssOS::/xpciepsu_g.o psu_cortexa53_0/lib/xpciepsu_sinit.o psu_cortexa53_0/lib/xplatform_info.o psu_cortexa53_0/lib/xpm_counter.o psu_c
TRACE::2025-12-24.06:18:23::SCWMssOS::ortexa53_0/lib/xpm_init.o psu_cortexa53_0/lib/xqspipsu.o psu_cortexa53_0/lib/xqspipsu_control.o psu_cortexa53_0/lib/xqspipsu_g.
TRACE::2025-12-24.06:18:23::SCWMssOS::o psu_cortexa53_0/lib/xqspipsu_hw.o psu_cortexa53_0/lib/xqspipsu_options.o psu_cortexa53_0/lib/xqspipsu_sinit.o psu_cortexa53_0
TRACE::2025-12-24.06:18:23::SCWMssOS::/lib/xqspipsu_xfer.o psu_cortexa53_0/lib/xresetps.o psu_cortexa53_0/lib/xresetps_g.o psu_cortexa53_0/lib/xresetps_sinit.o psu_c
TRACE::2025-12-24.06:18:23::SCWMssOS::ortexa53_0/lib/xrtcpsu.o psu_cortexa53_0/lib/xrtcpsu_g.o psu_cortexa53_0/lib/xrtcpsu_intr.o psu_cortexa53_0/lib/xrtcpsu_selftes
TRACE::2025-12-24.06:18:23::SCWMssOS::t.o psu_cortexa53_0/lib/xrtcpsu_sinit.o psu_cortexa53_0/lib/xscugic.o psu_cortexa53_0/lib/xscugic_g.o psu_cortexa53_0/lib/xscug
TRACE::2025-12-24.06:18:23::SCWMssOS::ic_hw.o psu_cortexa53_0/lib/xscugic_intr.o psu_cortexa53_0/lib/xscugic_selftest.o psu_cortexa53_0/lib/xscugic_sinit.o psu_corte
TRACE::2025-12-24.06:18:23::SCWMssOS::xa53_0/lib/xsdps.o psu_cortexa53_0/lib/xsdps_card.o psu_cortexa53_0/lib/xsdps_g.o psu_cortexa53_0/lib/xsdps_host.o psu_cortexa5
TRACE::2025-12-24.06:18:23::SCWMssOS::3_0/lib/xsdps_options.o psu_cortexa53_0/lib/xsdps_sinit.o psu_cortexa53_0/lib/xsysmonpsu.o psu_cortexa53_0/lib/xsysmonpsu_g.o p
TRACE::2025-12-24.06:18:23::SCWMssOS::su_cortexa53_0/lib/xsysmonpsu_intr.o psu_cortexa53_0/lib/xsysmonpsu_selftest.o psu_cortexa53_0/lib/xsysmonpsu_sinit.o psu_corte
TRACE::2025-12-24.06:18:23::SCWMssOS::xa53_0/lib/xtime_l.o psu_cortexa53_0/lib/xttcps.o psu_cortexa53_0/lib/xttcps_g.o psu_cortexa53_0/lib/xttcps_options.o psu_corte
TRACE::2025-12-24.06:18:23::SCWMssOS::xa53_0/lib/xttcps_selftest.o psu_cortexa53_0/lib/xttcps_sinit.o psu_cortexa53_0/lib/xuartps.o psu_cortexa53_0/lib/xuartps_g.o p
TRACE::2025-12-24.06:18:23::SCWMssOS::su_cortexa53_0/lib/xuartps_hw.o psu_cortexa53_0/lib/xuartps_intr.o psu_cortexa53_0/lib/xuartps_options.o psu_cortexa53_0/lib/xu
TRACE::2025-12-24.06:18:23::SCWMssOS::artps_selftest.o psu_cortexa53_0/lib/xuartps_sinit.o psu_cortexa53_0/lib/xusbpsu.o psu_cortexa53_0/lib/xusbpsu_command.o psu_co
TRACE::2025-12-24.06:18:23::SCWMssOS::rtexa53_0/lib/xusbpsu_controltransfers.o psu_cortexa53_0/lib/xusbpsu_device.o psu_cortexa53_0/lib/xusbpsu_endpoint.o psu_cortex
TRACE::2025-12-24.06:18:23::SCWMssOS::a53_0/lib/xusbpsu_ep0handler.o psu_cortexa53_0/lib/xusbpsu_ephandler.o psu_cortexa53_0/lib/xusbpsu_event.o psu_cortexa53_0/lib/
TRACE::2025-12-24.06:18:23::SCWMssOS::xusbpsu_g.o psu_cortexa53_0/lib/xusbpsu_hibernation.o psu_cortexa53_0/lib/xusbpsu_intr.o psu_cortexa53_0/lib/xusbpsu_sinit.o ps
TRACE::2025-12-24.06:18:23::SCWMssOS::u_cortexa53_0/lib/xvidc.o psu_cortexa53_0/lib/xvidc_edid.o psu_cortexa53_0/lib/xvidc_edid_ext.o psu_cortexa53_0/lib/xvidc_parse
TRACE::2025-12-24.06:18:23::SCWMssOS::_edid.o psu_cortexa53_0/lib/xvidc_timings_table.o psu_cortexa53_0/lib/xzdma.o psu_cortexa53_0/lib/xzdma_g.o psu_cortexa53_0/lib
TRACE::2025-12-24.06:18:23::SCWMssOS::/xzdma_intr.o psu_cortexa53_0/lib/xzdma_selftest.o psu_cortexa53_0/lib/xzdma_sinit.o

TRACE::2025-12-24.06:18:23::SCWMssOS::Finished building libraries

TRACE::2025-12-24.06:18:23::SCWMssOS::Copying to export directory.
TRACE::2025-12-24.06:18:23::SCWMssOS:: Checking if to create the Supporting Applications
TRACE::2025-12-24.06:18:23::SCWMssOS:: No Linux domain exists, trying to generate FSBL 
LOG::2025-12-24.06:18:23::SCWSystem::Completed Processing the domain standalone_domain
LOG::2025-12-24.06:18:23::SCWSystem::Completed Processing the sysconfig full_system_v0
LOG::2025-12-24.06:18:23::SCWPlatform::Completed generating the artifacts for system configuration full_system_v0
TRACE::2025-12-24.06:18:23::SCWPlatform::Started preparing the platform 
TRACE::2025-12-24.06:18:23::SCWSystem::Writing the bif file for system config full_system_v0
TRACE::2025-12-24.06:18:23::SCWSystem::dir created 
TRACE::2025-12-24.06:18:23::SCWSystem::Writing the bif 
TRACE::2025-12-24.06:18:23::SCWPlatform::Started writing the spfm file 
TRACE::2025-12-24.06:18:23::SCWPlatform::Started writing the xpfm file 
TRACE::2025-12-24.06:18:23::SCWPlatform::Completed generating the platform
TRACE::2025-12-24.06:18:23::SCWMssOS::Saving the mss changes /home/zhou/Desktop/validation_1/vitis/full_system_v0/zynqmp_fsbl/zynqmp_fsbl_bsp/system.mss
TRACE::2025-12-24.06:18:23::SCWMssOS::Found a swdesign opened with the mssfile.
TRACE::2025-12-24.06:18:23::SCWMssOS::Completed writemss as part of save.
TRACE::2025-12-24.06:18:23::SCWMssOS::Commit changes completed.
TRACE::2025-12-24.06:18:23::SCWMssOS::Saving the mss changes /home/zhou/Desktop/validation_1/vitis/full_system_v0/zynqmp_pmufw/zynqmp_pmufw_bsp/system.mss
TRACE::2025-12-24.06:18:23::SCWMssOS::Found a swdesign opened with the mssfile.
TRACE::2025-12-24.06:18:23::SCWMssOS::Completed writemss as part of save.
TRACE::2025-12-24.06:18:23::SCWMssOS::Commit changes completed.
TRACE::2025-12-24.06:18:23::SCWMssOS::Saving the mss changes /home/zhou/Desktop/validation_1/vitis/full_system_v0/psu_cortexa53_0/standalone_domain/bsp/system.mss
TRACE::2025-12-24.06:18:23::SCWMssOS::Found a swdesign opened with the mssfile.
TRACE::2025-12-24.06:18:23::SCWMssOS::Completed writemss as part of save.
TRACE::2025-12-24.06:18:23::SCWMssOS::Commit changes completed.
TRACE::2025-12-24.06:18:23::SCWPlatform::Trying to open the hw design at /home/zhou/Desktop/validation_1/vitis/full_system_v0/hw/new_system_v0_wrapper.xsa
TRACE::2025-12-24.06:18:23::SCWPlatform::DSA given /home/zhou/Desktop/validation_1/vitis/full_system_v0/hw/new_system_v0_wrapper.xsa
TRACE::2025-12-24.06:18:23::SCWPlatform::DSA absoulate path /home/zhou/Desktop/validation_1/vitis/full_system_v0/hw/new_system_v0_wrapper.xsa
TRACE::2025-12-24.06:18:23::SCWPlatform::DSA directory /home/zhou/Desktop/validation_1/vitis/full_system_v0/hw
TRACE::2025-12-24.06:18:23::SCWPlatform:: Platform Path /home/zhou/Desktop/validation_1/vitis/full_system_v0/hw/new_system_v0_wrapper.xsa
TRACE::2025-12-24.06:18:23::SCWPlatform:: Unique name xilinx:::0.0
TRACE::2025-12-24.06:18:23::SCWPlatform::Trying to set the existing hwdb with name gemm_v0_wrapper_2
TRACE::2025-12-24.06:18:23::SCWPlatform::Opened existing hwdb gemm_v0_wrapper_2
TRACE::2025-12-24.06:18:23::SCWPlatform::Found the Hw Db part of the input DSA
TRACE::2025-12-24.06:18:23::SCWMssOS::Checking the sw design at  /home/zhou/Desktop/validation_1/vitis/full_system_v0/zynqmp_fsbl/zynqmp_fsbl_bsp/system.mss
TRACE::2025-12-24.06:18:23::SCWMssOS::DEBUG:  swdes dump  /home/zhou/Desktop/validation_1/vitis/full_system_v0/psu_cortexa53_0/standalone_domain/bsp/system.mss|system_1||
/home/zhou/Desktop/validation_1/vitis/full_system_v0/zynqmp_fsbl/zynqmp_fsbl_bsp/system.mss|system||
/home/zhou/Desktop/validation_1/vitis/full_system_v0/zynqmp_pmufw/zynqmp_pmufw_bsp/system.mss|system_0||

TRACE::2025-12-24.06:18:23::SCWMssOS::Sw design exists and opened at  /home/zhou/Desktop/validation_1/vitis/full_system_v0/zynqmp_fsbl/zynqmp_fsbl_bsp/system.mss
TRACE::2025-12-24.06:18:23::SCWPlatform::Trying to open the hw design at /home/zhou/Desktop/validation_1/vitis/full_system_v0/hw/new_system_v0_wrapper.xsa
TRACE::2025-12-24.06:18:23::SCWPlatform::DSA given /home/zhou/Desktop/validation_1/vitis/full_system_v0/hw/new_system_v0_wrapper.xsa
TRACE::2025-12-24.06:18:23::SCWPlatform::DSA absoulate path /home/zhou/Desktop/validation_1/vitis/full_system_v0/hw/new_system_v0_wrapper.xsa
TRACE::2025-12-24.06:18:23::SCWPlatform::DSA directory /home/zhou/Desktop/validation_1/vitis/full_system_v0/hw
TRACE::2025-12-24.06:18:23::SCWPlatform:: Platform Path /home/zhou/Desktop/validation_1/vitis/full_system_v0/hw/new_system_v0_wrapper.xsa
TRACE::2025-12-24.06:18:23::SCWPlatform:: Unique name xilinx:::0.0
TRACE::2025-12-24.06:18:23::SCWPlatform::Trying to set the existing hwdb with name gemm_v0_wrapper_2
TRACE::2025-12-24.06:18:23::SCWPlatform::Opened existing hwdb gemm_v0_wrapper_2
TRACE::2025-12-24.06:18:23::SCWPlatform::Found the Hw Db part of the input DSA
TRACE::2025-12-24.06:18:23::SCWMssOS::Checking the sw design at  /home/zhou/Desktop/validation_1/vitis/full_system_v0/zynqmp_pmufw/zynqmp_pmufw_bsp/system.mss
TRACE::2025-12-24.06:18:23::SCWMssOS::DEBUG:  swdes dump  /home/zhou/Desktop/validation_1/vitis/full_system_v0/psu_cortexa53_0/standalone_domain/bsp/system.mss|system_1||
/home/zhou/Desktop/validation_1/vitis/full_system_v0/zynqmp_fsbl/zynqmp_fsbl_bsp/system.mss|system||
/home/zhou/Desktop/validation_1/vitis/full_system_v0/zynqmp_pmufw/zynqmp_pmufw_bsp/system.mss|system_0||

TRACE::2025-12-24.06:18:23::SCWMssOS::Sw design exists and opened at  /home/zhou/Desktop/validation_1/vitis/full_system_v0/zynqmp_pmufw/zynqmp_pmufw_bsp/system.mss
TRACE::2025-12-24.06:18:23::SCWPlatform::Trying to open the hw design at /home/zhou/Desktop/validation_1/vitis/full_system_v0/hw/new_system_v0_wrapper.xsa
TRACE::2025-12-24.06:18:23::SCWPlatform::DSA given /home/zhou/Desktop/validation_1/vitis/full_system_v0/hw/new_system_v0_wrapper.xsa
TRACE::2025-12-24.06:18:23::SCWPlatform::DSA absoulate path /home/zhou/Desktop/validation_1/vitis/full_system_v0/hw/new_system_v0_wrapper.xsa
TRACE::2025-12-24.06:18:23::SCWPlatform::DSA directory /home/zhou/Desktop/validation_1/vitis/full_system_v0/hw
TRACE::2025-12-24.06:18:23::SCWPlatform:: Platform Path /home/zhou/Desktop/validation_1/vitis/full_system_v0/hw/new_system_v0_wrapper.xsa
TRACE::2025-12-24.06:18:23::SCWPlatform:: Unique name xilinx:::0.0
TRACE::2025-12-24.06:18:23::SCWPlatform::Trying to set the existing hwdb with name gemm_v0_wrapper_2
TRACE::2025-12-24.06:18:23::SCWPlatform::Opened existing hwdb gemm_v0_wrapper_2
TRACE::2025-12-24.06:18:23::SCWPlatform::Found the Hw Db part of the input DSA
TRACE::2025-12-24.06:18:23::SCWMssOS::Checking the sw design at  /home/zhou/Desktop/validation_1/vitis/full_system_v0/psu_cortexa53_0/standalone_domain/bsp/system.mss
TRACE::2025-12-24.06:18:23::SCWMssOS::DEBUG:  swdes dump  /home/zhou/Desktop/validation_1/vitis/full_system_v0/psu_cortexa53_0/standalone_domain/bsp/system.mss|system_1||
/home/zhou/Desktop/validation_1/vitis/full_system_v0/zynqmp_fsbl/zynqmp_fsbl_bsp/system.mss|system||
/home/zhou/Desktop/validation_1/vitis/full_system_v0/zynqmp_pmufw/zynqmp_pmufw_bsp/system.mss|system_0||

TRACE::2025-12-24.06:18:23::SCWMssOS::Sw design exists and opened at  /home/zhou/Desktop/validation_1/vitis/full_system_v0/psu_cortexa53_0/standalone_domain/bsp/system.mss
TRACE::2025-12-24.06:18:23::SCWWriter::formatted JSON is {
	"platformName":	"full_system_v0",
	"sprVersion":	"2.0",
	"mode":	"gui",
	"dsaType":	"Fixed",
	"platformDesc":	"full_system_v0",
	"platHandOff":	"/home/zhou/Desktop/validation_1/vitis/new_system_v0_wrapper.xsa",
	"platIntHandOff":	"<platformDir>/hw/new_system_v0_wrapper.xsa",
	"deviceType":	"zynqMP",
	"platIsPrebuiltAutogen":	"false",
	"platIsNoBootBsp":	"false",
	"platFsblTarget":	"psu_cortexa53_0",
	"hasFsblMakeHasChanges":	"false",
	"hasPmufwMakeHasChanges":	"false",
	"fsblExtraCompilerFlags":	"-MMD -MP      -Wall -fmessage-length=0 -DARMA53_64 -Os -flto -ffat-lto-objects  ",
	"pmufwExtraCompilerFlags":	"-MMD -MP      -mlittle-endian -mxl-barrel-shift -mxl-pattern-compare -mcpu=v9.2 -mxl-soft-mul -Os -flto -ffat-lto-objects  ",
	"platPreBuiltFlag":	false,
	"platformSamplesDir":	"",
	"platActiveSys":	"full_system_v0",
	"systems":	[{
			"systemName":	"full_system_v0",
			"systemDesc":	"full_system_v0",
			"sysIsBootAutoGen":	"true",
			"systemDispName":	"full_system_v0",
			"sysActiveDom":	"standalone_domain",
			"sysDefaultDom":	"standalone_domain",
			"domains":	[{
					"domainName":	"zynqmp_fsbl",
					"domainDispName":	"zynqmp_fsbl",
					"domainDesc":	"FSBL Application BSP - Auto Generated.",
					"processors":	"psu_cortexa53_0",
					"os":	"standalone",
					"sdxOs":	"standalone",
					"debugEnable":	"",
					"domRuntimes":	["cpp"],
					"swRepo":	"",
					"mssOsVer":	"9.2",
					"mssFile":	"",
					"md5Digest":	"0563630c5429eb64395820372b32e638",
					"compatibleApp":	"zynqmp_fsbl",
					"domType":	"bootDomain",
					"arch":	"64-bit",
					"appSettings":	{
						"appCompilerFlags":	"",
						"appLinkerFlags":	""
					},
					"addedLibs":	["xilffs:5.3", "xilsecure:5.4", "xilpm:5.3"],
					"libOptions":	{
						"standalone":	{
							"zynqmp_fsbl_bsp":	"true",
							"libOptionNames":	["zynqmp_fsbl_bsp"]
						},
						"xilffs":	{
							"read_only":	"true",
							"use_mkfs":	"false",
							"libOptionNames":	["read_only", "use_mkfs"]
						},
						"xilsecure":	{
							"tpm_support":	"true",
							"libOptionNames":	["tpm_support"]
						},
						"libsContainingOptions":	["standalone", "xilffs", "xilsecure"]
					},
					"prebuiltLibs":	{
						"prebuiltIncPath":	[],
						"prebuiltLibPath":	[]
					},
					"isolation":	{
					}
				}, {
					"domainName":	"zynqmp_pmufw",
					"domainDispName":	"zynqmp_pmufw",
					"domainDesc":	"PMUFW Application BSP - Auto Generated.",
					"processors":	"psu_pmu_0",
					"os":	"standalone",
					"sdxOs":	"standalone",
					"debugEnable":	"",
					"domRuntimes":	["cpp"],
					"swRepo":	"",
					"mssOsVer":	"9.2",
					"mssFile":	"",
					"md5Digest":	"068ac74865b8e7e98159ae2e0d07fe64",
					"compatibleApp":	"zynqmp_pmufw",
					"domType":	"bootDomain",
					"arch":	"32-bit",
					"appSettings":	{
						"appCompilerFlags":	"",
						"appLinkerFlags":	""
					},
					"addedLibs":	["xilfpga:6.7", "xilsecure:5.4", "xilskey:7.6"],
					"libOptions":	{
						"psu_pmu_0":	{
							"extra_compiler_flags":	"-g -ffunction-sections -fdata-sections -Wall -Wextra -fno-tree-loop-distribute-patterns  -Os -flto -ffat-lto-objects",
							"libOptionNames":	["extra_compiler_flags"]
						},
						"libsContainingOptions":	["psu_pmu_0"]
					},
					"prebuiltLibs":	{
						"prebuiltIncPath":	[],
						"prebuiltLibPath":	[]
					},
					"isolation":	{
					}
				}, {
					"domainName":	"standalone_domain",
					"domainDispName":	"standalone on psu_cortexa53_0",
					"domainDesc":	"standalone_domain",
					"processors":	"psu_cortexa53_0",
					"os":	"standalone",
					"sdxOs":	"standalone",
					"qemuArgs":	"<platformDir>/resources/full_system_v0/standalone_domain/qemu_args.txt",
					"qemuData":	"<platformDir>/resources/full_system_v0/standalone_domain/qemu",
					"pmuQemuArgs":	"<platformDir>/resources/full_system_v0/standalone_domain/pmu_args.txt",
					"debugEnable":	"False",
					"domRuntimes":	["cpp"],
					"swRepo":	"",
					"mssOsVer":	"9.2",
					"mssFile":	"",
					"md5Digest":	"060eb99cc0d4ae4931ea62d99759d4f1",
					"compatibleApp":	"",
					"domType":	"mssDomain",
					"arch":	"64-bit",
					"appSettings":	{
						"appCompilerFlags":	"",
						"appLinkerFlags":	""
					},
					"addedLibs":	[],
					"libOptions":	{
						"libsContainingOptions":	[]
					},
					"prebuiltLibs":	{
						"prebuiltIncPath":	[],
						"prebuiltLibPath":	[]
					},
					"isolation":	{
					}
				}]
		}]
}
KEYINFO::2025-12-24.06:18:23::SCWPlatform::updated the xpfm file.
TRACE::2025-12-24.06:18:24::SCWPlatform::Trying to open the hw design at /home/zhou/Desktop/validation_1/vitis/full_system_v0/hw/new_system_v0_wrapper.xsa
TRACE::2025-12-24.06:18:24::SCWPlatform::DSA given /home/zhou/Desktop/validation_1/vitis/full_system_v0/hw/new_system_v0_wrapper.xsa
TRACE::2025-12-24.06:18:24::SCWPlatform::DSA absoulate path /home/zhou/Desktop/validation_1/vitis/full_system_v0/hw/new_system_v0_wrapper.xsa
TRACE::2025-12-24.06:18:24::SCWPlatform::DSA directory /home/zhou/Desktop/validation_1/vitis/full_system_v0/hw
TRACE::2025-12-24.06:18:24::SCWPlatform:: Platform Path /home/zhou/Desktop/validation_1/vitis/full_system_v0/hw/new_system_v0_wrapper.xsa
TRACE::2025-12-24.06:18:24::SCWPlatform:: Unique name xilinx:::0.0
TRACE::2025-12-24.06:18:24::SCWPlatform::Trying to set the existing hwdb with name gemm_v0_wrapper_2
TRACE::2025-12-24.06:18:24::SCWPlatform::Opened existing hwdb gemm_v0_wrapper_2
TRACE::2025-12-24.06:18:24::SCWPlatform::Found the Hw Db part of the input DSA
TRACE::2025-12-24.06:18:24::SCWMssOS::Checking the sw design at  /home/zhou/Desktop/validation_1/vitis/full_system_v0/psu_cortexa53_0/standalone_domain/bsp/system.mss
TRACE::2025-12-24.06:18:24::SCWMssOS::DEBUG:  swdes dump  /home/zhou/Desktop/validation_1/vitis/full_system_v0/psu_cortexa53_0/standalone_domain/bsp/system.mss|system_1||
/home/zhou/Desktop/validation_1/vitis/full_system_v0/zynqmp_fsbl/zynqmp_fsbl_bsp/system.mss|system||
/home/zhou/Desktop/validation_1/vitis/full_system_v0/zynqmp_pmufw/zynqmp_pmufw_bsp/system.mss|system_0||

TRACE::2025-12-24.06:18:24::SCWMssOS::Sw design exists and opened at  /home/zhou/Desktop/validation_1/vitis/full_system_v0/psu_cortexa53_0/standalone_domain/bsp/system.mss
TRACE::2025-12-25.07:36:08::SCWPlatform::Trying to open the hw design at /home/zhou/Desktop/validation_1/vitis/full_system_v0/hw/new_system_v0_wrapper.xsa
TRACE::2025-12-25.07:36:08::SCWPlatform::DSA given /home/zhou/Desktop/validation_1/vitis/full_system_v0/hw/new_system_v0_wrapper.xsa
TRACE::2025-12-25.07:36:08::SCWPlatform::DSA absoulate path /home/zhou/Desktop/validation_1/vitis/full_system_v0/hw/new_system_v0_wrapper.xsa
TRACE::2025-12-25.07:36:08::SCWPlatform::DSA directory /home/zhou/Desktop/validation_1/vitis/full_system_v0/hw
TRACE::2025-12-25.07:36:08::SCWPlatform:: Platform Path /home/zhou/Desktop/validation_1/vitis/full_system_v0/hw/new_system_v0_wrapper.xsa
TRACE::2025-12-25.07:36:08::SCWPlatform:: Unique name xilinx:::0.0
TRACE::2025-12-25.07:36:08::SCWPlatform::Do not have an existing db opened. 
TRACE::2025-12-25.07:36:37::SCWPlatform::Opened new HwDB with name gemm_v0_wrapper_4
TRACE::2025-12-25.07:36:37::SCWReader::Active system found as  full_system_v0
TRACE::2025-12-25.07:36:37::SCWReader::Handling sysconfig full_system_v0
TRACE::2025-12-25.07:36:37::SCWDomain::checking for install qemu data   : 
TRACE::2025-12-25.07:36:37::SCWDomain:: Using the QEMU Data from install at  : /tools/Xilinx/Vitis/2024.2/data/emulation/platforms/zynqmp/sw/a53_standalone/qemu/
TRACE::2025-12-25.07:36:37::SCWDomain:: Using the QEMU args  from install at  : /tools/Xilinx/Vitis/2024.2/data/emulation/platforms/zynqmp/sw/a53_standalone/qemu/qemu_args.txt
TRACE::2025-12-25.07:36:37::SCWDomain:: Using the PMUQEMU args from install at  : /tools/Xilinx/Vitis/2024.2/data/emulation/platforms/zynqmp/sw/a53_standalone/qemu/pmu_args.txt
TRACE::2025-12-25.07:36:37::SCWPlatform::Trying to open the hw design at /home/zhou/Desktop/validation_1/vitis/full_system_v0/hw/new_system_v0_wrapper.xsa
TRACE::2025-12-25.07:36:37::SCWPlatform::DSA given /home/zhou/Desktop/validation_1/vitis/full_system_v0/hw/new_system_v0_wrapper.xsa
TRACE::2025-12-25.07:36:37::SCWPlatform::DSA absoulate path /home/zhou/Desktop/validation_1/vitis/full_system_v0/hw/new_system_v0_wrapper.xsa
TRACE::2025-12-25.07:36:37::SCWPlatform::DSA directory /home/zhou/Desktop/validation_1/vitis/full_system_v0/hw
TRACE::2025-12-25.07:36:37::SCWPlatform:: Platform Path /home/zhou/Desktop/validation_1/vitis/full_system_v0/hw/new_system_v0_wrapper.xsa
TRACE::2025-12-25.07:36:37::SCWPlatform:: Unique name xilinx:::0.0
TRACE::2025-12-25.07:36:37::SCWPlatform::Trying to set the existing hwdb with name gemm_v0_wrapper_4
TRACE::2025-12-25.07:36:37::SCWPlatform::Opened existing hwdb gemm_v0_wrapper_4
TRACE::2025-12-25.07:36:37::SCWPlatform::Found the Hw Db part of the input DSA
TRACE::2025-12-25.07:36:37::SCWPlatform::Trying to open the hw design at /home/zhou/Desktop/validation_1/vitis/full_system_v0/hw/new_system_v0_wrapper.xsa
TRACE::2025-12-25.07:36:37::SCWPlatform::DSA given /home/zhou/Desktop/validation_1/vitis/full_system_v0/hw/new_system_v0_wrapper.xsa
TRACE::2025-12-25.07:36:37::SCWPlatform::DSA absoulate path /home/zhou/Desktop/validation_1/vitis/full_system_v0/hw/new_system_v0_wrapper.xsa
TRACE::2025-12-25.07:36:37::SCWPlatform::DSA directory /home/zhou/Desktop/validation_1/vitis/full_system_v0/hw
TRACE::2025-12-25.07:36:37::SCWPlatform:: Platform Path /home/zhou/Desktop/validation_1/vitis/full_system_v0/hw/new_system_v0_wrapper.xsa
TRACE::2025-12-25.07:36:37::SCWPlatform:: Unique name xilinx:::0.0
TRACE::2025-12-25.07:36:37::SCWPlatform::Trying to set the existing hwdb with name gemm_v0_wrapper_4
TRACE::2025-12-25.07:36:37::SCWPlatform::Opened existing hwdb gemm_v0_wrapper_4
TRACE::2025-12-25.07:36:37::SCWPlatform::Found the Hw Db part of the input DSA
TRACE::2025-12-25.07:36:37::SCWPlatform::Trying to open the hw design at /home/zhou/Desktop/validation_1/vitis/full_system_v0/hw/new_system_v0_wrapper.xsa
TRACE::2025-12-25.07:36:37::SCWPlatform::DSA given /home/zhou/Desktop/validation_1/vitis/full_system_v0/hw/new_system_v0_wrapper.xsa
TRACE::2025-12-25.07:36:37::SCWPlatform::DSA absoulate path /home/zhou/Desktop/validation_1/vitis/full_system_v0/hw/new_system_v0_wrapper.xsa
TRACE::2025-12-25.07:36:37::SCWPlatform::DSA directory /home/zhou/Desktop/validation_1/vitis/full_system_v0/hw
TRACE::2025-12-25.07:36:37::SCWPlatform:: Platform Path /home/zhou/Desktop/validation_1/vitis/full_system_v0/hw/new_system_v0_wrapper.xsa
TRACE::2025-12-25.07:36:37::SCWPlatform:: Unique name xilinx:::0.0
TRACE::2025-12-25.07:36:37::SCWPlatform::Trying to set the existing hwdb with name gemm_v0_wrapper_4
TRACE::2025-12-25.07:36:37::SCWPlatform::Opened existing hwdb gemm_v0_wrapper_4
TRACE::2025-12-25.07:36:37::SCWPlatform::Found the Hw Db part of the input DSA
TRACE::2025-12-25.07:36:37::SCWReader::Boot application domain added for zynqmp_fsbl
TRACE::2025-12-25.07:36:37::SCWPlatform::Trying to open the hw design at /home/zhou/Desktop/validation_1/vitis/full_system_v0/hw/new_system_v0_wrapper.xsa
TRACE::2025-12-25.07:36:37::SCWPlatform::DSA given /home/zhou/Desktop/validation_1/vitis/full_system_v0/hw/new_system_v0_wrapper.xsa
TRACE::2025-12-25.07:36:37::SCWPlatform::DSA absoulate path /home/zhou/Desktop/validation_1/vitis/full_system_v0/hw/new_system_v0_wrapper.xsa
TRACE::2025-12-25.07:36:37::SCWPlatform::DSA directory /home/zhou/Desktop/validation_1/vitis/full_system_v0/hw
TRACE::2025-12-25.07:36:37::SCWPlatform:: Platform Path /home/zhou/Desktop/validation_1/vitis/full_system_v0/hw/new_system_v0_wrapper.xsa
TRACE::2025-12-25.07:36:37::SCWPlatform:: Unique name xilinx:::0.0
TRACE::2025-12-25.07:36:37::SCWPlatform::Trying to set the existing hwdb with name gemm_v0_wrapper_4
TRACE::2025-12-25.07:36:37::SCWPlatform::Opened existing hwdb gemm_v0_wrapper_4
TRACE::2025-12-25.07:36:37::SCWPlatform::Found the Hw Db part of the input DSA
TRACE::2025-12-25.07:36:37::SCWMssOS::Checking the sw design at  /home/zhou/Desktop/validation_1/vitis/full_system_v0/zynqmp_fsbl/zynqmp_fsbl_bsp/system.mss
TRACE::2025-12-25.07:36:37::SCWMssOS::DEBUG:  swdes dump  
TRACE::2025-12-25.07:36:37::SCWMssOS::No sw design opened at  /home/zhou/Desktop/validation_1/vitis/full_system_v0/zynqmp_fsbl/zynqmp_fsbl_bsp/system.mss
TRACE::2025-12-25.07:36:37::SCWMssOS::mss exists loading the mss file  /home/zhou/Desktop/validation_1/vitis/full_system_v0/zynqmp_fsbl/zynqmp_fsbl_bsp/system.mss
TRACE::2025-12-25.07:36:37::SCWMssOS::Opened the sw design from mss  /home/zhou/Desktop/validation_1/vitis/full_system_v0/zynqmp_fsbl/zynqmp_fsbl_bsp/system.mss
TRACE::2025-12-25.07:36:37::SCWMssOS::Adding the swdes entry /home/zhou/Desktop/validation_1/vitis/full_system_v0/zynqmp_fsbl/zynqmp_fsbl_bsp/system.mss with des name system
TRACE::2025-12-25.07:36:37::SCWMssOS::updating the scw layer about changes
TRACE::2025-12-25.07:36:37::SCWMssOS::Opened the sw design.  /home/zhou/Desktop/validation_1/vitis/full_system_v0/zynqmp_fsbl/zynqmp_fsbl_bsp/system.mss
TRACE::2025-12-25.07:36:37::SCWPlatform::Trying to open the hw design at /home/zhou/Desktop/validation_1/vitis/full_system_v0/hw/new_system_v0_wrapper.xsa
TRACE::2025-12-25.07:36:37::SCWPlatform::DSA given /home/zhou/Desktop/validation_1/vitis/full_system_v0/hw/new_system_v0_wrapper.xsa
TRACE::2025-12-25.07:36:37::SCWPlatform::DSA absoulate path /home/zhou/Desktop/validation_1/vitis/full_system_v0/hw/new_system_v0_wrapper.xsa
TRACE::2025-12-25.07:36:37::SCWPlatform::DSA directory /home/zhou/Desktop/validation_1/vitis/full_system_v0/hw
TRACE::2025-12-25.07:36:37::SCWPlatform:: Platform Path /home/zhou/Desktop/validation_1/vitis/full_system_v0/hw/new_system_v0_wrapper.xsa
TRACE::2025-12-25.07:36:37::SCWPlatform:: Unique name xilinx:::0.0
TRACE::2025-12-25.07:36:37::SCWPlatform::Trying to set the existing hwdb with name gemm_v0_wrapper_4
TRACE::2025-12-25.07:36:37::SCWPlatform::Opened existing hwdb gemm_v0_wrapper_4
TRACE::2025-12-25.07:36:37::SCWPlatform::Found the Hw Db part of the input DSA
TRACE::2025-12-25.07:36:37::SCWMssOS::Checking the sw design at  /home/zhou/Desktop/validation_1/vitis/full_system_v0/zynqmp_fsbl/zynqmp_fsbl_bsp/system.mss
TRACE::2025-12-25.07:36:37::SCWMssOS::DEBUG:  swdes dump  /home/zhou/Desktop/validation_1/vitis/full_system_v0/zynqmp_fsbl/zynqmp_fsbl_bsp/system.mss|system||

TRACE::2025-12-25.07:36:37::SCWMssOS::Sw design exists and opened at  /home/zhou/Desktop/validation_1/vitis/full_system_v0/zynqmp_fsbl/zynqmp_fsbl_bsp/system.mss
TRACE::2025-12-25.07:36:37::SCWMssOS:: library already available in sw design:  xilffs:5.3
TRACE::2025-12-25.07:36:37::SCWPlatform::Trying to open the hw design at /home/zhou/Desktop/validation_1/vitis/full_system_v0/hw/new_system_v0_wrapper.xsa
TRACE::2025-12-25.07:36:37::SCWPlatform::DSA given /home/zhou/Desktop/validation_1/vitis/full_system_v0/hw/new_system_v0_wrapper.xsa
TRACE::2025-12-25.07:36:37::SCWPlatform::DSA absoulate path /home/zhou/Desktop/validation_1/vitis/full_system_v0/hw/new_system_v0_wrapper.xsa
TRACE::2025-12-25.07:36:37::SCWPlatform::DSA directory /home/zhou/Desktop/validation_1/vitis/full_system_v0/hw
TRACE::2025-12-25.07:36:37::SCWPlatform:: Platform Path /home/zhou/Desktop/validation_1/vitis/full_system_v0/hw/new_system_v0_wrapper.xsa
TRACE::2025-12-25.07:36:37::SCWPlatform:: Unique name xilinx:::0.0
TRACE::2025-12-25.07:36:37::SCWPlatform::Trying to set the existing hwdb with name gemm_v0_wrapper_4
TRACE::2025-12-25.07:36:37::SCWPlatform::Opened existing hwdb gemm_v0_wrapper_4
TRACE::2025-12-25.07:36:37::SCWPlatform::Found the Hw Db part of the input DSA
TRACE::2025-12-25.07:36:37::SCWMssOS::Checking the sw design at  /home/zhou/Desktop/validation_1/vitis/full_system_v0/zynqmp_fsbl/zynqmp_fsbl_bsp/system.mss
TRACE::2025-12-25.07:36:37::SCWMssOS::DEBUG:  swdes dump  /home/zhou/Desktop/validation_1/vitis/full_system_v0/zynqmp_fsbl/zynqmp_fsbl_bsp/system.mss|system||

TRACE::2025-12-25.07:36:37::SCWMssOS::Sw design exists and opened at  /home/zhou/Desktop/validation_1/vitis/full_system_v0/zynqmp_fsbl/zynqmp_fsbl_bsp/system.mss
TRACE::2025-12-25.07:36:37::SCWMssOS:: library already available in sw design:  xilsecure:5.4
TRACE::2025-12-25.07:36:37::SCWPlatform::Trying to open the hw design at /home/zhou/Desktop/validation_1/vitis/full_system_v0/hw/new_system_v0_wrapper.xsa
TRACE::2025-12-25.07:36:37::SCWPlatform::DSA given /home/zhou/Desktop/validation_1/vitis/full_system_v0/hw/new_system_v0_wrapper.xsa
TRACE::2025-12-25.07:36:37::SCWPlatform::DSA absoulate path /home/zhou/Desktop/validation_1/vitis/full_system_v0/hw/new_system_v0_wrapper.xsa
TRACE::2025-12-25.07:36:37::SCWPlatform::DSA directory /home/zhou/Desktop/validation_1/vitis/full_system_v0/hw
TRACE::2025-12-25.07:36:37::SCWPlatform:: Platform Path /home/zhou/Desktop/validation_1/vitis/full_system_v0/hw/new_system_v0_wrapper.xsa
TRACE::2025-12-25.07:36:37::SCWPlatform:: Unique name xilinx:::0.0
TRACE::2025-12-25.07:36:37::SCWPlatform::Trying to set the existing hwdb with name gemm_v0_wrapper_4
TRACE::2025-12-25.07:36:37::SCWPlatform::Opened existing hwdb gemm_v0_wrapper_4
TRACE::2025-12-25.07:36:37::SCWPlatform::Found the Hw Db part of the input DSA
TRACE::2025-12-25.07:36:37::SCWMssOS::Checking the sw design at  /home/zhou/Desktop/validation_1/vitis/full_system_v0/zynqmp_fsbl/zynqmp_fsbl_bsp/system.mss
TRACE::2025-12-25.07:36:37::SCWMssOS::DEBUG:  swdes dump  /home/zhou/Desktop/validation_1/vitis/full_system_v0/zynqmp_fsbl/zynqmp_fsbl_bsp/system.mss|system||

TRACE::2025-12-25.07:36:37::SCWMssOS::Sw design exists and opened at  /home/zhou/Desktop/validation_1/vitis/full_system_v0/zynqmp_fsbl/zynqmp_fsbl_bsp/system.mss
TRACE::2025-12-25.07:36:37::SCWMssOS:: library already available in sw design:  xilpm:5.3
TRACE::2025-12-25.07:36:37::SCWPlatform::Trying to open the hw design at /home/zhou/Desktop/validation_1/vitis/full_system_v0/hw/new_system_v0_wrapper.xsa
TRACE::2025-12-25.07:36:37::SCWPlatform::DSA given /home/zhou/Desktop/validation_1/vitis/full_system_v0/hw/new_system_v0_wrapper.xsa
TRACE::2025-12-25.07:36:37::SCWPlatform::DSA absoulate path /home/zhou/Desktop/validation_1/vitis/full_system_v0/hw/new_system_v0_wrapper.xsa
TRACE::2025-12-25.07:36:37::SCWPlatform::DSA directory /home/zhou/Desktop/validation_1/vitis/full_system_v0/hw
TRACE::2025-12-25.07:36:37::SCWPlatform:: Platform Path /home/zhou/Desktop/validation_1/vitis/full_system_v0/hw/new_system_v0_wrapper.xsa
TRACE::2025-12-25.07:36:37::SCWPlatform:: Unique name xilinx:::0.0
TRACE::2025-12-25.07:36:37::SCWPlatform::Trying to set the existing hwdb with name gemm_v0_wrapper_4
TRACE::2025-12-25.07:36:37::SCWPlatform::Opened existing hwdb gemm_v0_wrapper_4
TRACE::2025-12-25.07:36:37::SCWPlatform::Found the Hw Db part of the input DSA
TRACE::2025-12-25.07:36:37::SCWMssOS::Checking the sw design at  /home/zhou/Desktop/validation_1/vitis/full_system_v0/zynqmp_fsbl/zynqmp_fsbl_bsp/system.mss
TRACE::2025-12-25.07:36:37::SCWMssOS::DEBUG:  swdes dump  /home/zhou/Desktop/validation_1/vitis/full_system_v0/zynqmp_fsbl/zynqmp_fsbl_bsp/system.mss|system||

TRACE::2025-12-25.07:36:37::SCWMssOS::Sw design exists and opened at  /home/zhou/Desktop/validation_1/vitis/full_system_v0/zynqmp_fsbl/zynqmp_fsbl_bsp/system.mss
TRACE::2025-12-25.07:36:37::SCWPlatform::Trying to open the hw design at /home/zhou/Desktop/validation_1/vitis/full_system_v0/hw/new_system_v0_wrapper.xsa
TRACE::2025-12-25.07:36:37::SCWPlatform::DSA given /home/zhou/Desktop/validation_1/vitis/full_system_v0/hw/new_system_v0_wrapper.xsa
TRACE::2025-12-25.07:36:37::SCWPlatform::DSA absoulate path /home/zhou/Desktop/validation_1/vitis/full_system_v0/hw/new_system_v0_wrapper.xsa
TRACE::2025-12-25.07:36:37::SCWPlatform::DSA directory /home/zhou/Desktop/validation_1/vitis/full_system_v0/hw
TRACE::2025-12-25.07:36:37::SCWPlatform:: Platform Path /home/zhou/Desktop/validation_1/vitis/full_system_v0/hw/new_system_v0_wrapper.xsa
TRACE::2025-12-25.07:36:37::SCWPlatform:: Unique name xilinx:::0.0
TRACE::2025-12-25.07:36:37::SCWPlatform::Trying to set the existing hwdb with name gemm_v0_wrapper_4
TRACE::2025-12-25.07:36:37::SCWPlatform::Opened existing hwdb gemm_v0_wrapper_4
TRACE::2025-12-25.07:36:37::SCWPlatform::Found the Hw Db part of the input DSA
TRACE::2025-12-25.07:36:37::SCWMssOS::Checking the sw design at  /home/zhou/Desktop/validation_1/vitis/full_system_v0/zynqmp_fsbl/zynqmp_fsbl_bsp/system.mss
TRACE::2025-12-25.07:36:37::SCWMssOS::DEBUG:  swdes dump  /home/zhou/Desktop/validation_1/vitis/full_system_v0/zynqmp_fsbl/zynqmp_fsbl_bsp/system.mss|system||

TRACE::2025-12-25.07:36:37::SCWMssOS::Sw design exists and opened at  /home/zhou/Desktop/validation_1/vitis/full_system_v0/zynqmp_fsbl/zynqmp_fsbl_bsp/system.mss
TRACE::2025-12-25.07:36:37::SCWPlatform::Trying to open the hw design at /home/zhou/Desktop/validation_1/vitis/full_system_v0/hw/new_system_v0_wrapper.xsa
TRACE::2025-12-25.07:36:37::SCWPlatform::DSA given /home/zhou/Desktop/validation_1/vitis/full_system_v0/hw/new_system_v0_wrapper.xsa
TRACE::2025-12-25.07:36:37::SCWPlatform::DSA absoulate path /home/zhou/Desktop/validation_1/vitis/full_system_v0/hw/new_system_v0_wrapper.xsa
TRACE::2025-12-25.07:36:37::SCWPlatform::DSA directory /home/zhou/Desktop/validation_1/vitis/full_system_v0/hw
TRACE::2025-12-25.07:36:37::SCWPlatform:: Platform Path /home/zhou/Desktop/validation_1/vitis/full_system_v0/hw/new_system_v0_wrapper.xsa
TRACE::2025-12-25.07:36:37::SCWPlatform:: Unique name xilinx:::0.0
TRACE::2025-12-25.07:36:37::SCWPlatform::Trying to set the existing hwdb with name gemm_v0_wrapper_4
TRACE::2025-12-25.07:36:37::SCWPlatform::Opened existing hwdb gemm_v0_wrapper_4
TRACE::2025-12-25.07:36:37::SCWPlatform::Found the Hw Db part of the input DSA
TRACE::2025-12-25.07:36:37::SCWMssOS::Checking the sw design at  /home/zhou/Desktop/validation_1/vitis/full_system_v0/zynqmp_fsbl/zynqmp_fsbl_bsp/system.mss
TRACE::2025-12-25.07:36:37::SCWMssOS::DEBUG:  swdes dump  /home/zhou/Desktop/validation_1/vitis/full_system_v0/zynqmp_fsbl/zynqmp_fsbl_bsp/system.mss|system||

TRACE::2025-12-25.07:36:37::SCWMssOS::Sw design exists and opened at  /home/zhou/Desktop/validation_1/vitis/full_system_v0/zynqmp_fsbl/zynqmp_fsbl_bsp/system.mss
TRACE::2025-12-25.07:36:37::SCWPlatform::Trying to open the hw design at /home/zhou/Desktop/validation_1/vitis/full_system_v0/hw/new_system_v0_wrapper.xsa
TRACE::2025-12-25.07:36:37::SCWPlatform::DSA given /home/zhou/Desktop/validation_1/vitis/full_system_v0/hw/new_system_v0_wrapper.xsa
TRACE::2025-12-25.07:36:37::SCWPlatform::DSA absoulate path /home/zhou/Desktop/validation_1/vitis/full_system_v0/hw/new_system_v0_wrapper.xsa
TRACE::2025-12-25.07:36:37::SCWPlatform::DSA directory /home/zhou/Desktop/validation_1/vitis/full_system_v0/hw
TRACE::2025-12-25.07:36:37::SCWPlatform:: Platform Path /home/zhou/Desktop/validation_1/vitis/full_system_v0/hw/new_system_v0_wrapper.xsa
TRACE::2025-12-25.07:36:37::SCWPlatform:: Unique name xilinx:::0.0
TRACE::2025-12-25.07:36:37::SCWPlatform::Trying to set the existing hwdb with name gemm_v0_wrapper_4
TRACE::2025-12-25.07:36:37::SCWPlatform::Opened existing hwdb gemm_v0_wrapper_4
TRACE::2025-12-25.07:36:37::SCWPlatform::Found the Hw Db part of the input DSA
TRACE::2025-12-25.07:36:37::SCWMssOS::Checking the sw design at  /home/zhou/Desktop/validation_1/vitis/full_system_v0/zynqmp_fsbl/zynqmp_fsbl_bsp/system.mss
TRACE::2025-12-25.07:36:37::SCWMssOS::DEBUG:  swdes dump  /home/zhou/Desktop/validation_1/vitis/full_system_v0/zynqmp_fsbl/zynqmp_fsbl_bsp/system.mss|system||

TRACE::2025-12-25.07:36:37::SCWMssOS::Sw design exists and opened at  /home/zhou/Desktop/validation_1/vitis/full_system_v0/zynqmp_fsbl/zynqmp_fsbl_bsp/system.mss
TRACE::2025-12-25.07:36:37::SCWPlatform::Trying to open the hw design at /home/zhou/Desktop/validation_1/vitis/full_system_v0/hw/new_system_v0_wrapper.xsa
TRACE::2025-12-25.07:36:37::SCWPlatform::DSA given /home/zhou/Desktop/validation_1/vitis/full_system_v0/hw/new_system_v0_wrapper.xsa
TRACE::2025-12-25.07:36:37::SCWPlatform::DSA absoulate path /home/zhou/Desktop/validation_1/vitis/full_system_v0/hw/new_system_v0_wrapper.xsa
TRACE::2025-12-25.07:36:37::SCWPlatform::DSA directory /home/zhou/Desktop/validation_1/vitis/full_system_v0/hw
TRACE::2025-12-25.07:36:37::SCWPlatform:: Platform Path /home/zhou/Desktop/validation_1/vitis/full_system_v0/hw/new_system_v0_wrapper.xsa
TRACE::2025-12-25.07:36:37::SCWPlatform:: Unique name xilinx:::0.0
TRACE::2025-12-25.07:36:37::SCWPlatform::Trying to set the existing hwdb with name gemm_v0_wrapper_4
TRACE::2025-12-25.07:36:37::SCWPlatform::Opened existing hwdb gemm_v0_wrapper_4
TRACE::2025-12-25.07:36:37::SCWPlatform::Found the Hw Db part of the input DSA
TRACE::2025-12-25.07:36:37::SCWMssOS::Checking the sw design at  /home/zhou/Desktop/validation_1/vitis/full_system_v0/zynqmp_fsbl/zynqmp_fsbl_bsp/system.mss
TRACE::2025-12-25.07:36:37::SCWMssOS::DEBUG:  swdes dump  /home/zhou/Desktop/validation_1/vitis/full_system_v0/zynqmp_fsbl/zynqmp_fsbl_bsp/system.mss|system||

TRACE::2025-12-25.07:36:37::SCWMssOS::Sw design exists and opened at  /home/zhou/Desktop/validation_1/vitis/full_system_v0/zynqmp_fsbl/zynqmp_fsbl_bsp/system.mss
TRACE::2025-12-25.07:36:37::SCWPlatform::Trying to open the hw design at /home/zhou/Desktop/validation_1/vitis/full_system_v0/hw/new_system_v0_wrapper.xsa
TRACE::2025-12-25.07:36:37::SCWPlatform::DSA given /home/zhou/Desktop/validation_1/vitis/full_system_v0/hw/new_system_v0_wrapper.xsa
TRACE::2025-12-25.07:36:37::SCWPlatform::DSA absoulate path /home/zhou/Desktop/validation_1/vitis/full_system_v0/hw/new_system_v0_wrapper.xsa
TRACE::2025-12-25.07:36:37::SCWPlatform::DSA directory /home/zhou/Desktop/validation_1/vitis/full_system_v0/hw
TRACE::2025-12-25.07:36:37::SCWPlatform:: Platform Path /home/zhou/Desktop/validation_1/vitis/full_system_v0/hw/new_system_v0_wrapper.xsa
TRACE::2025-12-25.07:36:37::SCWPlatform:: Unique name xilinx:::0.0
TRACE::2025-12-25.07:36:37::SCWPlatform::Trying to set the existing hwdb with name gemm_v0_wrapper_4
TRACE::2025-12-25.07:36:37::SCWPlatform::Opened existing hwdb gemm_v0_wrapper_4
TRACE::2025-12-25.07:36:37::SCWPlatform::Found the Hw Db part of the input DSA
TRACE::2025-12-25.07:36:37::SCWMssOS::Checking the sw design at  /home/zhou/Desktop/validation_1/vitis/full_system_v0/zynqmp_fsbl/zynqmp_fsbl_bsp/system.mss
TRACE::2025-12-25.07:36:37::SCWMssOS::DEBUG:  swdes dump  /home/zhou/Desktop/validation_1/vitis/full_system_v0/zynqmp_fsbl/zynqmp_fsbl_bsp/system.mss|system||

TRACE::2025-12-25.07:36:37::SCWMssOS::Sw design exists and opened at  /home/zhou/Desktop/validation_1/vitis/full_system_v0/zynqmp_fsbl/zynqmp_fsbl_bsp/system.mss
TRACE::2025-12-25.07:36:37::SCWPlatform::Trying to open the hw design at /home/zhou/Desktop/validation_1/vitis/full_system_v0/hw/new_system_v0_wrapper.xsa
TRACE::2025-12-25.07:36:37::SCWPlatform::DSA given /home/zhou/Desktop/validation_1/vitis/full_system_v0/hw/new_system_v0_wrapper.xsa
TRACE::2025-12-25.07:36:37::SCWPlatform::DSA absoulate path /home/zhou/Desktop/validation_1/vitis/full_system_v0/hw/new_system_v0_wrapper.xsa
TRACE::2025-12-25.07:36:37::SCWPlatform::DSA directory /home/zhou/Desktop/validation_1/vitis/full_system_v0/hw
TRACE::2025-12-25.07:36:37::SCWPlatform:: Platform Path /home/zhou/Desktop/validation_1/vitis/full_system_v0/hw/new_system_v0_wrapper.xsa
TRACE::2025-12-25.07:36:37::SCWPlatform:: Unique name xilinx:::0.0
TRACE::2025-12-25.07:36:37::SCWPlatform::Trying to set the existing hwdb with name gemm_v0_wrapper_4
TRACE::2025-12-25.07:36:37::SCWPlatform::Opened existing hwdb gemm_v0_wrapper_4
TRACE::2025-12-25.07:36:37::SCWPlatform::Found the Hw Db part of the input DSA
TRACE::2025-12-25.07:36:37::SCWMssOS::Checking the sw design at  /home/zhou/Desktop/validation_1/vitis/full_system_v0/zynqmp_fsbl/zynqmp_fsbl_bsp/system.mss
TRACE::2025-12-25.07:36:37::SCWMssOS::DEBUG:  swdes dump  /home/zhou/Desktop/validation_1/vitis/full_system_v0/zynqmp_fsbl/zynqmp_fsbl_bsp/system.mss|system||

TRACE::2025-12-25.07:36:37::SCWMssOS::Sw design exists and opened at  /home/zhou/Desktop/validation_1/vitis/full_system_v0/zynqmp_fsbl/zynqmp_fsbl_bsp/system.mss
TRACE::2025-12-25.07:36:37::SCWPlatform::Trying to open the hw design at /home/zhou/Desktop/validation_1/vitis/full_system_v0/hw/new_system_v0_wrapper.xsa
TRACE::2025-12-25.07:36:37::SCWPlatform::DSA given /home/zhou/Desktop/validation_1/vitis/full_system_v0/hw/new_system_v0_wrapper.xsa
TRACE::2025-12-25.07:36:37::SCWPlatform::DSA absoulate path /home/zhou/Desktop/validation_1/vitis/full_system_v0/hw/new_system_v0_wrapper.xsa
TRACE::2025-12-25.07:36:37::SCWPlatform::DSA directory /home/zhou/Desktop/validation_1/vitis/full_system_v0/hw
TRACE::2025-12-25.07:36:37::SCWPlatform:: Platform Path /home/zhou/Desktop/validation_1/vitis/full_system_v0/hw/new_system_v0_wrapper.xsa
TRACE::2025-12-25.07:36:37::SCWPlatform:: Unique name xilinx:::0.0
TRACE::2025-12-25.07:36:37::SCWPlatform::Trying to set the existing hwdb with name gemm_v0_wrapper_4
TRACE::2025-12-25.07:36:37::SCWPlatform::Opened existing hwdb gemm_v0_wrapper_4
TRACE::2025-12-25.07:36:37::SCWPlatform::Found the Hw Db part of the input DSA
TRACE::2025-12-25.07:36:37::SCWMssOS::Checking the sw design at  /home/zhou/Desktop/validation_1/vitis/full_system_v0/zynqmp_fsbl/zynqmp_fsbl_bsp/system.mss
TRACE::2025-12-25.07:36:37::SCWMssOS::DEBUG:  swdes dump  /home/zhou/Desktop/validation_1/vitis/full_system_v0/zynqmp_fsbl/zynqmp_fsbl_bsp/system.mss|system||

TRACE::2025-12-25.07:36:37::SCWMssOS::Sw design exists and opened at  /home/zhou/Desktop/validation_1/vitis/full_system_v0/zynqmp_fsbl/zynqmp_fsbl_bsp/system.mss
TRACE::2025-12-25.07:36:37::SCWMssOS::Saving the mss changes /home/zhou/Desktop/validation_1/vitis/full_system_v0/zynqmp_fsbl/zynqmp_fsbl_bsp/system.mss
TRACE::2025-12-25.07:36:37::SCWMssOS::Found a swdesign opened with the mssfile.
TRACE::2025-12-25.07:36:37::SCWMssOS::Completed writemss as part of save.
TRACE::2025-12-25.07:36:37::SCWMssOS::Commit changes completed.
TRACE::2025-12-25.07:36:37::SCWReader::Adding prebuilt librarypaths as   
TRACE::2025-12-25.07:36:37::SCWReader::Adding prebuilt incpaths  as   
TRACE::2025-12-25.07:36:37::SCWPlatform::Trying to open the hw design at /home/zhou/Desktop/validation_1/vitis/full_system_v0/hw/new_system_v0_wrapper.xsa
TRACE::2025-12-25.07:36:37::SCWPlatform::DSA given /home/zhou/Desktop/validation_1/vitis/full_system_v0/hw/new_system_v0_wrapper.xsa
TRACE::2025-12-25.07:36:37::SCWPlatform::DSA absoulate path /home/zhou/Desktop/validation_1/vitis/full_system_v0/hw/new_system_v0_wrapper.xsa
TRACE::2025-12-25.07:36:37::SCWPlatform::DSA directory /home/zhou/Desktop/validation_1/vitis/full_system_v0/hw
TRACE::2025-12-25.07:36:37::SCWPlatform:: Platform Path /home/zhou/Desktop/validation_1/vitis/full_system_v0/hw/new_system_v0_wrapper.xsa
TRACE::2025-12-25.07:36:37::SCWPlatform:: Unique name xilinx:::0.0
TRACE::2025-12-25.07:36:37::SCWPlatform::Trying to set the existing hwdb with name gemm_v0_wrapper_4
TRACE::2025-12-25.07:36:37::SCWPlatform::Opened existing hwdb gemm_v0_wrapper_4
TRACE::2025-12-25.07:36:37::SCWPlatform::Found the Hw Db part of the input DSA
TRACE::2025-12-25.07:36:37::SCWMssOS::Checking the sw design at  /home/zhou/Desktop/validation_1/vitis/full_system_v0/zynqmp_fsbl/zynqmp_fsbl_bsp/system.mss
TRACE::2025-12-25.07:36:37::SCWMssOS::DEBUG:  swdes dump  /home/zhou/Desktop/validation_1/vitis/full_system_v0/zynqmp_fsbl/zynqmp_fsbl_bsp/system.mss|system||

TRACE::2025-12-25.07:36:37::SCWMssOS::Sw design exists and opened at  /home/zhou/Desktop/validation_1/vitis/full_system_v0/zynqmp_fsbl/zynqmp_fsbl_bsp/system.mss
TRACE::2025-12-25.07:36:37::SCWReader::No isolation master present  
TRACE::2025-12-25.07:36:37::SCWDomain::checking for install qemu data   : 
TRACE::2025-12-25.07:36:37::SCWDomain:: Using the QEMU Data from install at  : /tools/Xilinx/Vitis/2024.2/data/emulation/platforms/zynqmp/sw/a53_standalone/qemu/
TRACE::2025-12-25.07:36:37::SCWDomain:: Using the QEMU args  from install at  : /tools/Xilinx/Vitis/2024.2/data/emulation/platforms/zynqmp/sw/a53_standalone/qemu/qemu_args.txt
TRACE::2025-12-25.07:36:37::SCWDomain:: Using the PMUQEMU args from install at  : /tools/Xilinx/Vitis/2024.2/data/emulation/platforms/zynqmp/sw/a53_standalone/qemu/pmu_args.txt
TRACE::2025-12-25.07:36:37::SCWPlatform::Trying to open the hw design at /home/zhou/Desktop/validation_1/vitis/full_system_v0/hw/new_system_v0_wrapper.xsa
TRACE::2025-12-25.07:36:37::SCWPlatform::DSA given /home/zhou/Desktop/validation_1/vitis/full_system_v0/hw/new_system_v0_wrapper.xsa
TRACE::2025-12-25.07:36:37::SCWPlatform::DSA absoulate path /home/zhou/Desktop/validation_1/vitis/full_system_v0/hw/new_system_v0_wrapper.xsa
TRACE::2025-12-25.07:36:37::SCWPlatform::DSA directory /home/zhou/Desktop/validation_1/vitis/full_system_v0/hw
TRACE::2025-12-25.07:36:37::SCWPlatform:: Platform Path /home/zhou/Desktop/validation_1/vitis/full_system_v0/hw/new_system_v0_wrapper.xsa
TRACE::2025-12-25.07:36:37::SCWPlatform:: Unique name xilinx:::0.0
TRACE::2025-12-25.07:36:37::SCWPlatform::Trying to set the existing hwdb with name gemm_v0_wrapper_4
TRACE::2025-12-25.07:36:37::SCWPlatform::Opened existing hwdb gemm_v0_wrapper_4
TRACE::2025-12-25.07:36:37::SCWPlatform::Found the Hw Db part of the input DSA
TRACE::2025-12-25.07:36:37::SCWReader::Boot application domain added for zynqmp_pmufw
TRACE::2025-12-25.07:36:37::SCWPlatform::Trying to open the hw design at /home/zhou/Desktop/validation_1/vitis/full_system_v0/hw/new_system_v0_wrapper.xsa
TRACE::2025-12-25.07:36:37::SCWPlatform::DSA given /home/zhou/Desktop/validation_1/vitis/full_system_v0/hw/new_system_v0_wrapper.xsa
TRACE::2025-12-25.07:36:37::SCWPlatform::DSA absoulate path /home/zhou/Desktop/validation_1/vitis/full_system_v0/hw/new_system_v0_wrapper.xsa
TRACE::2025-12-25.07:36:37::SCWPlatform::DSA directory /home/zhou/Desktop/validation_1/vitis/full_system_v0/hw
TRACE::2025-12-25.07:36:37::SCWPlatform:: Platform Path /home/zhou/Desktop/validation_1/vitis/full_system_v0/hw/new_system_v0_wrapper.xsa
TRACE::2025-12-25.07:36:37::SCWPlatform:: Unique name xilinx:::0.0
TRACE::2025-12-25.07:36:37::SCWPlatform::Trying to set the existing hwdb with name gemm_v0_wrapper_4
TRACE::2025-12-25.07:36:37::SCWPlatform::Opened existing hwdb gemm_v0_wrapper_4
TRACE::2025-12-25.07:36:37::SCWPlatform::Found the Hw Db part of the input DSA
TRACE::2025-12-25.07:36:37::SCWMssOS::Checking the sw design at  /home/zhou/Desktop/validation_1/vitis/full_system_v0/zynqmp_pmufw/zynqmp_pmufw_bsp/system.mss
TRACE::2025-12-25.07:36:37::SCWMssOS::DEBUG:  swdes dump  /home/zhou/Desktop/validation_1/vitis/full_system_v0/zynqmp_fsbl/zynqmp_fsbl_bsp/system.mss|system||

TRACE::2025-12-25.07:36:37::SCWMssOS::No sw design opened at  /home/zhou/Desktop/validation_1/vitis/full_system_v0/zynqmp_pmufw/zynqmp_pmufw_bsp/system.mss
TRACE::2025-12-25.07:36:37::SCWMssOS::mss exists loading the mss file  /home/zhou/Desktop/validation_1/vitis/full_system_v0/zynqmp_pmufw/zynqmp_pmufw_bsp/system.mss
TRACE::2025-12-25.07:36:37::SCWMssOS::Opened the sw design from mss  /home/zhou/Desktop/validation_1/vitis/full_system_v0/zynqmp_pmufw/zynqmp_pmufw_bsp/system.mss
TRACE::2025-12-25.07:36:37::SCWMssOS::Adding the swdes entry /home/zhou/Desktop/validation_1/vitis/full_system_v0/zynqmp_pmufw/zynqmp_pmufw_bsp/system.mss with des name system_0
TRACE::2025-12-25.07:36:37::SCWMssOS::updating the scw layer about changes
TRACE::2025-12-25.07:36:37::SCWMssOS::Opened the sw design.  /home/zhou/Desktop/validation_1/vitis/full_system_v0/zynqmp_pmufw/zynqmp_pmufw_bsp/system.mss
TRACE::2025-12-25.07:36:37::SCWPlatform::Trying to open the hw design at /home/zhou/Desktop/validation_1/vitis/full_system_v0/hw/new_system_v0_wrapper.xsa
TRACE::2025-12-25.07:36:37::SCWPlatform::DSA given /home/zhou/Desktop/validation_1/vitis/full_system_v0/hw/new_system_v0_wrapper.xsa
TRACE::2025-12-25.07:36:37::SCWPlatform::DSA absoulate path /home/zhou/Desktop/validation_1/vitis/full_system_v0/hw/new_system_v0_wrapper.xsa
TRACE::2025-12-25.07:36:37::SCWPlatform::DSA directory /home/zhou/Desktop/validation_1/vitis/full_system_v0/hw
TRACE::2025-12-25.07:36:37::SCWPlatform:: Platform Path /home/zhou/Desktop/validation_1/vitis/full_system_v0/hw/new_system_v0_wrapper.xsa
TRACE::2025-12-25.07:36:37::SCWPlatform:: Unique name xilinx:::0.0
TRACE::2025-12-25.07:36:37::SCWPlatform::Trying to set the existing hwdb with name gemm_v0_wrapper_4
TRACE::2025-12-25.07:36:37::SCWPlatform::Opened existing hwdb gemm_v0_wrapper_4
TRACE::2025-12-25.07:36:37::SCWPlatform::Found the Hw Db part of the input DSA
TRACE::2025-12-25.07:36:37::SCWMssOS::Checking the sw design at  /home/zhou/Desktop/validation_1/vitis/full_system_v0/zynqmp_pmufw/zynqmp_pmufw_bsp/system.mss
TRACE::2025-12-25.07:36:37::SCWMssOS::DEBUG:  swdes dump  /home/zhou/Desktop/validation_1/vitis/full_system_v0/zynqmp_fsbl/zynqmp_fsbl_bsp/system.mss|system||
/home/zhou/Desktop/validation_1/vitis/full_system_v0/zynqmp_pmufw/zynqmp_pmufw_bsp/system.mss|system_0||

TRACE::2025-12-25.07:36:37::SCWMssOS::Sw design exists and opened at  /home/zhou/Desktop/validation_1/vitis/full_system_v0/zynqmp_pmufw/zynqmp_pmufw_bsp/system.mss
TRACE::2025-12-25.07:36:37::SCWMssOS:: library already available in sw design:  xilfpga:6.7
TRACE::2025-12-25.07:36:37::SCWPlatform::Trying to open the hw design at /home/zhou/Desktop/validation_1/vitis/full_system_v0/hw/new_system_v0_wrapper.xsa
TRACE::2025-12-25.07:36:37::SCWPlatform::DSA given /home/zhou/Desktop/validation_1/vitis/full_system_v0/hw/new_system_v0_wrapper.xsa
TRACE::2025-12-25.07:36:37::SCWPlatform::DSA absoulate path /home/zhou/Desktop/validation_1/vitis/full_system_v0/hw/new_system_v0_wrapper.xsa
TRACE::2025-12-25.07:36:37::SCWPlatform::DSA directory /home/zhou/Desktop/validation_1/vitis/full_system_v0/hw
TRACE::2025-12-25.07:36:37::SCWPlatform:: Platform Path /home/zhou/Desktop/validation_1/vitis/full_system_v0/hw/new_system_v0_wrapper.xsa
TRACE::2025-12-25.07:36:37::SCWPlatform:: Unique name xilinx:::0.0
TRACE::2025-12-25.07:36:37::SCWPlatform::Trying to set the existing hwdb with name gemm_v0_wrapper_4
TRACE::2025-12-25.07:36:37::SCWPlatform::Opened existing hwdb gemm_v0_wrapper_4
TRACE::2025-12-25.07:36:37::SCWPlatform::Found the Hw Db part of the input DSA
TRACE::2025-12-25.07:36:37::SCWMssOS::Checking the sw design at  /home/zhou/Desktop/validation_1/vitis/full_system_v0/zynqmp_pmufw/zynqmp_pmufw_bsp/system.mss
TRACE::2025-12-25.07:36:37::SCWMssOS::DEBUG:  swdes dump  /home/zhou/Desktop/validation_1/vitis/full_system_v0/zynqmp_fsbl/zynqmp_fsbl_bsp/system.mss|system||
/home/zhou/Desktop/validation_1/vitis/full_system_v0/zynqmp_pmufw/zynqmp_pmufw_bsp/system.mss|system_0||

TRACE::2025-12-25.07:36:37::SCWMssOS::Sw design exists and opened at  /home/zhou/Desktop/validation_1/vitis/full_system_v0/zynqmp_pmufw/zynqmp_pmufw_bsp/system.mss
TRACE::2025-12-25.07:36:37::SCWMssOS:: library already available in sw design:  xilsecure:5.4
TRACE::2025-12-25.07:36:37::SCWPlatform::Trying to open the hw design at /home/zhou/Desktop/validation_1/vitis/full_system_v0/hw/new_system_v0_wrapper.xsa
TRACE::2025-12-25.07:36:37::SCWPlatform::DSA given /home/zhou/Desktop/validation_1/vitis/full_system_v0/hw/new_system_v0_wrapper.xsa
TRACE::2025-12-25.07:36:37::SCWPlatform::DSA absoulate path /home/zhou/Desktop/validation_1/vitis/full_system_v0/hw/new_system_v0_wrapper.xsa
TRACE::2025-12-25.07:36:37::SCWPlatform::DSA directory /home/zhou/Desktop/validation_1/vitis/full_system_v0/hw
TRACE::2025-12-25.07:36:37::SCWPlatform:: Platform Path /home/zhou/Desktop/validation_1/vitis/full_system_v0/hw/new_system_v0_wrapper.xsa
TRACE::2025-12-25.07:36:37::SCWPlatform:: Unique name xilinx:::0.0
TRACE::2025-12-25.07:36:37::SCWPlatform::Trying to set the existing hwdb with name gemm_v0_wrapper_4
TRACE::2025-12-25.07:36:37::SCWPlatform::Opened existing hwdb gemm_v0_wrapper_4
TRACE::2025-12-25.07:36:37::SCWPlatform::Found the Hw Db part of the input DSA
TRACE::2025-12-25.07:36:37::SCWMssOS::Checking the sw design at  /home/zhou/Desktop/validation_1/vitis/full_system_v0/zynqmp_pmufw/zynqmp_pmufw_bsp/system.mss
TRACE::2025-12-25.07:36:37::SCWMssOS::DEBUG:  swdes dump  /home/zhou/Desktop/validation_1/vitis/full_system_v0/zynqmp_fsbl/zynqmp_fsbl_bsp/system.mss|system||
/home/zhou/Desktop/validation_1/vitis/full_system_v0/zynqmp_pmufw/zynqmp_pmufw_bsp/system.mss|system_0||

TRACE::2025-12-25.07:36:37::SCWMssOS::Sw design exists and opened at  /home/zhou/Desktop/validation_1/vitis/full_system_v0/zynqmp_pmufw/zynqmp_pmufw_bsp/system.mss
TRACE::2025-12-25.07:36:37::SCWMssOS:: library already available in sw design:  xilskey:7.6
TRACE::2025-12-25.07:36:37::SCWPlatform::Trying to open the hw design at /home/zhou/Desktop/validation_1/vitis/full_system_v0/hw/new_system_v0_wrapper.xsa
TRACE::2025-12-25.07:36:37::SCWPlatform::DSA given /home/zhou/Desktop/validation_1/vitis/full_system_v0/hw/new_system_v0_wrapper.xsa
TRACE::2025-12-25.07:36:37::SCWPlatform::DSA absoulate path /home/zhou/Desktop/validation_1/vitis/full_system_v0/hw/new_system_v0_wrapper.xsa
TRACE::2025-12-25.07:36:37::SCWPlatform::DSA directory /home/zhou/Desktop/validation_1/vitis/full_system_v0/hw
TRACE::2025-12-25.07:36:37::SCWPlatform:: Platform Path /home/zhou/Desktop/validation_1/vitis/full_system_v0/hw/new_system_v0_wrapper.xsa
TRACE::2025-12-25.07:36:37::SCWPlatform:: Unique name xilinx:::0.0
TRACE::2025-12-25.07:36:37::SCWPlatform::Trying to set the existing hwdb with name gemm_v0_wrapper_4
TRACE::2025-12-25.07:36:37::SCWPlatform::Opened existing hwdb gemm_v0_wrapper_4
TRACE::2025-12-25.07:36:37::SCWPlatform::Found the Hw Db part of the input DSA
TRACE::2025-12-25.07:36:37::SCWMssOS::Checking the sw design at  /home/zhou/Desktop/validation_1/vitis/full_system_v0/zynqmp_pmufw/zynqmp_pmufw_bsp/system.mss
TRACE::2025-12-25.07:36:37::SCWMssOS::DEBUG:  swdes dump  /home/zhou/Desktop/validation_1/vitis/full_system_v0/zynqmp_fsbl/zynqmp_fsbl_bsp/system.mss|system||
/home/zhou/Desktop/validation_1/vitis/full_system_v0/zynqmp_pmufw/zynqmp_pmufw_bsp/system.mss|system_0||

TRACE::2025-12-25.07:36:37::SCWMssOS::Sw design exists and opened at  /home/zhou/Desktop/validation_1/vitis/full_system_v0/zynqmp_pmufw/zynqmp_pmufw_bsp/system.mss
TRACE::2025-12-25.07:36:37::SCWPlatform::Trying to open the hw design at /home/zhou/Desktop/validation_1/vitis/full_system_v0/hw/new_system_v0_wrapper.xsa
TRACE::2025-12-25.07:36:37::SCWPlatform::DSA given /home/zhou/Desktop/validation_1/vitis/full_system_v0/hw/new_system_v0_wrapper.xsa
TRACE::2025-12-25.07:36:37::SCWPlatform::DSA absoulate path /home/zhou/Desktop/validation_1/vitis/full_system_v0/hw/new_system_v0_wrapper.xsa
TRACE::2025-12-25.07:36:37::SCWPlatform::DSA directory /home/zhou/Desktop/validation_1/vitis/full_system_v0/hw
TRACE::2025-12-25.07:36:37::SCWPlatform:: Platform Path /home/zhou/Desktop/validation_1/vitis/full_system_v0/hw/new_system_v0_wrapper.xsa
TRACE::2025-12-25.07:36:37::SCWPlatform:: Unique name xilinx:::0.0
TRACE::2025-12-25.07:36:37::SCWPlatform::Trying to set the existing hwdb with name gemm_v0_wrapper_4
TRACE::2025-12-25.07:36:37::SCWPlatform::Opened existing hwdb gemm_v0_wrapper_4
TRACE::2025-12-25.07:36:37::SCWPlatform::Found the Hw Db part of the input DSA
TRACE::2025-12-25.07:36:37::SCWMssOS::Checking the sw design at  /home/zhou/Desktop/validation_1/vitis/full_system_v0/zynqmp_pmufw/zynqmp_pmufw_bsp/system.mss
TRACE::2025-12-25.07:36:37::SCWMssOS::DEBUG:  swdes dump  /home/zhou/Desktop/validation_1/vitis/full_system_v0/zynqmp_fsbl/zynqmp_fsbl_bsp/system.mss|system||
/home/zhou/Desktop/validation_1/vitis/full_system_v0/zynqmp_pmufw/zynqmp_pmufw_bsp/system.mss|system_0||

TRACE::2025-12-25.07:36:37::SCWMssOS::Sw design exists and opened at  /home/zhou/Desktop/validation_1/vitis/full_system_v0/zynqmp_pmufw/zynqmp_pmufw_bsp/system.mss
TRACE::2025-12-25.07:36:37::SCWMssOS::Saving the mss changes /home/zhou/Desktop/validation_1/vitis/full_system_v0/zynqmp_pmufw/zynqmp_pmufw_bsp/system.mss
TRACE::2025-12-25.07:36:37::SCWMssOS::Found a swdesign opened with the mssfile.
TRACE::2025-12-25.07:36:37::SCWMssOS::Completed writemss as part of save.
TRACE::2025-12-25.07:36:37::SCWMssOS::Commit changes completed.
TRACE::2025-12-25.07:36:37::SCWReader::Adding prebuilt librarypaths as   
TRACE::2025-12-25.07:36:37::SCWReader::Adding prebuilt incpaths  as   
TRACE::2025-12-25.07:36:37::SCWPlatform::Trying to open the hw design at /home/zhou/Desktop/validation_1/vitis/full_system_v0/hw/new_system_v0_wrapper.xsa
TRACE::2025-12-25.07:36:37::SCWPlatform::DSA given /home/zhou/Desktop/validation_1/vitis/full_system_v0/hw/new_system_v0_wrapper.xsa
TRACE::2025-12-25.07:36:37::SCWPlatform::DSA absoulate path /home/zhou/Desktop/validation_1/vitis/full_system_v0/hw/new_system_v0_wrapper.xsa
TRACE::2025-12-25.07:36:37::SCWPlatform::DSA directory /home/zhou/Desktop/validation_1/vitis/full_system_v0/hw
TRACE::2025-12-25.07:36:37::SCWPlatform:: Platform Path /home/zhou/Desktop/validation_1/vitis/full_system_v0/hw/new_system_v0_wrapper.xsa
TRACE::2025-12-25.07:36:37::SCWPlatform:: Unique name xilinx:::0.0
TRACE::2025-12-25.07:36:37::SCWPlatform::Trying to set the existing hwdb with name gemm_v0_wrapper_4
TRACE::2025-12-25.07:36:37::SCWPlatform::Opened existing hwdb gemm_v0_wrapper_4
TRACE::2025-12-25.07:36:37::SCWPlatform::Found the Hw Db part of the input DSA
TRACE::2025-12-25.07:36:37::SCWMssOS::Checking the sw design at  /home/zhou/Desktop/validation_1/vitis/full_system_v0/zynqmp_pmufw/zynqmp_pmufw_bsp/system.mss
TRACE::2025-12-25.07:36:37::SCWMssOS::DEBUG:  swdes dump  /home/zhou/Desktop/validation_1/vitis/full_system_v0/zynqmp_fsbl/zynqmp_fsbl_bsp/system.mss|system||
/home/zhou/Desktop/validation_1/vitis/full_system_v0/zynqmp_pmufw/zynqmp_pmufw_bsp/system.mss|system_0||

TRACE::2025-12-25.07:36:37::SCWMssOS::Sw design exists and opened at  /home/zhou/Desktop/validation_1/vitis/full_system_v0/zynqmp_pmufw/zynqmp_pmufw_bsp/system.mss
TRACE::2025-12-25.07:36:37::SCWReader::No isolation master present  
TRACE::2025-12-25.07:36:37::SCWDomain::checking for install qemu data   : 
TRACE::2025-12-25.07:36:37::SCWDomain:: Using the QEMU Data from install at  : /tools/Xilinx/Vitis/2024.2/data/emulation/platforms/zynqmp/sw/a53_standalone/qemu/
TRACE::2025-12-25.07:36:37::SCWDomain:: Using the QEMU args  from install at  : /tools/Xilinx/Vitis/2024.2/data/emulation/platforms/zynqmp/sw/a53_standalone/qemu/qemu_args.txt
TRACE::2025-12-25.07:36:37::SCWDomain:: Using the PMUQEMU args from install at  : /tools/Xilinx/Vitis/2024.2/data/emulation/platforms/zynqmp/sw/a53_standalone/qemu/pmu_args.txt
TRACE::2025-12-25.07:36:37::SCWPlatform::Trying to open the hw design at /home/zhou/Desktop/validation_1/vitis/full_system_v0/hw/new_system_v0_wrapper.xsa
TRACE::2025-12-25.07:36:37::SCWPlatform::DSA given /home/zhou/Desktop/validation_1/vitis/full_system_v0/hw/new_system_v0_wrapper.xsa
TRACE::2025-12-25.07:36:37::SCWPlatform::DSA absoulate path /home/zhou/Desktop/validation_1/vitis/full_system_v0/hw/new_system_v0_wrapper.xsa
TRACE::2025-12-25.07:36:37::SCWPlatform::DSA directory /home/zhou/Desktop/validation_1/vitis/full_system_v0/hw
TRACE::2025-12-25.07:36:37::SCWPlatform:: Platform Path /home/zhou/Desktop/validation_1/vitis/full_system_v0/hw/new_system_v0_wrapper.xsa
TRACE::2025-12-25.07:36:37::SCWPlatform:: Unique name xilinx:::0.0
TRACE::2025-12-25.07:36:37::SCWPlatform::Trying to set the existing hwdb with name gemm_v0_wrapper_4
TRACE::2025-12-25.07:36:37::SCWPlatform::Opened existing hwdb gemm_v0_wrapper_4
TRACE::2025-12-25.07:36:37::SCWPlatform::Found the Hw Db part of the input DSA
TRACE::2025-12-25.07:36:37::SCWPlatform::Trying to open the hw design at /home/zhou/Desktop/validation_1/vitis/full_system_v0/hw/new_system_v0_wrapper.xsa
TRACE::2025-12-25.07:36:37::SCWPlatform::DSA given /home/zhou/Desktop/validation_1/vitis/full_system_v0/hw/new_system_v0_wrapper.xsa
TRACE::2025-12-25.07:36:37::SCWPlatform::DSA absoulate path /home/zhou/Desktop/validation_1/vitis/full_system_v0/hw/new_system_v0_wrapper.xsa
TRACE::2025-12-25.07:36:37::SCWPlatform::DSA directory /home/zhou/Desktop/validation_1/vitis/full_system_v0/hw
TRACE::2025-12-25.07:36:37::SCWPlatform:: Platform Path /home/zhou/Desktop/validation_1/vitis/full_system_v0/hw/new_system_v0_wrapper.xsa
TRACE::2025-12-25.07:36:37::SCWPlatform:: Unique name xilinx:::0.0
TRACE::2025-12-25.07:36:37::SCWPlatform::Trying to set the existing hwdb with name gemm_v0_wrapper_4
TRACE::2025-12-25.07:36:37::SCWPlatform::Opened existing hwdb gemm_v0_wrapper_4
TRACE::2025-12-25.07:36:37::SCWPlatform::Found the Hw Db part of the input DSA
TRACE::2025-12-25.07:36:37::SCWPlatform::Trying to open the hw design at /home/zhou/Desktop/validation_1/vitis/full_system_v0/hw/new_system_v0_wrapper.xsa
TRACE::2025-12-25.07:36:37::SCWPlatform::DSA given /home/zhou/Desktop/validation_1/vitis/full_system_v0/hw/new_system_v0_wrapper.xsa
TRACE::2025-12-25.07:36:37::SCWPlatform::DSA absoulate path /home/zhou/Desktop/validation_1/vitis/full_system_v0/hw/new_system_v0_wrapper.xsa
TRACE::2025-12-25.07:36:37::SCWPlatform::DSA directory /home/zhou/Desktop/validation_1/vitis/full_system_v0/hw
TRACE::2025-12-25.07:36:37::SCWPlatform:: Platform Path /home/zhou/Desktop/validation_1/vitis/full_system_v0/hw/new_system_v0_wrapper.xsa
TRACE::2025-12-25.07:36:37::SCWPlatform:: Unique name xilinx:::0.0
TRACE::2025-12-25.07:36:37::SCWPlatform::Trying to set the existing hwdb with name gemm_v0_wrapper_4
TRACE::2025-12-25.07:36:37::SCWPlatform::Opened existing hwdb gemm_v0_wrapper_4
TRACE::2025-12-25.07:36:37::SCWPlatform::Found the Hw Db part of the input DSA
TRACE::2025-12-25.07:36:37::SCWMssOS::Checking the sw design at  /home/zhou/Desktop/validation_1/vitis/full_system_v0/psu_cortexa53_0/standalone_domain/bsp/system.mss
TRACE::2025-12-25.07:36:37::SCWMssOS::DEBUG:  swdes dump  /home/zhou/Desktop/validation_1/vitis/full_system_v0/zynqmp_fsbl/zynqmp_fsbl_bsp/system.mss|system||
/home/zhou/Desktop/validation_1/vitis/full_system_v0/zynqmp_pmufw/zynqmp_pmufw_bsp/system.mss|system_0||

TRACE::2025-12-25.07:36:37::SCWMssOS::No sw design opened at  /home/zhou/Desktop/validation_1/vitis/full_system_v0/psu_cortexa53_0/standalone_domain/bsp/system.mss
TRACE::2025-12-25.07:36:37::SCWMssOS::mss exists loading the mss file  /home/zhou/Desktop/validation_1/vitis/full_system_v0/psu_cortexa53_0/standalone_domain/bsp/system.mss
TRACE::2025-12-25.07:36:37::SCWMssOS::Opened the sw design from mss  /home/zhou/Desktop/validation_1/vitis/full_system_v0/psu_cortexa53_0/standalone_domain/bsp/system.mss
TRACE::2025-12-25.07:36:37::SCWMssOS::Adding the swdes entry /home/zhou/Desktop/validation_1/vitis/full_system_v0/psu_cortexa53_0/standalone_domain/bsp/system.mss with des name system_1
TRACE::2025-12-25.07:36:37::SCWMssOS::updating the scw layer about changes
TRACE::2025-12-25.07:36:37::SCWMssOS::Opened the sw design.  /home/zhou/Desktop/validation_1/vitis/full_system_v0/psu_cortexa53_0/standalone_domain/bsp/system.mss
TRACE::2025-12-25.07:36:37::SCWMssOS::Saving the mss changes /home/zhou/Desktop/validation_1/vitis/full_system_v0/psu_cortexa53_0/standalone_domain/bsp/system.mss
TRACE::2025-12-25.07:36:37::SCWMssOS::Found a swdesign opened with the mssfile.
TRACE::2025-12-25.07:36:37::SCWMssOS::Completed writemss as part of save.
TRACE::2025-12-25.07:36:37::SCWMssOS::Commit changes completed.
TRACE::2025-12-25.07:36:37::SCWReader::Adding prebuilt librarypaths as   
TRACE::2025-12-25.07:36:37::SCWReader::Adding prebuilt incpaths  as   
TRACE::2025-12-25.07:36:37::SCWPlatform::Trying to open the hw design at /home/zhou/Desktop/validation_1/vitis/full_system_v0/hw/new_system_v0_wrapper.xsa
TRACE::2025-12-25.07:36:37::SCWPlatform::DSA given /home/zhou/Desktop/validation_1/vitis/full_system_v0/hw/new_system_v0_wrapper.xsa
TRACE::2025-12-25.07:36:37::SCWPlatform::DSA absoulate path /home/zhou/Desktop/validation_1/vitis/full_system_v0/hw/new_system_v0_wrapper.xsa
TRACE::2025-12-25.07:36:37::SCWPlatform::DSA directory /home/zhou/Desktop/validation_1/vitis/full_system_v0/hw
TRACE::2025-12-25.07:36:37::SCWPlatform:: Platform Path /home/zhou/Desktop/validation_1/vitis/full_system_v0/hw/new_system_v0_wrapper.xsa
TRACE::2025-12-25.07:36:37::SCWPlatform:: Unique name xilinx:::0.0
TRACE::2025-12-25.07:36:37::SCWPlatform::Trying to set the existing hwdb with name gemm_v0_wrapper_4
TRACE::2025-12-25.07:36:37::SCWPlatform::Opened existing hwdb gemm_v0_wrapper_4
TRACE::2025-12-25.07:36:37::SCWPlatform::Found the Hw Db part of the input DSA
TRACE::2025-12-25.07:36:37::SCWMssOS::Checking the sw design at  /home/zhou/Desktop/validation_1/vitis/full_system_v0/psu_cortexa53_0/standalone_domain/bsp/system.mss
TRACE::2025-12-25.07:36:37::SCWMssOS::DEBUG:  swdes dump  /home/zhou/Desktop/validation_1/vitis/full_system_v0/psu_cortexa53_0/standalone_domain/bsp/system.mss|system_1||
/home/zhou/Desktop/validation_1/vitis/full_system_v0/zynqmp_fsbl/zynqmp_fsbl_bsp/system.mss|system||
/home/zhou/Desktop/validation_1/vitis/full_system_v0/zynqmp_pmufw/zynqmp_pmufw_bsp/system.mss|system_0||

TRACE::2025-12-25.07:36:37::SCWMssOS::Sw design exists and opened at  /home/zhou/Desktop/validation_1/vitis/full_system_v0/psu_cortexa53_0/standalone_domain/bsp/system.mss
TRACE::2025-12-25.07:36:37::SCWReader::No isolation master present  
TRACE::2025-12-25.07:38:23::SCWPlatform::DSA given /home/zhou/Desktop/validation_1/vitis/full_system_v0/tempdsa/new_system_v1_wrapper.xsa
TRACE::2025-12-25.07:38:23::SCWPlatform::DSA absoulate path /home/zhou/Desktop/validation_1/vitis/full_system_v0/tempdsa/new_system_v1_wrapper.xsa
TRACE::2025-12-25.07:38:23::SCWPlatform:: Platform location is /home/zhou/Desktop/validation_1/vitis/full_system_v0/tempdsa
TRACE::2025-12-25.07:38:23::SCWPlatform:: Platform Path /home/zhou/Desktop/validation_1/vitis/full_system_v0/tempdsa/new_system_v1_wrapper.xsa
TRACE::2025-12-25.07:38:23::SCWPlatform:: Unique name xilinx:::0.0
TRACE::2025-12-25.07:38:56::SCWPlatform::Found the Hw Db part of the input DSA
TRACE::2025-12-25.07:38:56::SCWMssOS::Doing hw sync for the mss in domain: zynqmp_fsbl
TRACE::2025-12-25.07:38:56::SCWPlatform::Trying to open the hw design at /home/zhou/Desktop/validation_1/vitis/full_system_v0/hw/new_system_v0_wrapper.xsa
TRACE::2025-12-25.07:38:56::SCWPlatform::DSA given /home/zhou/Desktop/validation_1/vitis/full_system_v0/hw/new_system_v0_wrapper.xsa
TRACE::2025-12-25.07:38:56::SCWPlatform::DSA absoulate path /home/zhou/Desktop/validation_1/vitis/full_system_v0/hw/new_system_v0_wrapper.xsa
TRACE::2025-12-25.07:38:56::SCWPlatform::DSA directory /home/zhou/Desktop/validation_1/vitis/full_system_v0/hw
TRACE::2025-12-25.07:38:56::SCWPlatform:: Platform Path /home/zhou/Desktop/validation_1/vitis/full_system_v0/hw/new_system_v0_wrapper.xsa
TRACE::2025-12-25.07:38:56::SCWPlatform:: Unique name xilinx:::0.0
TRACE::2025-12-25.07:38:56::SCWPlatform::Trying to set the existing hwdb with name gemm_v0_wrapper_4
TRACE::2025-12-25.07:38:56::SCWPlatform::Opened existing hwdb gemm_v0_wrapper_4
TRACE::2025-12-25.07:38:56::SCWPlatform::Found the Hw Db part of the input DSA
TRACE::2025-12-25.07:38:56::SCWPlatform::Trying to open the hw design at /home/zhou/Desktop/validation_1/vitis/full_system_v0/hw/new_system_v0_wrapper.xsa
TRACE::2025-12-25.07:38:56::SCWPlatform::DSA given /home/zhou/Desktop/validation_1/vitis/full_system_v0/hw/new_system_v0_wrapper.xsa
TRACE::2025-12-25.07:38:56::SCWPlatform::DSA absoulate path /home/zhou/Desktop/validation_1/vitis/full_system_v0/hw/new_system_v0_wrapper.xsa
TRACE::2025-12-25.07:38:56::SCWPlatform::DSA directory /home/zhou/Desktop/validation_1/vitis/full_system_v0/hw
TRACE::2025-12-25.07:38:56::SCWPlatform:: Platform Path /home/zhou/Desktop/validation_1/vitis/full_system_v0/hw/new_system_v0_wrapper.xsa
TRACE::2025-12-25.07:38:56::SCWPlatform:: Unique name xilinx:::0.0
TRACE::2025-12-25.07:38:56::SCWPlatform::Trying to set the existing hwdb with name gemm_v0_wrapper_4
TRACE::2025-12-25.07:38:56::SCWPlatform::Opened existing hwdb gemm_v0_wrapper_4
TRACE::2025-12-25.07:38:56::SCWPlatform::Found the Hw Db part of the input DSA
TRACE::2025-12-25.07:38:56::SCWMssOS::Checking the sw design at  /home/zhou/Desktop/validation_1/vitis/full_system_v0/zynqmp_fsbl/zynqmp_fsbl_bsp/system.mss
TRACE::2025-12-25.07:38:56::SCWMssOS::DEBUG:  swdes dump  /home/zhou/Desktop/validation_1/vitis/full_system_v0/psu_cortexa53_0/standalone_domain/bsp/system.mss|system_1||
/home/zhou/Desktop/validation_1/vitis/full_system_v0/zynqmp_fsbl/zynqmp_fsbl_bsp/system.mss|system||
/home/zhou/Desktop/validation_1/vitis/full_system_v0/zynqmp_pmufw/zynqmp_pmufw_bsp/system.mss|system_0||

TRACE::2025-12-25.07:38:56::SCWMssOS::Sw design exists and opened at  /home/zhou/Desktop/validation_1/vitis/full_system_v0/zynqmp_fsbl/zynqmp_fsbl_bsp/system.mss
TRACE::2025-12-25.07:38:56::SCWPlatform::Trying to open the hw design at /home/zhou/Desktop/validation_1/vitis/full_system_v0/tempdsa/new_system_v1_wrapper.xsa
TRACE::2025-12-25.07:38:56::SCWPlatform::DSA given /home/zhou/Desktop/validation_1/vitis/full_system_v0/tempdsa/new_system_v1_wrapper.xsa
TRACE::2025-12-25.07:38:56::SCWPlatform::DSA absoulate path /home/zhou/Desktop/validation_1/vitis/full_system_v0/tempdsa/new_system_v1_wrapper.xsa
TRACE::2025-12-25.07:38:56::SCWPlatform::DSA directory /home/zhou/Desktop/validation_1/vitis/full_system_v0/tempdsa
TRACE::2025-12-25.07:38:56::SCWPlatform:: Platform Path /home/zhou/Desktop/validation_1/vitis/full_system_v0/tempdsa/new_system_v1_wrapper.xsa
TRACE::2025-12-25.07:38:56::SCWPlatform:: Unique name xilinx:::0.0
TRACE::2025-12-25.07:38:56::SCWPlatform::update - Opened existing hwdb gemm_v0_wrapper_5
TRACE::2025-12-25.07:38:56::SCWPlatform::Found the Hw Db part of the input DSA
TRACE::2025-12-25.07:38:56::SCWMssOS::Doing hw sync for the mss in domain: zynqmp_pmufw
TRACE::2025-12-25.07:38:56::SCWPlatform::Trying to open the hw design at /home/zhou/Desktop/validation_1/vitis/full_system_v0/hw/new_system_v0_wrapper.xsa
TRACE::2025-12-25.07:38:56::SCWPlatform::DSA given /home/zhou/Desktop/validation_1/vitis/full_system_v0/hw/new_system_v0_wrapper.xsa
TRACE::2025-12-25.07:38:56::SCWPlatform::DSA absoulate path /home/zhou/Desktop/validation_1/vitis/full_system_v0/hw/new_system_v0_wrapper.xsa
TRACE::2025-12-25.07:38:56::SCWPlatform::DSA directory /home/zhou/Desktop/validation_1/vitis/full_system_v0/hw
TRACE::2025-12-25.07:38:56::SCWPlatform:: Platform Path /home/zhou/Desktop/validation_1/vitis/full_system_v0/hw/new_system_v0_wrapper.xsa
TRACE::2025-12-25.07:38:56::SCWPlatform:: Unique name xilinx:::0.0
TRACE::2025-12-25.07:38:56::SCWPlatform::Trying to set the existing hwdb with name gemm_v0_wrapper_4
TRACE::2025-12-25.07:38:56::SCWPlatform::Opened existing hwdb gemm_v0_wrapper_4
TRACE::2025-12-25.07:38:56::SCWPlatform::Found the Hw Db part of the input DSA
TRACE::2025-12-25.07:38:56::SCWPlatform::Trying to open the hw design at /home/zhou/Desktop/validation_1/vitis/full_system_v0/hw/new_system_v0_wrapper.xsa
TRACE::2025-12-25.07:38:56::SCWPlatform::DSA given /home/zhou/Desktop/validation_1/vitis/full_system_v0/hw/new_system_v0_wrapper.xsa
TRACE::2025-12-25.07:38:56::SCWPlatform::DSA absoulate path /home/zhou/Desktop/validation_1/vitis/full_system_v0/hw/new_system_v0_wrapper.xsa
TRACE::2025-12-25.07:38:56::SCWPlatform::DSA directory /home/zhou/Desktop/validation_1/vitis/full_system_v0/hw
TRACE::2025-12-25.07:38:56::SCWPlatform:: Platform Path /home/zhou/Desktop/validation_1/vitis/full_system_v0/hw/new_system_v0_wrapper.xsa
TRACE::2025-12-25.07:38:56::SCWPlatform:: Unique name xilinx:::0.0
TRACE::2025-12-25.07:38:56::SCWPlatform::Trying to set the existing hwdb with name gemm_v0_wrapper_4
TRACE::2025-12-25.07:38:56::SCWPlatform::Opened existing hwdb gemm_v0_wrapper_4
TRACE::2025-12-25.07:38:56::SCWPlatform::Found the Hw Db part of the input DSA
TRACE::2025-12-25.07:38:56::SCWMssOS::Checking the sw design at  /home/zhou/Desktop/validation_1/vitis/full_system_v0/zynqmp_pmufw/zynqmp_pmufw_bsp/system.mss
TRACE::2025-12-25.07:38:56::SCWMssOS::DEBUG:  swdes dump  /home/zhou/Desktop/validation_1/vitis/full_system_v0/psu_cortexa53_0/standalone_domain/bsp/system.mss|system_1||
/home/zhou/Desktop/validation_1/vitis/full_system_v0/zynqmp_fsbl/zynqmp_fsbl_bsp/system.mss|system||
/home/zhou/Desktop/validation_1/vitis/full_system_v0/zynqmp_pmufw/zynqmp_pmufw_bsp/system.mss|system_0||

TRACE::2025-12-25.07:38:56::SCWMssOS::Sw design exists and opened at  /home/zhou/Desktop/validation_1/vitis/full_system_v0/zynqmp_pmufw/zynqmp_pmufw_bsp/system.mss
TRACE::2025-12-25.07:38:56::SCWPlatform::Trying to open the hw design at /home/zhou/Desktop/validation_1/vitis/full_system_v0/tempdsa/new_system_v1_wrapper.xsa
TRACE::2025-12-25.07:38:56::SCWPlatform::DSA given /home/zhou/Desktop/validation_1/vitis/full_system_v0/tempdsa/new_system_v1_wrapper.xsa
TRACE::2025-12-25.07:38:56::SCWPlatform::DSA absoulate path /home/zhou/Desktop/validation_1/vitis/full_system_v0/tempdsa/new_system_v1_wrapper.xsa
TRACE::2025-12-25.07:38:56::SCWPlatform::DSA directory /home/zhou/Desktop/validation_1/vitis/full_system_v0/tempdsa
TRACE::2025-12-25.07:38:56::SCWPlatform:: Platform Path /home/zhou/Desktop/validation_1/vitis/full_system_v0/tempdsa/new_system_v1_wrapper.xsa
TRACE::2025-12-25.07:38:56::SCWPlatform:: Unique name xilinx:::0.0
TRACE::2025-12-25.07:38:56::SCWPlatform::update - Opened existing hwdb gemm_v0_wrapper_5
TRACE::2025-12-25.07:38:56::SCWPlatform::Found the Hw Db part of the input DSA
TRACE::2025-12-25.07:38:56::SCWMssOS::Doing hw sync for the mss in domain: standalone_domain
TRACE::2025-12-25.07:38:56::SCWPlatform::Trying to open the hw design at /home/zhou/Desktop/validation_1/vitis/full_system_v0/hw/new_system_v0_wrapper.xsa
TRACE::2025-12-25.07:38:56::SCWPlatform::DSA given /home/zhou/Desktop/validation_1/vitis/full_system_v0/hw/new_system_v0_wrapper.xsa
TRACE::2025-12-25.07:38:56::SCWPlatform::DSA absoulate path /home/zhou/Desktop/validation_1/vitis/full_system_v0/hw/new_system_v0_wrapper.xsa
TRACE::2025-12-25.07:38:56::SCWPlatform::DSA directory /home/zhou/Desktop/validation_1/vitis/full_system_v0/hw
TRACE::2025-12-25.07:38:56::SCWPlatform:: Platform Path /home/zhou/Desktop/validation_1/vitis/full_system_v0/hw/new_system_v0_wrapper.xsa
TRACE::2025-12-25.07:38:56::SCWPlatform:: Unique name xilinx:::0.0
TRACE::2025-12-25.07:38:56::SCWPlatform::Trying to set the existing hwdb with name gemm_v0_wrapper_4
TRACE::2025-12-25.07:38:56::SCWPlatform::Opened existing hwdb gemm_v0_wrapper_4
TRACE::2025-12-25.07:38:56::SCWPlatform::Found the Hw Db part of the input DSA
TRACE::2025-12-25.07:38:56::SCWPlatform::Trying to open the hw design at /home/zhou/Desktop/validation_1/vitis/full_system_v0/hw/new_system_v0_wrapper.xsa
TRACE::2025-12-25.07:38:56::SCWPlatform::DSA given /home/zhou/Desktop/validation_1/vitis/full_system_v0/hw/new_system_v0_wrapper.xsa
TRACE::2025-12-25.07:38:56::SCWPlatform::DSA absoulate path /home/zhou/Desktop/validation_1/vitis/full_system_v0/hw/new_system_v0_wrapper.xsa
TRACE::2025-12-25.07:38:56::SCWPlatform::DSA directory /home/zhou/Desktop/validation_1/vitis/full_system_v0/hw
TRACE::2025-12-25.07:38:56::SCWPlatform:: Platform Path /home/zhou/Desktop/validation_1/vitis/full_system_v0/hw/new_system_v0_wrapper.xsa
TRACE::2025-12-25.07:38:56::SCWPlatform:: Unique name xilinx:::0.0
TRACE::2025-12-25.07:38:56::SCWPlatform::Trying to set the existing hwdb with name gemm_v0_wrapper_4
TRACE::2025-12-25.07:38:56::SCWPlatform::Opened existing hwdb gemm_v0_wrapper_4
TRACE::2025-12-25.07:38:56::SCWPlatform::Found the Hw Db part of the input DSA
TRACE::2025-12-25.07:38:56::SCWMssOS::Checking the sw design at  /home/zhou/Desktop/validation_1/vitis/full_system_v0/psu_cortexa53_0/standalone_domain/bsp/system.mss
TRACE::2025-12-25.07:38:56::SCWMssOS::DEBUG:  swdes dump  /home/zhou/Desktop/validation_1/vitis/full_system_v0/psu_cortexa53_0/standalone_domain/bsp/system.mss|system_1||
/home/zhou/Desktop/validation_1/vitis/full_system_v0/zynqmp_fsbl/zynqmp_fsbl_bsp/system.mss|system||
/home/zhou/Desktop/validation_1/vitis/full_system_v0/zynqmp_pmufw/zynqmp_pmufw_bsp/system.mss|system_0||

TRACE::2025-12-25.07:38:56::SCWMssOS::Sw design exists and opened at  /home/zhou/Desktop/validation_1/vitis/full_system_v0/psu_cortexa53_0/standalone_domain/bsp/system.mss
TRACE::2025-12-25.07:38:56::SCWPlatform::Trying to open the hw design at /home/zhou/Desktop/validation_1/vitis/full_system_v0/tempdsa/new_system_v1_wrapper.xsa
TRACE::2025-12-25.07:38:56::SCWPlatform::DSA given /home/zhou/Desktop/validation_1/vitis/full_system_v0/tempdsa/new_system_v1_wrapper.xsa
TRACE::2025-12-25.07:38:56::SCWPlatform::DSA absoulate path /home/zhou/Desktop/validation_1/vitis/full_system_v0/tempdsa/new_system_v1_wrapper.xsa
TRACE::2025-12-25.07:38:56::SCWPlatform::DSA directory /home/zhou/Desktop/validation_1/vitis/full_system_v0/tempdsa
TRACE::2025-12-25.07:38:56::SCWPlatform:: Platform Path /home/zhou/Desktop/validation_1/vitis/full_system_v0/tempdsa/new_system_v1_wrapper.xsa
TRACE::2025-12-25.07:38:56::SCWPlatform:: Unique name xilinx:::0.0
TRACE::2025-12-25.07:38:56::SCWPlatform::update - Opened existing hwdb gemm_v0_wrapper_5
TRACE::2025-12-25.07:38:56::SCWPlatform::Found the Hw Db part of the input DSA
TRACE::2025-12-25.07:38:56::SCWMssOS::Saving the mss changes /home/zhou/Desktop/validation_1/vitis/full_system_v0/zynqmp_fsbl/zynqmp_fsbl_bsp/system.mss
TRACE::2025-12-25.07:38:56::SCWMssOS::Found a swdesign opened with the mssfile.
TRACE::2025-12-25.07:38:56::SCWMssOS::Completed writemss as part of save.
TRACE::2025-12-25.07:38:56::SCWMssOS::Commit changes completed.
TRACE::2025-12-25.07:38:56::SCWMssOS::Completed hw sync for the mss in domain: zynqmp_fsbl
TRACE::2025-12-25.07:38:56::SCWMssOS::Removing the swdes entry for  /home/zhou/Desktop/validation_1/vitis/full_system_v0/zynqmp_fsbl/zynqmp_fsbl_bsp/system.mss
TRACE::2025-12-25.07:38:56::SCWMssOS::Saving the mss changes /home/zhou/Desktop/validation_1/vitis/full_system_v0/zynqmp_pmufw/zynqmp_pmufw_bsp/system.mss
TRACE::2025-12-25.07:38:56::SCWMssOS::Found a swdesign opened with the mssfile.
TRACE::2025-12-25.07:38:56::SCWMssOS::Completed writemss as part of save.
TRACE::2025-12-25.07:38:56::SCWMssOS::Commit changes completed.
TRACE::2025-12-25.07:38:56::SCWMssOS::Completed hw sync for the mss in domain: zynqmp_pmufw
TRACE::2025-12-25.07:38:56::SCWMssOS::Removing the swdes entry for  /home/zhou/Desktop/validation_1/vitis/full_system_v0/zynqmp_pmufw/zynqmp_pmufw_bsp/system.mss
TRACE::2025-12-25.07:38:56::SCWMssOS::Saving the mss changes /home/zhou/Desktop/validation_1/vitis/full_system_v0/psu_cortexa53_0/standalone_domain/bsp/system.mss
TRACE::2025-12-25.07:38:56::SCWMssOS::Found a swdesign opened with the mssfile.
TRACE::2025-12-25.07:38:56::SCWMssOS::Completed writemss as part of save.
TRACE::2025-12-25.07:38:56::SCWMssOS::Commit changes completed.
TRACE::2025-12-25.07:38:56::SCWMssOS::Completed hw sync for the mss in domain: standalone_domain
TRACE::2025-12-25.07:38:56::SCWMssOS::Removing the swdes entry for  /home/zhou/Desktop/validation_1/vitis/full_system_v0/psu_cortexa53_0/standalone_domain/bsp/system.mss
TRACE::2025-12-25.07:38:56::SCWPlatform::Trying to open the hw design at /home/zhou/Desktop/validation_1/vitis/full_system_v0/hw/new_system_v1_wrapper.xsa
TRACE::2025-12-25.07:38:56::SCWPlatform::DSA given /home/zhou/Desktop/validation_1/vitis/full_system_v0/hw/new_system_v1_wrapper.xsa
TRACE::2025-12-25.07:38:56::SCWPlatform::DSA absoulate path /home/zhou/Desktop/validation_1/vitis/full_system_v0/hw/new_system_v1_wrapper.xsa
TRACE::2025-12-25.07:38:56::SCWPlatform::DSA directory /home/zhou/Desktop/validation_1/vitis/full_system_v0/hw
TRACE::2025-12-25.07:38:56::SCWPlatform:: Platform Path /home/zhou/Desktop/validation_1/vitis/full_system_v0/hw/new_system_v1_wrapper.xsa
TRACE::2025-12-25.07:38:56::SCWPlatform:: Unique name xilinx:::0.0
TRACE::2025-12-25.07:38:56::SCWPlatform::Do not have an existing db opened. 
TRACE::2025-12-25.07:39:26::SCWPlatform::Opened new HwDB with name gemm_v0_wrapper_6
TRACE::2025-12-25.07:39:26::SCWMssOS::Saving the mss changes /home/zhou/Desktop/validation_1/vitis/full_system_v0/zynqmp_fsbl/zynqmp_fsbl_bsp/system.mss
TRACE::2025-12-25.07:39:26::SCWMssOS::Adding the swdes entry, mss present, able to open swdb /home/zhou/Desktop/validation_1/vitis/full_system_v0/zynqmp_fsbl/zynqmp_fsbl_bsp/system.mss with des name system
TRACE::2025-12-25.07:39:26::SCWMssOS::Writing the mss file completed /home/zhou/Desktop/validation_1/vitis/full_system_v0/zynqmp_fsbl/zynqmp_fsbl_bsp/system.mss
TRACE::2025-12-25.07:39:26::SCWMssOS::Commit changes completed.
TRACE::2025-12-25.07:39:26::SCWMssOS::Saving the mss changes /home/zhou/Desktop/validation_1/vitis/full_system_v0/zynqmp_pmufw/zynqmp_pmufw_bsp/system.mss
TRACE::2025-12-25.07:39:26::SCWMssOS::Adding the swdes entry, mss present, able to open swdb /home/zhou/Desktop/validation_1/vitis/full_system_v0/zynqmp_pmufw/zynqmp_pmufw_bsp/system.mss with des name system_0
TRACE::2025-12-25.07:39:26::SCWMssOS::Writing the mss file completed /home/zhou/Desktop/validation_1/vitis/full_system_v0/zynqmp_pmufw/zynqmp_pmufw_bsp/system.mss
TRACE::2025-12-25.07:39:26::SCWMssOS::Commit changes completed.
TRACE::2025-12-25.07:39:26::SCWMssOS::Saving the mss changes /home/zhou/Desktop/validation_1/vitis/full_system_v0/psu_cortexa53_0/standalone_domain/bsp/system.mss
TRACE::2025-12-25.07:39:26::SCWMssOS::Adding the swdes entry, mss present, able to open swdb /home/zhou/Desktop/validation_1/vitis/full_system_v0/psu_cortexa53_0/standalone_domain/bsp/system.mss with des name system_1
TRACE::2025-12-25.07:39:26::SCWMssOS::Writing the mss file completed /home/zhou/Desktop/validation_1/vitis/full_system_v0/psu_cortexa53_0/standalone_domain/bsp/system.mss
TRACE::2025-12-25.07:39:26::SCWMssOS::Commit changes completed.
TRACE::2025-12-25.07:39:26::SCWPlatform::Trying to open the hw design at /home/zhou/Desktop/validation_1/vitis/full_system_v0/hw/new_system_v1_wrapper.xsa
TRACE::2025-12-25.07:39:26::SCWPlatform::DSA given /home/zhou/Desktop/validation_1/vitis/full_system_v0/hw/new_system_v1_wrapper.xsa
TRACE::2025-12-25.07:39:26::SCWPlatform::DSA absoulate path /home/zhou/Desktop/validation_1/vitis/full_system_v0/hw/new_system_v1_wrapper.xsa
TRACE::2025-12-25.07:39:26::SCWPlatform::DSA directory /home/zhou/Desktop/validation_1/vitis/full_system_v0/hw
TRACE::2025-12-25.07:39:26::SCWPlatform:: Platform Path /home/zhou/Desktop/validation_1/vitis/full_system_v0/hw/new_system_v1_wrapper.xsa
TRACE::2025-12-25.07:39:26::SCWPlatform:: Unique name xilinx:::0.0
TRACE::2025-12-25.07:39:26::SCWPlatform::Trying to set the existing hwdb with name gemm_v0_wrapper_6
TRACE::2025-12-25.07:39:26::SCWPlatform::Opened existing hwdb gemm_v0_wrapper_6
TRACE::2025-12-25.07:39:26::SCWPlatform::Found the Hw Db part of the input DSA
TRACE::2025-12-25.07:39:26::SCWMssOS::Checking the sw design at  /home/zhou/Desktop/validation_1/vitis/full_system_v0/zynqmp_fsbl/zynqmp_fsbl_bsp/system.mss
TRACE::2025-12-25.07:39:26::SCWMssOS::DEBUG:  swdes dump  /home/zhou/Desktop/validation_1/vitis/full_system_v0/psu_cortexa53_0/standalone_domain/bsp/system.mss|system_1||
/home/zhou/Desktop/validation_1/vitis/full_system_v0/zynqmp_fsbl/zynqmp_fsbl_bsp/system.mss|system||
/home/zhou/Desktop/validation_1/vitis/full_system_v0/zynqmp_pmufw/zynqmp_pmufw_bsp/system.mss|system_0||

TRACE::2025-12-25.07:39:26::SCWMssOS::Sw design exists and opened at  /home/zhou/Desktop/validation_1/vitis/full_system_v0/zynqmp_fsbl/zynqmp_fsbl_bsp/system.mss
TRACE::2025-12-25.07:39:26::SCWPlatform::Trying to open the hw design at /home/zhou/Desktop/validation_1/vitis/full_system_v0/hw/new_system_v1_wrapper.xsa
TRACE::2025-12-25.07:39:26::SCWPlatform::DSA given /home/zhou/Desktop/validation_1/vitis/full_system_v0/hw/new_system_v1_wrapper.xsa
TRACE::2025-12-25.07:39:26::SCWPlatform::DSA absoulate path /home/zhou/Desktop/validation_1/vitis/full_system_v0/hw/new_system_v1_wrapper.xsa
TRACE::2025-12-25.07:39:26::SCWPlatform::DSA directory /home/zhou/Desktop/validation_1/vitis/full_system_v0/hw
TRACE::2025-12-25.07:39:26::SCWPlatform:: Platform Path /home/zhou/Desktop/validation_1/vitis/full_system_v0/hw/new_system_v1_wrapper.xsa
TRACE::2025-12-25.07:39:26::SCWPlatform:: Unique name xilinx:::0.0
TRACE::2025-12-25.07:39:26::SCWPlatform::Trying to set the existing hwdb with name gemm_v0_wrapper_6
TRACE::2025-12-25.07:39:26::SCWPlatform::Opened existing hwdb gemm_v0_wrapper_6
TRACE::2025-12-25.07:39:26::SCWPlatform::Found the Hw Db part of the input DSA
TRACE::2025-12-25.07:39:26::SCWMssOS::Checking the sw design at  /home/zhou/Desktop/validation_1/vitis/full_system_v0/zynqmp_pmufw/zynqmp_pmufw_bsp/system.mss
TRACE::2025-12-25.07:39:26::SCWMssOS::DEBUG:  swdes dump  /home/zhou/Desktop/validation_1/vitis/full_system_v0/psu_cortexa53_0/standalone_domain/bsp/system.mss|system_1||
/home/zhou/Desktop/validation_1/vitis/full_system_v0/zynqmp_fsbl/zynqmp_fsbl_bsp/system.mss|system||
/home/zhou/Desktop/validation_1/vitis/full_system_v0/zynqmp_pmufw/zynqmp_pmufw_bsp/system.mss|system_0||

TRACE::2025-12-25.07:39:26::SCWMssOS::Sw design exists and opened at  /home/zhou/Desktop/validation_1/vitis/full_system_v0/zynqmp_pmufw/zynqmp_pmufw_bsp/system.mss
TRACE::2025-12-25.07:39:26::SCWPlatform::Trying to open the hw design at /home/zhou/Desktop/validation_1/vitis/full_system_v0/hw/new_system_v1_wrapper.xsa
TRACE::2025-12-25.07:39:26::SCWPlatform::DSA given /home/zhou/Desktop/validation_1/vitis/full_system_v0/hw/new_system_v1_wrapper.xsa
TRACE::2025-12-25.07:39:26::SCWPlatform::DSA absoulate path /home/zhou/Desktop/validation_1/vitis/full_system_v0/hw/new_system_v1_wrapper.xsa
TRACE::2025-12-25.07:39:26::SCWPlatform::DSA directory /home/zhou/Desktop/validation_1/vitis/full_system_v0/hw
TRACE::2025-12-25.07:39:26::SCWPlatform:: Platform Path /home/zhou/Desktop/validation_1/vitis/full_system_v0/hw/new_system_v1_wrapper.xsa
TRACE::2025-12-25.07:39:26::SCWPlatform:: Unique name xilinx:::0.0
TRACE::2025-12-25.07:39:26::SCWPlatform::Trying to set the existing hwdb with name gemm_v0_wrapper_6
TRACE::2025-12-25.07:39:26::SCWPlatform::Opened existing hwdb gemm_v0_wrapper_6
TRACE::2025-12-25.07:39:26::SCWPlatform::Found the Hw Db part of the input DSA
TRACE::2025-12-25.07:39:26::SCWMssOS::Checking the sw design at  /home/zhou/Desktop/validation_1/vitis/full_system_v0/psu_cortexa53_0/standalone_domain/bsp/system.mss
TRACE::2025-12-25.07:39:26::SCWMssOS::DEBUG:  swdes dump  /home/zhou/Desktop/validation_1/vitis/full_system_v0/psu_cortexa53_0/standalone_domain/bsp/system.mss|system_1||
/home/zhou/Desktop/validation_1/vitis/full_system_v0/zynqmp_fsbl/zynqmp_fsbl_bsp/system.mss|system||
/home/zhou/Desktop/validation_1/vitis/full_system_v0/zynqmp_pmufw/zynqmp_pmufw_bsp/system.mss|system_0||

TRACE::2025-12-25.07:39:26::SCWMssOS::Sw design exists and opened at  /home/zhou/Desktop/validation_1/vitis/full_system_v0/psu_cortexa53_0/standalone_domain/bsp/system.mss
TRACE::2025-12-25.07:39:26::SCWWriter::formatted JSON is {
	"platformName":	"full_system_v0",
	"sprVersion":	"2.0",
	"mode":	"gui",
	"dsaType":	"Fixed",
	"platformDesc":	"full_system_v0",
	"platHandOff":	"/home/zhou/Desktop/validation_1/new_system_v1_wrapper.xsa",
	"platIntHandOff":	"<platformDir>/hw/new_system_v1_wrapper.xsa",
	"deviceType":	"zynqMP",
	"platIsPrebuiltAutogen":	"false",
	"platIsNoBootBsp":	"false",
	"platFsblTarget":	"psu_cortexa53_0",
	"hasFsblMakeHasChanges":	"false",
	"hasPmufwMakeHasChanges":	"false",
	"fsblExtraCompilerFlags":	"-MMD -MP      -Wall -fmessage-length=0 -DARMA53_64 -Os -flto -ffat-lto-objects  ",
	"pmufwExtraCompilerFlags":	"-MMD -MP      -mlittle-endian -mxl-barrel-shift -mxl-pattern-compare -mcpu=v9.2 -mxl-soft-mul -Os -flto -ffat-lto-objects  ",
	"platPreBuiltFlag":	false,
	"platformSamplesDir":	"",
	"platActiveSys":	"full_system_v0",
	"systems":	[{
			"systemName":	"full_system_v0",
			"systemDesc":	"full_system_v0",
			"sysIsBootAutoGen":	"true",
			"systemDispName":	"full_system_v0",
			"sysActiveDom":	"standalone_domain",
			"sysDefaultDom":	"standalone_domain",
			"domains":	[{
					"domainName":	"zynqmp_fsbl",
					"domainDispName":	"zynqmp_fsbl",
					"domainDesc":	"FSBL Application BSP - Auto Generated.",
					"processors":	"psu_cortexa53_0",
					"os":	"standalone",
					"sdxOs":	"standalone",
					"debugEnable":	"",
					"domRuntimes":	["cpp"],
					"swRepo":	"",
					"mssOsVer":	"9.2",
					"mssFile":	"",
					"md5Digest":	"0563630c5429eb64395820372b32e6381",
					"compatibleApp":	"zynqmp_fsbl",
					"domType":	"bootDomain",
					"arch":	"64-bit",
					"appSettings":	{
						"appCompilerFlags":	"",
						"appLinkerFlags":	""
					},
					"addedLibs":	["xilffs:5.3", "xilsecure:5.4", "xilpm:5.3"],
					"libOptions":	{
						"standalone":	{
							"zynqmp_fsbl_bsp":	"true",
							"libOptionNames":	["zynqmp_fsbl_bsp"]
						},
						"xilffs":	{
							"read_only":	"true",
							"use_mkfs":	"false",
							"libOptionNames":	["read_only", "use_mkfs"]
						},
						"xilsecure":	{
							"tpm_support":	"true",
							"libOptionNames":	["tpm_support"]
						},
						"libsContainingOptions":	["standalone", "xilffs", "xilsecure"]
					},
					"prebuiltLibs":	{
						"prebuiltIncPath":	[],
						"prebuiltLibPath":	[]
					},
					"isolation":	{
					}
				}, {
					"domainName":	"zynqmp_pmufw",
					"domainDispName":	"zynqmp_pmufw",
					"domainDesc":	"PMUFW Application BSP - Auto Generated.",
					"processors":	"psu_pmu_0",
					"os":	"standalone",
					"sdxOs":	"standalone",
					"debugEnable":	"",
					"domRuntimes":	["cpp"],
					"swRepo":	"",
					"mssOsVer":	"9.2",
					"mssFile":	"",
					"md5Digest":	"068ac74865b8e7e98159ae2e0d07fe641",
					"compatibleApp":	"zynqmp_pmufw",
					"domType":	"bootDomain",
					"arch":	"32-bit",
					"appSettings":	{
						"appCompilerFlags":	"",
						"appLinkerFlags":	""
					},
					"addedLibs":	["xilfpga:6.7", "xilsecure:5.4", "xilskey:7.6"],
					"libOptions":	{
						"psu_pmu_0":	{
							"extra_compiler_flags":	"-g -ffunction-sections -fdata-sections -Wall -Wextra -fno-tree-loop-distribute-patterns  -Os -flto -ffat-lto-objects",
							"libOptionNames":	["extra_compiler_flags"]
						},
						"libsContainingOptions":	["psu_pmu_0"]
					},
					"prebuiltLibs":	{
						"prebuiltIncPath":	[],
						"prebuiltLibPath":	[]
					},
					"isolation":	{
					}
				}, {
					"domainName":	"standalone_domain",
					"domainDispName":	"standalone on psu_cortexa53_0",
					"domainDesc":	"standalone_domain",
					"processors":	"psu_cortexa53_0",
					"os":	"standalone",
					"sdxOs":	"standalone",
					"qemuArgs":	"<platformDir>/resources/full_system_v0/standalone_domain/qemu_args.txt",
					"qemuData":	"<platformDir>/resources/full_system_v0/standalone_domain/qemu",
					"pmuQemuArgs":	"<platformDir>/resources/full_system_v0/standalone_domain/pmu_args.txt",
					"debugEnable":	"False",
					"domRuntimes":	["cpp"],
					"swRepo":	"",
					"mssOsVer":	"9.2",
					"mssFile":	"",
					"md5Digest":	"060eb99cc0d4ae4931ea62d99759d4f11",
					"compatibleApp":	"",
					"domType":	"mssDomain",
					"arch":	"64-bit",
					"appSettings":	{
						"appCompilerFlags":	"",
						"appLinkerFlags":	""
					},
					"addedLibs":	[],
					"libOptions":	{
						"libsContainingOptions":	[]
					},
					"prebuiltLibs":	{
						"prebuiltIncPath":	[],
						"prebuiltLibPath":	[]
					},
					"isolation":	{
					}
				}]
		}]
}
TRACE::2025-12-25.07:39:28::SCWPlatform::Clearing the existing platform
TRACE::2025-12-25.07:39:28::SCWSystem::Clearing the existing sysconfig
TRACE::2025-12-25.07:39:28::SCWBDomain::clearing the fsbl build
TRACE::2025-12-25.07:39:28::SCWMssOS::Removing the swdes entry for  /home/zhou/Desktop/validation_1/vitis/full_system_v0/zynqmp_fsbl/zynqmp_fsbl_bsp/system.mss
TRACE::2025-12-25.07:39:28::SCWBDomain::clearing the pmufw build
TRACE::2025-12-25.07:39:28::SCWMssOS::Removing the swdes entry for  /home/zhou/Desktop/validation_1/vitis/full_system_v0/zynqmp_pmufw/zynqmp_pmufw_bsp/system.mss
TRACE::2025-12-25.07:39:28::SCWMssOS::Removing the swdes entry for  /home/zhou/Desktop/validation_1/vitis/full_system_v0/psu_cortexa53_0/standalone_domain/bsp/system.mss
TRACE::2025-12-25.07:39:28::SCWSystem::Clearing the domains completed.
TRACE::2025-12-25.07:39:28::SCWPlatform::Clearing the opened hw db.
TRACE::2025-12-25.07:39:28::SCWPlatform::DSA given /home/zhou/Desktop/validation_1/vitis/full_system_v0/hw/new_system_v1_wrapper.xsa
TRACE::2025-12-25.07:39:28::SCWPlatform::DSA absoulate path /home/zhou/Desktop/validation_1/vitis/full_system_v0/hw/new_system_v1_wrapper.xsa
TRACE::2025-12-25.07:39:28::SCWPlatform:: Platform location is /home/zhou/Desktop/validation_1/vitis/full_system_v0/hw
TRACE::2025-12-25.07:39:28::SCWPlatform:: Platform Path /home/zhou/Desktop/validation_1/vitis/full_system_v0/hw/new_system_v1_wrapper.xsa
TRACE::2025-12-25.07:39:28::SCWPlatform:: Unique name xilinx:::0.0
TRACE::2025-12-25.07:39:28::SCWPlatform::Removing the HwDB with name /home/zhou/Desktop/validation_1/vitis/full_system_v0/hw/new_system_v1_wrapper.xsa
TRACE::2025-12-25.07:39:28::SCWPlatform::Trying to open the hw design at /home/zhou/Desktop/validation_1/vitis/full_system_v0/hw/new_system_v1_wrapper.xsa
TRACE::2025-12-25.07:39:28::SCWPlatform::DSA given /home/zhou/Desktop/validation_1/vitis/full_system_v0/hw/new_system_v1_wrapper.xsa
TRACE::2025-12-25.07:39:28::SCWPlatform::DSA absoulate path /home/zhou/Desktop/validation_1/vitis/full_system_v0/hw/new_system_v1_wrapper.xsa
TRACE::2025-12-25.07:39:28::SCWPlatform::DSA directory /home/zhou/Desktop/validation_1/vitis/full_system_v0/hw
TRACE::2025-12-25.07:39:28::SCWPlatform:: Platform Path /home/zhou/Desktop/validation_1/vitis/full_system_v0/hw/new_system_v1_wrapper.xsa
TRACE::2025-12-25.07:39:28::SCWPlatform:: Unique name xilinx:::0.0
TRACE::2025-12-25.07:39:28::SCWPlatform::Do not have an existing db opened. 
TRACE::2025-12-25.07:39:58::SCWPlatform::Opened new HwDB with name gemm_v0_wrapper_7
TRACE::2025-12-25.07:39:58::SCWReader::Active system found as  full_system_v0
TRACE::2025-12-25.07:39:58::SCWReader::Handling sysconfig full_system_v0
TRACE::2025-12-25.07:39:58::SCWDomain::checking for install qemu data   : 
TRACE::2025-12-25.07:39:58::SCWDomain:: Using the QEMU Data from install at  : /tools/Xilinx/Vitis/2024.2/data/emulation/platforms/zynqmp/sw/a53_standalone/qemu/
TRACE::2025-12-25.07:39:58::SCWDomain:: Using the QEMU args  from install at  : /tools/Xilinx/Vitis/2024.2/data/emulation/platforms/zynqmp/sw/a53_standalone/qemu/qemu_args.txt
TRACE::2025-12-25.07:39:58::SCWDomain:: Using the PMUQEMU args from install at  : /tools/Xilinx/Vitis/2024.2/data/emulation/platforms/zynqmp/sw/a53_standalone/qemu/pmu_args.txt
TRACE::2025-12-25.07:39:58::SCWPlatform::Trying to open the hw design at /home/zhou/Desktop/validation_1/vitis/full_system_v0/hw/new_system_v1_wrapper.xsa
TRACE::2025-12-25.07:39:58::SCWPlatform::DSA given /home/zhou/Desktop/validation_1/vitis/full_system_v0/hw/new_system_v1_wrapper.xsa
TRACE::2025-12-25.07:39:58::SCWPlatform::DSA absoulate path /home/zhou/Desktop/validation_1/vitis/full_system_v0/hw/new_system_v1_wrapper.xsa
TRACE::2025-12-25.07:39:58::SCWPlatform::DSA directory /home/zhou/Desktop/validation_1/vitis/full_system_v0/hw
TRACE::2025-12-25.07:39:58::SCWPlatform:: Platform Path /home/zhou/Desktop/validation_1/vitis/full_system_v0/hw/new_system_v1_wrapper.xsa
TRACE::2025-12-25.07:39:58::SCWPlatform:: Unique name xilinx:::0.0
TRACE::2025-12-25.07:39:58::SCWPlatform::Trying to set the existing hwdb with name gemm_v0_wrapper_7
TRACE::2025-12-25.07:39:58::SCWPlatform::Opened existing hwdb gemm_v0_wrapper_7
TRACE::2025-12-25.07:39:58::SCWPlatform::Found the Hw Db part of the input DSA
TRACE::2025-12-25.07:39:58::SCWPlatform::Trying to open the hw design at /home/zhou/Desktop/validation_1/vitis/full_system_v0/hw/new_system_v1_wrapper.xsa
TRACE::2025-12-25.07:39:58::SCWPlatform::DSA given /home/zhou/Desktop/validation_1/vitis/full_system_v0/hw/new_system_v1_wrapper.xsa
TRACE::2025-12-25.07:39:58::SCWPlatform::DSA absoulate path /home/zhou/Desktop/validation_1/vitis/full_system_v0/hw/new_system_v1_wrapper.xsa
TRACE::2025-12-25.07:39:58::SCWPlatform::DSA directory /home/zhou/Desktop/validation_1/vitis/full_system_v0/hw
TRACE::2025-12-25.07:39:58::SCWPlatform:: Platform Path /home/zhou/Desktop/validation_1/vitis/full_system_v0/hw/new_system_v1_wrapper.xsa
TRACE::2025-12-25.07:39:58::SCWPlatform:: Unique name xilinx:::0.0
TRACE::2025-12-25.07:39:58::SCWPlatform::Trying to set the existing hwdb with name gemm_v0_wrapper_7
TRACE::2025-12-25.07:39:58::SCWPlatform::Opened existing hwdb gemm_v0_wrapper_7
TRACE::2025-12-25.07:39:58::SCWPlatform::Found the Hw Db part of the input DSA
TRACE::2025-12-25.07:39:58::SCWPlatform::Trying to open the hw design at /home/zhou/Desktop/validation_1/vitis/full_system_v0/hw/new_system_v1_wrapper.xsa
TRACE::2025-12-25.07:39:58::SCWPlatform::DSA given /home/zhou/Desktop/validation_1/vitis/full_system_v0/hw/new_system_v1_wrapper.xsa
TRACE::2025-12-25.07:39:58::SCWPlatform::DSA absoulate path /home/zhou/Desktop/validation_1/vitis/full_system_v0/hw/new_system_v1_wrapper.xsa
TRACE::2025-12-25.07:39:58::SCWPlatform::DSA directory /home/zhou/Desktop/validation_1/vitis/full_system_v0/hw
TRACE::2025-12-25.07:39:58::SCWPlatform:: Platform Path /home/zhou/Desktop/validation_1/vitis/full_system_v0/hw/new_system_v1_wrapper.xsa
TRACE::2025-12-25.07:39:58::SCWPlatform:: Unique name xilinx:::0.0
TRACE::2025-12-25.07:39:58::SCWPlatform::Trying to set the existing hwdb with name gemm_v0_wrapper_7
TRACE::2025-12-25.07:39:58::SCWPlatform::Opened existing hwdb gemm_v0_wrapper_7
TRACE::2025-12-25.07:39:58::SCWPlatform::Found the Hw Db part of the input DSA
TRACE::2025-12-25.07:39:58::SCWReader::Boot application domain added for zynqmp_fsbl
TRACE::2025-12-25.07:39:58::SCWPlatform::Trying to open the hw design at /home/zhou/Desktop/validation_1/vitis/full_system_v0/hw/new_system_v1_wrapper.xsa
TRACE::2025-12-25.07:39:58::SCWPlatform::DSA given /home/zhou/Desktop/validation_1/vitis/full_system_v0/hw/new_system_v1_wrapper.xsa
TRACE::2025-12-25.07:39:58::SCWPlatform::DSA absoulate path /home/zhou/Desktop/validation_1/vitis/full_system_v0/hw/new_system_v1_wrapper.xsa
TRACE::2025-12-25.07:39:58::SCWPlatform::DSA directory /home/zhou/Desktop/validation_1/vitis/full_system_v0/hw
TRACE::2025-12-25.07:39:58::SCWPlatform:: Platform Path /home/zhou/Desktop/validation_1/vitis/full_system_v0/hw/new_system_v1_wrapper.xsa
TRACE::2025-12-25.07:39:58::SCWPlatform:: Unique name xilinx:::0.0
TRACE::2025-12-25.07:39:58::SCWPlatform::Trying to set the existing hwdb with name gemm_v0_wrapper_7
TRACE::2025-12-25.07:39:58::SCWPlatform::Opened existing hwdb gemm_v0_wrapper_7
TRACE::2025-12-25.07:39:58::SCWPlatform::Found the Hw Db part of the input DSA
TRACE::2025-12-25.07:39:58::SCWMssOS::Checking the sw design at  /home/zhou/Desktop/validation_1/vitis/full_system_v0/zynqmp_fsbl/zynqmp_fsbl_bsp/system.mss
TRACE::2025-12-25.07:39:58::SCWMssOS::DEBUG:  swdes dump  
TRACE::2025-12-25.07:39:58::SCWMssOS::No sw design opened at  /home/zhou/Desktop/validation_1/vitis/full_system_v0/zynqmp_fsbl/zynqmp_fsbl_bsp/system.mss
TRACE::2025-12-25.07:39:58::SCWMssOS::mss exists loading the mss file  /home/zhou/Desktop/validation_1/vitis/full_system_v0/zynqmp_fsbl/zynqmp_fsbl_bsp/system.mss
TRACE::2025-12-25.07:39:58::SCWMssOS::Opened the sw design from mss  /home/zhou/Desktop/validation_1/vitis/full_system_v0/zynqmp_fsbl/zynqmp_fsbl_bsp/system.mss
TRACE::2025-12-25.07:39:58::SCWMssOS::Adding the swdes entry /home/zhou/Desktop/validation_1/vitis/full_system_v0/zynqmp_fsbl/zynqmp_fsbl_bsp/system.mss with des name system
TRACE::2025-12-25.07:39:58::SCWMssOS::updating the scw layer about changes
TRACE::2025-12-25.07:39:58::SCWMssOS::Opened the sw design.  /home/zhou/Desktop/validation_1/vitis/full_system_v0/zynqmp_fsbl/zynqmp_fsbl_bsp/system.mss
TRACE::2025-12-25.07:39:58::SCWPlatform::Trying to open the hw design at /home/zhou/Desktop/validation_1/vitis/full_system_v0/hw/new_system_v1_wrapper.xsa
TRACE::2025-12-25.07:39:58::SCWPlatform::DSA given /home/zhou/Desktop/validation_1/vitis/full_system_v0/hw/new_system_v1_wrapper.xsa
TRACE::2025-12-25.07:39:58::SCWPlatform::DSA absoulate path /home/zhou/Desktop/validation_1/vitis/full_system_v0/hw/new_system_v1_wrapper.xsa
TRACE::2025-12-25.07:39:58::SCWPlatform::DSA directory /home/zhou/Desktop/validation_1/vitis/full_system_v0/hw
TRACE::2025-12-25.07:39:58::SCWPlatform:: Platform Path /home/zhou/Desktop/validation_1/vitis/full_system_v0/hw/new_system_v1_wrapper.xsa
TRACE::2025-12-25.07:39:58::SCWPlatform:: Unique name xilinx:::0.0
TRACE::2025-12-25.07:39:58::SCWPlatform::Trying to set the existing hwdb with name gemm_v0_wrapper_7
TRACE::2025-12-25.07:39:58::SCWPlatform::Opened existing hwdb gemm_v0_wrapper_7
TRACE::2025-12-25.07:39:58::SCWPlatform::Found the Hw Db part of the input DSA
TRACE::2025-12-25.07:39:58::SCWMssOS::Checking the sw design at  /home/zhou/Desktop/validation_1/vitis/full_system_v0/zynqmp_fsbl/zynqmp_fsbl_bsp/system.mss
TRACE::2025-12-25.07:39:58::SCWMssOS::DEBUG:  swdes dump  /home/zhou/Desktop/validation_1/vitis/full_system_v0/zynqmp_fsbl/zynqmp_fsbl_bsp/system.mss|system||

TRACE::2025-12-25.07:39:58::SCWMssOS::Sw design exists and opened at  /home/zhou/Desktop/validation_1/vitis/full_system_v0/zynqmp_fsbl/zynqmp_fsbl_bsp/system.mss
TRACE::2025-12-25.07:39:58::SCWMssOS:: library already available in sw design:  xilffs:5.3
TRACE::2025-12-25.07:39:58::SCWPlatform::Trying to open the hw design at /home/zhou/Desktop/validation_1/vitis/full_system_v0/hw/new_system_v1_wrapper.xsa
TRACE::2025-12-25.07:39:58::SCWPlatform::DSA given /home/zhou/Desktop/validation_1/vitis/full_system_v0/hw/new_system_v1_wrapper.xsa
TRACE::2025-12-25.07:39:58::SCWPlatform::DSA absoulate path /home/zhou/Desktop/validation_1/vitis/full_system_v0/hw/new_system_v1_wrapper.xsa
TRACE::2025-12-25.07:39:58::SCWPlatform::DSA directory /home/zhou/Desktop/validation_1/vitis/full_system_v0/hw
TRACE::2025-12-25.07:39:58::SCWPlatform:: Platform Path /home/zhou/Desktop/validation_1/vitis/full_system_v0/hw/new_system_v1_wrapper.xsa
TRACE::2025-12-25.07:39:58::SCWPlatform:: Unique name xilinx:::0.0
TRACE::2025-12-25.07:39:58::SCWPlatform::Trying to set the existing hwdb with name gemm_v0_wrapper_7
TRACE::2025-12-25.07:39:58::SCWPlatform::Opened existing hwdb gemm_v0_wrapper_7
TRACE::2025-12-25.07:39:58::SCWPlatform::Found the Hw Db part of the input DSA
TRACE::2025-12-25.07:39:58::SCWMssOS::Checking the sw design at  /home/zhou/Desktop/validation_1/vitis/full_system_v0/zynqmp_fsbl/zynqmp_fsbl_bsp/system.mss
TRACE::2025-12-25.07:39:58::SCWMssOS::DEBUG:  swdes dump  /home/zhou/Desktop/validation_1/vitis/full_system_v0/zynqmp_fsbl/zynqmp_fsbl_bsp/system.mss|system||

TRACE::2025-12-25.07:39:58::SCWMssOS::Sw design exists and opened at  /home/zhou/Desktop/validation_1/vitis/full_system_v0/zynqmp_fsbl/zynqmp_fsbl_bsp/system.mss
TRACE::2025-12-25.07:39:58::SCWMssOS:: library already available in sw design:  xilsecure:5.4
TRACE::2025-12-25.07:39:58::SCWPlatform::Trying to open the hw design at /home/zhou/Desktop/validation_1/vitis/full_system_v0/hw/new_system_v1_wrapper.xsa
TRACE::2025-12-25.07:39:58::SCWPlatform::DSA given /home/zhou/Desktop/validation_1/vitis/full_system_v0/hw/new_system_v1_wrapper.xsa
TRACE::2025-12-25.07:39:58::SCWPlatform::DSA absoulate path /home/zhou/Desktop/validation_1/vitis/full_system_v0/hw/new_system_v1_wrapper.xsa
TRACE::2025-12-25.07:39:58::SCWPlatform::DSA directory /home/zhou/Desktop/validation_1/vitis/full_system_v0/hw
TRACE::2025-12-25.07:39:58::SCWPlatform:: Platform Path /home/zhou/Desktop/validation_1/vitis/full_system_v0/hw/new_system_v1_wrapper.xsa
TRACE::2025-12-25.07:39:58::SCWPlatform:: Unique name xilinx:::0.0
TRACE::2025-12-25.07:39:58::SCWPlatform::Trying to set the existing hwdb with name gemm_v0_wrapper_7
TRACE::2025-12-25.07:39:58::SCWPlatform::Opened existing hwdb gemm_v0_wrapper_7
TRACE::2025-12-25.07:39:58::SCWPlatform::Found the Hw Db part of the input DSA
TRACE::2025-12-25.07:39:58::SCWMssOS::Checking the sw design at  /home/zhou/Desktop/validation_1/vitis/full_system_v0/zynqmp_fsbl/zynqmp_fsbl_bsp/system.mss
TRACE::2025-12-25.07:39:58::SCWMssOS::DEBUG:  swdes dump  /home/zhou/Desktop/validation_1/vitis/full_system_v0/zynqmp_fsbl/zynqmp_fsbl_bsp/system.mss|system||

TRACE::2025-12-25.07:39:58::SCWMssOS::Sw design exists and opened at  /home/zhou/Desktop/validation_1/vitis/full_system_v0/zynqmp_fsbl/zynqmp_fsbl_bsp/system.mss
TRACE::2025-12-25.07:39:58::SCWMssOS:: library already available in sw design:  xilpm:5.3
TRACE::2025-12-25.07:39:58::SCWPlatform::Trying to open the hw design at /home/zhou/Desktop/validation_1/vitis/full_system_v0/hw/new_system_v1_wrapper.xsa
TRACE::2025-12-25.07:39:58::SCWPlatform::DSA given /home/zhou/Desktop/validation_1/vitis/full_system_v0/hw/new_system_v1_wrapper.xsa
TRACE::2025-12-25.07:39:58::SCWPlatform::DSA absoulate path /home/zhou/Desktop/validation_1/vitis/full_system_v0/hw/new_system_v1_wrapper.xsa
TRACE::2025-12-25.07:39:58::SCWPlatform::DSA directory /home/zhou/Desktop/validation_1/vitis/full_system_v0/hw
TRACE::2025-12-25.07:39:58::SCWPlatform:: Platform Path /home/zhou/Desktop/validation_1/vitis/full_system_v0/hw/new_system_v1_wrapper.xsa
TRACE::2025-12-25.07:39:58::SCWPlatform:: Unique name xilinx:::0.0
TRACE::2025-12-25.07:39:58::SCWPlatform::Trying to set the existing hwdb with name gemm_v0_wrapper_7
TRACE::2025-12-25.07:39:58::SCWPlatform::Opened existing hwdb gemm_v0_wrapper_7
TRACE::2025-12-25.07:39:58::SCWPlatform::Found the Hw Db part of the input DSA
TRACE::2025-12-25.07:39:58::SCWMssOS::Checking the sw design at  /home/zhou/Desktop/validation_1/vitis/full_system_v0/zynqmp_fsbl/zynqmp_fsbl_bsp/system.mss
TRACE::2025-12-25.07:39:58::SCWMssOS::DEBUG:  swdes dump  /home/zhou/Desktop/validation_1/vitis/full_system_v0/zynqmp_fsbl/zynqmp_fsbl_bsp/system.mss|system||

TRACE::2025-12-25.07:39:58::SCWMssOS::Sw design exists and opened at  /home/zhou/Desktop/validation_1/vitis/full_system_v0/zynqmp_fsbl/zynqmp_fsbl_bsp/system.mss
TRACE::2025-12-25.07:39:58::SCWPlatform::Trying to open the hw design at /home/zhou/Desktop/validation_1/vitis/full_system_v0/hw/new_system_v1_wrapper.xsa
TRACE::2025-12-25.07:39:58::SCWPlatform::DSA given /home/zhou/Desktop/validation_1/vitis/full_system_v0/hw/new_system_v1_wrapper.xsa
TRACE::2025-12-25.07:39:58::SCWPlatform::DSA absoulate path /home/zhou/Desktop/validation_1/vitis/full_system_v0/hw/new_system_v1_wrapper.xsa
TRACE::2025-12-25.07:39:58::SCWPlatform::DSA directory /home/zhou/Desktop/validation_1/vitis/full_system_v0/hw
TRACE::2025-12-25.07:39:58::SCWPlatform:: Platform Path /home/zhou/Desktop/validation_1/vitis/full_system_v0/hw/new_system_v1_wrapper.xsa
TRACE::2025-12-25.07:39:58::SCWPlatform:: Unique name xilinx:::0.0
TRACE::2025-12-25.07:39:58::SCWPlatform::Trying to set the existing hwdb with name gemm_v0_wrapper_7
TRACE::2025-12-25.07:39:58::SCWPlatform::Opened existing hwdb gemm_v0_wrapper_7
TRACE::2025-12-25.07:39:58::SCWPlatform::Found the Hw Db part of the input DSA
TRACE::2025-12-25.07:39:58::SCWMssOS::Checking the sw design at  /home/zhou/Desktop/validation_1/vitis/full_system_v0/zynqmp_fsbl/zynqmp_fsbl_bsp/system.mss
TRACE::2025-12-25.07:39:58::SCWMssOS::DEBUG:  swdes dump  /home/zhou/Desktop/validation_1/vitis/full_system_v0/zynqmp_fsbl/zynqmp_fsbl_bsp/system.mss|system||

TRACE::2025-12-25.07:39:58::SCWMssOS::Sw design exists and opened at  /home/zhou/Desktop/validation_1/vitis/full_system_v0/zynqmp_fsbl/zynqmp_fsbl_bsp/system.mss
TRACE::2025-12-25.07:39:58::SCWPlatform::Trying to open the hw design at /home/zhou/Desktop/validation_1/vitis/full_system_v0/hw/new_system_v1_wrapper.xsa
TRACE::2025-12-25.07:39:58::SCWPlatform::DSA given /home/zhou/Desktop/validation_1/vitis/full_system_v0/hw/new_system_v1_wrapper.xsa
TRACE::2025-12-25.07:39:58::SCWPlatform::DSA absoulate path /home/zhou/Desktop/validation_1/vitis/full_system_v0/hw/new_system_v1_wrapper.xsa
TRACE::2025-12-25.07:39:58::SCWPlatform::DSA directory /home/zhou/Desktop/validation_1/vitis/full_system_v0/hw
TRACE::2025-12-25.07:39:58::SCWPlatform:: Platform Path /home/zhou/Desktop/validation_1/vitis/full_system_v0/hw/new_system_v1_wrapper.xsa
TRACE::2025-12-25.07:39:58::SCWPlatform:: Unique name xilinx:::0.0
TRACE::2025-12-25.07:39:58::SCWPlatform::Trying to set the existing hwdb with name gemm_v0_wrapper_7
TRACE::2025-12-25.07:39:58::SCWPlatform::Opened existing hwdb gemm_v0_wrapper_7
TRACE::2025-12-25.07:39:58::SCWPlatform::Found the Hw Db part of the input DSA
TRACE::2025-12-25.07:39:58::SCWMssOS::Checking the sw design at  /home/zhou/Desktop/validation_1/vitis/full_system_v0/zynqmp_fsbl/zynqmp_fsbl_bsp/system.mss
TRACE::2025-12-25.07:39:58::SCWMssOS::DEBUG:  swdes dump  /home/zhou/Desktop/validation_1/vitis/full_system_v0/zynqmp_fsbl/zynqmp_fsbl_bsp/system.mss|system||

TRACE::2025-12-25.07:39:58::SCWMssOS::Sw design exists and opened at  /home/zhou/Desktop/validation_1/vitis/full_system_v0/zynqmp_fsbl/zynqmp_fsbl_bsp/system.mss
TRACE::2025-12-25.07:39:58::SCWPlatform::Trying to open the hw design at /home/zhou/Desktop/validation_1/vitis/full_system_v0/hw/new_system_v1_wrapper.xsa
TRACE::2025-12-25.07:39:58::SCWPlatform::DSA given /home/zhou/Desktop/validation_1/vitis/full_system_v0/hw/new_system_v1_wrapper.xsa
TRACE::2025-12-25.07:39:58::SCWPlatform::DSA absoulate path /home/zhou/Desktop/validation_1/vitis/full_system_v0/hw/new_system_v1_wrapper.xsa
TRACE::2025-12-25.07:39:58::SCWPlatform::DSA directory /home/zhou/Desktop/validation_1/vitis/full_system_v0/hw
TRACE::2025-12-25.07:39:58::SCWPlatform:: Platform Path /home/zhou/Desktop/validation_1/vitis/full_system_v0/hw/new_system_v1_wrapper.xsa
TRACE::2025-12-25.07:39:58::SCWPlatform:: Unique name xilinx:::0.0
TRACE::2025-12-25.07:39:58::SCWPlatform::Trying to set the existing hwdb with name gemm_v0_wrapper_7
TRACE::2025-12-25.07:39:58::SCWPlatform::Opened existing hwdb gemm_v0_wrapper_7
TRACE::2025-12-25.07:39:58::SCWPlatform::Found the Hw Db part of the input DSA
TRACE::2025-12-25.07:39:58::SCWMssOS::Checking the sw design at  /home/zhou/Desktop/validation_1/vitis/full_system_v0/zynqmp_fsbl/zynqmp_fsbl_bsp/system.mss
TRACE::2025-12-25.07:39:58::SCWMssOS::DEBUG:  swdes dump  /home/zhou/Desktop/validation_1/vitis/full_system_v0/zynqmp_fsbl/zynqmp_fsbl_bsp/system.mss|system||

TRACE::2025-12-25.07:39:58::SCWMssOS::Sw design exists and opened at  /home/zhou/Desktop/validation_1/vitis/full_system_v0/zynqmp_fsbl/zynqmp_fsbl_bsp/system.mss
TRACE::2025-12-25.07:39:58::SCWPlatform::Trying to open the hw design at /home/zhou/Desktop/validation_1/vitis/full_system_v0/hw/new_system_v1_wrapper.xsa
TRACE::2025-12-25.07:39:58::SCWPlatform::DSA given /home/zhou/Desktop/validation_1/vitis/full_system_v0/hw/new_system_v1_wrapper.xsa
TRACE::2025-12-25.07:39:58::SCWPlatform::DSA absoulate path /home/zhou/Desktop/validation_1/vitis/full_system_v0/hw/new_system_v1_wrapper.xsa
TRACE::2025-12-25.07:39:58::SCWPlatform::DSA directory /home/zhou/Desktop/validation_1/vitis/full_system_v0/hw
TRACE::2025-12-25.07:39:58::SCWPlatform:: Platform Path /home/zhou/Desktop/validation_1/vitis/full_system_v0/hw/new_system_v1_wrapper.xsa
TRACE::2025-12-25.07:39:58::SCWPlatform:: Unique name xilinx:::0.0
TRACE::2025-12-25.07:39:58::SCWPlatform::Trying to set the existing hwdb with name gemm_v0_wrapper_7
TRACE::2025-12-25.07:39:58::SCWPlatform::Opened existing hwdb gemm_v0_wrapper_7
TRACE::2025-12-25.07:39:58::SCWPlatform::Found the Hw Db part of the input DSA
TRACE::2025-12-25.07:39:58::SCWMssOS::Checking the sw design at  /home/zhou/Desktop/validation_1/vitis/full_system_v0/zynqmp_fsbl/zynqmp_fsbl_bsp/system.mss
TRACE::2025-12-25.07:39:58::SCWMssOS::DEBUG:  swdes dump  /home/zhou/Desktop/validation_1/vitis/full_system_v0/zynqmp_fsbl/zynqmp_fsbl_bsp/system.mss|system||

TRACE::2025-12-25.07:39:58::SCWMssOS::Sw design exists and opened at  /home/zhou/Desktop/validation_1/vitis/full_system_v0/zynqmp_fsbl/zynqmp_fsbl_bsp/system.mss
TRACE::2025-12-25.07:39:58::SCWPlatform::Trying to open the hw design at /home/zhou/Desktop/validation_1/vitis/full_system_v0/hw/new_system_v1_wrapper.xsa
TRACE::2025-12-25.07:39:58::SCWPlatform::DSA given /home/zhou/Desktop/validation_1/vitis/full_system_v0/hw/new_system_v1_wrapper.xsa
TRACE::2025-12-25.07:39:58::SCWPlatform::DSA absoulate path /home/zhou/Desktop/validation_1/vitis/full_system_v0/hw/new_system_v1_wrapper.xsa
TRACE::2025-12-25.07:39:58::SCWPlatform::DSA directory /home/zhou/Desktop/validation_1/vitis/full_system_v0/hw
TRACE::2025-12-25.07:39:58::SCWPlatform:: Platform Path /home/zhou/Desktop/validation_1/vitis/full_system_v0/hw/new_system_v1_wrapper.xsa
TRACE::2025-12-25.07:39:58::SCWPlatform:: Unique name xilinx:::0.0
TRACE::2025-12-25.07:39:58::SCWPlatform::Trying to set the existing hwdb with name gemm_v0_wrapper_7
TRACE::2025-12-25.07:39:58::SCWPlatform::Opened existing hwdb gemm_v0_wrapper_7
TRACE::2025-12-25.07:39:58::SCWPlatform::Found the Hw Db part of the input DSA
TRACE::2025-12-25.07:39:58::SCWMssOS::Checking the sw design at  /home/zhou/Desktop/validation_1/vitis/full_system_v0/zynqmp_fsbl/zynqmp_fsbl_bsp/system.mss
TRACE::2025-12-25.07:39:58::SCWMssOS::DEBUG:  swdes dump  /home/zhou/Desktop/validation_1/vitis/full_system_v0/zynqmp_fsbl/zynqmp_fsbl_bsp/system.mss|system||

TRACE::2025-12-25.07:39:58::SCWMssOS::Sw design exists and opened at  /home/zhou/Desktop/validation_1/vitis/full_system_v0/zynqmp_fsbl/zynqmp_fsbl_bsp/system.mss
TRACE::2025-12-25.07:39:58::SCWPlatform::Trying to open the hw design at /home/zhou/Desktop/validation_1/vitis/full_system_v0/hw/new_system_v1_wrapper.xsa
TRACE::2025-12-25.07:39:58::SCWPlatform::DSA given /home/zhou/Desktop/validation_1/vitis/full_system_v0/hw/new_system_v1_wrapper.xsa
TRACE::2025-12-25.07:39:58::SCWPlatform::DSA absoulate path /home/zhou/Desktop/validation_1/vitis/full_system_v0/hw/new_system_v1_wrapper.xsa
TRACE::2025-12-25.07:39:58::SCWPlatform::DSA directory /home/zhou/Desktop/validation_1/vitis/full_system_v0/hw
TRACE::2025-12-25.07:39:58::SCWPlatform:: Platform Path /home/zhou/Desktop/validation_1/vitis/full_system_v0/hw/new_system_v1_wrapper.xsa
TRACE::2025-12-25.07:39:58::SCWPlatform:: Unique name xilinx:::0.0
TRACE::2025-12-25.07:39:58::SCWPlatform::Trying to set the existing hwdb with name gemm_v0_wrapper_7
TRACE::2025-12-25.07:39:58::SCWPlatform::Opened existing hwdb gemm_v0_wrapper_7
TRACE::2025-12-25.07:39:58::SCWPlatform::Found the Hw Db part of the input DSA
TRACE::2025-12-25.07:39:58::SCWMssOS::Checking the sw design at  /home/zhou/Desktop/validation_1/vitis/full_system_v0/zynqmp_fsbl/zynqmp_fsbl_bsp/system.mss
TRACE::2025-12-25.07:39:58::SCWMssOS::DEBUG:  swdes dump  /home/zhou/Desktop/validation_1/vitis/full_system_v0/zynqmp_fsbl/zynqmp_fsbl_bsp/system.mss|system||

TRACE::2025-12-25.07:39:58::SCWMssOS::Sw design exists and opened at  /home/zhou/Desktop/validation_1/vitis/full_system_v0/zynqmp_fsbl/zynqmp_fsbl_bsp/system.mss
TRACE::2025-12-25.07:39:58::SCWPlatform::Trying to open the hw design at /home/zhou/Desktop/validation_1/vitis/full_system_v0/hw/new_system_v1_wrapper.xsa
TRACE::2025-12-25.07:39:58::SCWPlatform::DSA given /home/zhou/Desktop/validation_1/vitis/full_system_v0/hw/new_system_v1_wrapper.xsa
TRACE::2025-12-25.07:39:58::SCWPlatform::DSA absoulate path /home/zhou/Desktop/validation_1/vitis/full_system_v0/hw/new_system_v1_wrapper.xsa
TRACE::2025-12-25.07:39:58::SCWPlatform::DSA directory /home/zhou/Desktop/validation_1/vitis/full_system_v0/hw
TRACE::2025-12-25.07:39:58::SCWPlatform:: Platform Path /home/zhou/Desktop/validation_1/vitis/full_system_v0/hw/new_system_v1_wrapper.xsa
TRACE::2025-12-25.07:39:58::SCWPlatform:: Unique name xilinx:::0.0
TRACE::2025-12-25.07:39:58::SCWPlatform::Trying to set the existing hwdb with name gemm_v0_wrapper_7
TRACE::2025-12-25.07:39:58::SCWPlatform::Opened existing hwdb gemm_v0_wrapper_7
TRACE::2025-12-25.07:39:58::SCWPlatform::Found the Hw Db part of the input DSA
TRACE::2025-12-25.07:39:58::SCWMssOS::Checking the sw design at  /home/zhou/Desktop/validation_1/vitis/full_system_v0/zynqmp_fsbl/zynqmp_fsbl_bsp/system.mss
TRACE::2025-12-25.07:39:58::SCWMssOS::DEBUG:  swdes dump  /home/zhou/Desktop/validation_1/vitis/full_system_v0/zynqmp_fsbl/zynqmp_fsbl_bsp/system.mss|system||

TRACE::2025-12-25.07:39:58::SCWMssOS::Sw design exists and opened at  /home/zhou/Desktop/validation_1/vitis/full_system_v0/zynqmp_fsbl/zynqmp_fsbl_bsp/system.mss
TRACE::2025-12-25.07:39:58::SCWMssOS::Saving the mss changes /home/zhou/Desktop/validation_1/vitis/full_system_v0/zynqmp_fsbl/zynqmp_fsbl_bsp/system.mss
TRACE::2025-12-25.07:39:58::SCWMssOS::Found a swdesign opened with the mssfile.
TRACE::2025-12-25.07:39:58::SCWMssOS::Completed writemss as part of save.
TRACE::2025-12-25.07:39:58::SCWMssOS::Commit changes completed.
TRACE::2025-12-25.07:39:58::SCWReader::Adding prebuilt librarypaths as   
TRACE::2025-12-25.07:39:58::SCWReader::Adding prebuilt incpaths  as   
TRACE::2025-12-25.07:39:58::SCWPlatform::Trying to open the hw design at /home/zhou/Desktop/validation_1/vitis/full_system_v0/hw/new_system_v1_wrapper.xsa
TRACE::2025-12-25.07:39:58::SCWPlatform::DSA given /home/zhou/Desktop/validation_1/vitis/full_system_v0/hw/new_system_v1_wrapper.xsa
TRACE::2025-12-25.07:39:58::SCWPlatform::DSA absoulate path /home/zhou/Desktop/validation_1/vitis/full_system_v0/hw/new_system_v1_wrapper.xsa
TRACE::2025-12-25.07:39:58::SCWPlatform::DSA directory /home/zhou/Desktop/validation_1/vitis/full_system_v0/hw
TRACE::2025-12-25.07:39:58::SCWPlatform:: Platform Path /home/zhou/Desktop/validation_1/vitis/full_system_v0/hw/new_system_v1_wrapper.xsa
TRACE::2025-12-25.07:39:58::SCWPlatform:: Unique name xilinx:::0.0
TRACE::2025-12-25.07:39:58::SCWPlatform::Trying to set the existing hwdb with name gemm_v0_wrapper_7
TRACE::2025-12-25.07:39:58::SCWPlatform::Opened existing hwdb gemm_v0_wrapper_7
TRACE::2025-12-25.07:39:58::SCWPlatform::Found the Hw Db part of the input DSA
TRACE::2025-12-25.07:39:58::SCWMssOS::Checking the sw design at  /home/zhou/Desktop/validation_1/vitis/full_system_v0/zynqmp_fsbl/zynqmp_fsbl_bsp/system.mss
TRACE::2025-12-25.07:39:58::SCWMssOS::DEBUG:  swdes dump  /home/zhou/Desktop/validation_1/vitis/full_system_v0/zynqmp_fsbl/zynqmp_fsbl_bsp/system.mss|system||

TRACE::2025-12-25.07:39:58::SCWMssOS::Sw design exists and opened at  /home/zhou/Desktop/validation_1/vitis/full_system_v0/zynqmp_fsbl/zynqmp_fsbl_bsp/system.mss
TRACE::2025-12-25.07:39:58::SCWReader::No isolation master present  
TRACE::2025-12-25.07:39:58::SCWDomain::checking for install qemu data   : 
TRACE::2025-12-25.07:39:58::SCWDomain:: Using the QEMU Data from install at  : /tools/Xilinx/Vitis/2024.2/data/emulation/platforms/zynqmp/sw/a53_standalone/qemu/
TRACE::2025-12-25.07:39:58::SCWDomain:: Using the QEMU args  from install at  : /tools/Xilinx/Vitis/2024.2/data/emulation/platforms/zynqmp/sw/a53_standalone/qemu/qemu_args.txt
TRACE::2025-12-25.07:39:58::SCWDomain:: Using the PMUQEMU args from install at  : /tools/Xilinx/Vitis/2024.2/data/emulation/platforms/zynqmp/sw/a53_standalone/qemu/pmu_args.txt
TRACE::2025-12-25.07:39:58::SCWPlatform::Trying to open the hw design at /home/zhou/Desktop/validation_1/vitis/full_system_v0/hw/new_system_v1_wrapper.xsa
TRACE::2025-12-25.07:39:58::SCWPlatform::DSA given /home/zhou/Desktop/validation_1/vitis/full_system_v0/hw/new_system_v1_wrapper.xsa
TRACE::2025-12-25.07:39:58::SCWPlatform::DSA absoulate path /home/zhou/Desktop/validation_1/vitis/full_system_v0/hw/new_system_v1_wrapper.xsa
TRACE::2025-12-25.07:39:58::SCWPlatform::DSA directory /home/zhou/Desktop/validation_1/vitis/full_system_v0/hw
TRACE::2025-12-25.07:39:58::SCWPlatform:: Platform Path /home/zhou/Desktop/validation_1/vitis/full_system_v0/hw/new_system_v1_wrapper.xsa
TRACE::2025-12-25.07:39:58::SCWPlatform:: Unique name xilinx:::0.0
TRACE::2025-12-25.07:39:58::SCWPlatform::Trying to set the existing hwdb with name gemm_v0_wrapper_7
TRACE::2025-12-25.07:39:58::SCWPlatform::Opened existing hwdb gemm_v0_wrapper_7
TRACE::2025-12-25.07:39:58::SCWPlatform::Found the Hw Db part of the input DSA
TRACE::2025-12-25.07:39:58::SCWReader::Boot application domain added for zynqmp_pmufw
TRACE::2025-12-25.07:39:58::SCWPlatform::Trying to open the hw design at /home/zhou/Desktop/validation_1/vitis/full_system_v0/hw/new_system_v1_wrapper.xsa
TRACE::2025-12-25.07:39:58::SCWPlatform::DSA given /home/zhou/Desktop/validation_1/vitis/full_system_v0/hw/new_system_v1_wrapper.xsa
TRACE::2025-12-25.07:39:58::SCWPlatform::DSA absoulate path /home/zhou/Desktop/validation_1/vitis/full_system_v0/hw/new_system_v1_wrapper.xsa
TRACE::2025-12-25.07:39:58::SCWPlatform::DSA directory /home/zhou/Desktop/validation_1/vitis/full_system_v0/hw
TRACE::2025-12-25.07:39:58::SCWPlatform:: Platform Path /home/zhou/Desktop/validation_1/vitis/full_system_v0/hw/new_system_v1_wrapper.xsa
TRACE::2025-12-25.07:39:58::SCWPlatform:: Unique name xilinx:::0.0
TRACE::2025-12-25.07:39:58::SCWPlatform::Trying to set the existing hwdb with name gemm_v0_wrapper_7
TRACE::2025-12-25.07:39:58::SCWPlatform::Opened existing hwdb gemm_v0_wrapper_7
TRACE::2025-12-25.07:39:58::SCWPlatform::Found the Hw Db part of the input DSA
TRACE::2025-12-25.07:39:58::SCWMssOS::Checking the sw design at  /home/zhou/Desktop/validation_1/vitis/full_system_v0/zynqmp_pmufw/zynqmp_pmufw_bsp/system.mss
TRACE::2025-12-25.07:39:58::SCWMssOS::DEBUG:  swdes dump  /home/zhou/Desktop/validation_1/vitis/full_system_v0/zynqmp_fsbl/zynqmp_fsbl_bsp/system.mss|system||

TRACE::2025-12-25.07:39:58::SCWMssOS::No sw design opened at  /home/zhou/Desktop/validation_1/vitis/full_system_v0/zynqmp_pmufw/zynqmp_pmufw_bsp/system.mss
TRACE::2025-12-25.07:39:58::SCWMssOS::mss exists loading the mss file  /home/zhou/Desktop/validation_1/vitis/full_system_v0/zynqmp_pmufw/zynqmp_pmufw_bsp/system.mss
TRACE::2025-12-25.07:39:58::SCWMssOS::Opened the sw design from mss  /home/zhou/Desktop/validation_1/vitis/full_system_v0/zynqmp_pmufw/zynqmp_pmufw_bsp/system.mss
TRACE::2025-12-25.07:39:58::SCWMssOS::Adding the swdes entry /home/zhou/Desktop/validation_1/vitis/full_system_v0/zynqmp_pmufw/zynqmp_pmufw_bsp/system.mss with des name system_0
TRACE::2025-12-25.07:39:58::SCWMssOS::updating the scw layer about changes
TRACE::2025-12-25.07:39:58::SCWMssOS::Opened the sw design.  /home/zhou/Desktop/validation_1/vitis/full_system_v0/zynqmp_pmufw/zynqmp_pmufw_bsp/system.mss
TRACE::2025-12-25.07:39:58::SCWPlatform::Trying to open the hw design at /home/zhou/Desktop/validation_1/vitis/full_system_v0/hw/new_system_v1_wrapper.xsa
TRACE::2025-12-25.07:39:58::SCWPlatform::DSA given /home/zhou/Desktop/validation_1/vitis/full_system_v0/hw/new_system_v1_wrapper.xsa
TRACE::2025-12-25.07:39:58::SCWPlatform::DSA absoulate path /home/zhou/Desktop/validation_1/vitis/full_system_v0/hw/new_system_v1_wrapper.xsa
TRACE::2025-12-25.07:39:58::SCWPlatform::DSA directory /home/zhou/Desktop/validation_1/vitis/full_system_v0/hw
TRACE::2025-12-25.07:39:58::SCWPlatform:: Platform Path /home/zhou/Desktop/validation_1/vitis/full_system_v0/hw/new_system_v1_wrapper.xsa
TRACE::2025-12-25.07:39:58::SCWPlatform:: Unique name xilinx:::0.0
TRACE::2025-12-25.07:39:58::SCWPlatform::Trying to set the existing hwdb with name gemm_v0_wrapper_7
TRACE::2025-12-25.07:39:58::SCWPlatform::Opened existing hwdb gemm_v0_wrapper_7
TRACE::2025-12-25.07:39:58::SCWPlatform::Found the Hw Db part of the input DSA
TRACE::2025-12-25.07:39:58::SCWMssOS::Checking the sw design at  /home/zhou/Desktop/validation_1/vitis/full_system_v0/zynqmp_pmufw/zynqmp_pmufw_bsp/system.mss
TRACE::2025-12-25.07:39:58::SCWMssOS::DEBUG:  swdes dump  /home/zhou/Desktop/validation_1/vitis/full_system_v0/zynqmp_fsbl/zynqmp_fsbl_bsp/system.mss|system||
/home/zhou/Desktop/validation_1/vitis/full_system_v0/zynqmp_pmufw/zynqmp_pmufw_bsp/system.mss|system_0||

TRACE::2025-12-25.07:39:58::SCWMssOS::Sw design exists and opened at  /home/zhou/Desktop/validation_1/vitis/full_system_v0/zynqmp_pmufw/zynqmp_pmufw_bsp/system.mss
TRACE::2025-12-25.07:39:58::SCWMssOS:: library already available in sw design:  xilfpga:6.7
TRACE::2025-12-25.07:39:58::SCWPlatform::Trying to open the hw design at /home/zhou/Desktop/validation_1/vitis/full_system_v0/hw/new_system_v1_wrapper.xsa
TRACE::2025-12-25.07:39:58::SCWPlatform::DSA given /home/zhou/Desktop/validation_1/vitis/full_system_v0/hw/new_system_v1_wrapper.xsa
TRACE::2025-12-25.07:39:58::SCWPlatform::DSA absoulate path /home/zhou/Desktop/validation_1/vitis/full_system_v0/hw/new_system_v1_wrapper.xsa
TRACE::2025-12-25.07:39:58::SCWPlatform::DSA directory /home/zhou/Desktop/validation_1/vitis/full_system_v0/hw
TRACE::2025-12-25.07:39:58::SCWPlatform:: Platform Path /home/zhou/Desktop/validation_1/vitis/full_system_v0/hw/new_system_v1_wrapper.xsa
TRACE::2025-12-25.07:39:58::SCWPlatform:: Unique name xilinx:::0.0
TRACE::2025-12-25.07:39:58::SCWPlatform::Trying to set the existing hwdb with name gemm_v0_wrapper_7
TRACE::2025-12-25.07:39:58::SCWPlatform::Opened existing hwdb gemm_v0_wrapper_7
TRACE::2025-12-25.07:39:58::SCWPlatform::Found the Hw Db part of the input DSA
TRACE::2025-12-25.07:39:58::SCWMssOS::Checking the sw design at  /home/zhou/Desktop/validation_1/vitis/full_system_v0/zynqmp_pmufw/zynqmp_pmufw_bsp/system.mss
TRACE::2025-12-25.07:39:58::SCWMssOS::DEBUG:  swdes dump  /home/zhou/Desktop/validation_1/vitis/full_system_v0/zynqmp_fsbl/zynqmp_fsbl_bsp/system.mss|system||
/home/zhou/Desktop/validation_1/vitis/full_system_v0/zynqmp_pmufw/zynqmp_pmufw_bsp/system.mss|system_0||

TRACE::2025-12-25.07:39:58::SCWMssOS::Sw design exists and opened at  /home/zhou/Desktop/validation_1/vitis/full_system_v0/zynqmp_pmufw/zynqmp_pmufw_bsp/system.mss
TRACE::2025-12-25.07:39:58::SCWMssOS:: library already available in sw design:  xilsecure:5.4
TRACE::2025-12-25.07:39:58::SCWPlatform::Trying to open the hw design at /home/zhou/Desktop/validation_1/vitis/full_system_v0/hw/new_system_v1_wrapper.xsa
TRACE::2025-12-25.07:39:58::SCWPlatform::DSA given /home/zhou/Desktop/validation_1/vitis/full_system_v0/hw/new_system_v1_wrapper.xsa
TRACE::2025-12-25.07:39:58::SCWPlatform::DSA absoulate path /home/zhou/Desktop/validation_1/vitis/full_system_v0/hw/new_system_v1_wrapper.xsa
TRACE::2025-12-25.07:39:58::SCWPlatform::DSA directory /home/zhou/Desktop/validation_1/vitis/full_system_v0/hw
TRACE::2025-12-25.07:39:58::SCWPlatform:: Platform Path /home/zhou/Desktop/validation_1/vitis/full_system_v0/hw/new_system_v1_wrapper.xsa
TRACE::2025-12-25.07:39:58::SCWPlatform:: Unique name xilinx:::0.0
TRACE::2025-12-25.07:39:58::SCWPlatform::Trying to set the existing hwdb with name gemm_v0_wrapper_7
TRACE::2025-12-25.07:39:58::SCWPlatform::Opened existing hwdb gemm_v0_wrapper_7
TRACE::2025-12-25.07:39:58::SCWPlatform::Found the Hw Db part of the input DSA
TRACE::2025-12-25.07:39:58::SCWMssOS::Checking the sw design at  /home/zhou/Desktop/validation_1/vitis/full_system_v0/zynqmp_pmufw/zynqmp_pmufw_bsp/system.mss
TRACE::2025-12-25.07:39:58::SCWMssOS::DEBUG:  swdes dump  /home/zhou/Desktop/validation_1/vitis/full_system_v0/zynqmp_fsbl/zynqmp_fsbl_bsp/system.mss|system||
/home/zhou/Desktop/validation_1/vitis/full_system_v0/zynqmp_pmufw/zynqmp_pmufw_bsp/system.mss|system_0||

TRACE::2025-12-25.07:39:58::SCWMssOS::Sw design exists and opened at  /home/zhou/Desktop/validation_1/vitis/full_system_v0/zynqmp_pmufw/zynqmp_pmufw_bsp/system.mss
TRACE::2025-12-25.07:39:58::SCWMssOS:: library already available in sw design:  xilskey:7.6
TRACE::2025-12-25.07:39:58::SCWPlatform::Trying to open the hw design at /home/zhou/Desktop/validation_1/vitis/full_system_v0/hw/new_system_v1_wrapper.xsa
TRACE::2025-12-25.07:39:58::SCWPlatform::DSA given /home/zhou/Desktop/validation_1/vitis/full_system_v0/hw/new_system_v1_wrapper.xsa
TRACE::2025-12-25.07:39:58::SCWPlatform::DSA absoulate path /home/zhou/Desktop/validation_1/vitis/full_system_v0/hw/new_system_v1_wrapper.xsa
TRACE::2025-12-25.07:39:58::SCWPlatform::DSA directory /home/zhou/Desktop/validation_1/vitis/full_system_v0/hw
TRACE::2025-12-25.07:39:58::SCWPlatform:: Platform Path /home/zhou/Desktop/validation_1/vitis/full_system_v0/hw/new_system_v1_wrapper.xsa
TRACE::2025-12-25.07:39:58::SCWPlatform:: Unique name xilinx:::0.0
TRACE::2025-12-25.07:39:58::SCWPlatform::Trying to set the existing hwdb with name gemm_v0_wrapper_7
TRACE::2025-12-25.07:39:58::SCWPlatform::Opened existing hwdb gemm_v0_wrapper_7
TRACE::2025-12-25.07:39:58::SCWPlatform::Found the Hw Db part of the input DSA
TRACE::2025-12-25.07:39:58::SCWMssOS::Checking the sw design at  /home/zhou/Desktop/validation_1/vitis/full_system_v0/zynqmp_pmufw/zynqmp_pmufw_bsp/system.mss
TRACE::2025-12-25.07:39:58::SCWMssOS::DEBUG:  swdes dump  /home/zhou/Desktop/validation_1/vitis/full_system_v0/zynqmp_fsbl/zynqmp_fsbl_bsp/system.mss|system||
/home/zhou/Desktop/validation_1/vitis/full_system_v0/zynqmp_pmufw/zynqmp_pmufw_bsp/system.mss|system_0||

TRACE::2025-12-25.07:39:58::SCWMssOS::Sw design exists and opened at  /home/zhou/Desktop/validation_1/vitis/full_system_v0/zynqmp_pmufw/zynqmp_pmufw_bsp/system.mss
TRACE::2025-12-25.07:39:58::SCWPlatform::Trying to open the hw design at /home/zhou/Desktop/validation_1/vitis/full_system_v0/hw/new_system_v1_wrapper.xsa
TRACE::2025-12-25.07:39:58::SCWPlatform::DSA given /home/zhou/Desktop/validation_1/vitis/full_system_v0/hw/new_system_v1_wrapper.xsa
TRACE::2025-12-25.07:39:58::SCWPlatform::DSA absoulate path /home/zhou/Desktop/validation_1/vitis/full_system_v0/hw/new_system_v1_wrapper.xsa
TRACE::2025-12-25.07:39:58::SCWPlatform::DSA directory /home/zhou/Desktop/validation_1/vitis/full_system_v0/hw
TRACE::2025-12-25.07:39:58::SCWPlatform:: Platform Path /home/zhou/Desktop/validation_1/vitis/full_system_v0/hw/new_system_v1_wrapper.xsa
TRACE::2025-12-25.07:39:58::SCWPlatform:: Unique name xilinx:::0.0
TRACE::2025-12-25.07:39:58::SCWPlatform::Trying to set the existing hwdb with name gemm_v0_wrapper_7
TRACE::2025-12-25.07:39:58::SCWPlatform::Opened existing hwdb gemm_v0_wrapper_7
TRACE::2025-12-25.07:39:58::SCWPlatform::Found the Hw Db part of the input DSA
TRACE::2025-12-25.07:39:58::SCWMssOS::Checking the sw design at  /home/zhou/Desktop/validation_1/vitis/full_system_v0/zynqmp_pmufw/zynqmp_pmufw_bsp/system.mss
TRACE::2025-12-25.07:39:58::SCWMssOS::DEBUG:  swdes dump  /home/zhou/Desktop/validation_1/vitis/full_system_v0/zynqmp_fsbl/zynqmp_fsbl_bsp/system.mss|system||
/home/zhou/Desktop/validation_1/vitis/full_system_v0/zynqmp_pmufw/zynqmp_pmufw_bsp/system.mss|system_0||

TRACE::2025-12-25.07:39:58::SCWMssOS::Sw design exists and opened at  /home/zhou/Desktop/validation_1/vitis/full_system_v0/zynqmp_pmufw/zynqmp_pmufw_bsp/system.mss
TRACE::2025-12-25.07:39:58::SCWMssOS::Saving the mss changes /home/zhou/Desktop/validation_1/vitis/full_system_v0/zynqmp_pmufw/zynqmp_pmufw_bsp/system.mss
TRACE::2025-12-25.07:39:58::SCWMssOS::Found a swdesign opened with the mssfile.
TRACE::2025-12-25.07:39:58::SCWMssOS::Completed writemss as part of save.
TRACE::2025-12-25.07:39:58::SCWMssOS::Commit changes completed.
TRACE::2025-12-25.07:39:58::SCWReader::Adding prebuilt librarypaths as   
TRACE::2025-12-25.07:39:58::SCWReader::Adding prebuilt incpaths  as   
TRACE::2025-12-25.07:39:58::SCWPlatform::Trying to open the hw design at /home/zhou/Desktop/validation_1/vitis/full_system_v0/hw/new_system_v1_wrapper.xsa
TRACE::2025-12-25.07:39:58::SCWPlatform::DSA given /home/zhou/Desktop/validation_1/vitis/full_system_v0/hw/new_system_v1_wrapper.xsa
TRACE::2025-12-25.07:39:58::SCWPlatform::DSA absoulate path /home/zhou/Desktop/validation_1/vitis/full_system_v0/hw/new_system_v1_wrapper.xsa
TRACE::2025-12-25.07:39:58::SCWPlatform::DSA directory /home/zhou/Desktop/validation_1/vitis/full_system_v0/hw
TRACE::2025-12-25.07:39:58::SCWPlatform:: Platform Path /home/zhou/Desktop/validation_1/vitis/full_system_v0/hw/new_system_v1_wrapper.xsa
TRACE::2025-12-25.07:39:58::SCWPlatform:: Unique name xilinx:::0.0
TRACE::2025-12-25.07:39:58::SCWPlatform::Trying to set the existing hwdb with name gemm_v0_wrapper_7
TRACE::2025-12-25.07:39:58::SCWPlatform::Opened existing hwdb gemm_v0_wrapper_7
TRACE::2025-12-25.07:39:58::SCWPlatform::Found the Hw Db part of the input DSA
TRACE::2025-12-25.07:39:58::SCWMssOS::Checking the sw design at  /home/zhou/Desktop/validation_1/vitis/full_system_v0/zynqmp_pmufw/zynqmp_pmufw_bsp/system.mss
TRACE::2025-12-25.07:39:58::SCWMssOS::DEBUG:  swdes dump  /home/zhou/Desktop/validation_1/vitis/full_system_v0/zynqmp_fsbl/zynqmp_fsbl_bsp/system.mss|system||
/home/zhou/Desktop/validation_1/vitis/full_system_v0/zynqmp_pmufw/zynqmp_pmufw_bsp/system.mss|system_0||

TRACE::2025-12-25.07:39:58::SCWMssOS::Sw design exists and opened at  /home/zhou/Desktop/validation_1/vitis/full_system_v0/zynqmp_pmufw/zynqmp_pmufw_bsp/system.mss
TRACE::2025-12-25.07:39:58::SCWReader::No isolation master present  
TRACE::2025-12-25.07:39:58::SCWDomain::checking for install qemu data   : 
TRACE::2025-12-25.07:39:58::SCWDomain:: Using the QEMU Data from install at  : /tools/Xilinx/Vitis/2024.2/data/emulation/platforms/zynqmp/sw/a53_standalone/qemu/
TRACE::2025-12-25.07:39:58::SCWDomain:: Using the QEMU args  from install at  : /tools/Xilinx/Vitis/2024.2/data/emulation/platforms/zynqmp/sw/a53_standalone/qemu/qemu_args.txt
TRACE::2025-12-25.07:39:58::SCWDomain:: Using the PMUQEMU args from install at  : /tools/Xilinx/Vitis/2024.2/data/emulation/platforms/zynqmp/sw/a53_standalone/qemu/pmu_args.txt
TRACE::2025-12-25.07:39:58::SCWPlatform::Trying to open the hw design at /home/zhou/Desktop/validation_1/vitis/full_system_v0/hw/new_system_v1_wrapper.xsa
TRACE::2025-12-25.07:39:58::SCWPlatform::DSA given /home/zhou/Desktop/validation_1/vitis/full_system_v0/hw/new_system_v1_wrapper.xsa
TRACE::2025-12-25.07:39:58::SCWPlatform::DSA absoulate path /home/zhou/Desktop/validation_1/vitis/full_system_v0/hw/new_system_v1_wrapper.xsa
TRACE::2025-12-25.07:39:58::SCWPlatform::DSA directory /home/zhou/Desktop/validation_1/vitis/full_system_v0/hw
TRACE::2025-12-25.07:39:58::SCWPlatform:: Platform Path /home/zhou/Desktop/validation_1/vitis/full_system_v0/hw/new_system_v1_wrapper.xsa
TRACE::2025-12-25.07:39:58::SCWPlatform:: Unique name xilinx:::0.0
TRACE::2025-12-25.07:39:58::SCWPlatform::Trying to set the existing hwdb with name gemm_v0_wrapper_7
TRACE::2025-12-25.07:39:58::SCWPlatform::Opened existing hwdb gemm_v0_wrapper_7
TRACE::2025-12-25.07:39:58::SCWPlatform::Found the Hw Db part of the input DSA
TRACE::2025-12-25.07:39:58::SCWPlatform::Trying to open the hw design at /home/zhou/Desktop/validation_1/vitis/full_system_v0/hw/new_system_v1_wrapper.xsa
TRACE::2025-12-25.07:39:58::SCWPlatform::DSA given /home/zhou/Desktop/validation_1/vitis/full_system_v0/hw/new_system_v1_wrapper.xsa
TRACE::2025-12-25.07:39:58::SCWPlatform::DSA absoulate path /home/zhou/Desktop/validation_1/vitis/full_system_v0/hw/new_system_v1_wrapper.xsa
TRACE::2025-12-25.07:39:58::SCWPlatform::DSA directory /home/zhou/Desktop/validation_1/vitis/full_system_v0/hw
TRACE::2025-12-25.07:39:58::SCWPlatform:: Platform Path /home/zhou/Desktop/validation_1/vitis/full_system_v0/hw/new_system_v1_wrapper.xsa
TRACE::2025-12-25.07:39:58::SCWPlatform:: Unique name xilinx:::0.0
TRACE::2025-12-25.07:39:58::SCWPlatform::Trying to set the existing hwdb with name gemm_v0_wrapper_7
TRACE::2025-12-25.07:39:58::SCWPlatform::Opened existing hwdb gemm_v0_wrapper_7
TRACE::2025-12-25.07:39:58::SCWPlatform::Found the Hw Db part of the input DSA
TRACE::2025-12-25.07:39:58::SCWPlatform::Trying to open the hw design at /home/zhou/Desktop/validation_1/vitis/full_system_v0/hw/new_system_v1_wrapper.xsa
TRACE::2025-12-25.07:39:58::SCWPlatform::DSA given /home/zhou/Desktop/validation_1/vitis/full_system_v0/hw/new_system_v1_wrapper.xsa
TRACE::2025-12-25.07:39:58::SCWPlatform::DSA absoulate path /home/zhou/Desktop/validation_1/vitis/full_system_v0/hw/new_system_v1_wrapper.xsa
TRACE::2025-12-25.07:39:58::SCWPlatform::DSA directory /home/zhou/Desktop/validation_1/vitis/full_system_v0/hw
TRACE::2025-12-25.07:39:58::SCWPlatform:: Platform Path /home/zhou/Desktop/validation_1/vitis/full_system_v0/hw/new_system_v1_wrapper.xsa
TRACE::2025-12-25.07:39:58::SCWPlatform:: Unique name xilinx:::0.0
TRACE::2025-12-25.07:39:58::SCWPlatform::Trying to set the existing hwdb with name gemm_v0_wrapper_7
TRACE::2025-12-25.07:39:58::SCWPlatform::Opened existing hwdb gemm_v0_wrapper_7
TRACE::2025-12-25.07:39:58::SCWPlatform::Found the Hw Db part of the input DSA
TRACE::2025-12-25.07:39:58::SCWMssOS::Checking the sw design at  /home/zhou/Desktop/validation_1/vitis/full_system_v0/psu_cortexa53_0/standalone_domain/bsp/system.mss
TRACE::2025-12-25.07:39:58::SCWMssOS::DEBUG:  swdes dump  /home/zhou/Desktop/validation_1/vitis/full_system_v0/zynqmp_fsbl/zynqmp_fsbl_bsp/system.mss|system||
/home/zhou/Desktop/validation_1/vitis/full_system_v0/zynqmp_pmufw/zynqmp_pmufw_bsp/system.mss|system_0||

TRACE::2025-12-25.07:39:58::SCWMssOS::No sw design opened at  /home/zhou/Desktop/validation_1/vitis/full_system_v0/psu_cortexa53_0/standalone_domain/bsp/system.mss
TRACE::2025-12-25.07:39:58::SCWMssOS::mss exists loading the mss file  /home/zhou/Desktop/validation_1/vitis/full_system_v0/psu_cortexa53_0/standalone_domain/bsp/system.mss
TRACE::2025-12-25.07:39:58::SCWMssOS::Opened the sw design from mss  /home/zhou/Desktop/validation_1/vitis/full_system_v0/psu_cortexa53_0/standalone_domain/bsp/system.mss
TRACE::2025-12-25.07:39:58::SCWMssOS::Adding the swdes entry /home/zhou/Desktop/validation_1/vitis/full_system_v0/psu_cortexa53_0/standalone_domain/bsp/system.mss with des name system_1
TRACE::2025-12-25.07:39:58::SCWMssOS::updating the scw layer about changes
TRACE::2025-12-25.07:39:58::SCWMssOS::Opened the sw design.  /home/zhou/Desktop/validation_1/vitis/full_system_v0/psu_cortexa53_0/standalone_domain/bsp/system.mss
TRACE::2025-12-25.07:39:58::SCWMssOS::Saving the mss changes /home/zhou/Desktop/validation_1/vitis/full_system_v0/psu_cortexa53_0/standalone_domain/bsp/system.mss
TRACE::2025-12-25.07:39:58::SCWMssOS::Found a swdesign opened with the mssfile.
TRACE::2025-12-25.07:39:58::SCWMssOS::Completed writemss as part of save.
TRACE::2025-12-25.07:39:58::SCWMssOS::Commit changes completed.
TRACE::2025-12-25.07:39:58::SCWReader::Adding prebuilt librarypaths as   
TRACE::2025-12-25.07:39:58::SCWReader::Adding prebuilt incpaths  as   
TRACE::2025-12-25.07:39:58::SCWPlatform::Trying to open the hw design at /home/zhou/Desktop/validation_1/vitis/full_system_v0/hw/new_system_v1_wrapper.xsa
TRACE::2025-12-25.07:39:58::SCWPlatform::DSA given /home/zhou/Desktop/validation_1/vitis/full_system_v0/hw/new_system_v1_wrapper.xsa
TRACE::2025-12-25.07:39:58::SCWPlatform::DSA absoulate path /home/zhou/Desktop/validation_1/vitis/full_system_v0/hw/new_system_v1_wrapper.xsa
TRACE::2025-12-25.07:39:58::SCWPlatform::DSA directory /home/zhou/Desktop/validation_1/vitis/full_system_v0/hw
TRACE::2025-12-25.07:39:58::SCWPlatform:: Platform Path /home/zhou/Desktop/validation_1/vitis/full_system_v0/hw/new_system_v1_wrapper.xsa
TRACE::2025-12-25.07:39:58::SCWPlatform:: Unique name xilinx:::0.0
TRACE::2025-12-25.07:39:58::SCWPlatform::Trying to set the existing hwdb with name gemm_v0_wrapper_7
TRACE::2025-12-25.07:39:58::SCWPlatform::Opened existing hwdb gemm_v0_wrapper_7
TRACE::2025-12-25.07:39:58::SCWPlatform::Found the Hw Db part of the input DSA
TRACE::2025-12-25.07:39:58::SCWMssOS::Checking the sw design at  /home/zhou/Desktop/validation_1/vitis/full_system_v0/psu_cortexa53_0/standalone_domain/bsp/system.mss
TRACE::2025-12-25.07:39:58::SCWMssOS::DEBUG:  swdes dump  /home/zhou/Desktop/validation_1/vitis/full_system_v0/psu_cortexa53_0/standalone_domain/bsp/system.mss|system_1||
/home/zhou/Desktop/validation_1/vitis/full_system_v0/zynqmp_fsbl/zynqmp_fsbl_bsp/system.mss|system||
/home/zhou/Desktop/validation_1/vitis/full_system_v0/zynqmp_pmufw/zynqmp_pmufw_bsp/system.mss|system_0||

TRACE::2025-12-25.07:39:58::SCWMssOS::Sw design exists and opened at  /home/zhou/Desktop/validation_1/vitis/full_system_v0/psu_cortexa53_0/standalone_domain/bsp/system.mss
TRACE::2025-12-25.07:39:58::SCWReader::No isolation master present  
TRACE::2025-12-25.08:09:52::SCWPlatform::Trying to open the hw design at /home/zhou/Desktop/validation_1/vitis/full_system_v0/hw/new_system_v1_wrapper.xsa
TRACE::2025-12-25.08:09:52::SCWPlatform::DSA given /home/zhou/Desktop/validation_1/vitis/full_system_v0/hw/new_system_v1_wrapper.xsa
TRACE::2025-12-25.08:09:52::SCWPlatform::DSA absoulate path /home/zhou/Desktop/validation_1/vitis/full_system_v0/hw/new_system_v1_wrapper.xsa
TRACE::2025-12-25.08:09:52::SCWPlatform::DSA directory /home/zhou/Desktop/validation_1/vitis/full_system_v0/hw
TRACE::2025-12-25.08:09:52::SCWPlatform:: Platform Path /home/zhou/Desktop/validation_1/vitis/full_system_v0/hw/new_system_v1_wrapper.xsa
TRACE::2025-12-25.08:09:52::SCWPlatform:: Unique name xilinx:::0.0
TRACE::2025-12-25.08:09:52::SCWPlatform::Do not have an existing db opened. 
TRACE::2025-12-25.08:10:22::SCWPlatform::Opened new HwDB with name gemm_v0_wrapper_0
TRACE::2025-12-25.08:10:22::SCWReader::Active system found as  full_system_v0
TRACE::2025-12-25.08:10:22::SCWReader::Handling sysconfig full_system_v0
TRACE::2025-12-25.08:10:22::SCWDomain::checking for install qemu data   : 
TRACE::2025-12-25.08:10:22::SCWDomain:: Using the QEMU Data from install at  : /tools/Xilinx/Vitis/2024.2/data/emulation/platforms/zynqmp/sw/a53_standalone/qemu/
TRACE::2025-12-25.08:10:22::SCWDomain:: Using the QEMU args  from install at  : /tools/Xilinx/Vitis/2024.2/data/emulation/platforms/zynqmp/sw/a53_standalone/qemu/qemu_args.txt
TRACE::2025-12-25.08:10:22::SCWDomain:: Using the PMUQEMU args from install at  : /tools/Xilinx/Vitis/2024.2/data/emulation/platforms/zynqmp/sw/a53_standalone/qemu/pmu_args.txt
TRACE::2025-12-25.08:10:22::SCWPlatform::Trying to open the hw design at /home/zhou/Desktop/validation_1/vitis/full_system_v0/hw/new_system_v1_wrapper.xsa
TRACE::2025-12-25.08:10:22::SCWPlatform::DSA given /home/zhou/Desktop/validation_1/vitis/full_system_v0/hw/new_system_v1_wrapper.xsa
TRACE::2025-12-25.08:10:22::SCWPlatform::DSA absoulate path /home/zhou/Desktop/validation_1/vitis/full_system_v0/hw/new_system_v1_wrapper.xsa
TRACE::2025-12-25.08:10:22::SCWPlatform::DSA directory /home/zhou/Desktop/validation_1/vitis/full_system_v0/hw
TRACE::2025-12-25.08:10:22::SCWPlatform:: Platform Path /home/zhou/Desktop/validation_1/vitis/full_system_v0/hw/new_system_v1_wrapper.xsa
TRACE::2025-12-25.08:10:22::SCWPlatform:: Unique name xilinx:::0.0
TRACE::2025-12-25.08:10:22::SCWPlatform::Trying to set the existing hwdb with name gemm_v0_wrapper_0
TRACE::2025-12-25.08:10:22::SCWPlatform::Opened existing hwdb gemm_v0_wrapper_0
TRACE::2025-12-25.08:10:22::SCWPlatform::Found the Hw Db part of the input DSA
TRACE::2025-12-25.08:10:22::SCWPlatform::Trying to open the hw design at /home/zhou/Desktop/validation_1/vitis/full_system_v0/hw/new_system_v1_wrapper.xsa
TRACE::2025-12-25.08:10:22::SCWPlatform::DSA given /home/zhou/Desktop/validation_1/vitis/full_system_v0/hw/new_system_v1_wrapper.xsa
TRACE::2025-12-25.08:10:22::SCWPlatform::DSA absoulate path /home/zhou/Desktop/validation_1/vitis/full_system_v0/hw/new_system_v1_wrapper.xsa
TRACE::2025-12-25.08:10:22::SCWPlatform::DSA directory /home/zhou/Desktop/validation_1/vitis/full_system_v0/hw
TRACE::2025-12-25.08:10:22::SCWPlatform:: Platform Path /home/zhou/Desktop/validation_1/vitis/full_system_v0/hw/new_system_v1_wrapper.xsa
TRACE::2025-12-25.08:10:22::SCWPlatform:: Unique name xilinx:::0.0
TRACE::2025-12-25.08:10:22::SCWPlatform::Trying to set the existing hwdb with name gemm_v0_wrapper_0
TRACE::2025-12-25.08:10:22::SCWPlatform::Opened existing hwdb gemm_v0_wrapper_0
TRACE::2025-12-25.08:10:22::SCWPlatform::Found the Hw Db part of the input DSA
TRACE::2025-12-25.08:10:22::SCWPlatform::Trying to open the hw design at /home/zhou/Desktop/validation_1/vitis/full_system_v0/hw/new_system_v1_wrapper.xsa
TRACE::2025-12-25.08:10:22::SCWPlatform::DSA given /home/zhou/Desktop/validation_1/vitis/full_system_v0/hw/new_system_v1_wrapper.xsa
TRACE::2025-12-25.08:10:22::SCWPlatform::DSA absoulate path /home/zhou/Desktop/validation_1/vitis/full_system_v0/hw/new_system_v1_wrapper.xsa
TRACE::2025-12-25.08:10:22::SCWPlatform::DSA directory /home/zhou/Desktop/validation_1/vitis/full_system_v0/hw
TRACE::2025-12-25.08:10:22::SCWPlatform:: Platform Path /home/zhou/Desktop/validation_1/vitis/full_system_v0/hw/new_system_v1_wrapper.xsa
TRACE::2025-12-25.08:10:22::SCWPlatform:: Unique name xilinx:::0.0
TRACE::2025-12-25.08:10:22::SCWPlatform::Trying to set the existing hwdb with name gemm_v0_wrapper_0
TRACE::2025-12-25.08:10:22::SCWPlatform::Opened existing hwdb gemm_v0_wrapper_0
TRACE::2025-12-25.08:10:22::SCWPlatform::Found the Hw Db part of the input DSA
TRACE::2025-12-25.08:10:22::SCWReader::Boot application domain added for zynqmp_fsbl
TRACE::2025-12-25.08:10:22::SCWPlatform::Trying to open the hw design at /home/zhou/Desktop/validation_1/vitis/full_system_v0/hw/new_system_v1_wrapper.xsa
TRACE::2025-12-25.08:10:22::SCWPlatform::DSA given /home/zhou/Desktop/validation_1/vitis/full_system_v0/hw/new_system_v1_wrapper.xsa
TRACE::2025-12-25.08:10:22::SCWPlatform::DSA absoulate path /home/zhou/Desktop/validation_1/vitis/full_system_v0/hw/new_system_v1_wrapper.xsa
TRACE::2025-12-25.08:10:22::SCWPlatform::DSA directory /home/zhou/Desktop/validation_1/vitis/full_system_v0/hw
TRACE::2025-12-25.08:10:22::SCWPlatform:: Platform Path /home/zhou/Desktop/validation_1/vitis/full_system_v0/hw/new_system_v1_wrapper.xsa
TRACE::2025-12-25.08:10:22::SCWPlatform:: Unique name xilinx:::0.0
TRACE::2025-12-25.08:10:22::SCWPlatform::Trying to set the existing hwdb with name gemm_v0_wrapper_0
TRACE::2025-12-25.08:10:22::SCWPlatform::Opened existing hwdb gemm_v0_wrapper_0
TRACE::2025-12-25.08:10:22::SCWPlatform::Found the Hw Db part of the input DSA
TRACE::2025-12-25.08:10:22::SCWMssOS::Checking the sw design at  /home/zhou/Desktop/validation_1/vitis/full_system_v0/zynqmp_fsbl/zynqmp_fsbl_bsp/system.mss
TRACE::2025-12-25.08:10:22::SCWMssOS::DEBUG:  swdes dump  
TRACE::2025-12-25.08:10:22::SCWMssOS::No sw design opened at  /home/zhou/Desktop/validation_1/vitis/full_system_v0/zynqmp_fsbl/zynqmp_fsbl_bsp/system.mss
TRACE::2025-12-25.08:10:22::SCWMssOS::mss exists loading the mss file  /home/zhou/Desktop/validation_1/vitis/full_system_v0/zynqmp_fsbl/zynqmp_fsbl_bsp/system.mss
TRACE::2025-12-25.08:10:22::SCWMssOS::Opened the sw design from mss  /home/zhou/Desktop/validation_1/vitis/full_system_v0/zynqmp_fsbl/zynqmp_fsbl_bsp/system.mss
TRACE::2025-12-25.08:10:22::SCWMssOS::Adding the swdes entry /home/zhou/Desktop/validation_1/vitis/full_system_v0/zynqmp_fsbl/zynqmp_fsbl_bsp/system.mss with des name system
TRACE::2025-12-25.08:10:22::SCWMssOS::updating the scw layer about changes
TRACE::2025-12-25.08:10:22::SCWMssOS::Opened the sw design.  /home/zhou/Desktop/validation_1/vitis/full_system_v0/zynqmp_fsbl/zynqmp_fsbl_bsp/system.mss
TRACE::2025-12-25.08:10:22::SCWPlatform::Trying to open the hw design at /home/zhou/Desktop/validation_1/vitis/full_system_v0/hw/new_system_v1_wrapper.xsa
TRACE::2025-12-25.08:10:22::SCWPlatform::DSA given /home/zhou/Desktop/validation_1/vitis/full_system_v0/hw/new_system_v1_wrapper.xsa
TRACE::2025-12-25.08:10:22::SCWPlatform::DSA absoulate path /home/zhou/Desktop/validation_1/vitis/full_system_v0/hw/new_system_v1_wrapper.xsa
TRACE::2025-12-25.08:10:22::SCWPlatform::DSA directory /home/zhou/Desktop/validation_1/vitis/full_system_v0/hw
TRACE::2025-12-25.08:10:22::SCWPlatform:: Platform Path /home/zhou/Desktop/validation_1/vitis/full_system_v0/hw/new_system_v1_wrapper.xsa
TRACE::2025-12-25.08:10:22::SCWPlatform:: Unique name xilinx:::0.0
TRACE::2025-12-25.08:10:22::SCWPlatform::Trying to set the existing hwdb with name gemm_v0_wrapper_0
TRACE::2025-12-25.08:10:22::SCWPlatform::Opened existing hwdb gemm_v0_wrapper_0
TRACE::2025-12-25.08:10:22::SCWPlatform::Found the Hw Db part of the input DSA
TRACE::2025-12-25.08:10:22::SCWMssOS::Checking the sw design at  /home/zhou/Desktop/validation_1/vitis/full_system_v0/zynqmp_fsbl/zynqmp_fsbl_bsp/system.mss
TRACE::2025-12-25.08:10:22::SCWMssOS::DEBUG:  swdes dump  /home/zhou/Desktop/validation_1/vitis/full_system_v0/zynqmp_fsbl/zynqmp_fsbl_bsp/system.mss|system||

TRACE::2025-12-25.08:10:22::SCWMssOS::Sw design exists and opened at  /home/zhou/Desktop/validation_1/vitis/full_system_v0/zynqmp_fsbl/zynqmp_fsbl_bsp/system.mss
TRACE::2025-12-25.08:10:22::SCWMssOS:: library already available in sw design:  xilffs:5.3
TRACE::2025-12-25.08:10:22::SCWPlatform::Trying to open the hw design at /home/zhou/Desktop/validation_1/vitis/full_system_v0/hw/new_system_v1_wrapper.xsa
TRACE::2025-12-25.08:10:22::SCWPlatform::DSA given /home/zhou/Desktop/validation_1/vitis/full_system_v0/hw/new_system_v1_wrapper.xsa
TRACE::2025-12-25.08:10:22::SCWPlatform::DSA absoulate path /home/zhou/Desktop/validation_1/vitis/full_system_v0/hw/new_system_v1_wrapper.xsa
TRACE::2025-12-25.08:10:22::SCWPlatform::DSA directory /home/zhou/Desktop/validation_1/vitis/full_system_v0/hw
TRACE::2025-12-25.08:10:22::SCWPlatform:: Platform Path /home/zhou/Desktop/validation_1/vitis/full_system_v0/hw/new_system_v1_wrapper.xsa
TRACE::2025-12-25.08:10:22::SCWPlatform:: Unique name xilinx:::0.0
TRACE::2025-12-25.08:10:22::SCWPlatform::Trying to set the existing hwdb with name gemm_v0_wrapper_0
TRACE::2025-12-25.08:10:22::SCWPlatform::Opened existing hwdb gemm_v0_wrapper_0
TRACE::2025-12-25.08:10:22::SCWPlatform::Found the Hw Db part of the input DSA
TRACE::2025-12-25.08:10:22::SCWMssOS::Checking the sw design at  /home/zhou/Desktop/validation_1/vitis/full_system_v0/zynqmp_fsbl/zynqmp_fsbl_bsp/system.mss
TRACE::2025-12-25.08:10:22::SCWMssOS::DEBUG:  swdes dump  /home/zhou/Desktop/validation_1/vitis/full_system_v0/zynqmp_fsbl/zynqmp_fsbl_bsp/system.mss|system||

TRACE::2025-12-25.08:10:22::SCWMssOS::Sw design exists and opened at  /home/zhou/Desktop/validation_1/vitis/full_system_v0/zynqmp_fsbl/zynqmp_fsbl_bsp/system.mss
TRACE::2025-12-25.08:10:22::SCWMssOS:: library already available in sw design:  xilsecure:5.4
TRACE::2025-12-25.08:10:22::SCWPlatform::Trying to open the hw design at /home/zhou/Desktop/validation_1/vitis/full_system_v0/hw/new_system_v1_wrapper.xsa
TRACE::2025-12-25.08:10:22::SCWPlatform::DSA given /home/zhou/Desktop/validation_1/vitis/full_system_v0/hw/new_system_v1_wrapper.xsa
TRACE::2025-12-25.08:10:22::SCWPlatform::DSA absoulate path /home/zhou/Desktop/validation_1/vitis/full_system_v0/hw/new_system_v1_wrapper.xsa
TRACE::2025-12-25.08:10:22::SCWPlatform::DSA directory /home/zhou/Desktop/validation_1/vitis/full_system_v0/hw
TRACE::2025-12-25.08:10:22::SCWPlatform:: Platform Path /home/zhou/Desktop/validation_1/vitis/full_system_v0/hw/new_system_v1_wrapper.xsa
TRACE::2025-12-25.08:10:22::SCWPlatform:: Unique name xilinx:::0.0
TRACE::2025-12-25.08:10:22::SCWPlatform::Trying to set the existing hwdb with name gemm_v0_wrapper_0
TRACE::2025-12-25.08:10:22::SCWPlatform::Opened existing hwdb gemm_v0_wrapper_0
TRACE::2025-12-25.08:10:22::SCWPlatform::Found the Hw Db part of the input DSA
TRACE::2025-12-25.08:10:22::SCWMssOS::Checking the sw design at  /home/zhou/Desktop/validation_1/vitis/full_system_v0/zynqmp_fsbl/zynqmp_fsbl_bsp/system.mss
TRACE::2025-12-25.08:10:22::SCWMssOS::DEBUG:  swdes dump  /home/zhou/Desktop/validation_1/vitis/full_system_v0/zynqmp_fsbl/zynqmp_fsbl_bsp/system.mss|system||

TRACE::2025-12-25.08:10:22::SCWMssOS::Sw design exists and opened at  /home/zhou/Desktop/validation_1/vitis/full_system_v0/zynqmp_fsbl/zynqmp_fsbl_bsp/system.mss
TRACE::2025-12-25.08:10:22::SCWMssOS:: library already available in sw design:  xilpm:5.3
TRACE::2025-12-25.08:10:22::SCWPlatform::Trying to open the hw design at /home/zhou/Desktop/validation_1/vitis/full_system_v0/hw/new_system_v1_wrapper.xsa
TRACE::2025-12-25.08:10:22::SCWPlatform::DSA given /home/zhou/Desktop/validation_1/vitis/full_system_v0/hw/new_system_v1_wrapper.xsa
TRACE::2025-12-25.08:10:22::SCWPlatform::DSA absoulate path /home/zhou/Desktop/validation_1/vitis/full_system_v0/hw/new_system_v1_wrapper.xsa
TRACE::2025-12-25.08:10:22::SCWPlatform::DSA directory /home/zhou/Desktop/validation_1/vitis/full_system_v0/hw
TRACE::2025-12-25.08:10:22::SCWPlatform:: Platform Path /home/zhou/Desktop/validation_1/vitis/full_system_v0/hw/new_system_v1_wrapper.xsa
TRACE::2025-12-25.08:10:22::SCWPlatform:: Unique name xilinx:::0.0
TRACE::2025-12-25.08:10:22::SCWPlatform::Trying to set the existing hwdb with name gemm_v0_wrapper_0
TRACE::2025-12-25.08:10:22::SCWPlatform::Opened existing hwdb gemm_v0_wrapper_0
TRACE::2025-12-25.08:10:22::SCWPlatform::Found the Hw Db part of the input DSA
TRACE::2025-12-25.08:10:22::SCWMssOS::Checking the sw design at  /home/zhou/Desktop/validation_1/vitis/full_system_v0/zynqmp_fsbl/zynqmp_fsbl_bsp/system.mss
TRACE::2025-12-25.08:10:22::SCWMssOS::DEBUG:  swdes dump  /home/zhou/Desktop/validation_1/vitis/full_system_v0/zynqmp_fsbl/zynqmp_fsbl_bsp/system.mss|system||

TRACE::2025-12-25.08:10:22::SCWMssOS::Sw design exists and opened at  /home/zhou/Desktop/validation_1/vitis/full_system_v0/zynqmp_fsbl/zynqmp_fsbl_bsp/system.mss
TRACE::2025-12-25.08:10:22::SCWPlatform::Trying to open the hw design at /home/zhou/Desktop/validation_1/vitis/full_system_v0/hw/new_system_v1_wrapper.xsa
TRACE::2025-12-25.08:10:22::SCWPlatform::DSA given /home/zhou/Desktop/validation_1/vitis/full_system_v0/hw/new_system_v1_wrapper.xsa
TRACE::2025-12-25.08:10:22::SCWPlatform::DSA absoulate path /home/zhou/Desktop/validation_1/vitis/full_system_v0/hw/new_system_v1_wrapper.xsa
TRACE::2025-12-25.08:10:22::SCWPlatform::DSA directory /home/zhou/Desktop/validation_1/vitis/full_system_v0/hw
TRACE::2025-12-25.08:10:22::SCWPlatform:: Platform Path /home/zhou/Desktop/validation_1/vitis/full_system_v0/hw/new_system_v1_wrapper.xsa
TRACE::2025-12-25.08:10:22::SCWPlatform:: Unique name xilinx:::0.0
TRACE::2025-12-25.08:10:22::SCWPlatform::Trying to set the existing hwdb with name gemm_v0_wrapper_0
TRACE::2025-12-25.08:10:22::SCWPlatform::Opened existing hwdb gemm_v0_wrapper_0
TRACE::2025-12-25.08:10:22::SCWPlatform::Found the Hw Db part of the input DSA
TRACE::2025-12-25.08:10:22::SCWMssOS::Checking the sw design at  /home/zhou/Desktop/validation_1/vitis/full_system_v0/zynqmp_fsbl/zynqmp_fsbl_bsp/system.mss
TRACE::2025-12-25.08:10:22::SCWMssOS::DEBUG:  swdes dump  /home/zhou/Desktop/validation_1/vitis/full_system_v0/zynqmp_fsbl/zynqmp_fsbl_bsp/system.mss|system||

TRACE::2025-12-25.08:10:22::SCWMssOS::Sw design exists and opened at  /home/zhou/Desktop/validation_1/vitis/full_system_v0/zynqmp_fsbl/zynqmp_fsbl_bsp/system.mss
TRACE::2025-12-25.08:10:22::SCWPlatform::Trying to open the hw design at /home/zhou/Desktop/validation_1/vitis/full_system_v0/hw/new_system_v1_wrapper.xsa
TRACE::2025-12-25.08:10:22::SCWPlatform::DSA given /home/zhou/Desktop/validation_1/vitis/full_system_v0/hw/new_system_v1_wrapper.xsa
TRACE::2025-12-25.08:10:22::SCWPlatform::DSA absoulate path /home/zhou/Desktop/validation_1/vitis/full_system_v0/hw/new_system_v1_wrapper.xsa
TRACE::2025-12-25.08:10:22::SCWPlatform::DSA directory /home/zhou/Desktop/validation_1/vitis/full_system_v0/hw
TRACE::2025-12-25.08:10:22::SCWPlatform:: Platform Path /home/zhou/Desktop/validation_1/vitis/full_system_v0/hw/new_system_v1_wrapper.xsa
TRACE::2025-12-25.08:10:22::SCWPlatform:: Unique name xilinx:::0.0
TRACE::2025-12-25.08:10:22::SCWPlatform::Trying to set the existing hwdb with name gemm_v0_wrapper_0
TRACE::2025-12-25.08:10:22::SCWPlatform::Opened existing hwdb gemm_v0_wrapper_0
TRACE::2025-12-25.08:10:22::SCWPlatform::Found the Hw Db part of the input DSA
TRACE::2025-12-25.08:10:22::SCWMssOS::Checking the sw design at  /home/zhou/Desktop/validation_1/vitis/full_system_v0/zynqmp_fsbl/zynqmp_fsbl_bsp/system.mss
TRACE::2025-12-25.08:10:22::SCWMssOS::DEBUG:  swdes dump  /home/zhou/Desktop/validation_1/vitis/full_system_v0/zynqmp_fsbl/zynqmp_fsbl_bsp/system.mss|system||

TRACE::2025-12-25.08:10:22::SCWMssOS::Sw design exists and opened at  /home/zhou/Desktop/validation_1/vitis/full_system_v0/zynqmp_fsbl/zynqmp_fsbl_bsp/system.mss
TRACE::2025-12-25.08:10:22::SCWPlatform::Trying to open the hw design at /home/zhou/Desktop/validation_1/vitis/full_system_v0/hw/new_system_v1_wrapper.xsa
TRACE::2025-12-25.08:10:22::SCWPlatform::DSA given /home/zhou/Desktop/validation_1/vitis/full_system_v0/hw/new_system_v1_wrapper.xsa
TRACE::2025-12-25.08:10:22::SCWPlatform::DSA absoulate path /home/zhou/Desktop/validation_1/vitis/full_system_v0/hw/new_system_v1_wrapper.xsa
TRACE::2025-12-25.08:10:22::SCWPlatform::DSA directory /home/zhou/Desktop/validation_1/vitis/full_system_v0/hw
TRACE::2025-12-25.08:10:22::SCWPlatform:: Platform Path /home/zhou/Desktop/validation_1/vitis/full_system_v0/hw/new_system_v1_wrapper.xsa
TRACE::2025-12-25.08:10:22::SCWPlatform:: Unique name xilinx:::0.0
TRACE::2025-12-25.08:10:22::SCWPlatform::Trying to set the existing hwdb with name gemm_v0_wrapper_0
TRACE::2025-12-25.08:10:22::SCWPlatform::Opened existing hwdb gemm_v0_wrapper_0
TRACE::2025-12-25.08:10:22::SCWPlatform::Found the Hw Db part of the input DSA
TRACE::2025-12-25.08:10:22::SCWMssOS::Checking the sw design at  /home/zhou/Desktop/validation_1/vitis/full_system_v0/zynqmp_fsbl/zynqmp_fsbl_bsp/system.mss
TRACE::2025-12-25.08:10:22::SCWMssOS::DEBUG:  swdes dump  /home/zhou/Desktop/validation_1/vitis/full_system_v0/zynqmp_fsbl/zynqmp_fsbl_bsp/system.mss|system||

TRACE::2025-12-25.08:10:22::SCWMssOS::Sw design exists and opened at  /home/zhou/Desktop/validation_1/vitis/full_system_v0/zynqmp_fsbl/zynqmp_fsbl_bsp/system.mss
TRACE::2025-12-25.08:10:22::SCWPlatform::Trying to open the hw design at /home/zhou/Desktop/validation_1/vitis/full_system_v0/hw/new_system_v1_wrapper.xsa
TRACE::2025-12-25.08:10:22::SCWPlatform::DSA given /home/zhou/Desktop/validation_1/vitis/full_system_v0/hw/new_system_v1_wrapper.xsa
TRACE::2025-12-25.08:10:22::SCWPlatform::DSA absoulate path /home/zhou/Desktop/validation_1/vitis/full_system_v0/hw/new_system_v1_wrapper.xsa
TRACE::2025-12-25.08:10:22::SCWPlatform::DSA directory /home/zhou/Desktop/validation_1/vitis/full_system_v0/hw
TRACE::2025-12-25.08:10:22::SCWPlatform:: Platform Path /home/zhou/Desktop/validation_1/vitis/full_system_v0/hw/new_system_v1_wrapper.xsa
TRACE::2025-12-25.08:10:22::SCWPlatform:: Unique name xilinx:::0.0
TRACE::2025-12-25.08:10:22::SCWPlatform::Trying to set the existing hwdb with name gemm_v0_wrapper_0
TRACE::2025-12-25.08:10:22::SCWPlatform::Opened existing hwdb gemm_v0_wrapper_0
TRACE::2025-12-25.08:10:22::SCWPlatform::Found the Hw Db part of the input DSA
TRACE::2025-12-25.08:10:22::SCWMssOS::Checking the sw design at  /home/zhou/Desktop/validation_1/vitis/full_system_v0/zynqmp_fsbl/zynqmp_fsbl_bsp/system.mss
TRACE::2025-12-25.08:10:22::SCWMssOS::DEBUG:  swdes dump  /home/zhou/Desktop/validation_1/vitis/full_system_v0/zynqmp_fsbl/zynqmp_fsbl_bsp/system.mss|system||

TRACE::2025-12-25.08:10:22::SCWMssOS::Sw design exists and opened at  /home/zhou/Desktop/validation_1/vitis/full_system_v0/zynqmp_fsbl/zynqmp_fsbl_bsp/system.mss
TRACE::2025-12-25.08:10:22::SCWPlatform::Trying to open the hw design at /home/zhou/Desktop/validation_1/vitis/full_system_v0/hw/new_system_v1_wrapper.xsa
TRACE::2025-12-25.08:10:22::SCWPlatform::DSA given /home/zhou/Desktop/validation_1/vitis/full_system_v0/hw/new_system_v1_wrapper.xsa
TRACE::2025-12-25.08:10:22::SCWPlatform::DSA absoulate path /home/zhou/Desktop/validation_1/vitis/full_system_v0/hw/new_system_v1_wrapper.xsa
TRACE::2025-12-25.08:10:22::SCWPlatform::DSA directory /home/zhou/Desktop/validation_1/vitis/full_system_v0/hw
TRACE::2025-12-25.08:10:22::SCWPlatform:: Platform Path /home/zhou/Desktop/validation_1/vitis/full_system_v0/hw/new_system_v1_wrapper.xsa
TRACE::2025-12-25.08:10:22::SCWPlatform:: Unique name xilinx:::0.0
TRACE::2025-12-25.08:10:22::SCWPlatform::Trying to set the existing hwdb with name gemm_v0_wrapper_0
TRACE::2025-12-25.08:10:22::SCWPlatform::Opened existing hwdb gemm_v0_wrapper_0
TRACE::2025-12-25.08:10:22::SCWPlatform::Found the Hw Db part of the input DSA
TRACE::2025-12-25.08:10:22::SCWMssOS::Checking the sw design at  /home/zhou/Desktop/validation_1/vitis/full_system_v0/zynqmp_fsbl/zynqmp_fsbl_bsp/system.mss
TRACE::2025-12-25.08:10:22::SCWMssOS::DEBUG:  swdes dump  /home/zhou/Desktop/validation_1/vitis/full_system_v0/zynqmp_fsbl/zynqmp_fsbl_bsp/system.mss|system||

TRACE::2025-12-25.08:10:22::SCWMssOS::Sw design exists and opened at  /home/zhou/Desktop/validation_1/vitis/full_system_v0/zynqmp_fsbl/zynqmp_fsbl_bsp/system.mss
TRACE::2025-12-25.08:10:22::SCWPlatform::Trying to open the hw design at /home/zhou/Desktop/validation_1/vitis/full_system_v0/hw/new_system_v1_wrapper.xsa
TRACE::2025-12-25.08:10:22::SCWPlatform::DSA given /home/zhou/Desktop/validation_1/vitis/full_system_v0/hw/new_system_v1_wrapper.xsa
TRACE::2025-12-25.08:10:22::SCWPlatform::DSA absoulate path /home/zhou/Desktop/validation_1/vitis/full_system_v0/hw/new_system_v1_wrapper.xsa
TRACE::2025-12-25.08:10:22::SCWPlatform::DSA directory /home/zhou/Desktop/validation_1/vitis/full_system_v0/hw
TRACE::2025-12-25.08:10:22::SCWPlatform:: Platform Path /home/zhou/Desktop/validation_1/vitis/full_system_v0/hw/new_system_v1_wrapper.xsa
TRACE::2025-12-25.08:10:22::SCWPlatform:: Unique name xilinx:::0.0
TRACE::2025-12-25.08:10:22::SCWPlatform::Trying to set the existing hwdb with name gemm_v0_wrapper_0
TRACE::2025-12-25.08:10:22::SCWPlatform::Opened existing hwdb gemm_v0_wrapper_0
TRACE::2025-12-25.08:10:22::SCWPlatform::Found the Hw Db part of the input DSA
TRACE::2025-12-25.08:10:22::SCWMssOS::Checking the sw design at  /home/zhou/Desktop/validation_1/vitis/full_system_v0/zynqmp_fsbl/zynqmp_fsbl_bsp/system.mss
TRACE::2025-12-25.08:10:22::SCWMssOS::DEBUG:  swdes dump  /home/zhou/Desktop/validation_1/vitis/full_system_v0/zynqmp_fsbl/zynqmp_fsbl_bsp/system.mss|system||

TRACE::2025-12-25.08:10:22::SCWMssOS::Sw design exists and opened at  /home/zhou/Desktop/validation_1/vitis/full_system_v0/zynqmp_fsbl/zynqmp_fsbl_bsp/system.mss
TRACE::2025-12-25.08:10:22::SCWPlatform::Trying to open the hw design at /home/zhou/Desktop/validation_1/vitis/full_system_v0/hw/new_system_v1_wrapper.xsa
TRACE::2025-12-25.08:10:22::SCWPlatform::DSA given /home/zhou/Desktop/validation_1/vitis/full_system_v0/hw/new_system_v1_wrapper.xsa
TRACE::2025-12-25.08:10:22::SCWPlatform::DSA absoulate path /home/zhou/Desktop/validation_1/vitis/full_system_v0/hw/new_system_v1_wrapper.xsa
TRACE::2025-12-25.08:10:22::SCWPlatform::DSA directory /home/zhou/Desktop/validation_1/vitis/full_system_v0/hw
TRACE::2025-12-25.08:10:22::SCWPlatform:: Platform Path /home/zhou/Desktop/validation_1/vitis/full_system_v0/hw/new_system_v1_wrapper.xsa
TRACE::2025-12-25.08:10:22::SCWPlatform:: Unique name xilinx:::0.0
TRACE::2025-12-25.08:10:22::SCWPlatform::Trying to set the existing hwdb with name gemm_v0_wrapper_0
TRACE::2025-12-25.08:10:22::SCWPlatform::Opened existing hwdb gemm_v0_wrapper_0
TRACE::2025-12-25.08:10:22::SCWPlatform::Found the Hw Db part of the input DSA
TRACE::2025-12-25.08:10:22::SCWMssOS::Checking the sw design at  /home/zhou/Desktop/validation_1/vitis/full_system_v0/zynqmp_fsbl/zynqmp_fsbl_bsp/system.mss
TRACE::2025-12-25.08:10:22::SCWMssOS::DEBUG:  swdes dump  /home/zhou/Desktop/validation_1/vitis/full_system_v0/zynqmp_fsbl/zynqmp_fsbl_bsp/system.mss|system||

TRACE::2025-12-25.08:10:22::SCWMssOS::Sw design exists and opened at  /home/zhou/Desktop/validation_1/vitis/full_system_v0/zynqmp_fsbl/zynqmp_fsbl_bsp/system.mss
TRACE::2025-12-25.08:10:22::SCWMssOS::Saving the mss changes /home/zhou/Desktop/validation_1/vitis/full_system_v0/zynqmp_fsbl/zynqmp_fsbl_bsp/system.mss
TRACE::2025-12-25.08:10:22::SCWMssOS::Found a swdesign opened with the mssfile.
TRACE::2025-12-25.08:10:22::SCWMssOS::Completed writemss as part of save.
TRACE::2025-12-25.08:10:22::SCWMssOS::Commit changes completed.
TRACE::2025-12-25.08:10:22::SCWReader::Adding prebuilt librarypaths as   
TRACE::2025-12-25.08:10:22::SCWReader::Adding prebuilt incpaths  as   
TRACE::2025-12-25.08:10:22::SCWPlatform::Trying to open the hw design at /home/zhou/Desktop/validation_1/vitis/full_system_v0/hw/new_system_v1_wrapper.xsa
TRACE::2025-12-25.08:10:22::SCWPlatform::DSA given /home/zhou/Desktop/validation_1/vitis/full_system_v0/hw/new_system_v1_wrapper.xsa
TRACE::2025-12-25.08:10:22::SCWPlatform::DSA absoulate path /home/zhou/Desktop/validation_1/vitis/full_system_v0/hw/new_system_v1_wrapper.xsa
TRACE::2025-12-25.08:10:22::SCWPlatform::DSA directory /home/zhou/Desktop/validation_1/vitis/full_system_v0/hw
TRACE::2025-12-25.08:10:22::SCWPlatform:: Platform Path /home/zhou/Desktop/validation_1/vitis/full_system_v0/hw/new_system_v1_wrapper.xsa
TRACE::2025-12-25.08:10:22::SCWPlatform:: Unique name xilinx:::0.0
TRACE::2025-12-25.08:10:22::SCWPlatform::Trying to set the existing hwdb with name gemm_v0_wrapper_0
TRACE::2025-12-25.08:10:22::SCWPlatform::Opened existing hwdb gemm_v0_wrapper_0
TRACE::2025-12-25.08:10:22::SCWPlatform::Found the Hw Db part of the input DSA
TRACE::2025-12-25.08:10:22::SCWMssOS::Checking the sw design at  /home/zhou/Desktop/validation_1/vitis/full_system_v0/zynqmp_fsbl/zynqmp_fsbl_bsp/system.mss
TRACE::2025-12-25.08:10:22::SCWMssOS::DEBUG:  swdes dump  /home/zhou/Desktop/validation_1/vitis/full_system_v0/zynqmp_fsbl/zynqmp_fsbl_bsp/system.mss|system||

TRACE::2025-12-25.08:10:22::SCWMssOS::Sw design exists and opened at  /home/zhou/Desktop/validation_1/vitis/full_system_v0/zynqmp_fsbl/zynqmp_fsbl_bsp/system.mss
TRACE::2025-12-25.08:10:22::SCWReader::No isolation master present  
TRACE::2025-12-25.08:10:22::SCWDomain::checking for install qemu data   : 
TRACE::2025-12-25.08:10:22::SCWDomain:: Using the QEMU Data from install at  : /tools/Xilinx/Vitis/2024.2/data/emulation/platforms/zynqmp/sw/a53_standalone/qemu/
TRACE::2025-12-25.08:10:22::SCWDomain:: Using the QEMU args  from install at  : /tools/Xilinx/Vitis/2024.2/data/emulation/platforms/zynqmp/sw/a53_standalone/qemu/qemu_args.txt
TRACE::2025-12-25.08:10:22::SCWDomain:: Using the PMUQEMU args from install at  : /tools/Xilinx/Vitis/2024.2/data/emulation/platforms/zynqmp/sw/a53_standalone/qemu/pmu_args.txt
TRACE::2025-12-25.08:10:22::SCWPlatform::Trying to open the hw design at /home/zhou/Desktop/validation_1/vitis/full_system_v0/hw/new_system_v1_wrapper.xsa
TRACE::2025-12-25.08:10:22::SCWPlatform::DSA given /home/zhou/Desktop/validation_1/vitis/full_system_v0/hw/new_system_v1_wrapper.xsa
TRACE::2025-12-25.08:10:22::SCWPlatform::DSA absoulate path /home/zhou/Desktop/validation_1/vitis/full_system_v0/hw/new_system_v1_wrapper.xsa
TRACE::2025-12-25.08:10:22::SCWPlatform::DSA directory /home/zhou/Desktop/validation_1/vitis/full_system_v0/hw
TRACE::2025-12-25.08:10:22::SCWPlatform:: Platform Path /home/zhou/Desktop/validation_1/vitis/full_system_v0/hw/new_system_v1_wrapper.xsa
TRACE::2025-12-25.08:10:22::SCWPlatform:: Unique name xilinx:::0.0
TRACE::2025-12-25.08:10:22::SCWPlatform::Trying to set the existing hwdb with name gemm_v0_wrapper_0
TRACE::2025-12-25.08:10:22::SCWPlatform::Opened existing hwdb gemm_v0_wrapper_0
TRACE::2025-12-25.08:10:22::SCWPlatform::Found the Hw Db part of the input DSA
TRACE::2025-12-25.08:10:22::SCWReader::Boot application domain added for zynqmp_pmufw
TRACE::2025-12-25.08:10:22::SCWPlatform::Trying to open the hw design at /home/zhou/Desktop/validation_1/vitis/full_system_v0/hw/new_system_v1_wrapper.xsa
TRACE::2025-12-25.08:10:22::SCWPlatform::DSA given /home/zhou/Desktop/validation_1/vitis/full_system_v0/hw/new_system_v1_wrapper.xsa
TRACE::2025-12-25.08:10:22::SCWPlatform::DSA absoulate path /home/zhou/Desktop/validation_1/vitis/full_system_v0/hw/new_system_v1_wrapper.xsa
TRACE::2025-12-25.08:10:22::SCWPlatform::DSA directory /home/zhou/Desktop/validation_1/vitis/full_system_v0/hw
TRACE::2025-12-25.08:10:22::SCWPlatform:: Platform Path /home/zhou/Desktop/validation_1/vitis/full_system_v0/hw/new_system_v1_wrapper.xsa
TRACE::2025-12-25.08:10:22::SCWPlatform:: Unique name xilinx:::0.0
TRACE::2025-12-25.08:10:22::SCWPlatform::Trying to set the existing hwdb with name gemm_v0_wrapper_0
TRACE::2025-12-25.08:10:22::SCWPlatform::Opened existing hwdb gemm_v0_wrapper_0
TRACE::2025-12-25.08:10:22::SCWPlatform::Found the Hw Db part of the input DSA
TRACE::2025-12-25.08:10:22::SCWMssOS::Checking the sw design at  /home/zhou/Desktop/validation_1/vitis/full_system_v0/zynqmp_pmufw/zynqmp_pmufw_bsp/system.mss
TRACE::2025-12-25.08:10:22::SCWMssOS::DEBUG:  swdes dump  /home/zhou/Desktop/validation_1/vitis/full_system_v0/zynqmp_fsbl/zynqmp_fsbl_bsp/system.mss|system||

TRACE::2025-12-25.08:10:22::SCWMssOS::No sw design opened at  /home/zhou/Desktop/validation_1/vitis/full_system_v0/zynqmp_pmufw/zynqmp_pmufw_bsp/system.mss
TRACE::2025-12-25.08:10:22::SCWMssOS::mss exists loading the mss file  /home/zhou/Desktop/validation_1/vitis/full_system_v0/zynqmp_pmufw/zynqmp_pmufw_bsp/system.mss
TRACE::2025-12-25.08:10:22::SCWMssOS::Opened the sw design from mss  /home/zhou/Desktop/validation_1/vitis/full_system_v0/zynqmp_pmufw/zynqmp_pmufw_bsp/system.mss
TRACE::2025-12-25.08:10:22::SCWMssOS::Adding the swdes entry /home/zhou/Desktop/validation_1/vitis/full_system_v0/zynqmp_pmufw/zynqmp_pmufw_bsp/system.mss with des name system_0
TRACE::2025-12-25.08:10:22::SCWMssOS::updating the scw layer about changes
TRACE::2025-12-25.08:10:22::SCWMssOS::Opened the sw design.  /home/zhou/Desktop/validation_1/vitis/full_system_v0/zynqmp_pmufw/zynqmp_pmufw_bsp/system.mss
TRACE::2025-12-25.08:10:22::SCWPlatform::Trying to open the hw design at /home/zhou/Desktop/validation_1/vitis/full_system_v0/hw/new_system_v1_wrapper.xsa
TRACE::2025-12-25.08:10:22::SCWPlatform::DSA given /home/zhou/Desktop/validation_1/vitis/full_system_v0/hw/new_system_v1_wrapper.xsa
TRACE::2025-12-25.08:10:22::SCWPlatform::DSA absoulate path /home/zhou/Desktop/validation_1/vitis/full_system_v0/hw/new_system_v1_wrapper.xsa
TRACE::2025-12-25.08:10:22::SCWPlatform::DSA directory /home/zhou/Desktop/validation_1/vitis/full_system_v0/hw
TRACE::2025-12-25.08:10:22::SCWPlatform:: Platform Path /home/zhou/Desktop/validation_1/vitis/full_system_v0/hw/new_system_v1_wrapper.xsa
TRACE::2025-12-25.08:10:22::SCWPlatform:: Unique name xilinx:::0.0
TRACE::2025-12-25.08:10:22::SCWPlatform::Trying to set the existing hwdb with name gemm_v0_wrapper_0
TRACE::2025-12-25.08:10:22::SCWPlatform::Opened existing hwdb gemm_v0_wrapper_0
TRACE::2025-12-25.08:10:22::SCWPlatform::Found the Hw Db part of the input DSA
TRACE::2025-12-25.08:10:22::SCWMssOS::Checking the sw design at  /home/zhou/Desktop/validation_1/vitis/full_system_v0/zynqmp_pmufw/zynqmp_pmufw_bsp/system.mss
TRACE::2025-12-25.08:10:22::SCWMssOS::DEBUG:  swdes dump  /home/zhou/Desktop/validation_1/vitis/full_system_v0/zynqmp_fsbl/zynqmp_fsbl_bsp/system.mss|system||
/home/zhou/Desktop/validation_1/vitis/full_system_v0/zynqmp_pmufw/zynqmp_pmufw_bsp/system.mss|system_0||

TRACE::2025-12-25.08:10:22::SCWMssOS::Sw design exists and opened at  /home/zhou/Desktop/validation_1/vitis/full_system_v0/zynqmp_pmufw/zynqmp_pmufw_bsp/system.mss
TRACE::2025-12-25.08:10:22::SCWMssOS:: library already available in sw design:  xilfpga:6.7
TRACE::2025-12-25.08:10:22::SCWPlatform::Trying to open the hw design at /home/zhou/Desktop/validation_1/vitis/full_system_v0/hw/new_system_v1_wrapper.xsa
TRACE::2025-12-25.08:10:22::SCWPlatform::DSA given /home/zhou/Desktop/validation_1/vitis/full_system_v0/hw/new_system_v1_wrapper.xsa
TRACE::2025-12-25.08:10:22::SCWPlatform::DSA absoulate path /home/zhou/Desktop/validation_1/vitis/full_system_v0/hw/new_system_v1_wrapper.xsa
TRACE::2025-12-25.08:10:22::SCWPlatform::DSA directory /home/zhou/Desktop/validation_1/vitis/full_system_v0/hw
TRACE::2025-12-25.08:10:22::SCWPlatform:: Platform Path /home/zhou/Desktop/validation_1/vitis/full_system_v0/hw/new_system_v1_wrapper.xsa
TRACE::2025-12-25.08:10:22::SCWPlatform:: Unique name xilinx:::0.0
TRACE::2025-12-25.08:10:22::SCWPlatform::Trying to set the existing hwdb with name gemm_v0_wrapper_0
TRACE::2025-12-25.08:10:22::SCWPlatform::Opened existing hwdb gemm_v0_wrapper_0
TRACE::2025-12-25.08:10:22::SCWPlatform::Found the Hw Db part of the input DSA
TRACE::2025-12-25.08:10:22::SCWMssOS::Checking the sw design at  /home/zhou/Desktop/validation_1/vitis/full_system_v0/zynqmp_pmufw/zynqmp_pmufw_bsp/system.mss
TRACE::2025-12-25.08:10:22::SCWMssOS::DEBUG:  swdes dump  /home/zhou/Desktop/validation_1/vitis/full_system_v0/zynqmp_fsbl/zynqmp_fsbl_bsp/system.mss|system||
/home/zhou/Desktop/validation_1/vitis/full_system_v0/zynqmp_pmufw/zynqmp_pmufw_bsp/system.mss|system_0||

TRACE::2025-12-25.08:10:22::SCWMssOS::Sw design exists and opened at  /home/zhou/Desktop/validation_1/vitis/full_system_v0/zynqmp_pmufw/zynqmp_pmufw_bsp/system.mss
TRACE::2025-12-25.08:10:22::SCWMssOS:: library already available in sw design:  xilsecure:5.4
TRACE::2025-12-25.08:10:22::SCWPlatform::Trying to open the hw design at /home/zhou/Desktop/validation_1/vitis/full_system_v0/hw/new_system_v1_wrapper.xsa
TRACE::2025-12-25.08:10:22::SCWPlatform::DSA given /home/zhou/Desktop/validation_1/vitis/full_system_v0/hw/new_system_v1_wrapper.xsa
TRACE::2025-12-25.08:10:22::SCWPlatform::DSA absoulate path /home/zhou/Desktop/validation_1/vitis/full_system_v0/hw/new_system_v1_wrapper.xsa
TRACE::2025-12-25.08:10:22::SCWPlatform::DSA directory /home/zhou/Desktop/validation_1/vitis/full_system_v0/hw
TRACE::2025-12-25.08:10:22::SCWPlatform:: Platform Path /home/zhou/Desktop/validation_1/vitis/full_system_v0/hw/new_system_v1_wrapper.xsa
TRACE::2025-12-25.08:10:22::SCWPlatform:: Unique name xilinx:::0.0
TRACE::2025-12-25.08:10:22::SCWPlatform::Trying to set the existing hwdb with name gemm_v0_wrapper_0
TRACE::2025-12-25.08:10:22::SCWPlatform::Opened existing hwdb gemm_v0_wrapper_0
TRACE::2025-12-25.08:10:22::SCWPlatform::Found the Hw Db part of the input DSA
TRACE::2025-12-25.08:10:22::SCWMssOS::Checking the sw design at  /home/zhou/Desktop/validation_1/vitis/full_system_v0/zynqmp_pmufw/zynqmp_pmufw_bsp/system.mss
TRACE::2025-12-25.08:10:22::SCWMssOS::DEBUG:  swdes dump  /home/zhou/Desktop/validation_1/vitis/full_system_v0/zynqmp_fsbl/zynqmp_fsbl_bsp/system.mss|system||
/home/zhou/Desktop/validation_1/vitis/full_system_v0/zynqmp_pmufw/zynqmp_pmufw_bsp/system.mss|system_0||

TRACE::2025-12-25.08:10:22::SCWMssOS::Sw design exists and opened at  /home/zhou/Desktop/validation_1/vitis/full_system_v0/zynqmp_pmufw/zynqmp_pmufw_bsp/system.mss
TRACE::2025-12-25.08:10:22::SCWMssOS:: library already available in sw design:  xilskey:7.6
TRACE::2025-12-25.08:10:22::SCWPlatform::Trying to open the hw design at /home/zhou/Desktop/validation_1/vitis/full_system_v0/hw/new_system_v1_wrapper.xsa
TRACE::2025-12-25.08:10:22::SCWPlatform::DSA given /home/zhou/Desktop/validation_1/vitis/full_system_v0/hw/new_system_v1_wrapper.xsa
TRACE::2025-12-25.08:10:22::SCWPlatform::DSA absoulate path /home/zhou/Desktop/validation_1/vitis/full_system_v0/hw/new_system_v1_wrapper.xsa
TRACE::2025-12-25.08:10:22::SCWPlatform::DSA directory /home/zhou/Desktop/validation_1/vitis/full_system_v0/hw
TRACE::2025-12-25.08:10:22::SCWPlatform:: Platform Path /home/zhou/Desktop/validation_1/vitis/full_system_v0/hw/new_system_v1_wrapper.xsa
TRACE::2025-12-25.08:10:22::SCWPlatform:: Unique name xilinx:::0.0
TRACE::2025-12-25.08:10:22::SCWPlatform::Trying to set the existing hwdb with name gemm_v0_wrapper_0
TRACE::2025-12-25.08:10:22::SCWPlatform::Opened existing hwdb gemm_v0_wrapper_0
TRACE::2025-12-25.08:10:22::SCWPlatform::Found the Hw Db part of the input DSA
TRACE::2025-12-25.08:10:22::SCWMssOS::Checking the sw design at  /home/zhou/Desktop/validation_1/vitis/full_system_v0/zynqmp_pmufw/zynqmp_pmufw_bsp/system.mss
TRACE::2025-12-25.08:10:22::SCWMssOS::DEBUG:  swdes dump  /home/zhou/Desktop/validation_1/vitis/full_system_v0/zynqmp_fsbl/zynqmp_fsbl_bsp/system.mss|system||
/home/zhou/Desktop/validation_1/vitis/full_system_v0/zynqmp_pmufw/zynqmp_pmufw_bsp/system.mss|system_0||

TRACE::2025-12-25.08:10:22::SCWMssOS::Sw design exists and opened at  /home/zhou/Desktop/validation_1/vitis/full_system_v0/zynqmp_pmufw/zynqmp_pmufw_bsp/system.mss
TRACE::2025-12-25.08:10:22::SCWPlatform::Trying to open the hw design at /home/zhou/Desktop/validation_1/vitis/full_system_v0/hw/new_system_v1_wrapper.xsa
TRACE::2025-12-25.08:10:22::SCWPlatform::DSA given /home/zhou/Desktop/validation_1/vitis/full_system_v0/hw/new_system_v1_wrapper.xsa
TRACE::2025-12-25.08:10:22::SCWPlatform::DSA absoulate path /home/zhou/Desktop/validation_1/vitis/full_system_v0/hw/new_system_v1_wrapper.xsa
TRACE::2025-12-25.08:10:22::SCWPlatform::DSA directory /home/zhou/Desktop/validation_1/vitis/full_system_v0/hw
TRACE::2025-12-25.08:10:22::SCWPlatform:: Platform Path /home/zhou/Desktop/validation_1/vitis/full_system_v0/hw/new_system_v1_wrapper.xsa
TRACE::2025-12-25.08:10:22::SCWPlatform:: Unique name xilinx:::0.0
TRACE::2025-12-25.08:10:22::SCWPlatform::Trying to set the existing hwdb with name gemm_v0_wrapper_0
TRACE::2025-12-25.08:10:22::SCWPlatform::Opened existing hwdb gemm_v0_wrapper_0
TRACE::2025-12-25.08:10:22::SCWPlatform::Found the Hw Db part of the input DSA
TRACE::2025-12-25.08:10:22::SCWMssOS::Checking the sw design at  /home/zhou/Desktop/validation_1/vitis/full_system_v0/zynqmp_pmufw/zynqmp_pmufw_bsp/system.mss
TRACE::2025-12-25.08:10:22::SCWMssOS::DEBUG:  swdes dump  /home/zhou/Desktop/validation_1/vitis/full_system_v0/zynqmp_fsbl/zynqmp_fsbl_bsp/system.mss|system||
/home/zhou/Desktop/validation_1/vitis/full_system_v0/zynqmp_pmufw/zynqmp_pmufw_bsp/system.mss|system_0||

TRACE::2025-12-25.08:10:22::SCWMssOS::Sw design exists and opened at  /home/zhou/Desktop/validation_1/vitis/full_system_v0/zynqmp_pmufw/zynqmp_pmufw_bsp/system.mss
TRACE::2025-12-25.08:10:22::SCWMssOS::Saving the mss changes /home/zhou/Desktop/validation_1/vitis/full_system_v0/zynqmp_pmufw/zynqmp_pmufw_bsp/system.mss
TRACE::2025-12-25.08:10:22::SCWMssOS::Found a swdesign opened with the mssfile.
TRACE::2025-12-25.08:10:22::SCWMssOS::Completed writemss as part of save.
TRACE::2025-12-25.08:10:22::SCWMssOS::Commit changes completed.
TRACE::2025-12-25.08:10:22::SCWReader::Adding prebuilt librarypaths as   
TRACE::2025-12-25.08:10:22::SCWReader::Adding prebuilt incpaths  as   
TRACE::2025-12-25.08:10:22::SCWPlatform::Trying to open the hw design at /home/zhou/Desktop/validation_1/vitis/full_system_v0/hw/new_system_v1_wrapper.xsa
TRACE::2025-12-25.08:10:22::SCWPlatform::DSA given /home/zhou/Desktop/validation_1/vitis/full_system_v0/hw/new_system_v1_wrapper.xsa
TRACE::2025-12-25.08:10:22::SCWPlatform::DSA absoulate path /home/zhou/Desktop/validation_1/vitis/full_system_v0/hw/new_system_v1_wrapper.xsa
TRACE::2025-12-25.08:10:22::SCWPlatform::DSA directory /home/zhou/Desktop/validation_1/vitis/full_system_v0/hw
TRACE::2025-12-25.08:10:22::SCWPlatform:: Platform Path /home/zhou/Desktop/validation_1/vitis/full_system_v0/hw/new_system_v1_wrapper.xsa
TRACE::2025-12-25.08:10:22::SCWPlatform:: Unique name xilinx:::0.0
TRACE::2025-12-25.08:10:22::SCWPlatform::Trying to set the existing hwdb with name gemm_v0_wrapper_0
TRACE::2025-12-25.08:10:22::SCWPlatform::Opened existing hwdb gemm_v0_wrapper_0
TRACE::2025-12-25.08:10:22::SCWPlatform::Found the Hw Db part of the input DSA
TRACE::2025-12-25.08:10:22::SCWMssOS::Checking the sw design at  /home/zhou/Desktop/validation_1/vitis/full_system_v0/zynqmp_pmufw/zynqmp_pmufw_bsp/system.mss
TRACE::2025-12-25.08:10:22::SCWMssOS::DEBUG:  swdes dump  /home/zhou/Desktop/validation_1/vitis/full_system_v0/zynqmp_fsbl/zynqmp_fsbl_bsp/system.mss|system||
/home/zhou/Desktop/validation_1/vitis/full_system_v0/zynqmp_pmufw/zynqmp_pmufw_bsp/system.mss|system_0||

TRACE::2025-12-25.08:10:22::SCWMssOS::Sw design exists and opened at  /home/zhou/Desktop/validation_1/vitis/full_system_v0/zynqmp_pmufw/zynqmp_pmufw_bsp/system.mss
TRACE::2025-12-25.08:10:22::SCWReader::No isolation master present  
TRACE::2025-12-25.08:10:22::SCWDomain::checking for install qemu data   : 
TRACE::2025-12-25.08:10:22::SCWDomain:: Using the QEMU Data from install at  : /tools/Xilinx/Vitis/2024.2/data/emulation/platforms/zynqmp/sw/a53_standalone/qemu/
TRACE::2025-12-25.08:10:22::SCWDomain:: Using the QEMU args  from install at  : /tools/Xilinx/Vitis/2024.2/data/emulation/platforms/zynqmp/sw/a53_standalone/qemu/qemu_args.txt
TRACE::2025-12-25.08:10:22::SCWDomain:: Using the PMUQEMU args from install at  : /tools/Xilinx/Vitis/2024.2/data/emulation/platforms/zynqmp/sw/a53_standalone/qemu/pmu_args.txt
TRACE::2025-12-25.08:10:22::SCWPlatform::Trying to open the hw design at /home/zhou/Desktop/validation_1/vitis/full_system_v0/hw/new_system_v1_wrapper.xsa
TRACE::2025-12-25.08:10:22::SCWPlatform::DSA given /home/zhou/Desktop/validation_1/vitis/full_system_v0/hw/new_system_v1_wrapper.xsa
TRACE::2025-12-25.08:10:22::SCWPlatform::DSA absoulate path /home/zhou/Desktop/validation_1/vitis/full_system_v0/hw/new_system_v1_wrapper.xsa
TRACE::2025-12-25.08:10:22::SCWPlatform::DSA directory /home/zhou/Desktop/validation_1/vitis/full_system_v0/hw
TRACE::2025-12-25.08:10:22::SCWPlatform:: Platform Path /home/zhou/Desktop/validation_1/vitis/full_system_v0/hw/new_system_v1_wrapper.xsa
TRACE::2025-12-25.08:10:22::SCWPlatform:: Unique name xilinx:::0.0
TRACE::2025-12-25.08:10:22::SCWPlatform::Trying to set the existing hwdb with name gemm_v0_wrapper_0
TRACE::2025-12-25.08:10:22::SCWPlatform::Opened existing hwdb gemm_v0_wrapper_0
TRACE::2025-12-25.08:10:22::SCWPlatform::Found the Hw Db part of the input DSA
TRACE::2025-12-25.08:10:22::SCWPlatform::Trying to open the hw design at /home/zhou/Desktop/validation_1/vitis/full_system_v0/hw/new_system_v1_wrapper.xsa
TRACE::2025-12-25.08:10:22::SCWPlatform::DSA given /home/zhou/Desktop/validation_1/vitis/full_system_v0/hw/new_system_v1_wrapper.xsa
TRACE::2025-12-25.08:10:22::SCWPlatform::DSA absoulate path /home/zhou/Desktop/validation_1/vitis/full_system_v0/hw/new_system_v1_wrapper.xsa
TRACE::2025-12-25.08:10:22::SCWPlatform::DSA directory /home/zhou/Desktop/validation_1/vitis/full_system_v0/hw
TRACE::2025-12-25.08:10:22::SCWPlatform:: Platform Path /home/zhou/Desktop/validation_1/vitis/full_system_v0/hw/new_system_v1_wrapper.xsa
TRACE::2025-12-25.08:10:22::SCWPlatform:: Unique name xilinx:::0.0
TRACE::2025-12-25.08:10:22::SCWPlatform::Trying to set the existing hwdb with name gemm_v0_wrapper_0
TRACE::2025-12-25.08:10:22::SCWPlatform::Opened existing hwdb gemm_v0_wrapper_0
TRACE::2025-12-25.08:10:22::SCWPlatform::Found the Hw Db part of the input DSA
TRACE::2025-12-25.08:10:22::SCWPlatform::Trying to open the hw design at /home/zhou/Desktop/validation_1/vitis/full_system_v0/hw/new_system_v1_wrapper.xsa
TRACE::2025-12-25.08:10:22::SCWPlatform::DSA given /home/zhou/Desktop/validation_1/vitis/full_system_v0/hw/new_system_v1_wrapper.xsa
TRACE::2025-12-25.08:10:22::SCWPlatform::DSA absoulate path /home/zhou/Desktop/validation_1/vitis/full_system_v0/hw/new_system_v1_wrapper.xsa
TRACE::2025-12-25.08:10:22::SCWPlatform::DSA directory /home/zhou/Desktop/validation_1/vitis/full_system_v0/hw
TRACE::2025-12-25.08:10:22::SCWPlatform:: Platform Path /home/zhou/Desktop/validation_1/vitis/full_system_v0/hw/new_system_v1_wrapper.xsa
TRACE::2025-12-25.08:10:22::SCWPlatform:: Unique name xilinx:::0.0
TRACE::2025-12-25.08:10:22::SCWPlatform::Trying to set the existing hwdb with name gemm_v0_wrapper_0
TRACE::2025-12-25.08:10:22::SCWPlatform::Opened existing hwdb gemm_v0_wrapper_0
TRACE::2025-12-25.08:10:22::SCWPlatform::Found the Hw Db part of the input DSA
TRACE::2025-12-25.08:10:22::SCWMssOS::Checking the sw design at  /home/zhou/Desktop/validation_1/vitis/full_system_v0/psu_cortexa53_0/standalone_domain/bsp/system.mss
TRACE::2025-12-25.08:10:22::SCWMssOS::DEBUG:  swdes dump  /home/zhou/Desktop/validation_1/vitis/full_system_v0/zynqmp_fsbl/zynqmp_fsbl_bsp/system.mss|system||
/home/zhou/Desktop/validation_1/vitis/full_system_v0/zynqmp_pmufw/zynqmp_pmufw_bsp/system.mss|system_0||

TRACE::2025-12-25.08:10:22::SCWMssOS::No sw design opened at  /home/zhou/Desktop/validation_1/vitis/full_system_v0/psu_cortexa53_0/standalone_domain/bsp/system.mss
TRACE::2025-12-25.08:10:22::SCWMssOS::mss exists loading the mss file  /home/zhou/Desktop/validation_1/vitis/full_system_v0/psu_cortexa53_0/standalone_domain/bsp/system.mss
TRACE::2025-12-25.08:10:22::SCWMssOS::Opened the sw design from mss  /home/zhou/Desktop/validation_1/vitis/full_system_v0/psu_cortexa53_0/standalone_domain/bsp/system.mss
TRACE::2025-12-25.08:10:22::SCWMssOS::Adding the swdes entry /home/zhou/Desktop/validation_1/vitis/full_system_v0/psu_cortexa53_0/standalone_domain/bsp/system.mss with des name system_1
TRACE::2025-12-25.08:10:22::SCWMssOS::updating the scw layer about changes
TRACE::2025-12-25.08:10:22::SCWMssOS::Opened the sw design.  /home/zhou/Desktop/validation_1/vitis/full_system_v0/psu_cortexa53_0/standalone_domain/bsp/system.mss
TRACE::2025-12-25.08:10:22::SCWMssOS::Saving the mss changes /home/zhou/Desktop/validation_1/vitis/full_system_v0/psu_cortexa53_0/standalone_domain/bsp/system.mss
TRACE::2025-12-25.08:10:22::SCWMssOS::Found a swdesign opened with the mssfile.
TRACE::2025-12-25.08:10:22::SCWMssOS::Completed writemss as part of save.
TRACE::2025-12-25.08:10:22::SCWMssOS::Commit changes completed.
TRACE::2025-12-25.08:10:22::SCWReader::Adding prebuilt librarypaths as   
TRACE::2025-12-25.08:10:22::SCWReader::Adding prebuilt incpaths  as   
TRACE::2025-12-25.08:10:22::SCWPlatform::Trying to open the hw design at /home/zhou/Desktop/validation_1/vitis/full_system_v0/hw/new_system_v1_wrapper.xsa
TRACE::2025-12-25.08:10:22::SCWPlatform::DSA given /home/zhou/Desktop/validation_1/vitis/full_system_v0/hw/new_system_v1_wrapper.xsa
TRACE::2025-12-25.08:10:22::SCWPlatform::DSA absoulate path /home/zhou/Desktop/validation_1/vitis/full_system_v0/hw/new_system_v1_wrapper.xsa
TRACE::2025-12-25.08:10:22::SCWPlatform::DSA directory /home/zhou/Desktop/validation_1/vitis/full_system_v0/hw
TRACE::2025-12-25.08:10:22::SCWPlatform:: Platform Path /home/zhou/Desktop/validation_1/vitis/full_system_v0/hw/new_system_v1_wrapper.xsa
TRACE::2025-12-25.08:10:22::SCWPlatform:: Unique name xilinx:::0.0
TRACE::2025-12-25.08:10:22::SCWPlatform::Trying to set the existing hwdb with name gemm_v0_wrapper_0
TRACE::2025-12-25.08:10:22::SCWPlatform::Opened existing hwdb gemm_v0_wrapper_0
TRACE::2025-12-25.08:10:22::SCWPlatform::Found the Hw Db part of the input DSA
TRACE::2025-12-25.08:10:22::SCWMssOS::Checking the sw design at  /home/zhou/Desktop/validation_1/vitis/full_system_v0/psu_cortexa53_0/standalone_domain/bsp/system.mss
TRACE::2025-12-25.08:10:22::SCWMssOS::DEBUG:  swdes dump  /home/zhou/Desktop/validation_1/vitis/full_system_v0/psu_cortexa53_0/standalone_domain/bsp/system.mss|system_1||
/home/zhou/Desktop/validation_1/vitis/full_system_v0/zynqmp_fsbl/zynqmp_fsbl_bsp/system.mss|system||
/home/zhou/Desktop/validation_1/vitis/full_system_v0/zynqmp_pmufw/zynqmp_pmufw_bsp/system.mss|system_0||

TRACE::2025-12-25.08:10:22::SCWMssOS::Sw design exists and opened at  /home/zhou/Desktop/validation_1/vitis/full_system_v0/psu_cortexa53_0/standalone_domain/bsp/system.mss
TRACE::2025-12-25.08:10:22::SCWReader::No isolation master present  
LOG::2025-12-25.08:10:49::SCWPlatform::Started generating the artifacts platform full_system_v0
TRACE::2025-12-25.08:10:49::SCWPlatform::Sanity checking of platform is completed
LOG::2025-12-25.08:10:49::SCWPlatform::Started generating the artifacts for system configuration full_system_v0
LOG::2025-12-25.08:10:49::SCWSystem::Checking the domain zynqmp_fsbl
LOG::2025-12-25.08:10:49::SCWSystem::Doing application build for :  zynqmp_fsbl
TRACE::2025-12-25.08:10:49::SCWBDomain::Not a forced makefile updation, No changes are present. 
TRACE::2025-12-25.08:10:49::SCWDomain::Building the domain as part of full build :  zynqmp_fsbl
TRACE::2025-12-25.08:10:49::SCWPlatform::Trying to open the hw design at /home/zhou/Desktop/validation_1/vitis/full_system_v0/hw/new_system_v1_wrapper.xsa
TRACE::2025-12-25.08:10:49::SCWPlatform::DSA given /home/zhou/Desktop/validation_1/vitis/full_system_v0/hw/new_system_v1_wrapper.xsa
TRACE::2025-12-25.08:10:49::SCWPlatform::DSA absoulate path /home/zhou/Desktop/validation_1/vitis/full_system_v0/hw/new_system_v1_wrapper.xsa
TRACE::2025-12-25.08:10:49::SCWPlatform::DSA directory /home/zhou/Desktop/validation_1/vitis/full_system_v0/hw
TRACE::2025-12-25.08:10:49::SCWPlatform:: Platform Path /home/zhou/Desktop/validation_1/vitis/full_system_v0/hw/new_system_v1_wrapper.xsa
TRACE::2025-12-25.08:10:49::SCWPlatform:: Unique name xilinx:::0.0
TRACE::2025-12-25.08:10:49::SCWPlatform::Trying to set the existing hwdb with name gemm_v0_wrapper_0
TRACE::2025-12-25.08:10:49::SCWPlatform::Opened existing hwdb gemm_v0_wrapper_0
TRACE::2025-12-25.08:10:49::SCWPlatform::Found the Hw Db part of the input DSA
TRACE::2025-12-25.08:10:49::SCWMssOS::Checking the sw design at  /home/zhou/Desktop/validation_1/vitis/full_system_v0/zynqmp_fsbl/zynqmp_fsbl_bsp/system.mss
TRACE::2025-12-25.08:10:49::SCWMssOS::DEBUG:  swdes dump  /home/zhou/Desktop/validation_1/vitis/full_system_v0/psu_cortexa53_0/standalone_domain/bsp/system.mss|system_1||
/home/zhou/Desktop/validation_1/vitis/full_system_v0/zynqmp_fsbl/zynqmp_fsbl_bsp/system.mss|system||
/home/zhou/Desktop/validation_1/vitis/full_system_v0/zynqmp_pmufw/zynqmp_pmufw_bsp/system.mss|system_0||

TRACE::2025-12-25.08:10:49::SCWMssOS::Sw design exists and opened at  /home/zhou/Desktop/validation_1/vitis/full_system_v0/zynqmp_fsbl/zynqmp_fsbl_bsp/system.mss
TRACE::2025-12-25.08:10:49::SCWBDomain::Completed writing the mss file at /home/zhou/Desktop/validation_1/vitis/full_system_v0/zynqmp_fsbl/zynqmp_fsbl_bsp
TRACE::2025-12-25.08:10:49::SCWBDomain::bsp generated is stale removing and regenerating. 
TRACE::2025-12-25.08:10:51::SCWBDomain::Updating the makefile used for building the Application zynqmp_fsbl
TRACE::2025-12-25.08:10:51::SCWPlatform::Trying to open the hw design at /home/zhou/Desktop/validation_1/vitis/full_system_v0/hw/new_system_v1_wrapper.xsa
TRACE::2025-12-25.08:10:51::SCWPlatform::DSA given /home/zhou/Desktop/validation_1/vitis/full_system_v0/hw/new_system_v1_wrapper.xsa
TRACE::2025-12-25.08:10:51::SCWPlatform::DSA absoulate path /home/zhou/Desktop/validation_1/vitis/full_system_v0/hw/new_system_v1_wrapper.xsa
TRACE::2025-12-25.08:10:51::SCWPlatform::DSA directory /home/zhou/Desktop/validation_1/vitis/full_system_v0/hw
TRACE::2025-12-25.08:10:51::SCWPlatform:: Platform Path /home/zhou/Desktop/validation_1/vitis/full_system_v0/hw/new_system_v1_wrapper.xsa
TRACE::2025-12-25.08:10:51::SCWPlatform:: Unique name xilinx:::0.0
TRACE::2025-12-25.08:10:51::SCWPlatform::Trying to set the existing hwdb with name gemm_v0_wrapper_0
TRACE::2025-12-25.08:10:51::SCWPlatform::Opened existing hwdb gemm_v0_wrapper_0
TRACE::2025-12-25.08:10:51::SCWPlatform::Found the Hw Db part of the input DSA
TRACE::2025-12-25.08:10:51::SCWMssOS::Checking the sw design at  /home/zhou/Desktop/validation_1/vitis/full_system_v0/zynqmp_fsbl/zynqmp_fsbl_bsp/system.mss
TRACE::2025-12-25.08:10:51::SCWMssOS::DEBUG:  swdes dump  /home/zhou/Desktop/validation_1/vitis/full_system_v0/psu_cortexa53_0/standalone_domain/bsp/system.mss|system_1||
/home/zhou/Desktop/validation_1/vitis/full_system_v0/zynqmp_pmufw/zynqmp_pmufw_bsp/system.mss|system_0||

TRACE::2025-12-25.08:10:51::SCWMssOS::No sw design opened at  /home/zhou/Desktop/validation_1/vitis/full_system_v0/zynqmp_fsbl/zynqmp_fsbl_bsp/system.mss
TRACE::2025-12-25.08:10:51::SCWMssOS::mss exists loading the mss file  /home/zhou/Desktop/validation_1/vitis/full_system_v0/zynqmp_fsbl/zynqmp_fsbl_bsp/system.mss
TRACE::2025-12-25.08:10:51::SCWMssOS::Opened the sw design from mss  /home/zhou/Desktop/validation_1/vitis/full_system_v0/zynqmp_fsbl/zynqmp_fsbl_bsp/system.mss
TRACE::2025-12-25.08:10:51::SCWMssOS::Adding the swdes entry /home/zhou/Desktop/validation_1/vitis/full_system_v0/zynqmp_fsbl/zynqmp_fsbl_bsp/system.mss with des name system
TRACE::2025-12-25.08:10:51::SCWMssOS::updating the scw layer about changes
TRACE::2025-12-25.08:10:51::SCWMssOS::Opened the sw design.  /home/zhou/Desktop/validation_1/vitis/full_system_v0/zynqmp_fsbl/zynqmp_fsbl_bsp/system.mss
TRACE::2025-12-25.08:10:53::SCWBDomain::removing the temporary location in _platform.
TRACE::2025-12-25.08:10:53::SCWBDomain::Makefile is Updated.
TRACE::2025-12-25.08:10:53::SCWBDomain::doing clean.
TRACE::2025-12-25.08:10:53::SCWBDomain::System Command Ran  cd  /home/zhou/Desktop/validation_1/vitis/full_system_v0/zynqmp_fsbl ; bash -c "make  clean" 
TRACE::2025-12-25.08:10:53::SCWBDomain::rm -rf  psu_init.o  xfsbl_authentication.o  xfsbl_board.o  xfsbl_bs.o  xfsbl_csu_dma.o  xfsbl_ddr_init.o  xfsbl_dfu_util.o  xfs
TRACE::2025-12-25.08:10:53::SCWBDomain::bl_handoff.o  xfsbl_hooks.o  xfsbl_image_header.o  xfsbl_initialization.o  xfsbl_main.o  xfsbl_misc.o  xfsbl_misc_drivers.o  xf
TRACE::2025-12-25.08:10:53::SCWBDomain::sbl_nand.o  xfsbl_partition_load.o  xfsbl_plpartition_valid.o  xfsbl_qspi.o  xfsbl_rsa_sha.o  xfsbl_sd.o  xfsbl_tpm.o  xfsbl_tp
TRACE::2025-12-25.08:10:53::SCWBDomain::m_util.o  xfsbl_usb.o  xfsbl_exit.o  xfsbl_translation_table.o zynqmp_fsbl_bsp/psu_cortexa53_0/lib/libxil.a fsbl_a53.elf *.o

TRACE::2025-12-25.08:10:53::SCWBDomain::System Command Ran  cd  /home/zhou/Desktop/validation_1/vitis/full_system_v0/zynqmp_fsbl ; bash -c " make -C zynqmp_fsbl_bsp ; make  " 
TRACE::2025-12-25.08:10:53::SCWBDomain::make: Entering directory '/home/zhou/Desktop/validation_1/vitis/full_system_v0/zynqmp_fsbl/zynqmp_fsbl_bsp'

TRACE::2025-12-25.08:10:53::SCWBDomain::make --no-print-directory seq_libs

TRACE::2025-12-25.08:10:53::SCWBDomain::Running Make include in psu_cortexa53_0/libsrc/avbuf_v2_6/src

TRACE::2025-12-25.08:10:53::SCWBDomain::make -C psu_cortexa53_0/libsrc/avbuf_v2_6/src -s include  "SHELL=/bin/sh" "COMPILER=aarch64-none-elf-gcc" "ASSEMBLER=aarch64-no
TRACE::2025-12-25.08:10:53::SCWBDomain::ne-elf-as" "ARCHIVER=aarch64-none-elf-ar" "COMPILER_FLAGS=  -c" "EXTRA_COMPILER_FLAGS=-g -Wall -Wextra -fno-tree-loop-distribut
TRACE::2025-12-25.08:10:53::SCWBDomain::e-patterns -Os -flto -ffat-lto-objects"

TRACE::2025-12-25.08:10:53::SCWBDomain::Running Make include in psu_cortexa53_0/libsrc/axipmon_v6_11/src

TRACE::2025-12-25.08:10:53::SCWBDomain::make -C psu_cortexa53_0/libsrc/axipmon_v6_11/src -s include  "SHELL=/bin/sh" "COMPILER=aarch64-none-elf-gcc" "ASSEMBLER=aarch64
TRACE::2025-12-25.08:10:53::SCWBDomain::-none-elf-as" "ARCHIVER=aarch64-none-elf-ar" "COMPILER_FLAGS=  -c" "EXTRA_COMPILER_FLAGS=-g -Wall -Wextra -fno-tree-loop-distri
TRACE::2025-12-25.08:10:53::SCWBDomain::bute-patterns -Os -flto -ffat-lto-objects"

TRACE::2025-12-25.08:10:53::SCWBDomain::Running Make include in psu_cortexa53_0/libsrc/bram_v4_11/src

TRACE::2025-12-25.08:10:53::SCWBDomain::make -C psu_cortexa53_0/libsrc/bram_v4_11/src -s include  "SHELL=/bin/sh" "COMPILER=aarch64-none-elf-gcc" "ASSEMBLER=aarch64-no
TRACE::2025-12-25.08:10:53::SCWBDomain::ne-elf-as" "ARCHIVER=aarch64-none-elf-ar" "COMPILER_FLAGS=  -c" "EXTRA_COMPILER_FLAGS=-g -Wall -Wextra -fno-tree-loop-distribut
TRACE::2025-12-25.08:10:53::SCWBDomain::e-patterns -Os -flto -ffat-lto-objects"

TRACE::2025-12-25.08:10:53::SCWBDomain::Running Make include in psu_cortexa53_0/libsrc/clockps_v1_6/src

TRACE::2025-12-25.08:10:53::SCWBDomain::make -C psu_cortexa53_0/libsrc/clockps_v1_6/src -s include  "SHELL=/bin/sh" "COMPILER=aarch64-none-elf-gcc" "ASSEMBLER=aarch64-
TRACE::2025-12-25.08:10:53::SCWBDomain::none-elf-as" "ARCHIVER=aarch64-none-elf-ar" "COMPILER_FLAGS=  -c" "EXTRA_COMPILER_FLAGS=-g -Wall -Wextra -fno-tree-loop-distrib
TRACE::2025-12-25.08:10:53::SCWBDomain::ute-patterns -Os -flto -ffat-lto-objects"

TRACE::2025-12-25.08:10:53::SCWBDomain::Running Make include in psu_cortexa53_0/libsrc/coresightps_dcc_v1_11/src

TRACE::2025-12-25.08:10:53::SCWBDomain::make -C psu_cortexa53_0/libsrc/coresightps_dcc_v1_11/src -s include  "SHELL=/bin/sh" "COMPILER=aarch64-none-elf-gcc" "ASSEMBLER
TRACE::2025-12-25.08:10:53::SCWBDomain::=aarch64-none-elf-as" "ARCHIVER=aarch64-none-elf-ar" "COMPILER_FLAGS=  -c" "EXTRA_COMPILER_FLAGS=-g -Wall -Wextra -fno-tree-loo
TRACE::2025-12-25.08:10:53::SCWBDomain::p-distribute-patterns -Os -flto -ffat-lto-objects"

TRACE::2025-12-25.08:10:53::SCWBDomain::Running Make include in psu_cortexa53_0/libsrc/cpu_cortexa53_v2_1/src

TRACE::2025-12-25.08:10:53::SCWBDomain::make -C psu_cortexa53_0/libsrc/cpu_cortexa53_v2_1/src -s include  "SHELL=/bin/sh" "COMPILER=aarch64-none-elf-gcc" "ASSEMBLER=aa
TRACE::2025-12-25.08:10:53::SCWBDomain::rch64-none-elf-as" "ARCHIVER=aarch64-none-elf-ar" "COMPILER_FLAGS=  -c" "EXTRA_COMPILER_FLAGS=-g -Wall -Wextra -fno-tree-loop-d
TRACE::2025-12-25.08:10:53::SCWBDomain::istribute-patterns -Os -flto -ffat-lto-objects"

TRACE::2025-12-25.08:10:53::SCWBDomain::Running Make include in psu_cortexa53_0/libsrc/csudma_v1_16/src

TRACE::2025-12-25.08:10:53::SCWBDomain::make -C psu_cortexa53_0/libsrc/csudma_v1_16/src -s include  "SHELL=/bin/sh" "COMPILER=aarch64-none-elf-gcc" "ASSEMBLER=aarch64-
TRACE::2025-12-25.08:10:53::SCWBDomain::none-elf-as" "ARCHIVER=aarch64-none-elf-ar" "COMPILER_FLAGS=  -c" "EXTRA_COMPILER_FLAGS=-g -Wall -Wextra -fno-tree-loop-distrib
TRACE::2025-12-25.08:10:53::SCWBDomain::ute-patterns -Os -flto -ffat-lto-objects"

TRACE::2025-12-25.08:10:53::SCWBDomain::Running Make include in psu_cortexa53_0/libsrc/data_mover_v1_0/src

TRACE::2025-12-25.08:10:53::SCWBDomain::make -C psu_cortexa53_0/libsrc/data_mover_v1_0/src -s include  "SHELL=/bin/sh" "COMPILER=aarch64-none-elf-gcc" "ASSEMBLER=aarch
TRACE::2025-12-25.08:10:53::SCWBDomain::64-none-elf-as" "ARCHIVER=aarch64-none-elf-ar" "COMPILER_FLAGS=  -c" "EXTRA_COMPILER_FLAGS=-g -Wall -Wextra -fno-tree-loop-dist
TRACE::2025-12-25.08:10:53::SCWBDomain::ribute-patterns -Os -flto -ffat-lto-objects"

TRACE::2025-12-25.08:10:53::SCWBDomain::Running Make include in psu_cortexa53_0/libsrc/ddrcpsu_v1_7/src

TRACE::2025-12-25.08:10:53::SCWBDomain::make -C psu_cortexa53_0/libsrc/ddrcpsu_v1_7/src -s include  "SHELL=/bin/sh" "COMPILER=aarch64-none-elf-gcc" "ASSEMBLER=aarch64-
TRACE::2025-12-25.08:10:53::SCWBDomain::none-elf-as" "ARCHIVER=aarch64-none-elf-ar" "COMPILER_FLAGS=  -c" "EXTRA_COMPILER_FLAGS=-g -Wall -Wextra -fno-tree-loop-distrib
TRACE::2025-12-25.08:10:53::SCWBDomain::ute-patterns -Os -flto -ffat-lto-objects"

TRACE::2025-12-25.08:10:53::SCWBDomain::Running Make include in psu_cortexa53_0/libsrc/dpdma_v1_6/src

TRACE::2025-12-25.08:10:53::SCWBDomain::make -C psu_cortexa53_0/libsrc/dpdma_v1_6/src -s include  "SHELL=/bin/sh" "COMPILER=aarch64-none-elf-gcc" "ASSEMBLER=aarch64-no
TRACE::2025-12-25.08:10:53::SCWBDomain::ne-elf-as" "ARCHIVER=aarch64-none-elf-ar" "COMPILER_FLAGS=  -c" "EXTRA_COMPILER_FLAGS=-g -Wall -Wextra -fno-tree-loop-distribut
TRACE::2025-12-25.08:10:53::SCWBDomain::e-patterns -Os -flto -ffat-lto-objects"

TRACE::2025-12-25.08:10:53::SCWBDomain::Running Make include in psu_cortexa53_0/libsrc/dppsu_v1_7/src

TRACE::2025-12-25.08:10:53::SCWBDomain::make -C psu_cortexa53_0/libsrc/dppsu_v1_7/src -s include  "SHELL=/bin/sh" "COMPILER=aarch64-none-elf-gcc" "ASSEMBLER=aarch64-no
TRACE::2025-12-25.08:10:53::SCWBDomain::ne-elf-as" "ARCHIVER=aarch64-none-elf-ar" "COMPILER_FLAGS=  -c" "EXTRA_COMPILER_FLAGS=-g -Wall -Wextra -fno-tree-loop-distribut
TRACE::2025-12-25.08:10:53::SCWBDomain::e-patterns -Os -flto -ffat-lto-objects"

TRACE::2025-12-25.08:10:53::SCWBDomain::Running Make include in psu_cortexa53_0/libsrc/emacps_v3_21/src

TRACE::2025-12-25.08:10:53::SCWBDomain::make -C psu_cortexa53_0/libsrc/emacps_v3_21/src -s include  "SHELL=/bin/sh" "COMPILER=aarch64-none-elf-gcc" "ASSEMBLER=aarch64-
TRACE::2025-12-25.08:10:53::SCWBDomain::none-elf-as" "ARCHIVER=aarch64-none-elf-ar" "COMPILER_FLAGS=  -c" "EXTRA_COMPILER_FLAGS=-g -Wall -Wextra -fno-tree-loop-distrib
TRACE::2025-12-25.08:10:53::SCWBDomain::ute-patterns -Os -flto -ffat-lto-objects"

TRACE::2025-12-25.08:10:53::SCWBDomain::Running Make include in psu_cortexa53_0/libsrc/gpiops_v3_13/src

TRACE::2025-12-25.08:10:53::SCWBDomain::make -C psu_cortexa53_0/libsrc/gpiops_v3_13/src -s include  "SHELL=/bin/sh" "COMPILER=aarch64-none-elf-gcc" "ASSEMBLER=aarch64-
TRACE::2025-12-25.08:10:53::SCWBDomain::none-elf-as" "ARCHIVER=aarch64-none-elf-ar" "COMPILER_FLAGS=  -c" "EXTRA_COMPILER_FLAGS=-g -Wall -Wextra -fno-tree-loop-distrib
TRACE::2025-12-25.08:10:53::SCWBDomain::ute-patterns -Os -flto -ffat-lto-objects"

TRACE::2025-12-25.08:10:53::SCWBDomain::Running Make include in psu_cortexa53_0/libsrc/iicps_v3_20/src

TRACE::2025-12-25.08:10:53::SCWBDomain::make -C psu_cortexa53_0/libsrc/iicps_v3_20/src -s include  "SHELL=/bin/sh" "COMPILER=aarch64-none-elf-gcc" "ASSEMBLER=aarch64-n
TRACE::2025-12-25.08:10:53::SCWBDomain::one-elf-as" "ARCHIVER=aarch64-none-elf-ar" "COMPILER_FLAGS=  -c" "EXTRA_COMPILER_FLAGS=-g -Wall -Wextra -fno-tree-loop-distribu
TRACE::2025-12-25.08:10:53::SCWBDomain::te-patterns -Os -flto -ffat-lto-objects"

TRACE::2025-12-25.08:10:53::SCWBDomain::Running Make include in psu_cortexa53_0/libsrc/ipipsu_v2_16/src

TRACE::2025-12-25.08:10:53::SCWBDomain::make -C psu_cortexa53_0/libsrc/ipipsu_v2_16/src -s include  "SHELL=/bin/sh" "COMPILER=aarch64-none-elf-gcc" "ASSEMBLER=aarch64-
TRACE::2025-12-25.08:10:53::SCWBDomain::none-elf-as" "ARCHIVER=aarch64-none-elf-ar" "COMPILER_FLAGS=  -c" "EXTRA_COMPILER_FLAGS=-g -Wall -Wextra -fno-tree-loop-distrib
TRACE::2025-12-25.08:10:53::SCWBDomain::ute-patterns -Os -flto -ffat-lto-objects"

TRACE::2025-12-25.08:10:53::SCWBDomain::Running Make include in psu_cortexa53_0/libsrc/pciepsu_v2_0/src

TRACE::2025-12-25.08:10:53::SCWBDomain::make -C psu_cortexa53_0/libsrc/pciepsu_v2_0/src -s include  "SHELL=/bin/sh" "COMPILER=aarch64-none-elf-gcc" "ASSEMBLER=aarch64-
TRACE::2025-12-25.08:10:53::SCWBDomain::none-elf-as" "ARCHIVER=aarch64-none-elf-ar" "COMPILER_FLAGS=  -c" "EXTRA_COMPILER_FLAGS=-g -Wall -Wextra -fno-tree-loop-distrib
TRACE::2025-12-25.08:10:53::SCWBDomain::ute-patterns -Os -flto -ffat-lto-objects"

TRACE::2025-12-25.08:10:53::SCWBDomain::Running Make include in psu_cortexa53_0/libsrc/qspipsu_v1_20/src

TRACE::2025-12-25.08:10:53::SCWBDomain::make -C psu_cortexa53_0/libsrc/qspipsu_v1_20/src -s include  "SHELL=/bin/sh" "COMPILER=aarch64-none-elf-gcc" "ASSEMBLER=aarch64
TRACE::2025-12-25.08:10:53::SCWBDomain::-none-elf-as" "ARCHIVER=aarch64-none-elf-ar" "COMPILER_FLAGS=  -c" "EXTRA_COMPILER_FLAGS=-g -Wall -Wextra -fno-tree-loop-distri
TRACE::2025-12-25.08:10:53::SCWBDomain::bute-patterns -Os -flto -ffat-lto-objects"

TRACE::2025-12-25.08:10:53::SCWBDomain::Running Make include in psu_cortexa53_0/libsrc/resetps_v1_7/src

TRACE::2025-12-25.08:10:53::SCWBDomain::make -C psu_cortexa53_0/libsrc/resetps_v1_7/src -s include  "SHELL=/bin/sh" "COMPILER=aarch64-none-elf-gcc" "ASSEMBLER=aarch64-
TRACE::2025-12-25.08:10:53::SCWBDomain::none-elf-as" "ARCHIVER=aarch64-none-elf-ar" "COMPILER_FLAGS=  -c" "EXTRA_COMPILER_FLAGS=-g -Wall -Wextra -fno-tree-loop-distrib
TRACE::2025-12-25.08:10:53::SCWBDomain::ute-patterns -Os -flto -ffat-lto-objects"

TRACE::2025-12-25.08:10:53::SCWBDomain::Running Make include in psu_cortexa53_0/libsrc/rtcpsu_v1_14/src

TRACE::2025-12-25.08:10:53::SCWBDomain::make -C psu_cortexa53_0/libsrc/rtcpsu_v1_14/src -s include  "SHELL=/bin/sh" "COMPILER=aarch64-none-elf-gcc" "ASSEMBLER=aarch64-
TRACE::2025-12-25.08:10:53::SCWBDomain::none-elf-as" "ARCHIVER=aarch64-none-elf-ar" "COMPILER_FLAGS=  -c" "EXTRA_COMPILER_FLAGS=-g -Wall -Wextra -fno-tree-loop-distrib
TRACE::2025-12-25.08:10:53::SCWBDomain::ute-patterns -Os -flto -ffat-lto-objects"

TRACE::2025-12-25.08:10:53::SCWBDomain::Running Make include in psu_cortexa53_0/libsrc/scugic_v5_4/src

TRACE::2025-12-25.08:10:53::SCWBDomain::make -C psu_cortexa53_0/libsrc/scugic_v5_4/src -s include  "SHELL=/bin/sh" "COMPILER=aarch64-none-elf-gcc" "ASSEMBLER=aarch64-n
TRACE::2025-12-25.08:10:53::SCWBDomain::one-elf-as" "ARCHIVER=aarch64-none-elf-ar" "COMPILER_FLAGS=  -c" "EXTRA_COMPILER_FLAGS=-g -Wall -Wextra -fno-tree-loop-distribu
TRACE::2025-12-25.08:10:53::SCWBDomain::te-patterns -Os -flto -ffat-lto-objects"

TRACE::2025-12-25.08:10:53::SCWBDomain::Running Make include in psu_cortexa53_0/libsrc/sdps_v4_4/src

TRACE::2025-12-25.08:10:53::SCWBDomain::make -C psu_cortexa53_0/libsrc/sdps_v4_4/src -s include  "SHELL=/bin/sh" "COMPILER=aarch64-none-elf-gcc" "ASSEMBLER=aarch64-non
TRACE::2025-12-25.08:10:53::SCWBDomain::e-elf-as" "ARCHIVER=aarch64-none-elf-ar" "COMPILER_FLAGS=  -c" "EXTRA_COMPILER_FLAGS=-g -Wall -Wextra -fno-tree-loop-distribute
TRACE::2025-12-25.08:10:53::SCWBDomain::-patterns -Os -flto -ffat-lto-objects"

TRACE::2025-12-25.08:10:53::SCWBDomain::Running Make include in psu_cortexa53_0/libsrc/standalone_v9_2/src

TRACE::2025-12-25.08:10:53::SCWBDomain::make -C psu_cortexa53_0/libsrc/standalone_v9_2/src -s include  "SHELL=/bin/sh" "COMPILER=aarch64-none-elf-gcc" "ASSEMBLER=aarch
TRACE::2025-12-25.08:10:53::SCWBDomain::64-none-elf-as" "ARCHIVER=aarch64-none-elf-ar" "COMPILER_FLAGS=  -c" "EXTRA_COMPILER_FLAGS=-g -Wall -Wextra -fno-tree-loop-dist
TRACE::2025-12-25.08:10:53::SCWBDomain::ribute-patterns -Os -flto -ffat-lto-objects"

TRACE::2025-12-25.08:10:53::SCWBDomain::Running Make include in psu_cortexa53_0/libsrc/sysmonpsu_v3_0/src

TRACE::2025-12-25.08:10:53::SCWBDomain::make -C psu_cortexa53_0/libsrc/sysmonpsu_v3_0/src -s include  "SHELL=/bin/sh" "COMPILER=aarch64-none-elf-gcc" "ASSEMBLER=aarch6
TRACE::2025-12-25.08:10:53::SCWBDomain::4-none-elf-as" "ARCHIVER=aarch64-none-elf-ar" "COMPILER_FLAGS=  -c" "EXTRA_COMPILER_FLAGS=-g -Wall -Wextra -fno-tree-loop-distr
TRACE::2025-12-25.08:10:53::SCWBDomain::ibute-patterns -Os -flto -ffat-lto-objects"

TRACE::2025-12-25.08:10:53::SCWBDomain::Running Make include in psu_cortexa53_0/libsrc/ttcps_v3_20/src

TRACE::2025-12-25.08:10:53::SCWBDomain::make -C psu_cortexa53_0/libsrc/ttcps_v3_20/src -s include  "SHELL=/bin/sh" "COMPILER=aarch64-none-elf-gcc" "ASSEMBLER=aarch64-n
TRACE::2025-12-25.08:10:53::SCWBDomain::one-elf-as" "ARCHIVER=aarch64-none-elf-ar" "COMPILER_FLAGS=  -c" "EXTRA_COMPILER_FLAGS=-g -Wall -Wextra -fno-tree-loop-distribu
TRACE::2025-12-25.08:10:53::SCWBDomain::te-patterns -Os -flto -ffat-lto-objects"

TRACE::2025-12-25.08:10:53::SCWBDomain::Running Make include in psu_cortexa53_0/libsrc/uartps_v3_15/src

TRACE::2025-12-25.08:10:53::SCWBDomain::make -C psu_cortexa53_0/libsrc/uartps_v3_15/src -s include  "SHELL=/bin/sh" "COMPILER=aarch64-none-elf-gcc" "ASSEMBLER=aarch64-
TRACE::2025-12-25.08:10:53::SCWBDomain::none-elf-as" "ARCHIVER=aarch64-none-elf-ar" "COMPILER_FLAGS=  -c" "EXTRA_COMPILER_FLAGS=-g -Wall -Wextra -fno-tree-loop-distrib
TRACE::2025-12-25.08:10:53::SCWBDomain::ute-patterns -Os -flto -ffat-lto-objects"

TRACE::2025-12-25.08:10:53::SCWBDomain::Running Make include in psu_cortexa53_0/libsrc/usbpsu_v1_16/src

TRACE::2025-12-25.08:10:53::SCWBDomain::make -C psu_cortexa53_0/libsrc/usbpsu_v1_16/src -s include  "SHELL=/bin/sh" "COMPILER=aarch64-none-elf-gcc" "ASSEMBLER=aarch64-
TRACE::2025-12-25.08:10:53::SCWBDomain::none-elf-as" "ARCHIVER=aarch64-none-elf-ar" "COMPILER_FLAGS=  -c" "EXTRA_COMPILER_FLAGS=-g -Wall -Wextra -fno-tree-loop-distrib
TRACE::2025-12-25.08:10:53::SCWBDomain::ute-patterns -Os -flto -ffat-lto-objects"

TRACE::2025-12-25.08:10:53::SCWBDomain::Running Make include in psu_cortexa53_0/libsrc/video_common_v4_16/src

TRACE::2025-12-25.08:10:53::SCWBDomain::make -C psu_cortexa53_0/libsrc/video_common_v4_16/src -s include  "SHELL=/bin/sh" "COMPILER=aarch64-none-elf-gcc" "ASSEMBLER=aa
TRACE::2025-12-25.08:10:53::SCWBDomain::rch64-none-elf-as" "ARCHIVER=aarch64-none-elf-ar" "COMPILER_FLAGS=  -c" "EXTRA_COMPILER_FLAGS=-g -Wall -Wextra -fno-tree-loop-d
TRACE::2025-12-25.08:10:53::SCWBDomain::istribute-patterns -Os -flto -ffat-lto-objects"

TRACE::2025-12-25.08:10:53::SCWBDomain::Running Make include in psu_cortexa53_0/libsrc/xilffs_v5_3/src

TRACE::2025-12-25.08:10:53::SCWBDomain::make -C psu_cortexa53_0/libsrc/xilffs_v5_3/src -s include  "SHELL=/bin/sh" "COMPILER=aarch64-none-elf-gcc" "ASSEMBLER=aarch64-n
TRACE::2025-12-25.08:10:53::SCWBDomain::one-elf-as" "ARCHIVER=aarch64-none-elf-ar" "COMPILER_FLAGS=  -c" "EXTRA_COMPILER_FLAGS=-g -Wall -Wextra -fno-tree-loop-distribu
TRACE::2025-12-25.08:10:53::SCWBDomain::te-patterns -Os -flto -ffat-lto-objects"

TRACE::2025-12-25.08:10:53::SCWBDomain::Running Make include in psu_cortexa53_0/libsrc/xilpm_v5_3/src

TRACE::2025-12-25.08:10:53::SCWBDomain::make -C psu_cortexa53_0/libsrc/xilpm_v5_3/src -s include  "SHELL=/bin/sh" "COMPILER=aarch64-none-elf-gcc" "ASSEMBLER=aarch64-no
TRACE::2025-12-25.08:10:53::SCWBDomain::ne-elf-as" "ARCHIVER=aarch64-none-elf-ar" "COMPILER_FLAGS=  -c" "EXTRA_COMPILER_FLAGS=-g -Wall -Wextra -fno-tree-loop-distribut
TRACE::2025-12-25.08:10:53::SCWBDomain::e-patterns -Os -flto -ffat-lto-objects"

TRACE::2025-12-25.08:10:53::SCWBDomain::Include files for this library have already been copied.

TRACE::2025-12-25.08:10:53::SCWBDomain::Running Make include in psu_cortexa53_0/libsrc/xilsecure_v5_4/src

TRACE::2025-12-25.08:10:53::SCWBDomain::make -C psu_cortexa53_0/libsrc/xilsecure_v5_4/src -s include  "SHELL=/bin/sh" "COMPILER=aarch64-none-elf-gcc" "ASSEMBLER=aarch6
TRACE::2025-12-25.08:10:53::SCWBDomain::4-none-elf-as" "ARCHIVER=aarch64-none-elf-ar" "COMPILER_FLAGS=  -c" "EXTRA_COMPILER_FLAGS=-g -Wall -Wextra -fno-tree-loop-distr
TRACE::2025-12-25.08:10:53::SCWBDomain::ibute-patterns -Os -flto -ffat-lto-objects"

TRACE::2025-12-25.08:10:53::SCWBDomain::Running Make include in psu_cortexa53_0/libsrc/zdma_v1_19/src

TRACE::2025-12-25.08:10:53::SCWBDomain::make -C psu_cortexa53_0/libsrc/zdma_v1_19/src -s include  "SHELL=/bin/sh" "COMPILER=aarch64-none-elf-gcc" "ASSEMBLER=aarch64-no
TRACE::2025-12-25.08:10:53::SCWBDomain::ne-elf-as" "ARCHIVER=aarch64-none-elf-ar" "COMPILER_FLAGS=  -c" "EXTRA_COMPILER_FLAGS=-g -Wall -Wextra -fno-tree-loop-distribut
TRACE::2025-12-25.08:10:53::SCWBDomain::e-patterns -Os -flto -ffat-lto-objects"

TRACE::2025-12-25.08:10:53::SCWBDomain::Running Make libs in psu_cortexa53_0/libsrc/dpdma_v1_6/src

TRACE::2025-12-25.08:10:53::SCWBDomain::make -C psu_cortexa53_0/libsrc/dpdma_v1_6/src -s libs  "SHELL=/bin/sh" "COMPILER=aarch64-none-elf-gcc" "ASSEMBLER=aarch64-none-
TRACE::2025-12-25.08:10:53::SCWBDomain::elf-as" "ARCHIVER=aarch64-none-elf-ar" "COMPILER_FLAGS=  -c" "EXTRA_COMPILER_FLAGS=-g -Wall -Wextra -fno-tree-loop-distribute-p
TRACE::2025-12-25.08:10:53::SCWBDomain::atterns -Os -flto -ffat-lto-objects"

TRACE::2025-12-25.08:10:53::SCWBDomain::Compiling dpdma

TRACE::2025-12-25.08:10:53::SCWBDomain::Running Make libs in psu_cortexa53_0/libsrc/avbuf_v2_6/src

TRACE::2025-12-25.08:10:53::SCWBDomain::make -C psu_cortexa53_0/libsrc/avbuf_v2_6/src -s libs  "SHELL=/bin/sh" "COMPILER=aarch64-none-elf-gcc" "ASSEMBLER=aarch64-none-
TRACE::2025-12-25.08:10:53::SCWBDomain::elf-as" "ARCHIVER=aarch64-none-elf-ar" "COMPILER_FLAGS=  -c" "EXTRA_COMPILER_FLAGS=-g -Wall -Wextra -fno-tree-loop-distribute-p
TRACE::2025-12-25.08:10:53::SCWBDomain::atterns -Os -flto -ffat-lto-objects"

TRACE::2025-12-25.08:10:53::SCWBDomain::Compiling avbuf

TRACE::2025-12-25.08:10:54::SCWBDomain::Running Make libs in psu_cortexa53_0/libsrc/data_mover_v1_0/src

TRACE::2025-12-25.08:10:54::SCWBDomain::make -C psu_cortexa53_0/libsrc/data_mover_v1_0/src -s libs  "SHELL=/bin/sh" "COMPILER=aarch64-none-elf-gcc" "ASSEMBLER=aarch64-
TRACE::2025-12-25.08:10:54::SCWBDomain::none-elf-as" "ARCHIVER=aarch64-none-elf-ar" "COMPILER_FLAGS=  -c" "EXTRA_COMPILER_FLAGS=-g -Wall -Wextra -fno-tree-loop-distrib
TRACE::2025-12-25.08:10:54::SCWBDomain::ute-patterns -Os -flto -ffat-lto-objects"

TRACE::2025-12-25.08:10:54::SCWBDomain::Building data_mover

TRACE::2025-12-25.08:10:54::SCWBDomain::Running Make libs in psu_cortexa53_0/libsrc/xilsecure_v5_4/src

TRACE::2025-12-25.08:10:54::SCWBDomain::make -C psu_cortexa53_0/libsrc/xilsecure_v5_4/src -s libs  "SHELL=/bin/sh" "COMPILER=aarch64-none-elf-gcc" "ASSEMBLER=aarch64-n
TRACE::2025-12-25.08:10:54::SCWBDomain::one-elf-as" "ARCHIVER=aarch64-none-elf-ar" "COMPILER_FLAGS=  -c" "EXTRA_COMPILER_FLAGS=-g -Wall -Wextra -fno-tree-loop-distribu
TRACE::2025-12-25.08:10:54::SCWBDomain::te-patterns -Os -flto -ffat-lto-objects"

TRACE::2025-12-25.08:10:54::SCWBDomain::Compiling XilSecure Library

TRACE::2025-12-25.08:10:55::SCWBDomain::Running Make libs in psu_cortexa53_0/libsrc/dppsu_v1_7/src

TRACE::2025-12-25.08:10:55::SCWBDomain::make -C psu_cortexa53_0/libsrc/dppsu_v1_7/src -s libs  "SHELL=/bin/sh" "COMPILER=aarch64-none-elf-gcc" "ASSEMBLER=aarch64-none-
TRACE::2025-12-25.08:10:55::SCWBDomain::elf-as" "ARCHIVER=aarch64-none-elf-ar" "COMPILER_FLAGS=  -c" "EXTRA_COMPILER_FLAGS=-g -Wall -Wextra -fno-tree-loop-distribute-p
TRACE::2025-12-25.08:10:55::SCWBDomain::atterns -Os -flto -ffat-lto-objects"

TRACE::2025-12-25.08:10:55::SCWBDomain::Compiling dppsu

TRACE::2025-12-25.08:10:56::SCWBDomain::Running Make libs in psu_cortexa53_0/libsrc/xilpm_v5_3/src

TRACE::2025-12-25.08:10:56::SCWBDomain::make -C psu_cortexa53_0/libsrc/xilpm_v5_3/src -s libs  "SHELL=/bin/sh" "COMPILER=aarch64-none-elf-gcc" "ASSEMBLER=aarch64-none-
TRACE::2025-12-25.08:10:56::SCWBDomain::elf-as" "ARCHIVER=aarch64-none-elf-ar" "COMPILER_FLAGS=  -c" "EXTRA_COMPILER_FLAGS=-g -Wall -Wextra -fno-tree-loop-distribute-p
TRACE::2025-12-25.08:10:56::SCWBDomain::atterns -Os -flto -ffat-lto-objects"

TRACE::2025-12-25.08:10:56::SCWBDomain::Compiling xilpm library

TRACE::2025-12-25.08:10:56::SCWBDomain::Finished building libraries sequentially.

TRACE::2025-12-25.08:10:56::SCWBDomain::make -j 22 --no-print-directory par_libs

TRACE::2025-12-25.08:10:56::SCWBDomain::Running Make include in psu_cortexa53_0/libsrc/avbuf_v2_6/src

TRACE::2025-12-25.08:10:56::SCWBDomain::Running Make include in psu_cortexa53_0/libsrc/axipmon_v6_11/src

TRACE::2025-12-25.08:10:56::SCWBDomain::make -C psu_cortexa53_0/libsrc/avbuf_v2_6/src -s include  "SHELL=/bin/sh" "COMPILER=aarch64-none-elf-gcc" "ASSEMBLER=aarch64-no
TRACE::2025-12-25.08:10:56::SCWBDomain::ne-elf-as" "ARCHIVER=aarch64-none-elf-ar" "COMPILER_FLAGS=  -c" "EXTRA_COMPILER_FLAGS=-g -Wall -Wextra -fno-tree-loop-distribut
TRACE::2025-12-25.08:10:56::SCWBDomain::e-patterns -Os -flto -ffat-lto-objects"

TRACE::2025-12-25.08:10:56::SCWBDomain::make -C psu_cortexa53_0/libsrc/axipmon_v6_11/src -s include  "SHELL=/bin/sh" "COMPILER=aarch64-none-elf-gcc" "ASSEMBLER=aarch64
TRACE::2025-12-25.08:10:56::SCWBDomain::-none-elf-as" "ARCHIVER=aarch64-none-elf-ar" "COMPILER_FLAGS=  -c" "EXTRA_COMPILER_FLAGS=-g -Wall -Wextra -fno-tree-loop-distri
TRACE::2025-12-25.08:10:56::SCWBDomain::bute-patterns -Os -flto -ffat-lto-objects"

TRACE::2025-12-25.08:10:56::SCWBDomain::Running Make include in psu_cortexa53_0/libsrc/bram_v4_11/src

TRACE::2025-12-25.08:10:56::SCWBDomain::make -C psu_cortexa53_0/libsrc/bram_v4_11/src -s include  "SHELL=/bin/sh" "COMPILER=aarch64-none-elf-gcc" "ASSEMBLER=aarch64-no
TRACE::2025-12-25.08:10:56::SCWBDomain::ne-elf-as" "ARCHIVER=aarch64-none-elf-ar" "COMPILER_FLAGS=  -c" "EXTRA_COMPILER_FLAGS=-g -Wall -Wextra -fno-tree-loop-distribut
TRACE::2025-12-25.08:10:56::SCWBDomain::e-patterns -Os -flto -ffat-lto-objects"

TRACE::2025-12-25.08:10:56::SCWBDomain::Running Make include in psu_cortexa53_0/libsrc/clockps_v1_6/src

TRACE::2025-12-25.08:10:56::SCWBDomain::Running Make include in psu_cortexa53_0/libsrc/coresightps_dcc_v1_11/src

TRACE::2025-12-25.08:10:56::SCWBDomain::make -C psu_cortexa53_0/libsrc/clockps_v1_6/src -s include  "SHELL=/bin/sh" "COMPILER=aarch64-none-elf-gcc" "ASSEMBLER=aarch64-
TRACE::2025-12-25.08:10:56::SCWBDomain::none-elf-as" "ARCHIVER=aarch64-none-elf-ar" "COMPILER_FLAGS=  -c" "EXTRA_COMPILER_FLAGS=-g -Wall -Wextra -fno-tree-loop-distrib
TRACE::2025-12-25.08:10:56::SCWBDomain::ute-patterns -Os -flto -ffat-lto-objects"

TRACE::2025-12-25.08:10:56::SCWBDomain::make -C psu_cortexa53_0/libsrc/coresightps_dcc_v1_11/src -s include  "SHELL=/bin/sh" "COMPILER=aarch64-none-elf-gcc" "ASSEMBLER
TRACE::2025-12-25.08:10:56::SCWBDomain::=aarch64-none-elf-as" "ARCHIVER=aarch64-none-elf-ar" "COMPILER_FLAGS=  -c" "EXTRA_COMPILER_FLAGS=-g -Wall -Wextra -fno-tree-loo
TRACE::2025-12-25.08:10:56::SCWBDomain::p-distribute-patterns -Os -flto -ffat-lto-objects"

TRACE::2025-12-25.08:10:56::SCWBDomain::Running Make include in psu_cortexa53_0/libsrc/cpu_cortexa53_v2_1/src

TRACE::2025-12-25.08:10:56::SCWBDomain::make -C psu_cortexa53_0/libsrc/cpu_cortexa53_v2_1/src -s include  "SHELL=/bin/sh" "COMPILER=aarch64-none-elf-gcc" "ASSEMBLER=aa
TRACE::2025-12-25.08:10:56::SCWBDomain::rch64-none-elf-as" "ARCHIVER=aarch64-none-elf-ar" "COMPILER_FLAGS=  -c" "EXTRA_COMPILER_FLAGS=-g -Wall -Wextra -fno-tree-loop-d
TRACE::2025-12-25.08:10:56::SCWBDomain::istribute-patterns -Os -flto -ffat-lto-objects"

TRACE::2025-12-25.08:10:56::SCWBDomain::Running Make include in psu_cortexa53_0/libsrc/csudma_v1_16/src

TRACE::2025-12-25.08:10:56::SCWBDomain::make -C psu_cortexa53_0/libsrc/csudma_v1_16/src -s include  "SHELL=/bin/sh" "COMPILER=aarch64-none-elf-gcc" "ASSEMBLER=aarch64-
TRACE::2025-12-25.08:10:56::SCWBDomain::none-elf-as" "ARCHIVER=aarch64-none-elf-ar" "COMPILER_FLAGS=  -c" "EXTRA_COMPILER_FLAGS=-g -Wall -Wextra -fno-tree-loop-distrib
TRACE::2025-12-25.08:10:56::SCWBDomain::ute-patterns -Os -flto -ffat-lto-objects"

TRACE::2025-12-25.08:10:56::SCWBDomain::Running Make include in psu_cortexa53_0/libsrc/data_mover_v1_0/src

TRACE::2025-12-25.08:10:56::SCWBDomain::Running Make include in psu_cortexa53_0/libsrc/ddrcpsu_v1_7/src

TRACE::2025-12-25.08:10:56::SCWBDomain::make -C psu_cortexa53_0/libsrc/data_mover_v1_0/src -s include  "SHELL=/bin/sh" "COMPILER=aarch64-none-elf-gcc" "ASSEMBLER=aarch
TRACE::2025-12-25.08:10:56::SCWBDomain::64-none-elf-as" "ARCHIVER=aarch64-none-elf-ar" "COMPILER_FLAGS=  -c" "EXTRA_COMPILER_FLAGS=-g -Wall -Wextra -fno-tree-loop-dist
TRACE::2025-12-25.08:10:56::SCWBDomain::ribute-patterns -Os -flto -ffat-lto-objects"

TRACE::2025-12-25.08:10:56::SCWBDomain::Running Make include in psu_cortexa53_0/libsrc/dpdma_v1_6/src

TRACE::2025-12-25.08:10:56::SCWBDomain::make -C psu_cortexa53_0/libsrc/ddrcpsu_v1_7/src -s include  "SHELL=/bin/sh" "COMPILER=aarch64-none-elf-gcc" "ASSEMBLER=aarch64-
TRACE::2025-12-25.08:10:56::SCWBDomain::none-elf-as" "ARCHIVER=aarch64-none-elf-ar" "COMPILER_FLAGS=  -c" "EXTRA_COMPILER_FLAGS=-g -Wall -Wextra -fno-tree-loop-distrib
TRACE::2025-12-25.08:10:56::SCWBDomain::ute-patterns -Os -flto -ffat-lto-objects"

TRACE::2025-12-25.08:10:56::SCWBDomain::Running Make include in psu_cortexa53_0/libsrc/dppsu_v1_7/src

TRACE::2025-12-25.08:10:56::SCWBDomain::make -C psu_cortexa53_0/libsrc/dpdma_v1_6/src -s include  "SHELL=/bin/sh" "COMPILER=aarch64-none-elf-gcc" "ASSEMBLER=aarch64-no
TRACE::2025-12-25.08:10:56::SCWBDomain::ne-elf-as" "ARCHIVER=aarch64-none-elf-ar" "COMPILER_FLAGS=  -c" "EXTRA_COMPILER_FLAGS=-g -Wall -Wextra -fno-tree-loop-distribut
TRACE::2025-12-25.08:10:56::SCWBDomain::e-patterns -Os -flto -ffat-lto-objects"

TRACE::2025-12-25.08:10:56::SCWBDomain::make -C psu_cortexa53_0/libsrc/dppsu_v1_7/src -s include  "SHELL=/bin/sh" "COMPILER=aarch64-none-elf-gcc" "ASSEMBLER=aarch64-no
TRACE::2025-12-25.08:10:56::SCWBDomain::ne-elf-as" "ARCHIVER=aarch64-none-elf-ar" "COMPILER_FLAGS=  -c" "EXTRA_COMPILER_FLAGS=-g -Wall -Wextra -fno-tree-loop-distribut
TRACE::2025-12-25.08:10:56::SCWBDomain::e-patterns -Os -flto -ffat-lto-objects"

TRACE::2025-12-25.08:10:56::SCWBDomain::Running Make include in psu_cortexa53_0/libsrc/emacps_v3_21/src

TRACE::2025-12-25.08:10:56::SCWBDomain::make -C psu_cortexa53_0/libsrc/emacps_v3_21/src -s include  "SHELL=/bin/sh" "COMPILER=aarch64-none-elf-gcc" "ASSEMBLER=aarch64-
TRACE::2025-12-25.08:10:56::SCWBDomain::none-elf-as" "ARCHIVER=aarch64-none-elf-ar" "COMPILER_FLAGS=  -c" "EXTRA_COMPILER_FLAGS=-g -Wall -Wextra -fno-tree-loop-distrib
TRACE::2025-12-25.08:10:56::SCWBDomain::ute-patterns -Os -flto -ffat-lto-objects"

TRACE::2025-12-25.08:10:56::SCWBDomain::Running Make include in psu_cortexa53_0/libsrc/gpiops_v3_13/src

TRACE::2025-12-25.08:10:56::SCWBDomain::make -C psu_cortexa53_0/libsrc/gpiops_v3_13/src -s include  "SHELL=/bin/sh" "COMPILER=aarch64-none-elf-gcc" "ASSEMBLER=aarch64-
TRACE::2025-12-25.08:10:56::SCWBDomain::none-elf-as" "ARCHIVER=aarch64-none-elf-ar" "COMPILER_FLAGS=  -c" "EXTRA_COMPILER_FLAGS=-g -Wall -Wextra -fno-tree-loop-distrib
TRACE::2025-12-25.08:10:56::SCWBDomain::ute-patterns -Os -flto -ffat-lto-objects"

TRACE::2025-12-25.08:10:56::SCWBDomain::Running Make include in psu_cortexa53_0/libsrc/iicps_v3_20/src

TRACE::2025-12-25.08:10:56::SCWBDomain::make -C psu_cortexa53_0/libsrc/iicps_v3_20/src -s include  "SHELL=/bin/sh" "COMPILER=aarch64-none-elf-gcc" "ASSEMBLER=aarch64-n
TRACE::2025-12-25.08:10:56::SCWBDomain::one-elf-as" "ARCHIVER=aarch64-none-elf-ar" "COMPILER_FLAGS=  -c" "EXTRA_COMPILER_FLAGS=-g -Wall -Wextra -fno-tree-loop-distribu
TRACE::2025-12-25.08:10:56::SCWBDomain::te-patterns -Os -flto -ffat-lto-objects"

TRACE::2025-12-25.08:10:56::SCWBDomain::Running Make include in psu_cortexa53_0/libsrc/ipipsu_v2_16/src

TRACE::2025-12-25.08:10:56::SCWBDomain::Running Make include in psu_cortexa53_0/libsrc/pciepsu_v2_0/src

TRACE::2025-12-25.08:10:56::SCWBDomain::make -C psu_cortexa53_0/libsrc/ipipsu_v2_16/src -s include  "SHELL=/bin/sh" "COMPILER=aarch64-none-elf-gcc" "ASSEMBLER=aarch64-
TRACE::2025-12-25.08:10:56::SCWBDomain::none-elf-as" "ARCHIVER=aarch64-none-elf-ar" "COMPILER_FLAGS=  -c" "EXTRA_COMPILER_FLAGS=-g -Wall -Wextra -fno-tree-loop-distrib
TRACE::2025-12-25.08:10:56::SCWBDomain::ute-patterns -Os -flto -ffat-lto-objects"

TRACE::2025-12-25.08:10:56::SCWBDomain::Running Make include in psu_cortexa53_0/libsrc/qspipsu_v1_20/src

TRACE::2025-12-25.08:10:56::SCWBDomain::make -C psu_cortexa53_0/libsrc/pciepsu_v2_0/src -s include  "SHELL=/bin/sh" "COMPILER=aarch64-none-elf-gcc" "ASSEMBLER=aarch64-
TRACE::2025-12-25.08:10:56::SCWBDomain::none-elf-as" "ARCHIVER=aarch64-none-elf-ar" "COMPILER_FLAGS=  -c" "EXTRA_COMPILER_FLAGS=-g -Wall -Wextra -fno-tree-loop-distrib
TRACE::2025-12-25.08:10:56::SCWBDomain::ute-patterns -Os -flto -ffat-lto-objects"

TRACE::2025-12-25.08:10:56::SCWBDomain::make -C psu_cortexa53_0/libsrc/qspipsu_v1_20/src -s include  "SHELL=/bin/sh" "COMPILER=aarch64-none-elf-gcc" "ASSEMBLER=aarch64
TRACE::2025-12-25.08:10:56::SCWBDomain::-none-elf-as" "ARCHIVER=aarch64-none-elf-ar" "COMPILER_FLAGS=  -c" "EXTRA_COMPILER_FLAGS=-g -Wall -Wextra -fno-tree-loop-distri
TRACE::2025-12-25.08:10:56::SCWBDomain::bute-patterns -Os -flto -ffat-lto-objects"

TRACE::2025-12-25.08:10:56::SCWBDomain::Running Make include in psu_cortexa53_0/libsrc/resetps_v1_7/src

TRACE::2025-12-25.08:10:56::SCWBDomain::make -C psu_cortexa53_0/libsrc/resetps_v1_7/src -s include  "SHELL=/bin/sh" "COMPILER=aarch64-none-elf-gcc" "ASSEMBLER=aarch64-
TRACE::2025-12-25.08:10:56::SCWBDomain::none-elf-as" "ARCHIVER=aarch64-none-elf-ar" "COMPILER_FLAGS=  -c" "EXTRA_COMPILER_FLAGS=-g -Wall -Wextra -fno-tree-loop-distrib
TRACE::2025-12-25.08:10:56::SCWBDomain::ute-patterns -Os -flto -ffat-lto-objects"

TRACE::2025-12-25.08:10:56::SCWBDomain::Running Make include in psu_cortexa53_0/libsrc/rtcpsu_v1_14/src

TRACE::2025-12-25.08:10:56::SCWBDomain::make -C psu_cortexa53_0/libsrc/rtcpsu_v1_14/src -s include  "SHELL=/bin/sh" "COMPILER=aarch64-none-elf-gcc" "ASSEMBLER=aarch64-
TRACE::2025-12-25.08:10:56::SCWBDomain::none-elf-as" "ARCHIVER=aarch64-none-elf-ar" "COMPILER_FLAGS=  -c" "EXTRA_COMPILER_FLAGS=-g -Wall -Wextra -fno-tree-loop-distrib
TRACE::2025-12-25.08:10:56::SCWBDomain::ute-patterns -Os -flto -ffat-lto-objects"

TRACE::2025-12-25.08:10:56::SCWBDomain::Running Make include in psu_cortexa53_0/libsrc/scugic_v5_4/src

TRACE::2025-12-25.08:10:56::SCWBDomain::Running Make include in psu_cortexa53_0/libsrc/sdps_v4_4/src

TRACE::2025-12-25.08:10:56::SCWBDomain::make -C psu_cortexa53_0/libsrc/scugic_v5_4/src -s include  "SHELL=/bin/sh" "COMPILER=aarch64-none-elf-gcc" "ASSEMBLER=aarch64-n
TRACE::2025-12-25.08:10:56::SCWBDomain::one-elf-as" "ARCHIVER=aarch64-none-elf-ar" "COMPILER_FLAGS=  -c" "EXTRA_COMPILER_FLAGS=-g -Wall -Wextra -fno-tree-loop-distribu
TRACE::2025-12-25.08:10:56::SCWBDomain::te-patterns -Os -flto -ffat-lto-objects"

TRACE::2025-12-25.08:10:56::SCWBDomain::make -C psu_cortexa53_0/libsrc/sdps_v4_4/src -s include  "SHELL=/bin/sh" "COMPILER=aarch64-none-elf-gcc" "ASSEMBLER=aarch64-non
TRACE::2025-12-25.08:10:56::SCWBDomain::e-elf-as" "ARCHIVER=aarch64-none-elf-ar" "COMPILER_FLAGS=  -c" "EXTRA_COMPILER_FLAGS=-g -Wall -Wextra -fno-tree-loop-distribute
TRACE::2025-12-25.08:10:56::SCWBDomain::-patterns -Os -flto -ffat-lto-objects"

TRACE::2025-12-25.08:10:56::SCWBDomain::Running Make include in psu_cortexa53_0/libsrc/standalone_v9_2/src

TRACE::2025-12-25.08:10:56::SCWBDomain::make -C psu_cortexa53_0/libsrc/standalone_v9_2/src -s include  "SHELL=/bin/sh" "COMPILER=aarch64-none-elf-gcc" "ASSEMBLER=aarch
TRACE::2025-12-25.08:10:56::SCWBDomain::64-none-elf-as" "ARCHIVER=aarch64-none-elf-ar" "COMPILER_FLAGS=  -c" "EXTRA_COMPILER_FLAGS=-g -Wall -Wextra -fno-tree-loop-dist
TRACE::2025-12-25.08:10:56::SCWBDomain::ribute-patterns -Os -flto -ffat-lto-objects"

TRACE::2025-12-25.08:10:56::SCWBDomain::Running Make include in psu_cortexa53_0/libsrc/sysmonpsu_v3_0/src

TRACE::2025-12-25.08:10:56::SCWBDomain::make -C psu_cortexa53_0/libsrc/sysmonpsu_v3_0/src -s include  "SHELL=/bin/sh" "COMPILER=aarch64-none-elf-gcc" "ASSEMBLER=aarch6
TRACE::2025-12-25.08:10:56::SCWBDomain::4-none-elf-as" "ARCHIVER=aarch64-none-elf-ar" "COMPILER_FLAGS=  -c" "EXTRA_COMPILER_FLAGS=-g -Wall -Wextra -fno-tree-loop-distr
TRACE::2025-12-25.08:10:56::SCWBDomain::ibute-patterns -Os -flto -ffat-lto-objects"

TRACE::2025-12-25.08:10:56::SCWBDomain::Running Make include in psu_cortexa53_0/libsrc/ttcps_v3_20/src

TRACE::2025-12-25.08:10:56::SCWBDomain::make -C psu_cortexa53_0/libsrc/ttcps_v3_20/src -s include  "SHELL=/bin/sh" "COMPILER=aarch64-none-elf-gcc" "ASSEMBLER=aarch64-n
TRACE::2025-12-25.08:10:56::SCWBDomain::one-elf-as" "ARCHIVER=aarch64-none-elf-ar" "COMPILER_FLAGS=  -c" "EXTRA_COMPILER_FLAGS=-g -Wall -Wextra -fno-tree-loop-distribu
TRACE::2025-12-25.08:10:56::SCWBDomain::te-patterns -Os -flto -ffat-lto-objects"

TRACE::2025-12-25.08:10:56::SCWBDomain::Running Make include in psu_cortexa53_0/libsrc/uartps_v3_15/src

TRACE::2025-12-25.08:10:56::SCWBDomain::Running Make include in psu_cortexa53_0/libsrc/usbpsu_v1_16/src

TRACE::2025-12-25.08:10:56::SCWBDomain::make -C psu_cortexa53_0/libsrc/uartps_v3_15/src -s include  "SHELL=/bin/sh" "COMPILER=aarch64-none-elf-gcc" "ASSEMBLER=aarch64-
TRACE::2025-12-25.08:10:56::SCWBDomain::none-elf-as" "ARCHIVER=aarch64-none-elf-ar" "COMPILER_FLAGS=  -c" "EXTRA_COMPILER_FLAGS=-g -Wall -Wextra -fno-tree-loop-distrib
TRACE::2025-12-25.08:10:56::SCWBDomain::ute-patterns -Os -flto -ffat-lto-objects"

TRACE::2025-12-25.08:10:56::SCWBDomain::Running Make include in psu_cortexa53_0/libsrc/video_common_v4_16/src

TRACE::2025-12-25.08:10:56::SCWBDomain::make -C psu_cortexa53_0/libsrc/usbpsu_v1_16/src -s include  "SHELL=/bin/sh" "COMPILER=aarch64-none-elf-gcc" "ASSEMBLER=aarch64-
TRACE::2025-12-25.08:10:56::SCWBDomain::none-elf-as" "ARCHIVER=aarch64-none-elf-ar" "COMPILER_FLAGS=  -c" "EXTRA_COMPILER_FLAGS=-g -Wall -Wextra -fno-tree-loop-distrib
TRACE::2025-12-25.08:10:56::SCWBDomain::ute-patterns -Os -flto -ffat-lto-objects"

TRACE::2025-12-25.08:10:56::SCWBDomain::Running Make include in psu_cortexa53_0/libsrc/xilffs_v5_3/src

TRACE::2025-12-25.08:10:56::SCWBDomain::make -C psu_cortexa53_0/libsrc/video_common_v4_16/src -s include  "SHELL=/bin/sh" "COMPILER=aarch64-none-elf-gcc" "ASSEMBLER=aa
TRACE::2025-12-25.08:10:56::SCWBDomain::rch64-none-elf-as" "ARCHIVER=aarch64-none-elf-ar" "COMPILER_FLAGS=  -c" "EXTRA_COMPILER_FLAGS=-g -Wall -Wextra -fno-tree-loop-d
TRACE::2025-12-25.08:10:56::SCWBDomain::istribute-patterns -Os -flto -ffat-lto-objects"

TRACE::2025-12-25.08:10:56::SCWBDomain::Running Make include in psu_cortexa53_0/libsrc/xilpm_v5_3/src

TRACE::2025-12-25.08:10:56::SCWBDomain::make -C psu_cortexa53_0/libsrc/xilffs_v5_3/src -s include  "SHELL=/bin/sh" "COMPILER=aarch64-none-elf-gcc" "ASSEMBLER=aarch64-n
TRACE::2025-12-25.08:10:56::SCWBDomain::one-elf-as" "ARCHIVER=aarch64-none-elf-ar" "COMPILER_FLAGS=  -c" "EXTRA_COMPILER_FLAGS=-g -Wall -Wextra -fno-tree-loop-distribu
TRACE::2025-12-25.08:10:56::SCWBDomain::te-patterns -Os -flto -ffat-lto-objects"

TRACE::2025-12-25.08:10:56::SCWBDomain::make -C psu_cortexa53_0/libsrc/xilpm_v5_3/src -s include  "SHELL=/bin/sh" "COMPILER=aarch64-none-elf-gcc" "ASSEMBLER=aarch64-no
TRACE::2025-12-25.08:10:56::SCWBDomain::ne-elf-as" "ARCHIVER=aarch64-none-elf-ar" "COMPILER_FLAGS=  -c" "EXTRA_COMPILER_FLAGS=-g -Wall -Wextra -fno-tree-loop-distribut
TRACE::2025-12-25.08:10:56::SCWBDomain::e-patterns -Os -flto -ffat-lto-objects"

TRACE::2025-12-25.08:10:56::SCWBDomain::Running Make include in psu_cortexa53_0/libsrc/zdma_v1_19/src

TRACE::2025-12-25.08:10:56::SCWBDomain::Running Make include in psu_cortexa53_0/libsrc/xilsecure_v5_4/src

TRACE::2025-12-25.08:10:56::SCWBDomain::make -C psu_cortexa53_0/libsrc/zdma_v1_19/src -s include  "SHELL=/bin/sh" "COMPILER=aarch64-none-elf-gcc" "ASSEMBLER=aarch64-no
TRACE::2025-12-25.08:10:56::SCWBDomain::ne-elf-as" "ARCHIVER=aarch64-none-elf-ar" "COMPILER_FLAGS=  -c" "EXTRA_COMPILER_FLAGS=-g -Wall -Wextra -fno-tree-loop-distribut
TRACE::2025-12-25.08:10:56::SCWBDomain::e-patterns -Os -flto -ffat-lto-objects"

TRACE::2025-12-25.08:10:56::SCWBDomain::make -C psu_cortexa53_0/libsrc/xilsecure_v5_4/src -s include  "SHELL=/bin/sh" "COMPILER=aarch64-none-elf-gcc" "ASSEMBLER=aarch6
TRACE::2025-12-25.08:10:56::SCWBDomain::4-none-elf-as" "ARCHIVER=aarch64-none-elf-ar" "COMPILER_FLAGS=  -c" "EXTRA_COMPILER_FLAGS=-g -Wall -Wextra -fno-tree-loop-distr
TRACE::2025-12-25.08:10:56::SCWBDomain::ibute-patterns -Os -flto -ffat-lto-objects"

TRACE::2025-12-25.08:10:56::SCWBDomain::Include files for this library have already been copied.

TRACE::2025-12-25.08:10:56::SCWBDomain::Running Make libs in psu_cortexa53_0/libsrc/axipmon_v6_11/src

TRACE::2025-12-25.08:10:56::SCWBDomain::Running Make libs in psu_cortexa53_0/libsrc/bram_v4_11/src

TRACE::2025-12-25.08:10:56::SCWBDomain::make -C psu_cortexa53_0/libsrc/axipmon_v6_11/src -s libs  "SHELL=/bin/sh" "COMPILER=aarch64-none-elf-gcc" "ASSEMBLER=aarch64-no
TRACE::2025-12-25.08:10:56::SCWBDomain::ne-elf-as" "ARCHIVER=aarch64-none-elf-ar" "COMPILER_FLAGS=  -c" "EXTRA_COMPILER_FLAGS=-g -Wall -Wextra -fno-tree-loop-distribut
TRACE::2025-12-25.08:10:56::SCWBDomain::e-patterns -Os -flto -ffat-lto-objects"

TRACE::2025-12-25.08:10:56::SCWBDomain::make -C psu_cortexa53_0/libsrc/bram_v4_11/src -s libs  "SHELL=/bin/sh" "COMPILER=aarch64-none-elf-gcc" "ASSEMBLER=aarch64-none-
TRACE::2025-12-25.08:10:56::SCWBDomain::elf-as" "ARCHIVER=aarch64-none-elf-ar" "COMPILER_FLAGS=  -c" "EXTRA_COMPILER_FLAGS=-g -Wall -Wextra -fno-tree-loop-distribute-p
TRACE::2025-12-25.08:10:56::SCWBDomain::atterns -Os -flto -ffat-lto-objects"

TRACE::2025-12-25.08:10:56::SCWBDomain::Running Make libs in psu_cortexa53_0/libsrc/clockps_v1_6/src

TRACE::2025-12-25.08:10:56::SCWBDomain::make -C psu_cortexa53_0/libsrc/clockps_v1_6/src -s libs  "SHELL=/bin/sh" "COMPILER=aarch64-none-elf-gcc" "ASSEMBLER=aarch64-non
TRACE::2025-12-25.08:10:56::SCWBDomain::e-elf-as" "ARCHIVER=aarch64-none-elf-ar" "COMPILER_FLAGS=  -c" "EXTRA_COMPILER_FLAGS=-g -Wall -Wextra -fno-tree-loop-distribute
TRACE::2025-12-25.08:10:56::SCWBDomain::-patterns -Os -flto -ffat-lto-objects"

TRACE::2025-12-25.08:10:56::SCWBDomain::Running Make libs in psu_cortexa53_0/libsrc/coresightps_dcc_v1_11/src

TRACE::2025-12-25.08:10:56::SCWBDomain::make -C psu_cortexa53_0/libsrc/coresightps_dcc_v1_11/src -s libs  "SHELL=/bin/sh" "COMPILER=aarch64-none-elf-gcc" "ASSEMBLER=aa
TRACE::2025-12-25.08:10:56::SCWBDomain::rch64-none-elf-as" "ARCHIVER=aarch64-none-elf-ar" "COMPILER_FLAGS=  -c" "EXTRA_COMPILER_FLAGS=-g -Wall -Wextra -fno-tree-loop-d
TRACE::2025-12-25.08:10:56::SCWBDomain::istribute-patterns -Os -flto -ffat-lto-objects"

TRACE::2025-12-25.08:10:56::SCWBDomain::Running Make libs in psu_cortexa53_0/libsrc/cpu_cortexa53_v2_1/src

TRACE::2025-12-25.08:10:56::SCWBDomain::make -C psu_cortexa53_0/libsrc/cpu_cortexa53_v2_1/src -s libs  "SHELL=/bin/sh" "COMPILER=aarch64-none-elf-gcc" "ASSEMBLER=aarch
TRACE::2025-12-25.08:10:56::SCWBDomain::64-none-elf-as" "ARCHIVER=aarch64-none-elf-ar" "COMPILER_FLAGS=  -c" "EXTRA_COMPILER_FLAGS=-g -Wall -Wextra -fno-tree-loop-dist
TRACE::2025-12-25.08:10:56::SCWBDomain::ribute-patterns -Os -flto -ffat-lto-objects"

TRACE::2025-12-25.08:10:56::SCWBDomain::Running Make libs in psu_cortexa53_0/libsrc/csudma_v1_16/src

TRACE::2025-12-25.08:10:56::SCWBDomain::make -C psu_cortexa53_0/libsrc/csudma_v1_16/src -s libs  "SHELL=/bin/sh" "COMPILER=aarch64-none-elf-gcc" "ASSEMBLER=aarch64-non
TRACE::2025-12-25.08:10:56::SCWBDomain::e-elf-as" "ARCHIVER=aarch64-none-elf-ar" "COMPILER_FLAGS=  -c" "EXTRA_COMPILER_FLAGS=-g -Wall -Wextra -fno-tree-loop-distribute
TRACE::2025-12-25.08:10:56::SCWBDomain::-patterns -Os -flto -ffat-lto-objects"

TRACE::2025-12-25.08:10:56::SCWBDomain::Running Make libs in psu_cortexa53_0/libsrc/ddrcpsu_v1_7/src

TRACE::2025-12-25.08:10:56::SCWBDomain::Running Make libs in psu_cortexa53_0/libsrc/emacps_v3_21/src

TRACE::2025-12-25.08:10:56::SCWBDomain::make -C psu_cortexa53_0/libsrc/ddrcpsu_v1_7/src -s libs  "SHELL=/bin/sh" "COMPILER=aarch64-none-elf-gcc" "ASSEMBLER=aarch64-non
TRACE::2025-12-25.08:10:56::SCWBDomain::e-elf-as" "ARCHIVER=aarch64-none-elf-ar" "COMPILER_FLAGS=  -c" "EXTRA_COMPILER_FLAGS=-g -Wall -Wextra -fno-tree-loop-distribute
TRACE::2025-12-25.08:10:56::SCWBDomain::-patterns -Os -flto -ffat-lto-objects"

TRACE::2025-12-25.08:10:56::SCWBDomain::make -C psu_cortexa53_0/libsrc/emacps_v3_21/src -s libs  "SHELL=/bin/sh" "COMPILER=aarch64-none-elf-gcc" "ASSEMBLER=aarch64-non
TRACE::2025-12-25.08:10:56::SCWBDomain::e-elf-as" "ARCHIVER=aarch64-none-elf-ar" "COMPILER_FLAGS=  -c" "EXTRA_COMPILER_FLAGS=-g -Wall -Wextra -fno-tree-loop-distribute
TRACE::2025-12-25.08:10:56::SCWBDomain::-patterns -Os -flto -ffat-lto-objects"

TRACE::2025-12-25.08:10:56::SCWBDomain::Running Make libs in psu_cortexa53_0/libsrc/gpiops_v3_13/src

TRACE::2025-12-25.08:10:56::SCWBDomain::make -C psu_cortexa53_0/libsrc/gpiops_v3_13/src -s libs  "SHELL=/bin/sh" "COMPILER=aarch64-none-elf-gcc" "ASSEMBLER=aarch64-non
TRACE::2025-12-25.08:10:56::SCWBDomain::e-elf-as" "ARCHIVER=aarch64-none-elf-ar" "COMPILER_FLAGS=  -c" "EXTRA_COMPILER_FLAGS=-g -Wall -Wextra -fno-tree-loop-distribute
TRACE::2025-12-25.08:10:56::SCWBDomain::-patterns -Os -flto -ffat-lto-objects"

TRACE::2025-12-25.08:10:56::SCWBDomain::Running Make libs in psu_cortexa53_0/libsrc/iicps_v3_20/src

TRACE::2025-12-25.08:10:56::SCWBDomain::make -C psu_cortexa53_0/libsrc/iicps_v3_20/src -s libs  "SHELL=/bin/sh" "COMPILER=aarch64-none-elf-gcc" "ASSEMBLER=aarch64-none
TRACE::2025-12-25.08:10:56::SCWBDomain::-elf-as" "ARCHIVER=aarch64-none-elf-ar" "COMPILER_FLAGS=  -c" "EXTRA_COMPILER_FLAGS=-g -Wall -Wextra -fno-tree-loop-distribute-
TRACE::2025-12-25.08:10:56::SCWBDomain::patterns -Os -flto -ffat-lto-objects"

TRACE::2025-12-25.08:10:56::SCWBDomain::Running Make libs in psu_cortexa53_0/libsrc/ipipsu_v2_16/src

TRACE::2025-12-25.08:10:56::SCWBDomain::make -C psu_cortexa53_0/libsrc/ipipsu_v2_16/src -s libs  "SHELL=/bin/sh" "COMPILER=aarch64-none-elf-gcc" "ASSEMBLER=aarch64-non
TRACE::2025-12-25.08:10:56::SCWBDomain::e-elf-as" "ARCHIVER=aarch64-none-elf-ar" "COMPILER_FLAGS=  -c" "EXTRA_COMPILER_FLAGS=-g -Wall -Wextra -fno-tree-loop-distribute
TRACE::2025-12-25.08:10:56::SCWBDomain::-patterns -Os -flto -ffat-lto-objects"

TRACE::2025-12-25.08:10:56::SCWBDomain::Running Make libs in psu_cortexa53_0/libsrc/pciepsu_v2_0/src

TRACE::2025-12-25.08:10:56::SCWBDomain::make -C psu_cortexa53_0/libsrc/pciepsu_v2_0/src -s libs  "SHELL=/bin/sh" "COMPILER=aarch64-none-elf-gcc" "ASSEMBLER=aarch64-non
TRACE::2025-12-25.08:10:56::SCWBDomain::e-elf-as" "ARCHIVER=aarch64-none-elf-ar" "COMPILER_FLAGS=  -c" "EXTRA_COMPILER_FLAGS=-g -Wall -Wextra -fno-tree-loop-distribute
TRACE::2025-12-25.08:10:56::SCWBDomain::-patterns -Os -flto -ffat-lto-objects"

TRACE::2025-12-25.08:10:56::SCWBDomain::Running Make libs in psu_cortexa53_0/libsrc/qspipsu_v1_20/src

TRACE::2025-12-25.08:10:56::SCWBDomain::make -C psu_cortexa53_0/libsrc/qspipsu_v1_20/src -s libs  "SHELL=/bin/sh" "COMPILER=aarch64-none-elf-gcc" "ASSEMBLER=aarch64-no
TRACE::2025-12-25.08:10:56::SCWBDomain::ne-elf-as" "ARCHIVER=aarch64-none-elf-ar" "COMPILER_FLAGS=  -c" "EXTRA_COMPILER_FLAGS=-g -Wall -Wextra -fno-tree-loop-distribut
TRACE::2025-12-25.08:10:56::SCWBDomain::e-patterns -Os -flto -ffat-lto-objects"

TRACE::2025-12-25.08:10:56::SCWBDomain::Running Make libs in psu_cortexa53_0/libsrc/resetps_v1_7/src

TRACE::2025-12-25.08:10:56::SCWBDomain::make -C psu_cortexa53_0/libsrc/resetps_v1_7/src -s libs  "SHELL=/bin/sh" "COMPILER=aarch64-none-elf-gcc" "ASSEMBLER=aarch64-non
TRACE::2025-12-25.08:10:56::SCWBDomain::e-elf-as" "ARCHIVER=aarch64-none-elf-ar" "COMPILER_FLAGS=  -c" "EXTRA_COMPILER_FLAGS=-g -Wall -Wextra -fno-tree-loop-distribute
TRACE::2025-12-25.08:10:56::SCWBDomain::-patterns -Os -flto -ffat-lto-objects"

TRACE::2025-12-25.08:10:56::SCWBDomain::Running Make libs in psu_cortexa53_0/libsrc/rtcpsu_v1_14/src

TRACE::2025-12-25.08:10:56::SCWBDomain::make -C psu_cortexa53_0/libsrc/rtcpsu_v1_14/src -s libs  "SHELL=/bin/sh" "COMPILER=aarch64-none-elf-gcc" "ASSEMBLER=aarch64-non
TRACE::2025-12-25.08:10:56::SCWBDomain::e-elf-as" "ARCHIVER=aarch64-none-elf-ar" "COMPILER_FLAGS=  -c" "EXTRA_COMPILER_FLAGS=-g -Wall -Wextra -fno-tree-loop-distribute
TRACE::2025-12-25.08:10:56::SCWBDomain::-patterns -Os -flto -ffat-lto-objects"

TRACE::2025-12-25.08:10:56::SCWBDomain::Running Make libs in psu_cortexa53_0/libsrc/scugic_v5_4/src

TRACE::2025-12-25.08:10:56::SCWBDomain::make -C psu_cortexa53_0/libsrc/scugic_v5_4/src -s libs  "SHELL=/bin/sh" "COMPILER=aarch64-none-elf-gcc" "ASSEMBLER=aarch64-none
TRACE::2025-12-25.08:10:56::SCWBDomain::-elf-as" "ARCHIVER=aarch64-none-elf-ar" "COMPILER_FLAGS=  -c" "EXTRA_COMPILER_FLAGS=-g -Wall -Wextra -fno-tree-loop-distribute-
TRACE::2025-12-25.08:10:56::SCWBDomain::patterns -Os -flto -ffat-lto-objects"

TRACE::2025-12-25.08:10:56::SCWBDomain::Running Make libs in psu_cortexa53_0/libsrc/sdps_v4_4/src

TRACE::2025-12-25.08:10:56::SCWBDomain::make -C psu_cortexa53_0/libsrc/sdps_v4_4/src -s libs  "SHELL=/bin/sh" "COMPILER=aarch64-none-elf-gcc" "ASSEMBLER=aarch64-none-e
TRACE::2025-12-25.08:10:56::SCWBDomain::lf-as" "ARCHIVER=aarch64-none-elf-ar" "COMPILER_FLAGS=  -c" "EXTRA_COMPILER_FLAGS=-g -Wall -Wextra -fno-tree-loop-distribute-pa
TRACE::2025-12-25.08:10:56::SCWBDomain::tterns -Os -flto -ffat-lto-objects"

TRACE::2025-12-25.08:10:56::SCWBDomain::Running Make libs in psu_cortexa53_0/libsrc/standalone_v9_2/src

TRACE::2025-12-25.08:10:56::SCWBDomain::make -C psu_cortexa53_0/libsrc/standalone_v9_2/src -s libs  "SHELL=/bin/sh" "COMPILER=aarch64-none-elf-gcc" "ASSEMBLER=aarch64-
TRACE::2025-12-25.08:10:56::SCWBDomain::none-elf-as" "ARCHIVER=aarch64-none-elf-ar" "COMPILER_FLAGS=  -c" "EXTRA_COMPILER_FLAGS=-g -Wall -Wextra -fno-tree-loop-distrib
TRACE::2025-12-25.08:10:56::SCWBDomain::ute-patterns -Os -flto -ffat-lto-objects"

TRACE::2025-12-25.08:10:56::SCWBDomain::Running Make libs in psu_cortexa53_0/libsrc/sysmonpsu_v3_0/src

TRACE::2025-12-25.08:10:56::SCWBDomain::make -C psu_cortexa53_0/libsrc/sysmonpsu_v3_0/src -s libs  "SHELL=/bin/sh" "COMPILER=aarch64-none-elf-gcc" "ASSEMBLER=aarch64-n
TRACE::2025-12-25.08:10:56::SCWBDomain::one-elf-as" "ARCHIVER=aarch64-none-elf-ar" "COMPILER_FLAGS=  -c" "EXTRA_COMPILER_FLAGS=-g -Wall -Wextra -fno-tree-loop-distribu
TRACE::2025-12-25.08:10:56::SCWBDomain::te-patterns -Os -flto -ffat-lto-objects"

TRACE::2025-12-25.08:10:56::SCWBDomain::Running Make libs in psu_cortexa53_0/libsrc/ttcps_v3_20/src

TRACE::2025-12-25.08:10:56::SCWBDomain::make -C psu_cortexa53_0/libsrc/ttcps_v3_20/src -s libs  "SHELL=/bin/sh" "COMPILER=aarch64-none-elf-gcc" "ASSEMBLER=aarch64-none
TRACE::2025-12-25.08:10:56::SCWBDomain::-elf-as" "ARCHIVER=aarch64-none-elf-ar" "COMPILER_FLAGS=  -c" "EXTRA_COMPILER_FLAGS=-g -Wall -Wextra -fno-tree-loop-distribute-
TRACE::2025-12-25.08:10:56::SCWBDomain::patterns -Os -flto -ffat-lto-objects"

TRACE::2025-12-25.08:10:56::SCWBDomain::Running Make libs in psu_cortexa53_0/libsrc/uartps_v3_15/src

TRACE::2025-12-25.08:10:56::SCWBDomain::make -C psu_cortexa53_0/libsrc/uartps_v3_15/src -s libs  "SHELL=/bin/sh" "COMPILER=aarch64-none-elf-gcc" "ASSEMBLER=aarch64-non
TRACE::2025-12-25.08:10:56::SCWBDomain::e-elf-as" "ARCHIVER=aarch64-none-elf-ar" "COMPILER_FLAGS=  -c" "EXTRA_COMPILER_FLAGS=-g -Wall -Wextra -fno-tree-loop-distribute
TRACE::2025-12-25.08:10:56::SCWBDomain::-patterns -Os -flto -ffat-lto-objects"

TRACE::2025-12-25.08:10:56::SCWBDomain::Running Make libs in psu_cortexa53_0/libsrc/usbpsu_v1_16/src

TRACE::2025-12-25.08:10:56::SCWBDomain::make -C psu_cortexa53_0/libsrc/usbpsu_v1_16/src -s libs  "SHELL=/bin/sh" "COMPILER=aarch64-none-elf-gcc" "ASSEMBLER=aarch64-non
TRACE::2025-12-25.08:10:56::SCWBDomain::e-elf-as" "ARCHIVER=aarch64-none-elf-ar" "COMPILER_FLAGS=  -c" "EXTRA_COMPILER_FLAGS=-g -Wall -Wextra -fno-tree-loop-distribute
TRACE::2025-12-25.08:10:56::SCWBDomain::-patterns -Os -flto -ffat-lto-objects"

TRACE::2025-12-25.08:10:57::SCWBDomain::Running Make libs in psu_cortexa53_0/libsrc/video_common_v4_16/src

TRACE::2025-12-25.08:10:57::SCWBDomain::make -C psu_cortexa53_0/libsrc/video_common_v4_16/src -s libs  "SHELL=/bin/sh" "COMPILER=aarch64-none-elf-gcc" "ASSEMBLER=aarch
TRACE::2025-12-25.08:10:57::SCWBDomain::64-none-elf-as" "ARCHIVER=aarch64-none-elf-ar" "COMPILER_FLAGS=  -c" "EXTRA_COMPILER_FLAGS=-g -Wall -Wextra -fno-tree-loop-dist
TRACE::2025-12-25.08:10:57::SCWBDomain::ribute-patterns -Os -flto -ffat-lto-objects"

TRACE::2025-12-25.08:10:57::SCWBDomain::Running Make libs in psu_cortexa53_0/libsrc/xilffs_v5_3/src

TRACE::2025-12-25.08:10:57::SCWBDomain::make -C psu_cortexa53_0/libsrc/xilffs_v5_3/src -s libs  "SHELL=/bin/sh" "COMPILER=aarch64-none-elf-gcc" "ASSEMBLER=aarch64-none
TRACE::2025-12-25.08:10:57::SCWBDomain::-elf-as" "ARCHIVER=aarch64-none-elf-ar" "COMPILER_FLAGS=  -c" "EXTRA_COMPILER_FLAGS=-g -Wall -Wextra -fno-tree-loop-distribute-
TRACE::2025-12-25.08:10:57::SCWBDomain::patterns -Os -flto -ffat-lto-objects"

TRACE::2025-12-25.08:10:57::SCWBDomain::Running Make libs in psu_cortexa53_0/libsrc/zdma_v1_19/src

TRACE::2025-12-25.08:10:57::SCWBDomain::make -C psu_cortexa53_0/libsrc/zdma_v1_19/src -s libs  "SHELL=/bin/sh" "COMPILER=aarch64-none-elf-gcc" "ASSEMBLER=aarch64-none-
TRACE::2025-12-25.08:10:57::SCWBDomain::elf-as" "ARCHIVER=aarch64-none-elf-ar" "COMPILER_FLAGS=  -c" "EXTRA_COMPILER_FLAGS=-g -Wall -Wextra -fno-tree-loop-distribute-p
TRACE::2025-12-25.08:10:57::SCWBDomain::atterns -Os -flto -ffat-lto-objects"

TRACE::2025-12-25.08:10:57::SCWBDomain::Finished building libraries parallelly.

TRACE::2025-12-25.08:10:57::SCWBDomain::make --no-print-directory archive

TRACE::2025-12-25.08:10:57::SCWBDomain::aarch64-none-elf-ar -r  psu_cortexa53_0/lib/libxil.a psu_cortexa53_0/lib/_exit.o psu_cortexa53_0/lib/_open.o psu_cortexa53_0/li
TRACE::2025-12-25.08:10:57::SCWBDomain::b/_sbrk.o psu_cortexa53_0/lib/abort.o psu_cortexa53_0/lib/asm_vectors.o psu_cortexa53_0/lib/boot.o psu_cortexa53_0/lib/close.o 
TRACE::2025-12-25.08:10:57::SCWBDomain::psu_cortexa53_0/lib/cpputest_time.o psu_cortexa53_0/lib/errno.o psu_cortexa53_0/lib/fcntl.o psu_cortexa53_0/lib/fstat.o psu_cor
TRACE::2025-12-25.08:10:57::SCWBDomain::texa53_0/lib/getentropy.o psu_cortexa53_0/lib/getpid.o psu_cortexa53_0/lib/gettimeofday.o psu_cortexa53_0/lib/inbyte.o psu_cort
TRACE::2025-12-25.08:10:57::SCWBDomain::exa53_0/lib/initialise_monitor_handles.o psu_cortexa53_0/lib/isatty.o psu_cortexa53_0/lib/kill.o psu_cortexa53_0/lib/lseek.o ps
TRACE::2025-12-25.08:10:57::SCWBDomain::u_cortexa53_0/lib/open.o psu_cortexa53_0/lib/outbyte.o psu_cortexa53_0/lib/print.o psu_cortexa53_0/lib/putnum.o psu_cortexa53_0
TRACE::2025-12-25.08:10:57::SCWBDomain::/lib/read.o psu_cortexa53_0/lib/sbrk.o psu_cortexa53_0/lib/sleep.o psu_cortexa53_0/lib/time.o psu_cortexa53_0/lib/translation_t
TRACE::2025-12-25.08:10:57::SCWBDomain::able.o psu_cortexa53_0/lib/unlink.o psu_cortexa53_0/lib/vectors.o psu_cortexa53_0/lib/write.o psu_cortexa53_0/lib/xaxipmon.o ps
TRACE::2025-12-25.08:10:57::SCWBDomain::u_cortexa53_0/lib/xaxipmon_g.o psu_cortexa53_0/lib/xaxipmon_selftest.o psu_cortexa53_0/lib/xaxipmon_sinit.o psu_cortexa53_0/lib
TRACE::2025-12-25.08:10:57::SCWBDomain::/xbram.o psu_cortexa53_0/lib/xbram_g.o psu_cortexa53_0/lib/xbram_intr.o psu_cortexa53_0/lib/xbram_selftest.o psu_cortexa53_0/li
TRACE::2025-12-25.08:10:57::SCWBDomain::b/xbram_sinit.o psu_cortexa53_0/lib/xclockps.o psu_cortexa53_0/lib/xclockps_divider.o psu_cortexa53_0/lib/xclockps_fixedfactor.
TRACE::2025-12-25.08:10:57::SCWBDomain::o psu_cortexa53_0/lib/xclockps_g.o psu_cortexa53_0/lib/xclockps_gate.o psu_cortexa53_0/lib/xclockps_mux.o psu_cortexa53_0/lib/x
TRACE::2025-12-25.08:10:57::SCWBDomain::clockps_pll.o psu_cortexa53_0/lib/xclockps_sinit.o psu_cortexa53_0/lib/xcoresightpsdcc.o psu_cortexa53_0/lib/xcsudma.o psu_cort
TRACE::2025-12-25.08:10:57::SCWBDomain::exa53_0/lib/xcsudma_g.o psu_cortexa53_0/lib/xcsudma_intr.o psu_cortexa53_0/lib/xcsudma_selftest.o psu_cortexa53_0/lib/xcsudma_s
TRACE::2025-12-25.08:10:57::SCWBDomain::init.o psu_cortexa53_0/lib/xdata_mover.o psu_cortexa53_0/lib/xdata_mover_g.o psu_cortexa53_0/lib/xdata_mover_linux.o psu_cortex
TRACE::2025-12-25.08:10:57::SCWBDomain::a53_0/lib/xdata_mover_sinit.o psu_cortexa53_0/lib/xddrcpsu.o psu_cortexa53_0/lib/xddrcpsu_sinit.o psu_cortexa53_0/lib/xemacps.o
TRACE::2025-12-25.08:10:57::SCWBDomain:: psu_cortexa53_0/lib/xemacps_bdring.o psu_cortexa53_0/lib/xemacps_control.o psu_cortexa53_0/lib/xemacps_g.o psu_cortexa53_0/lib
TRACE::2025-12-25.08:10:57::SCWBDomain::/xemacps_hw.o psu_cortexa53_0/lib/xemacps_intr.o psu_cortexa53_0/lib/xemacps_sinit.o psu_cortexa53_0/lib/xgpiops.o psu_cortexa5
TRACE::2025-12-25.08:10:57::SCWBDomain::3_0/lib/xgpiops_g.o psu_cortexa53_0/lib/xgpiops_hw.o psu_cortexa53_0/lib/xgpiops_intr.o psu_cortexa53_0/lib/xgpiops_selftest.o 
TRACE::2025-12-25.08:10:57::SCWBDomain::psu_cortexa53_0/lib/xgpiops_sinit.o psu_cortexa53_0/lib/xiicps.o psu_cortexa53_0/lib/xiicps_g.o psu_cortexa53_0/lib/xiicps_hw.o
TRACE::2025-12-25.08:10:57::SCWBDomain:: psu_cortexa53_0/lib/xiicps_intr.o psu_cortexa53_0/lib/xiicps_master.o psu_cortexa53_0/lib/xiicps_options.o psu_cortexa53_0/lib
TRACE::2025-12-25.08:10:57::SCWBDomain::/xiicps_selftest.o psu_cortexa53_0/lib/xiicps_sinit.o psu_cortexa53_0/lib/xiicps_slave.o psu_cortexa53_0/lib/xiicps_xfer.o psu_
TRACE::2025-12-25.08:10:57::SCWBDomain::cortexa53_0/lib/xil-crt0.o psu_cortexa53_0/lib/xil_assert.o psu_cortexa53_0/lib/xil_cache.o psu_cortexa53_0/lib/xil_clocking.o 
TRACE::2025-12-25.08:10:57::SCWBDomain::psu_cortexa53_0/lib/xil_exception.o psu_cortexa53_0/lib/xil_mem.o psu_cortexa53_0/lib/xil_mmu.o psu_cortexa53_0/lib/xil_printf.
TRACE::2025-12-25.08:10:57::SCWBDomain::o psu_cortexa53_0/lib/xil_sleepcommon.o psu_cortexa53_0/lib/xil_sleeptimer.o psu_cortexa53_0/lib/xil_smc.o psu_cortexa53_0/lib/
TRACE::2025-12-25.08:10:57::SCWBDomain::xil_spinlock.o psu_cortexa53_0/lib/xil_sutil.o psu_cortexa53_0/lib/xil_testcache.o psu_cortexa53_0/lib/xil_testio.o psu_cortexa
TRACE::2025-12-25.08:10:57::SCWBDomain::53_0/lib/xil_testmem.o psu_cortexa53_0/lib/xil_util.o psu_cortexa53_0/lib/xinterrupt_wrap.o psu_cortexa53_0/lib/xipipsu.o psu_c
TRACE::2025-12-25.08:10:57::SCWBDomain::ortexa53_0/lib/xipipsu_buf.o psu_cortexa53_0/lib/xipipsu_g.o psu_cortexa53_0/lib/xipipsu_helper.o psu_cortexa53_0/lib/xipipsu_s
TRACE::2025-12-25.08:10:57::SCWBDomain::init.o psu_cortexa53_0/lib/xpciepsu.o psu_cortexa53_0/lib/xpciepsu_caps.o psu_cortexa53_0/lib/xpciepsu_ep.o psu_cortexa53_0/lib
TRACE::2025-12-25.08:10:57::SCWBDomain::/xpciepsu_g.o psu_cortexa53_0/lib/xpciepsu_sinit.o psu_cortexa53_0/lib/xplatform_info.o psu_cortexa53_0/lib/xpm_counter.o psu_c
TRACE::2025-12-25.08:10:57::SCWBDomain::ortexa53_0/lib/xpm_init.o psu_cortexa53_0/lib/xqspipsu.o psu_cortexa53_0/lib/xqspipsu_control.o psu_cortexa53_0/lib/xqspipsu_g.
TRACE::2025-12-25.08:10:57::SCWBDomain::o psu_cortexa53_0/lib/xqspipsu_hw.o psu_cortexa53_0/lib/xqspipsu_options.o psu_cortexa53_0/lib/xqspipsu_sinit.o psu_cortexa53_0
TRACE::2025-12-25.08:10:57::SCWBDomain::/lib/xqspipsu_xfer.o psu_cortexa53_0/lib/xresetps.o psu_cortexa53_0/lib/xresetps_g.o psu_cortexa53_0/lib/xresetps_sinit.o psu_c
TRACE::2025-12-25.08:10:57::SCWBDomain::ortexa53_0/lib/xrtcpsu.o psu_cortexa53_0/lib/xrtcpsu_g.o psu_cortexa53_0/lib/xrtcpsu_intr.o psu_cortexa53_0/lib/xrtcpsu_selftes
TRACE::2025-12-25.08:10:57::SCWBDomain::t.o psu_cortexa53_0/lib/xrtcpsu_sinit.o psu_cortexa53_0/lib/xscugic.o psu_cortexa53_0/lib/xscugic_g.o psu_cortexa53_0/lib/xscug
TRACE::2025-12-25.08:10:57::SCWBDomain::ic_hw.o psu_cortexa53_0/lib/xscugic_intr.o psu_cortexa53_0/lib/xscugic_selftest.o psu_cortexa53_0/lib/xscugic_sinit.o psu_corte
TRACE::2025-12-25.08:10:57::SCWBDomain::xa53_0/lib/xsdps.o psu_cortexa53_0/lib/xsdps_card.o psu_cortexa53_0/lib/xsdps_g.o psu_cortexa53_0/lib/xsdps_host.o psu_cortexa5
TRACE::2025-12-25.08:10:57::SCWBDomain::3_0/lib/xsdps_options.o psu_cortexa53_0/lib/xsdps_sinit.o psu_cortexa53_0/lib/xsysmonpsu.o psu_cortexa53_0/lib/xsysmonpsu_g.o p
TRACE::2025-12-25.08:10:57::SCWBDomain::su_cortexa53_0/lib/xsysmonpsu_intr.o psu_cortexa53_0/lib/xsysmonpsu_selftest.o psu_cortexa53_0/lib/xsysmonpsu_sinit.o psu_corte
TRACE::2025-12-25.08:10:57::SCWBDomain::xa53_0/lib/xtime_l.o psu_cortexa53_0/lib/xttcps.o psu_cortexa53_0/lib/xttcps_g.o psu_cortexa53_0/lib/xttcps_options.o psu_corte
TRACE::2025-12-25.08:10:57::SCWBDomain::xa53_0/lib/xttcps_selftest.o psu_cortexa53_0/lib/xttcps_sinit.o psu_cortexa53_0/lib/xuartps.o psu_cortexa53_0/lib/xuartps_g.o p
TRACE::2025-12-25.08:10:57::SCWBDomain::su_cortexa53_0/lib/xuartps_hw.o psu_cortexa53_0/lib/xuartps_intr.o psu_cortexa53_0/lib/xuartps_options.o psu_cortexa53_0/lib/xu
TRACE::2025-12-25.08:10:57::SCWBDomain::artps_selftest.o psu_cortexa53_0/lib/xuartps_sinit.o psu_cortexa53_0/lib/xusbpsu.o psu_cortexa53_0/lib/xusbpsu_command.o psu_co
TRACE::2025-12-25.08:10:57::SCWBDomain::rtexa53_0/lib/xusbpsu_controltransfers.o psu_cortexa53_0/lib/xusbpsu_device.o psu_cortexa53_0/lib/xusbpsu_endpoint.o psu_cortex
TRACE::2025-12-25.08:10:57::SCWBDomain::a53_0/lib/xusbpsu_ep0handler.o psu_cortexa53_0/lib/xusbpsu_ephandler.o psu_cortexa53_0/lib/xusbpsu_event.o psu_cortexa53_0/lib/
TRACE::2025-12-25.08:10:57::SCWBDomain::xusbpsu_g.o psu_cortexa53_0/lib/xusbpsu_hibernation.o psu_cortexa53_0/lib/xusbpsu_intr.o psu_cortexa53_0/lib/xusbpsu_sinit.o ps
TRACE::2025-12-25.08:10:57::SCWBDomain::u_cortexa53_0/lib/xvidc.o psu_cortexa53_0/lib/xvidc_edid.o psu_cortexa53_0/lib/xvidc_edid_ext.o psu_cortexa53_0/lib/xvidc_parse
TRACE::2025-12-25.08:10:57::SCWBDomain::_edid.o psu_cortexa53_0/lib/xvidc_timings_table.o psu_cortexa53_0/lib/xzdma.o psu_cortexa53_0/lib/xzdma_g.o psu_cortexa53_0/lib
TRACE::2025-12-25.08:10:57::SCWBDomain::/xzdma_intr.o psu_cortexa53_0/lib/xzdma_selftest.o psu_cortexa53_0/lib/xzdma_sinit.o

TRACE::2025-12-25.08:10:57::SCWBDomain::Finished building libraries

TRACE::2025-12-25.08:10:57::SCWBDomain::make: Leaving directory '/home/zhou/Desktop/validation_1/vitis/full_system_v0/zynqmp_fsbl/zynqmp_fsbl_bsp'

TRACE::2025-12-25.08:10:57::SCWBDomain::aarch64-none-elf-gcc  -c -MMD -MP      -Wall -fmessage-length=0 -DARMA53_64 -Os -flto -ffat-lto-objects   -c psu_init.c -o psu_
TRACE::2025-12-25.08:10:57::SCWBDomain::init.o -Izynqmp_fsbl_bsp/psu_cortexa53_0/include -I.

TRACE::2025-12-25.08:10:57::SCWBDomain::aarch64-none-elf-gcc  -c -MMD -MP      -Wall -fmessage-length=0 -DARMA53_64 -Os -flto -ffat-lto-objects   -c xfsbl_authenticati
TRACE::2025-12-25.08:10:57::SCWBDomain::on.c -o xfsbl_authentication.o -Izynqmp_fsbl_bsp/psu_cortexa53_0/include -I.

TRACE::2025-12-25.08:10:57::SCWBDomain::aarch64-none-elf-gcc  -c -MMD -MP      -Wall -fmessage-length=0 -DARMA53_64 -Os -flto -ffat-lto-objects   -c xfsbl_board.c -o x
TRACE::2025-12-25.08:10:57::SCWBDomain::fsbl_board.o -Izynqmp_fsbl_bsp/psu_cortexa53_0/include -I.

TRACE::2025-12-25.08:10:57::SCWBDomain::aarch64-none-elf-gcc  -c -MMD -MP      -Wall -fmessage-length=0 -DARMA53_64 -Os -flto -ffat-lto-objects   -c xfsbl_bs.c -o xfsb
TRACE::2025-12-25.08:10:57::SCWBDomain::l_bs.o -Izynqmp_fsbl_bsp/psu_cortexa53_0/include -I.

TRACE::2025-12-25.08:10:57::SCWBDomain::aarch64-none-elf-gcc  -c -MMD -MP      -Wall -fmessage-length=0 -DARMA53_64 -Os -flto -ffat-lto-objects   -c xfsbl_csu_dma.c -o
TRACE::2025-12-25.08:10:57::SCWBDomain:: xfsbl_csu_dma.o -Izynqmp_fsbl_bsp/psu_cortexa53_0/include -I.

TRACE::2025-12-25.08:10:58::SCWBDomain::aarch64-none-elf-gcc  -c -MMD -MP      -Wall -fmessage-length=0 -DARMA53_64 -Os -flto -ffat-lto-objects   -c xfsbl_ddr_init.c -
TRACE::2025-12-25.08:10:58::SCWBDomain::o xfsbl_ddr_init.o -Izynqmp_fsbl_bsp/psu_cortexa53_0/include -I.

TRACE::2025-12-25.08:10:58::SCWBDomain::aarch64-none-elf-gcc  -c -MMD -MP      -Wall -fmessage-length=0 -DARMA53_64 -Os -flto -ffat-lto-objects   -c xfsbl_dfu_util.c -
TRACE::2025-12-25.08:10:58::SCWBDomain::o xfsbl_dfu_util.o -Izynqmp_fsbl_bsp/psu_cortexa53_0/include -I.

TRACE::2025-12-25.08:10:58::SCWBDomain::aarch64-none-elf-gcc  -c -MMD -MP      -Wall -fmessage-length=0 -DARMA53_64 -Os -flto -ffat-lto-objects   -c xfsbl_handoff.c -o
TRACE::2025-12-25.08:10:58::SCWBDomain:: xfsbl_handoff.o -Izynqmp_fsbl_bsp/psu_cortexa53_0/include -I.

TRACE::2025-12-25.08:10:58::SCWBDomain::aarch64-none-elf-gcc  -c -MMD -MP      -Wall -fmessage-length=0 -DARMA53_64 -Os -flto -ffat-lto-objects   -c xfsbl_hooks.c -o x
TRACE::2025-12-25.08:10:58::SCWBDomain::fsbl_hooks.o -Izynqmp_fsbl_bsp/psu_cortexa53_0/include -I.

TRACE::2025-12-25.08:10:58::SCWBDomain::aarch64-none-elf-gcc  -c -MMD -MP      -Wall -fmessage-length=0 -DARMA53_64 -Os -flto -ffat-lto-objects   -c xfsbl_image_header
TRACE::2025-12-25.08:10:58::SCWBDomain::.c -o xfsbl_image_header.o -Izynqmp_fsbl_bsp/psu_cortexa53_0/include -I.

TRACE::2025-12-25.08:10:58::SCWBDomain::aarch64-none-elf-gcc  -c -MMD -MP      -Wall -fmessage-length=0 -DARMA53_64 -Os -flto -ffat-lto-objects   -c xfsbl_initializati
TRACE::2025-12-25.08:10:58::SCWBDomain::on.c -o xfsbl_initialization.o -Izynqmp_fsbl_bsp/psu_cortexa53_0/include -I.

TRACE::2025-12-25.08:10:58::SCWBDomain::aarch64-none-elf-gcc  -c -MMD -MP      -Wall -fmessage-length=0 -DARMA53_64 -Os -flto -ffat-lto-objects   -c xfsbl_main.c -o xf
TRACE::2025-12-25.08:10:58::SCWBDomain::sbl_main.o -Izynqmp_fsbl_bsp/psu_cortexa53_0/include -I.

TRACE::2025-12-25.08:10:58::SCWBDomain::aarch64-none-elf-gcc  -c -MMD -MP      -Wall -fmessage-length=0 -DARMA53_64 -Os -flto -ffat-lto-objects   -c xfsbl_misc.c -o xf
TRACE::2025-12-25.08:10:58::SCWBDomain::sbl_misc.o -Izynqmp_fsbl_bsp/psu_cortexa53_0/include -I.

TRACE::2025-12-25.08:10:58::SCWBDomain::aarch64-none-elf-gcc  -c -MMD -MP      -Wall -fmessage-length=0 -DARMA53_64 -Os -flto -ffat-lto-objects   -c xfsbl_misc_drivers
TRACE::2025-12-25.08:10:58::SCWBDomain::.c -o xfsbl_misc_drivers.o -Izynqmp_fsbl_bsp/psu_cortexa53_0/include -I.

TRACE::2025-12-25.08:10:58::SCWBDomain::aarch64-none-elf-gcc  -c -MMD -MP      -Wall -fmessage-length=0 -DARMA53_64 -Os -flto -ffat-lto-objects   -c xfsbl_nand.c -o xf
TRACE::2025-12-25.08:10:58::SCWBDomain::sbl_nand.o -Izynqmp_fsbl_bsp/psu_cortexa53_0/include -I.

TRACE::2025-12-25.08:10:58::SCWBDomain::aarch64-none-elf-gcc  -c -MMD -MP      -Wall -fmessage-length=0 -DARMA53_64 -Os -flto -ffat-lto-objects   -c xfsbl_partition_lo
TRACE::2025-12-25.08:10:58::SCWBDomain::ad.c -o xfsbl_partition_load.o -Izynqmp_fsbl_bsp/psu_cortexa53_0/include -I.

TRACE::2025-12-25.08:10:58::SCWBDomain::aarch64-none-elf-gcc  -c -MMD -MP      -Wall -fmessage-length=0 -DARMA53_64 -Os -flto -ffat-lto-objects   -c xfsbl_plpartition_
TRACE::2025-12-25.08:10:58::SCWBDomain::valid.c -o xfsbl_plpartition_valid.o -Izynqmp_fsbl_bsp/psu_cortexa53_0/include -I.

TRACE::2025-12-25.08:10:58::SCWBDomain::aarch64-none-elf-gcc  -c -MMD -MP      -Wall -fmessage-length=0 -DARMA53_64 -Os -flto -ffat-lto-objects   -c xfsbl_qspi.c -o xf
TRACE::2025-12-25.08:10:58::SCWBDomain::sbl_qspi.o -Izynqmp_fsbl_bsp/psu_cortexa53_0/include -I.

TRACE::2025-12-25.08:10:59::SCWBDomain::aarch64-none-elf-gcc  -c -MMD -MP      -Wall -fmessage-length=0 -DARMA53_64 -Os -flto -ffat-lto-objects   -c xfsbl_rsa_sha.c -o
TRACE::2025-12-25.08:10:59::SCWBDomain:: xfsbl_rsa_sha.o -Izynqmp_fsbl_bsp/psu_cortexa53_0/include -I.

TRACE::2025-12-25.08:10:59::SCWBDomain::aarch64-none-elf-gcc  -c -MMD -MP      -Wall -fmessage-length=0 -DARMA53_64 -Os -flto -ffat-lto-objects   -c xfsbl_sd.c -o xfsb
TRACE::2025-12-25.08:10:59::SCWBDomain::l_sd.o -Izynqmp_fsbl_bsp/psu_cortexa53_0/include -I.

TRACE::2025-12-25.08:10:59::SCWBDomain::aarch64-none-elf-gcc  -c -MMD -MP      -Wall -fmessage-length=0 -DARMA53_64 -Os -flto -ffat-lto-objects   -c xfsbl_tpm.c -o xfs
TRACE::2025-12-25.08:10:59::SCWBDomain::bl_tpm.o -Izynqmp_fsbl_bsp/psu_cortexa53_0/include -I.

TRACE::2025-12-25.08:10:59::SCWBDomain::aarch64-none-elf-gcc  -c -MMD -MP      -Wall -fmessage-length=0 -DARMA53_64 -Os -flto -ffat-lto-objects   -c xfsbl_tpm_util.c -
TRACE::2025-12-25.08:10:59::SCWBDomain::o xfsbl_tpm_util.o -Izynqmp_fsbl_bsp/psu_cortexa53_0/include -I.

TRACE::2025-12-25.08:10:59::SCWBDomain::aarch64-none-elf-gcc  -c -MMD -MP      -Wall -fmessage-length=0 -DARMA53_64 -Os -flto -ffat-lto-objects   -c xfsbl_usb.c -o xfs
TRACE::2025-12-25.08:10:59::SCWBDomain::bl_usb.o -Izynqmp_fsbl_bsp/psu_cortexa53_0/include -I.

TRACE::2025-12-25.08:10:59::SCWBDomain::aarch64-none-elf-gcc  -c -MMD -MP      -Wall -fmessage-length=0 -DARMA53_64 -Os -flto -ffat-lto-objects   -c xfsbl_exit.S -o xf
TRACE::2025-12-25.08:10:59::SCWBDomain::sbl_exit.o -Izynqmp_fsbl_bsp/psu_cortexa53_0/include -I.

TRACE::2025-12-25.08:10:59::SCWBDomain::aarch64-none-elf-gcc  -c -MMD -MP      -Wall -fmessage-length=0 -DARMA53_64 -Os -flto -ffat-lto-objects   -c xfsbl_translation_
TRACE::2025-12-25.08:10:59::SCWBDomain::table.S -o xfsbl_translation_table.o -Izynqmp_fsbl_bsp/psu_cortexa53_0/include -I.

TRACE::2025-12-25.08:10:59::SCWBDomain::aarch64-none-elf-gcc -o fsbl_a53.elf psu_init.o xfsbl_authentication.o xfsbl_board.o xfsbl_bs.o xfsbl_csu_dma.o xfsbl_ddr_init.
TRACE::2025-12-25.08:10:59::SCWBDomain::o xfsbl_dfu_util.o xfsbl_exit.o xfsbl_handoff.o xfsbl_hooks.o xfsbl_image_header.o xfsbl_initialization.o xfsbl_main.o xfsbl_mi
TRACE::2025-12-25.08:10:59::SCWBDomain::sc.o xfsbl_misc_drivers.o xfsbl_nand.o xfsbl_partition_load.o xfsbl_plpartition_valid.o xfsbl_qspi.o xfsbl_rsa_sha.o xfsbl_sd.o
TRACE::2025-12-25.08:10:59::SCWBDomain:: xfsbl_tpm.o xfsbl_tpm_util.o xfsbl_translation_table.o xfsbl_usb.o -MMD -MP      -Wall -fmessage-length=0 -DARMA53_64 -Os -flt
TRACE::2025-12-25.08:10:59::SCWBDomain::o -ffat-lto-objects    -Wl,--start-group,-lxil,-lgcc,-lc,--end-group -Wl,--start-group,-lxilffs,-lxil,-lgcc,-lc,--end-group -Wl
TRACE::2025-12-25.08:10:59::SCWBDomain::,--start-group,-lxilsecure,-lxil,-lgcc,-lc,--end-group -Wl,--start-group,-lxilpm,-lxil,-lgcc,-lc,--end-group                   
TRACE::2025-12-25.08:10:59::SCWBDomain::                                                                                                 -n  -Wl,--gc-sections -Lzynqmp
TRACE::2025-12-25.08:10:59::SCWBDomain::_fsbl_bsp/psu_cortexa53_0/lib -Tlscript.ld

LOG::2025-12-25.08:11:00::SCWSystem::Checking the domain zynqmp_pmufw
LOG::2025-12-25.08:11:00::SCWSystem::Doing application build for :  zynqmp_pmufw
TRACE::2025-12-25.08:11:00::SCWBDomain::Not a forced makefile updation, No changes are present. 
TRACE::2025-12-25.08:11:00::SCWDomain::Building the domain as part of full build :  zynqmp_pmufw
TRACE::2025-12-25.08:11:00::SCWPlatform::Trying to open the hw design at /home/zhou/Desktop/validation_1/vitis/full_system_v0/hw/new_system_v1_wrapper.xsa
TRACE::2025-12-25.08:11:00::SCWPlatform::DSA given /home/zhou/Desktop/validation_1/vitis/full_system_v0/hw/new_system_v1_wrapper.xsa
TRACE::2025-12-25.08:11:00::SCWPlatform::DSA absoulate path /home/zhou/Desktop/validation_1/vitis/full_system_v0/hw/new_system_v1_wrapper.xsa
TRACE::2025-12-25.08:11:00::SCWPlatform::DSA directory /home/zhou/Desktop/validation_1/vitis/full_system_v0/hw
TRACE::2025-12-25.08:11:00::SCWPlatform:: Platform Path /home/zhou/Desktop/validation_1/vitis/full_system_v0/hw/new_system_v1_wrapper.xsa
TRACE::2025-12-25.08:11:00::SCWPlatform:: Unique name xilinx:::0.0
TRACE::2025-12-25.08:11:00::SCWPlatform::Trying to set the existing hwdb with name gemm_v0_wrapper_0
TRACE::2025-12-25.08:11:00::SCWPlatform::Opened existing hwdb gemm_v0_wrapper_0
TRACE::2025-12-25.08:11:00::SCWPlatform::Found the Hw Db part of the input DSA
TRACE::2025-12-25.08:11:00::SCWMssOS::Checking the sw design at  /home/zhou/Desktop/validation_1/vitis/full_system_v0/zynqmp_pmufw/zynqmp_pmufw_bsp/system.mss
TRACE::2025-12-25.08:11:00::SCWMssOS::DEBUG:  swdes dump  /home/zhou/Desktop/validation_1/vitis/full_system_v0/psu_cortexa53_0/standalone_domain/bsp/system.mss|system_1||
/home/zhou/Desktop/validation_1/vitis/full_system_v0/zynqmp_fsbl/zynqmp_fsbl_bsp/system.mss|system||
/home/zhou/Desktop/validation_1/vitis/full_system_v0/zynqmp_pmufw/zynqmp_pmufw_bsp/system.mss|system_0||

TRACE::2025-12-25.08:11:00::SCWMssOS::Sw design exists and opened at  /home/zhou/Desktop/validation_1/vitis/full_system_v0/zynqmp_pmufw/zynqmp_pmufw_bsp/system.mss
TRACE::2025-12-25.08:11:00::SCWBDomain::Completed writing the mss file at /home/zhou/Desktop/validation_1/vitis/full_system_v0/zynqmp_pmufw/zynqmp_pmufw_bsp
TRACE::2025-12-25.08:11:00::SCWBDomain::bsp generated is stale removing and regenerating. 
KEYINFO::2025-12-25.08:11:02::SCWMssOS::Removing file /home/zhou/Desktop/validation_1/vitis/full_system_v0/zynqmp_pmufw/zynqmp_pmufw_bsp/system_0.mss
TRACE::2025-12-25.08:11:02::SCWBDomain::Updating the makefile used for building the Application zynqmp_pmufw
TRACE::2025-12-25.08:11:02::SCWPlatform::Trying to open the hw design at /home/zhou/Desktop/validation_1/vitis/full_system_v0/hw/new_system_v1_wrapper.xsa
TRACE::2025-12-25.08:11:02::SCWPlatform::DSA given /home/zhou/Desktop/validation_1/vitis/full_system_v0/hw/new_system_v1_wrapper.xsa
TRACE::2025-12-25.08:11:02::SCWPlatform::DSA absoulate path /home/zhou/Desktop/validation_1/vitis/full_system_v0/hw/new_system_v1_wrapper.xsa
TRACE::2025-12-25.08:11:02::SCWPlatform::DSA directory /home/zhou/Desktop/validation_1/vitis/full_system_v0/hw
TRACE::2025-12-25.08:11:02::SCWPlatform:: Platform Path /home/zhou/Desktop/validation_1/vitis/full_system_v0/hw/new_system_v1_wrapper.xsa
TRACE::2025-12-25.08:11:02::SCWPlatform:: Unique name xilinx:::0.0
TRACE::2025-12-25.08:11:02::SCWPlatform::Trying to set the existing hwdb with name gemm_v0_wrapper_0
TRACE::2025-12-25.08:11:02::SCWPlatform::Opened existing hwdb gemm_v0_wrapper_0
TRACE::2025-12-25.08:11:02::SCWPlatform::Found the Hw Db part of the input DSA
TRACE::2025-12-25.08:11:02::SCWMssOS::Checking the sw design at  /home/zhou/Desktop/validation_1/vitis/full_system_v0/zynqmp_pmufw/zynqmp_pmufw_bsp/system.mss
TRACE::2025-12-25.08:11:02::SCWMssOS::DEBUG:  swdes dump  /home/zhou/Desktop/validation_1/vitis/full_system_v0/psu_cortexa53_0/standalone_domain/bsp/system.mss|system_1||
/home/zhou/Desktop/validation_1/vitis/full_system_v0/zynqmp_fsbl/zynqmp_fsbl_bsp/system.mss|system||

TRACE::2025-12-25.08:11:02::SCWMssOS::No sw design opened at  /home/zhou/Desktop/validation_1/vitis/full_system_v0/zynqmp_pmufw/zynqmp_pmufw_bsp/system.mss
TRACE::2025-12-25.08:11:02::SCWMssOS::mss exists loading the mss file  /home/zhou/Desktop/validation_1/vitis/full_system_v0/zynqmp_pmufw/zynqmp_pmufw_bsp/system.mss
TRACE::2025-12-25.08:11:02::SCWMssOS::Opened the sw design from mss  /home/zhou/Desktop/validation_1/vitis/full_system_v0/zynqmp_pmufw/zynqmp_pmufw_bsp/system.mss
TRACE::2025-12-25.08:11:02::SCWMssOS::Adding the swdes entry /home/zhou/Desktop/validation_1/vitis/full_system_v0/zynqmp_pmufw/zynqmp_pmufw_bsp/system.mss with des name system
TRACE::2025-12-25.08:11:02::SCWMssOS::updating the scw layer about changes
TRACE::2025-12-25.08:11:02::SCWMssOS::Opened the sw design.  /home/zhou/Desktop/validation_1/vitis/full_system_v0/zynqmp_pmufw/zynqmp_pmufw_bsp/system.mss
TRACE::2025-12-25.08:11:03::SCWBDomain::removing the temporary location in _platform.
TRACE::2025-12-25.08:11:03::SCWBDomain::Makefile is Updated.
TRACE::2025-12-25.08:11:03::SCWBDomain::doing clean.
TRACE::2025-12-25.08:11:03::SCWBDomain::System Command Ran  cd  /home/zhou/Desktop/validation_1/vitis/full_system_v0/zynqmp_pmufw ; bash -c "make  clean" 
TRACE::2025-12-25.08:11:03::SCWBDomain::rm -rf  idle_hooks.o  pm_binding.o  pm_callbacks.o  pm_clock.o  pm_config.o  pm_core.o  pm_csudma.o  pm_ddr.o  pm_extern.o  pm_
TRACE::2025-12-25.08:11:03::SCWBDomain::gic_proxy.o  pm_gpp.o  pm_hooks.o  pm_ioctl.o  pm_master.o  pm_mmio_access.o  pm_node.o  pm_node_reset.o  pm_notifier.o  pm_per
TRACE::2025-12-25.08:11:03::SCWBDomain::iph.o  pm_pinctrl.o  pm_pll.o  pm_power.o  pm_proc.o  pm_qspi.o  pm_requirement.o  pm_reset.o  pm_slave.o  pm_sram.o  pm_system
TRACE::2025-12-25.08:11:03::SCWBDomain::.o  pm_usb.o  xpfw_aib.o  xpfw_core.o  xpfw_error_manager.o  xpfw_events.o  xpfw_interrupts.o  xpfw_ipi_manager.o  xpfw_main.o 
TRACE::2025-12-25.08:11:03::SCWBDomain:: xpfw_mod_common.o  xpfw_mod_dap.o  xpfw_mod_em.o  xpfw_mod_extwdt.o  xpfw_mod_legacy.o  xpfw_mod_overtemp.o  xpfw_mod_pm.o  xp
TRACE::2025-12-25.08:11:03::SCWBDomain::fw_mod_rpu.o  xpfw_mod_rtc.o  xpfw_mod_sched.o  xpfw_mod_stl.o  xpfw_module.o  xpfw_mod_ultra96.o  xpfw_mod_wdt.o  xpfw_platfor
TRACE::2025-12-25.08:11:03::SCWBDomain::m.o  xpfw_resets.o  xpfw_restart.o  xpfw_rom_interface.o  xpfw_scheduler.o  xpfw_user_startup.o  xpfw_util.o  xpfw_xpu.o  xpfw_
TRACE::2025-12-25.08:11:03::SCWBDomain::start.o zynqmp_pmufw_bsp/psu_pmu_0/lib/libxil.a pmufw.elf *.o

TRACE::2025-12-25.08:11:03::SCWBDomain::System Command Ran  cd  /home/zhou/Desktop/validation_1/vitis/full_system_v0/zynqmp_pmufw ; bash -c " make -C zynqmp_pmufw_bsp ; make  " 
TRACE::2025-12-25.08:11:03::SCWBDomain::make: Entering directory '/home/zhou/Desktop/validation_1/vitis/full_system_v0/zynqmp_pmufw/zynqmp_pmufw_bsp'

TRACE::2025-12-25.08:11:03::SCWBDomain::make --no-print-directory seq_libs

TRACE::2025-12-25.08:11:03::SCWBDomain::Running Make include in psu_pmu_0/libsrc/avbuf_v2_6/src

TRACE::2025-12-25.08:11:03::SCWBDomain::make -C psu_pmu_0/libsrc/avbuf_v2_6/src -s include  "SHELL=/bin/sh" "COMPILER=mb-gcc" "ASSEMBLER=mb-as" "ARCHIVER=mb-ar" "COMPI
TRACE::2025-12-25.08:11:03::SCWBDomain::LER_FLAGS=  -O2 -c -mcpu=v9.2 -mlittle-endian -mxl-barrel-shift -mxl-pattern-compare -mxl-soft-mul" "EXTRA_COMPILER_FLAGS=-g -f
TRACE::2025-12-25.08:11:03::SCWBDomain::function-sections -fdata-sections -Wall -Wextra -fno-tree-loop-distribute-patterns  -Os -flto -ffat-lto-objects"

TRACE::2025-12-25.08:11:03::SCWBDomain::Running Make include in psu_pmu_0/libsrc/axipmon_v6_11/src

TRACE::2025-12-25.08:11:03::SCWBDomain::make -C psu_pmu_0/libsrc/axipmon_v6_11/src -s include  "SHELL=/bin/sh" "COMPILER=mb-gcc" "ASSEMBLER=mb-as" "ARCHIVER=mb-ar" "CO
TRACE::2025-12-25.08:11:03::SCWBDomain::MPILER_FLAGS=  -O2 -c -mcpu=v9.2 -mlittle-endian -mxl-barrel-shift -mxl-pattern-compare -mxl-soft-mul" "EXTRA_COMPILER_FLAGS=-g
TRACE::2025-12-25.08:11:03::SCWBDomain:: -ffunction-sections -fdata-sections -Wall -Wextra -fno-tree-loop-distribute-patterns  -Os -flto -ffat-lto-objects"

TRACE::2025-12-25.08:11:03::SCWBDomain::Running Make include in psu_pmu_0/libsrc/bram_v4_11/src

TRACE::2025-12-25.08:11:03::SCWBDomain::make -C psu_pmu_0/libsrc/bram_v4_11/src -s include  "SHELL=/bin/sh" "COMPILER=mb-gcc" "ASSEMBLER=mb-as" "ARCHIVER=mb-ar" "COMPI
TRACE::2025-12-25.08:11:03::SCWBDomain::LER_FLAGS=  -O2 -c -mcpu=v9.2 -mlittle-endian -mxl-barrel-shift -mxl-pattern-compare -mxl-soft-mul" "EXTRA_COMPILER_FLAGS=-g -f
TRACE::2025-12-25.08:11:03::SCWBDomain::function-sections -fdata-sections -Wall -Wextra -fno-tree-loop-distribute-patterns  -Os -flto -ffat-lto-objects"

TRACE::2025-12-25.08:11:03::SCWBDomain::Running Make include in psu_pmu_0/libsrc/clockps_v1_6/src

TRACE::2025-12-25.08:11:03::SCWBDomain::make -C psu_pmu_0/libsrc/clockps_v1_6/src -s include  "SHELL=/bin/sh" "COMPILER=mb-gcc" "ASSEMBLER=mb-as" "ARCHIVER=mb-ar" "COM
TRACE::2025-12-25.08:11:03::SCWBDomain::PILER_FLAGS=  -O2 -c -mcpu=v9.2 -mlittle-endian -mxl-barrel-shift -mxl-pattern-compare -mxl-soft-mul" "EXTRA_COMPILER_FLAGS=-g 
TRACE::2025-12-25.08:11:03::SCWBDomain::-ffunction-sections -fdata-sections -Wall -Wextra -fno-tree-loop-distribute-patterns  -Os -flto -ffat-lto-objects"

TRACE::2025-12-25.08:11:03::SCWBDomain::Running Make include in psu_pmu_0/libsrc/cpu_v2_18/src

TRACE::2025-12-25.08:11:03::SCWBDomain::make -C psu_pmu_0/libsrc/cpu_v2_18/src -s include  "SHELL=/bin/sh" "COMPILER=mb-gcc" "ASSEMBLER=mb-as" "ARCHIVER=mb-ar" "COMPIL
TRACE::2025-12-25.08:11:03::SCWBDomain::ER_FLAGS=  -O2 -c -mcpu=v9.2 -mlittle-endian -mxl-barrel-shift -mxl-pattern-compare -mxl-soft-mul" "EXTRA_COMPILER_FLAGS=-g -ff
TRACE::2025-12-25.08:11:03::SCWBDomain::unction-sections -fdata-sections -Wall -Wextra -fno-tree-loop-distribute-patterns  -Os -flto -ffat-lto-objects"

TRACE::2025-12-25.08:11:03::SCWBDomain::Running Make include in psu_pmu_0/libsrc/csudma_v1_16/src

TRACE::2025-12-25.08:11:03::SCWBDomain::make -C psu_pmu_0/libsrc/csudma_v1_16/src -s include  "SHELL=/bin/sh" "COMPILER=mb-gcc" "ASSEMBLER=mb-as" "ARCHIVER=mb-ar" "COM
TRACE::2025-12-25.08:11:03::SCWBDomain::PILER_FLAGS=  -O2 -c -mcpu=v9.2 -mlittle-endian -mxl-barrel-shift -mxl-pattern-compare -mxl-soft-mul" "EXTRA_COMPILER_FLAGS=-g 
TRACE::2025-12-25.08:11:03::SCWBDomain::-ffunction-sections -fdata-sections -Wall -Wextra -fno-tree-loop-distribute-patterns  -Os -flto -ffat-lto-objects"

TRACE::2025-12-25.08:11:03::SCWBDomain::Running Make include in psu_pmu_0/libsrc/data_mover_v1_0/src

TRACE::2025-12-25.08:11:03::SCWBDomain::make -C psu_pmu_0/libsrc/data_mover_v1_0/src -s include  "SHELL=/bin/sh" "COMPILER=mb-gcc" "ASSEMBLER=mb-as" "ARCHIVER=mb-ar" "
TRACE::2025-12-25.08:11:03::SCWBDomain::COMPILER_FLAGS=  -O2 -c -mcpu=v9.2 -mlittle-endian -mxl-barrel-shift -mxl-pattern-compare -mxl-soft-mul" "EXTRA_COMPILER_FLAGS=
TRACE::2025-12-25.08:11:03::SCWBDomain::-g -ffunction-sections -fdata-sections -Wall -Wextra -fno-tree-loop-distribute-patterns  -Os -flto -ffat-lto-objects"

TRACE::2025-12-25.08:11:03::SCWBDomain::Running Make include in psu_pmu_0/libsrc/ddrcpsu_v1_7/src

TRACE::2025-12-25.08:11:03::SCWBDomain::make -C psu_pmu_0/libsrc/ddrcpsu_v1_7/src -s include  "SHELL=/bin/sh" "COMPILER=mb-gcc" "ASSEMBLER=mb-as" "ARCHIVER=mb-ar" "COM
TRACE::2025-12-25.08:11:03::SCWBDomain::PILER_FLAGS=  -O2 -c -mcpu=v9.2 -mlittle-endian -mxl-barrel-shift -mxl-pattern-compare -mxl-soft-mul" "EXTRA_COMPILER_FLAGS=-g 
TRACE::2025-12-25.08:11:03::SCWBDomain::-ffunction-sections -fdata-sections -Wall -Wextra -fno-tree-loop-distribute-patterns  -Os -flto -ffat-lto-objects"

TRACE::2025-12-25.08:11:03::SCWBDomain::Running Make include in psu_pmu_0/libsrc/dpdma_v1_6/src

TRACE::2025-12-25.08:11:03::SCWBDomain::make -C psu_pmu_0/libsrc/dpdma_v1_6/src -s include  "SHELL=/bin/sh" "COMPILER=mb-gcc" "ASSEMBLER=mb-as" "ARCHIVER=mb-ar" "COMPI
TRACE::2025-12-25.08:11:03::SCWBDomain::LER_FLAGS=  -O2 -c -mcpu=v9.2 -mlittle-endian -mxl-barrel-shift -mxl-pattern-compare -mxl-soft-mul" "EXTRA_COMPILER_FLAGS=-g -f
TRACE::2025-12-25.08:11:03::SCWBDomain::function-sections -fdata-sections -Wall -Wextra -fno-tree-loop-distribute-patterns  -Os -flto -ffat-lto-objects"

TRACE::2025-12-25.08:11:03::SCWBDomain::Running Make include in psu_pmu_0/libsrc/dppsu_v1_7/src

TRACE::2025-12-25.08:11:03::SCWBDomain::make -C psu_pmu_0/libsrc/dppsu_v1_7/src -s include  "SHELL=/bin/sh" "COMPILER=mb-gcc" "ASSEMBLER=mb-as" "ARCHIVER=mb-ar" "COMPI
TRACE::2025-12-25.08:11:03::SCWBDomain::LER_FLAGS=  -O2 -c -mcpu=v9.2 -mlittle-endian -mxl-barrel-shift -mxl-pattern-compare -mxl-soft-mul" "EXTRA_COMPILER_FLAGS=-g -f
TRACE::2025-12-25.08:11:03::SCWBDomain::function-sections -fdata-sections -Wall -Wextra -fno-tree-loop-distribute-patterns  -Os -flto -ffat-lto-objects"

TRACE::2025-12-25.08:11:03::SCWBDomain::Running Make include in psu_pmu_0/libsrc/emacps_v3_21/src

TRACE::2025-12-25.08:11:03::SCWBDomain::make -C psu_pmu_0/libsrc/emacps_v3_21/src -s include  "SHELL=/bin/sh" "COMPILER=mb-gcc" "ASSEMBLER=mb-as" "ARCHIVER=mb-ar" "COM
TRACE::2025-12-25.08:11:03::SCWBDomain::PILER_FLAGS=  -O2 -c -mcpu=v9.2 -mlittle-endian -mxl-barrel-shift -mxl-pattern-compare -mxl-soft-mul" "EXTRA_COMPILER_FLAGS=-g 
TRACE::2025-12-25.08:11:03::SCWBDomain::-ffunction-sections -fdata-sections -Wall -Wextra -fno-tree-loop-distribute-patterns  -Os -flto -ffat-lto-objects"

TRACE::2025-12-25.08:11:03::SCWBDomain::Running Make include in psu_pmu_0/libsrc/gpiops_v3_13/src

TRACE::2025-12-25.08:11:03::SCWBDomain::make -C psu_pmu_0/libsrc/gpiops_v3_13/src -s include  "SHELL=/bin/sh" "COMPILER=mb-gcc" "ASSEMBLER=mb-as" "ARCHIVER=mb-ar" "COM
TRACE::2025-12-25.08:11:03::SCWBDomain::PILER_FLAGS=  -O2 -c -mcpu=v9.2 -mlittle-endian -mxl-barrel-shift -mxl-pattern-compare -mxl-soft-mul" "EXTRA_COMPILER_FLAGS=-g 
TRACE::2025-12-25.08:11:03::SCWBDomain::-ffunction-sections -fdata-sections -Wall -Wextra -fno-tree-loop-distribute-patterns  -Os -flto -ffat-lto-objects"

TRACE::2025-12-25.08:11:03::SCWBDomain::Running Make include in psu_pmu_0/libsrc/iicps_v3_20/src

TRACE::2025-12-25.08:11:03::SCWBDomain::make -C psu_pmu_0/libsrc/iicps_v3_20/src -s include  "SHELL=/bin/sh" "COMPILER=mb-gcc" "ASSEMBLER=mb-as" "ARCHIVER=mb-ar" "COMP
TRACE::2025-12-25.08:11:03::SCWBDomain::ILER_FLAGS=  -O2 -c -mcpu=v9.2 -mlittle-endian -mxl-barrel-shift -mxl-pattern-compare -mxl-soft-mul" "EXTRA_COMPILER_FLAGS=-g -
TRACE::2025-12-25.08:11:03::SCWBDomain::ffunction-sections -fdata-sections -Wall -Wextra -fno-tree-loop-distribute-patterns  -Os -flto -ffat-lto-objects"

TRACE::2025-12-25.08:11:03::SCWBDomain::Running Make include in psu_pmu_0/libsrc/ipipsu_v2_16/src

TRACE::2025-12-25.08:11:03::SCWBDomain::make -C psu_pmu_0/libsrc/ipipsu_v2_16/src -s include  "SHELL=/bin/sh" "COMPILER=mb-gcc" "ASSEMBLER=mb-as" "ARCHIVER=mb-ar" "COM
TRACE::2025-12-25.08:11:03::SCWBDomain::PILER_FLAGS=  -O2 -c -mcpu=v9.2 -mlittle-endian -mxl-barrel-shift -mxl-pattern-compare -mxl-soft-mul" "EXTRA_COMPILER_FLAGS=-g 
TRACE::2025-12-25.08:11:03::SCWBDomain::-ffunction-sections -fdata-sections -Wall -Wextra -fno-tree-loop-distribute-patterns  -Os -flto -ffat-lto-objects"

TRACE::2025-12-25.08:11:03::SCWBDomain::Running Make include in psu_pmu_0/libsrc/pciepsu_v2_0/src

TRACE::2025-12-25.08:11:03::SCWBDomain::make -C psu_pmu_0/libsrc/pciepsu_v2_0/src -s include  "SHELL=/bin/sh" "COMPILER=mb-gcc" "ASSEMBLER=mb-as" "ARCHIVER=mb-ar" "COM
TRACE::2025-12-25.08:11:03::SCWBDomain::PILER_FLAGS=  -O2 -c -mcpu=v9.2 -mlittle-endian -mxl-barrel-shift -mxl-pattern-compare -mxl-soft-mul" "EXTRA_COMPILER_FLAGS=-g 
TRACE::2025-12-25.08:11:03::SCWBDomain::-ffunction-sections -fdata-sections -Wall -Wextra -fno-tree-loop-distribute-patterns  -Os -flto -ffat-lto-objects"

TRACE::2025-12-25.08:11:03::SCWBDomain::Running Make include in psu_pmu_0/libsrc/qspipsu_v1_20/src

TRACE::2025-12-25.08:11:03::SCWBDomain::make -C psu_pmu_0/libsrc/qspipsu_v1_20/src -s include  "SHELL=/bin/sh" "COMPILER=mb-gcc" "ASSEMBLER=mb-as" "ARCHIVER=mb-ar" "CO
TRACE::2025-12-25.08:11:03::SCWBDomain::MPILER_FLAGS=  -O2 -c -mcpu=v9.2 -mlittle-endian -mxl-barrel-shift -mxl-pattern-compare -mxl-soft-mul" "EXTRA_COMPILER_FLAGS=-g
TRACE::2025-12-25.08:11:03::SCWBDomain:: -ffunction-sections -fdata-sections -Wall -Wextra -fno-tree-loop-distribute-patterns  -Os -flto -ffat-lto-objects"

TRACE::2025-12-25.08:11:03::SCWBDomain::Running Make include in psu_pmu_0/libsrc/resetps_v1_7/src

TRACE::2025-12-25.08:11:03::SCWBDomain::make -C psu_pmu_0/libsrc/resetps_v1_7/src -s include  "SHELL=/bin/sh" "COMPILER=mb-gcc" "ASSEMBLER=mb-as" "ARCHIVER=mb-ar" "COM
TRACE::2025-12-25.08:11:03::SCWBDomain::PILER_FLAGS=  -O2 -c -mcpu=v9.2 -mlittle-endian -mxl-barrel-shift -mxl-pattern-compare -mxl-soft-mul" "EXTRA_COMPILER_FLAGS=-g 
TRACE::2025-12-25.08:11:03::SCWBDomain::-ffunction-sections -fdata-sections -Wall -Wextra -fno-tree-loop-distribute-patterns  -Os -flto -ffat-lto-objects"

TRACE::2025-12-25.08:11:03::SCWBDomain::Running Make include in psu_pmu_0/libsrc/rtcpsu_v1_14/src

TRACE::2025-12-25.08:11:03::SCWBDomain::make -C psu_pmu_0/libsrc/rtcpsu_v1_14/src -s include  "SHELL=/bin/sh" "COMPILER=mb-gcc" "ASSEMBLER=mb-as" "ARCHIVER=mb-ar" "COM
TRACE::2025-12-25.08:11:03::SCWBDomain::PILER_FLAGS=  -O2 -c -mcpu=v9.2 -mlittle-endian -mxl-barrel-shift -mxl-pattern-compare -mxl-soft-mul" "EXTRA_COMPILER_FLAGS=-g 
TRACE::2025-12-25.08:11:03::SCWBDomain::-ffunction-sections -fdata-sections -Wall -Wextra -fno-tree-loop-distribute-patterns  -Os -flto -ffat-lto-objects"

TRACE::2025-12-25.08:11:03::SCWBDomain::Running Make include in psu_pmu_0/libsrc/sdps_v4_4/src

TRACE::2025-12-25.08:11:03::SCWBDomain::make -C psu_pmu_0/libsrc/sdps_v4_4/src -s include  "SHELL=/bin/sh" "COMPILER=mb-gcc" "ASSEMBLER=mb-as" "ARCHIVER=mb-ar" "COMPIL
TRACE::2025-12-25.08:11:03::SCWBDomain::ER_FLAGS=  -O2 -c -mcpu=v9.2 -mlittle-endian -mxl-barrel-shift -mxl-pattern-compare -mxl-soft-mul" "EXTRA_COMPILER_FLAGS=-g -ff
TRACE::2025-12-25.08:11:03::SCWBDomain::unction-sections -fdata-sections -Wall -Wextra -fno-tree-loop-distribute-patterns  -Os -flto -ffat-lto-objects"

TRACE::2025-12-25.08:11:03::SCWBDomain::Running Make include in psu_pmu_0/libsrc/standalone_v9_2/src

TRACE::2025-12-25.08:11:03::SCWBDomain::make -C psu_pmu_0/libsrc/standalone_v9_2/src -s include  "SHELL=/bin/sh" "COMPILER=mb-gcc" "ASSEMBLER=mb-as" "ARCHIVER=mb-ar" "
TRACE::2025-12-25.08:11:03::SCWBDomain::COMPILER_FLAGS=  -O2 -c -mcpu=v9.2 -mlittle-endian -mxl-barrel-shift -mxl-pattern-compare -mxl-soft-mul" "EXTRA_COMPILER_FLAGS=
TRACE::2025-12-25.08:11:03::SCWBDomain::-g -ffunction-sections -fdata-sections -Wall -Wextra -fno-tree-loop-distribute-patterns  -Os -flto -ffat-lto-objects"

TRACE::2025-12-25.08:11:03::SCWBDomain::Running Make include in psu_pmu_0/libsrc/sysmonpsu_v3_0/src

TRACE::2025-12-25.08:11:03::SCWBDomain::make -C psu_pmu_0/libsrc/sysmonpsu_v3_0/src -s include  "SHELL=/bin/sh" "COMPILER=mb-gcc" "ASSEMBLER=mb-as" "ARCHIVER=mb-ar" "C
TRACE::2025-12-25.08:11:03::SCWBDomain::OMPILER_FLAGS=  -O2 -c -mcpu=v9.2 -mlittle-endian -mxl-barrel-shift -mxl-pattern-compare -mxl-soft-mul" "EXTRA_COMPILER_FLAGS=-
TRACE::2025-12-25.08:11:03::SCWBDomain::g -ffunction-sections -fdata-sections -Wall -Wextra -fno-tree-loop-distribute-patterns  -Os -flto -ffat-lto-objects"

TRACE::2025-12-25.08:11:03::SCWBDomain::Running Make include in psu_pmu_0/libsrc/ttcps_v3_20/src

TRACE::2025-12-25.08:11:03::SCWBDomain::make -C psu_pmu_0/libsrc/ttcps_v3_20/src -s include  "SHELL=/bin/sh" "COMPILER=mb-gcc" "ASSEMBLER=mb-as" "ARCHIVER=mb-ar" "COMP
TRACE::2025-12-25.08:11:03::SCWBDomain::ILER_FLAGS=  -O2 -c -mcpu=v9.2 -mlittle-endian -mxl-barrel-shift -mxl-pattern-compare -mxl-soft-mul" "EXTRA_COMPILER_FLAGS=-g -
TRACE::2025-12-25.08:11:03::SCWBDomain::ffunction-sections -fdata-sections -Wall -Wextra -fno-tree-loop-distribute-patterns  -Os -flto -ffat-lto-objects"

TRACE::2025-12-25.08:11:03::SCWBDomain::Running Make include in psu_pmu_0/libsrc/uartps_v3_15/src

TRACE::2025-12-25.08:11:03::SCWBDomain::make -C psu_pmu_0/libsrc/uartps_v3_15/src -s include  "SHELL=/bin/sh" "COMPILER=mb-gcc" "ASSEMBLER=mb-as" "ARCHIVER=mb-ar" "COM
TRACE::2025-12-25.08:11:03::SCWBDomain::PILER_FLAGS=  -O2 -c -mcpu=v9.2 -mlittle-endian -mxl-barrel-shift -mxl-pattern-compare -mxl-soft-mul" "EXTRA_COMPILER_FLAGS=-g 
TRACE::2025-12-25.08:11:03::SCWBDomain::-ffunction-sections -fdata-sections -Wall -Wextra -fno-tree-loop-distribute-patterns  -Os -flto -ffat-lto-objects"

TRACE::2025-12-25.08:11:03::SCWBDomain::Running Make include in psu_pmu_0/libsrc/usbpsu_v1_16/src

TRACE::2025-12-25.08:11:03::SCWBDomain::make -C psu_pmu_0/libsrc/usbpsu_v1_16/src -s include  "SHELL=/bin/sh" "COMPILER=mb-gcc" "ASSEMBLER=mb-as" "ARCHIVER=mb-ar" "COM
TRACE::2025-12-25.08:11:03::SCWBDomain::PILER_FLAGS=  -O2 -c -mcpu=v9.2 -mlittle-endian -mxl-barrel-shift -mxl-pattern-compare -mxl-soft-mul" "EXTRA_COMPILER_FLAGS=-g 
TRACE::2025-12-25.08:11:03::SCWBDomain::-ffunction-sections -fdata-sections -Wall -Wextra -fno-tree-loop-distribute-patterns  -Os -flto -ffat-lto-objects"

TRACE::2025-12-25.08:11:03::SCWBDomain::Running Make include in psu_pmu_0/libsrc/video_common_v4_16/src

TRACE::2025-12-25.08:11:03::SCWBDomain::make -C psu_pmu_0/libsrc/video_common_v4_16/src -s include  "SHELL=/bin/sh" "COMPILER=mb-gcc" "ASSEMBLER=mb-as" "ARCHIVER=mb-ar
TRACE::2025-12-25.08:11:03::SCWBDomain::" "COMPILER_FLAGS=  -O2 -c -mcpu=v9.2 -mlittle-endian -mxl-barrel-shift -mxl-pattern-compare -mxl-soft-mul" "EXTRA_COMPILER_FLA
TRACE::2025-12-25.08:11:03::SCWBDomain::GS=-g -ffunction-sections -fdata-sections -Wall -Wextra -fno-tree-loop-distribute-patterns  -Os -flto -ffat-lto-objects"

TRACE::2025-12-25.08:11:03::SCWBDomain::Running Make include in psu_pmu_0/libsrc/xilfpga_v6_7/src

TRACE::2025-12-25.08:11:03::SCWBDomain::make -C psu_pmu_0/libsrc/xilfpga_v6_7/src -s include  "SHELL=/bin/sh" "COMPILER=mb-gcc" "ASSEMBLER=mb-as" "ARCHIVER=mb-ar" "COM
TRACE::2025-12-25.08:11:03::SCWBDomain::PILER_FLAGS=  -O2 -c -mcpu=v9.2 -mlittle-endian -mxl-barrel-shift -mxl-pattern-compare -mxl-soft-mul" "EXTRA_COMPILER_FLAGS=-g 
TRACE::2025-12-25.08:11:03::SCWBDomain::-ffunction-sections -fdata-sections -Wall -Wextra -fno-tree-loop-distribute-patterns  -Os -flto -ffat-lto-objects"

TRACE::2025-12-25.08:11:03::SCWBDomain::Running Make include in psu_pmu_0/libsrc/xilsecure_v5_4/src

TRACE::2025-12-25.08:11:03::SCWBDomain::make -C psu_pmu_0/libsrc/xilsecure_v5_4/src -s include  "SHELL=/bin/sh" "COMPILER=mb-gcc" "ASSEMBLER=mb-as" "ARCHIVER=mb-ar" "C
TRACE::2025-12-25.08:11:03::SCWBDomain::OMPILER_FLAGS=  -O2 -c -mcpu=v9.2 -mlittle-endian -mxl-barrel-shift -mxl-pattern-compare -mxl-soft-mul" "EXTRA_COMPILER_FLAGS=-
TRACE::2025-12-25.08:11:03::SCWBDomain::g -ffunction-sections -fdata-sections -Wall -Wextra -fno-tree-loop-distribute-patterns  -Os -flto -ffat-lto-objects"

TRACE::2025-12-25.08:11:03::SCWBDomain::Running Make include in psu_pmu_0/libsrc/xilskey_v7_6/src

TRACE::2025-12-25.08:11:03::SCWBDomain::make -C psu_pmu_0/libsrc/xilskey_v7_6/src -s include  "SHELL=/bin/sh" "COMPILER=mb-gcc" "ASSEMBLER=mb-as" "ARCHIVER=mb-ar" "COM
TRACE::2025-12-25.08:11:03::SCWBDomain::PILER_FLAGS=  -O2 -c -mcpu=v9.2 -mlittle-endian -mxl-barrel-shift -mxl-pattern-compare -mxl-soft-mul" "EXTRA_COMPILER_FLAGS=-g 
TRACE::2025-12-25.08:11:03::SCWBDomain::-ffunction-sections -fdata-sections -Wall -Wextra -fno-tree-loop-distribute-patterns  -Os -flto -ffat-lto-objects"

TRACE::2025-12-25.08:11:03::SCWBDomain::Running Make include in psu_pmu_0/libsrc/zdma_v1_19/src

TRACE::2025-12-25.08:11:03::SCWBDomain::make -C psu_pmu_0/libsrc/zdma_v1_19/src -s include  "SHELL=/bin/sh" "COMPILER=mb-gcc" "ASSEMBLER=mb-as" "ARCHIVER=mb-ar" "COMPI
TRACE::2025-12-25.08:11:03::SCWBDomain::LER_FLAGS=  -O2 -c -mcpu=v9.2 -mlittle-endian -mxl-barrel-shift -mxl-pattern-compare -mxl-soft-mul" "EXTRA_COMPILER_FLAGS=-g -f
TRACE::2025-12-25.08:11:03::SCWBDomain::function-sections -fdata-sections -Wall -Wextra -fno-tree-loop-distribute-patterns  -Os -flto -ffat-lto-objects"

TRACE::2025-12-25.08:11:03::SCWBDomain::Running Make libs in psu_pmu_0/libsrc/dpdma_v1_6/src

TRACE::2025-12-25.08:11:03::SCWBDomain::make -C psu_pmu_0/libsrc/dpdma_v1_6/src -s libs  "SHELL=/bin/sh" "COMPILER=mb-gcc" "ASSEMBLER=mb-as" "ARCHIVER=mb-ar" "COMPILER
TRACE::2025-12-25.08:11:03::SCWBDomain::_FLAGS=  -O2 -c -mcpu=v9.2 -mlittle-endian -mxl-barrel-shift -mxl-pattern-compare -mxl-soft-mul" "EXTRA_COMPILER_FLAGS=-g -ffun
TRACE::2025-12-25.08:11:03::SCWBDomain::ction-sections -fdata-sections -Wall -Wextra -fno-tree-loop-distribute-patterns  -Os -flto -ffat-lto-objects"

TRACE::2025-12-25.08:11:03::SCWBDomain::Compiling dpdma

TRACE::2025-12-25.08:11:04::SCWBDomain::Running Make libs in psu_pmu_0/libsrc/avbuf_v2_6/src

TRACE::2025-12-25.08:11:04::SCWBDomain::make -C psu_pmu_0/libsrc/avbuf_v2_6/src -s libs  "SHELL=/bin/sh" "COMPILER=mb-gcc" "ASSEMBLER=mb-as" "ARCHIVER=mb-ar" "COMPILER
TRACE::2025-12-25.08:11:04::SCWBDomain::_FLAGS=  -O2 -c -mcpu=v9.2 -mlittle-endian -mxl-barrel-shift -mxl-pattern-compare -mxl-soft-mul" "EXTRA_COMPILER_FLAGS=-g -ffun
TRACE::2025-12-25.08:11:04::SCWBDomain::ction-sections -fdata-sections -Wall -Wextra -fno-tree-loop-distribute-patterns  -Os -flto -ffat-lto-objects"

TRACE::2025-12-25.08:11:04::SCWBDomain::Compiling avbuf

TRACE::2025-12-25.08:11:04::SCWBDomain::Running Make libs in psu_pmu_0/libsrc/xilskey_v7_6/src

TRACE::2025-12-25.08:11:04::SCWBDomain::make -C psu_pmu_0/libsrc/xilskey_v7_6/src -s libs  "SHELL=/bin/sh" "COMPILER=mb-gcc" "ASSEMBLER=mb-as" "ARCHIVER=mb-ar" "COMPIL
TRACE::2025-12-25.08:11:04::SCWBDomain::ER_FLAGS=  -O2 -c -mcpu=v9.2 -mlittle-endian -mxl-barrel-shift -mxl-pattern-compare -mxl-soft-mul" "EXTRA_COMPILER_FLAGS=-g -ff
TRACE::2025-12-25.08:11:04::SCWBDomain::unction-sections -fdata-sections -Wall -Wextra -fno-tree-loop-distribute-patterns  -Os -flto -ffat-lto-objects"

TRACE::2025-12-25.08:11:04::SCWBDomain::Compiling Xilskey Library

TRACE::2025-12-25.08:11:04::SCWBDomain::Running Make libs in psu_pmu_0/libsrc/data_mover_v1_0/src

TRACE::2025-12-25.08:11:04::SCWBDomain::make -C psu_pmu_0/libsrc/data_mover_v1_0/src -s libs  "SHELL=/bin/sh" "COMPILER=mb-gcc" "ASSEMBLER=mb-as" "ARCHIVER=mb-ar" "COM
TRACE::2025-12-25.08:11:04::SCWBDomain::PILER_FLAGS=  -O2 -c -mcpu=v9.2 -mlittle-endian -mxl-barrel-shift -mxl-pattern-compare -mxl-soft-mul" "EXTRA_COMPILER_FLAGS=-g 
TRACE::2025-12-25.08:11:04::SCWBDomain::-ffunction-sections -fdata-sections -Wall -Wextra -fno-tree-loop-distribute-patterns  -Os -flto -ffat-lto-objects"

TRACE::2025-12-25.08:11:04::SCWBDomain::Building data_mover

TRACE::2025-12-25.08:11:04::SCWBDomain::Running Make libs in psu_pmu_0/libsrc/xilsecure_v5_4/src

TRACE::2025-12-25.08:11:04::SCWBDomain::make -C psu_pmu_0/libsrc/xilsecure_v5_4/src -s libs  "SHELL=/bin/sh" "COMPILER=mb-gcc" "ASSEMBLER=mb-as" "ARCHIVER=mb-ar" "COMP
TRACE::2025-12-25.08:11:04::SCWBDomain::ILER_FLAGS=  -O2 -c -mcpu=v9.2 -mlittle-endian -mxl-barrel-shift -mxl-pattern-compare -mxl-soft-mul" "EXTRA_COMPILER_FLAGS=-g -
TRACE::2025-12-25.08:11:04::SCWBDomain::ffunction-sections -fdata-sections -Wall -Wextra -fno-tree-loop-distribute-patterns  -Os -flto -ffat-lto-objects"

TRACE::2025-12-25.08:11:04::SCWBDomain::Compiling XilSecure Library

TRACE::2025-12-25.08:11:05::SCWBDomain::Running Make libs in psu_pmu_0/libsrc/dppsu_v1_7/src

TRACE::2025-12-25.08:11:05::SCWBDomain::make -C psu_pmu_0/libsrc/dppsu_v1_7/src -s libs  "SHELL=/bin/sh" "COMPILER=mb-gcc" "ASSEMBLER=mb-as" "ARCHIVER=mb-ar" "COMPILER
TRACE::2025-12-25.08:11:05::SCWBDomain::_FLAGS=  -O2 -c -mcpu=v9.2 -mlittle-endian -mxl-barrel-shift -mxl-pattern-compare -mxl-soft-mul" "EXTRA_COMPILER_FLAGS=-g -ffun
TRACE::2025-12-25.08:11:05::SCWBDomain::ction-sections -fdata-sections -Wall -Wextra -fno-tree-loop-distribute-patterns  -Os -flto -ffat-lto-objects"

TRACE::2025-12-25.08:11:05::SCWBDomain::Compiling dppsu

TRACE::2025-12-25.08:11:06::SCWBDomain::Finished building libraries sequentially.

TRACE::2025-12-25.08:11:06::SCWBDomain::make -j 22 --no-print-directory par_libs

TRACE::2025-12-25.08:11:06::SCWBDomain::Running Make include in psu_pmu_0/libsrc/avbuf_v2_6/src

TRACE::2025-12-25.08:11:06::SCWBDomain::make -C psu_pmu_0/libsrc/avbuf_v2_6/src -s include  "SHELL=/bin/sh" "COMPILER=mb-gcc" "ASSEMBLER=mb-as" "ARCHIVER=mb-ar" "COMPI
TRACE::2025-12-25.08:11:06::SCWBDomain::LER_FLAGS=  -O2 -c -mcpu=v9.2 -mlittle-endian -mxl-barrel-shift -mxl-pattern-compare -mxl-soft-mul" "EXTRA_COMPILER_FLAGS=-g -f
TRACE::2025-12-25.08:11:06::SCWBDomain::function-sections -fdata-sections -Wall -Wextra -fno-tree-loop-distribute-patterns  -Os -flto -ffat-lto-objects"

TRACE::2025-12-25.08:11:06::SCWBDomain::Running Make include in psu_pmu_0/libsrc/axipmon_v6_11/src

TRACE::2025-12-25.08:11:06::SCWBDomain::Running Make include in psu_pmu_0/libsrc/bram_v4_11/src

TRACE::2025-12-25.08:11:06::SCWBDomain::make -C psu_pmu_0/libsrc/axipmon_v6_11/src -s include  "SHELL=/bin/sh" "COMPILER=mb-gcc" "ASSEMBLER=mb-as" "ARCHIVER=mb-ar" "CO
TRACE::2025-12-25.08:11:06::SCWBDomain::MPILER_FLAGS=  -O2 -c -mcpu=v9.2 -mlittle-endian -mxl-barrel-shift -mxl-pattern-compare -mxl-soft-mul" "EXTRA_COMPILER_FLAGS=-g
TRACE::2025-12-25.08:11:06::SCWBDomain:: -ffunction-sections -fdata-sections -Wall -Wextra -fno-tree-loop-distribute-patterns  -Os -flto -ffat-lto-objects"

TRACE::2025-12-25.08:11:06::SCWBDomain::Running Make include in psu_pmu_0/libsrc/clockps_v1_6/src

TRACE::2025-12-25.08:11:06::SCWBDomain::make -C psu_pmu_0/libsrc/bram_v4_11/src -s include  "SHELL=/bin/sh" "COMPILER=mb-gcc" "ASSEMBLER=mb-as" "ARCHIVER=mb-ar" "COMPI
TRACE::2025-12-25.08:11:06::SCWBDomain::LER_FLAGS=  -O2 -c -mcpu=v9.2 -mlittle-endian -mxl-barrel-shift -mxl-pattern-compare -mxl-soft-mul" "EXTRA_COMPILER_FLAGS=-g -f
TRACE::2025-12-25.08:11:06::SCWBDomain::function-sections -fdata-sections -Wall -Wextra -fno-tree-loop-distribute-patterns  -Os -flto -ffat-lto-objects"

TRACE::2025-12-25.08:11:06::SCWBDomain::make -C psu_pmu_0/libsrc/clockps_v1_6/src -s include  "SHELL=/bin/sh" "COMPILER=mb-gcc" "ASSEMBLER=mb-as" "ARCHIVER=mb-ar" "COM
TRACE::2025-12-25.08:11:06::SCWBDomain::PILER_FLAGS=  -O2 -c -mcpu=v9.2 -mlittle-endian -mxl-barrel-shift -mxl-pattern-compare -mxl-soft-mul" "EXTRA_COMPILER_FLAGS=-g 
TRACE::2025-12-25.08:11:06::SCWBDomain::-ffunction-sections -fdata-sections -Wall -Wextra -fno-tree-loop-distribute-patterns  -Os -flto -ffat-lto-objects"

TRACE::2025-12-25.08:11:06::SCWBDomain::Running Make include in psu_pmu_0/libsrc/cpu_v2_18/src

TRACE::2025-12-25.08:11:06::SCWBDomain::make -C psu_pmu_0/libsrc/cpu_v2_18/src -s include  "SHELL=/bin/sh" "COMPILER=mb-gcc" "ASSEMBLER=mb-as" "ARCHIVER=mb-ar" "COMPIL
TRACE::2025-12-25.08:11:06::SCWBDomain::ER_FLAGS=  -O2 -c -mcpu=v9.2 -mlittle-endian -mxl-barrel-shift -mxl-pattern-compare -mxl-soft-mul" "EXTRA_COMPILER_FLAGS=-g -ff
TRACE::2025-12-25.08:11:06::SCWBDomain::unction-sections -fdata-sections -Wall -Wextra -fno-tree-loop-distribute-patterns  -Os -flto -ffat-lto-objects"

TRACE::2025-12-25.08:11:06::SCWBDomain::Running Make include in psu_pmu_0/libsrc/csudma_v1_16/src

TRACE::2025-12-25.08:11:06::SCWBDomain::make -C psu_pmu_0/libsrc/csudma_v1_16/src -s include  "SHELL=/bin/sh" "COMPILER=mb-gcc" "ASSEMBLER=mb-as" "ARCHIVER=mb-ar" "COM
TRACE::2025-12-25.08:11:06::SCWBDomain::PILER_FLAGS=  -O2 -c -mcpu=v9.2 -mlittle-endian -mxl-barrel-shift -mxl-pattern-compare -mxl-soft-mul" "EXTRA_COMPILER_FLAGS=-g 
TRACE::2025-12-25.08:11:06::SCWBDomain::-ffunction-sections -fdata-sections -Wall -Wextra -fno-tree-loop-distribute-patterns  -Os -flto -ffat-lto-objects"

TRACE::2025-12-25.08:11:06::SCWBDomain::Running Make include in psu_pmu_0/libsrc/ddrcpsu_v1_7/src

TRACE::2025-12-25.08:11:06::SCWBDomain::Running Make include in psu_pmu_0/libsrc/data_mover_v1_0/src

TRACE::2025-12-25.08:11:06::SCWBDomain::make -C psu_pmu_0/libsrc/data_mover_v1_0/src -s include  "SHELL=/bin/sh" "COMPILER=mb-gcc" "ASSEMBLER=mb-as" "ARCHIVER=mb-ar" "
TRACE::2025-12-25.08:11:06::SCWBDomain::COMPILER_FLAGS=  -O2 -c -mcpu=v9.2 -mlittle-endian -mxl-barrel-shift -mxl-pattern-compare -mxl-soft-mul" "EXTRA_COMPILER_FLAGS=
TRACE::2025-12-25.08:11:06::SCWBDomain::-g -ffunction-sections -fdata-sections -Wall -Wextra -fno-tree-loop-distribute-patterns  -Os -flto -ffat-lto-objects"

TRACE::2025-12-25.08:11:06::SCWBDomain::Running Make include in psu_pmu_0/libsrc/dpdma_v1_6/src

TRACE::2025-12-25.08:11:06::SCWBDomain::make -C psu_pmu_0/libsrc/ddrcpsu_v1_7/src -s include  "SHELL=/bin/sh" "COMPILER=mb-gcc" "ASSEMBLER=mb-as" "ARCHIVER=mb-ar" "COM
TRACE::2025-12-25.08:11:06::SCWBDomain::PILER_FLAGS=  -O2 -c -mcpu=v9.2 -mlittle-endian -mxl-barrel-shift -mxl-pattern-compare -mxl-soft-mul" "EXTRA_COMPILER_FLAGS=-g 
TRACE::2025-12-25.08:11:06::SCWBDomain::-ffunction-sections -fdata-sections -Wall -Wextra -fno-tree-loop-distribute-patterns  -Os -flto -ffat-lto-objects"

TRACE::2025-12-25.08:11:06::SCWBDomain::make -C psu_pmu_0/libsrc/dpdma_v1_6/src -s include  "SHELL=/bin/sh" "COMPILER=mb-gcc" "ASSEMBLER=mb-as" "ARCHIVER=mb-ar" "COMPI
TRACE::2025-12-25.08:11:06::SCWBDomain::LER_FLAGS=  -O2 -c -mcpu=v9.2 -mlittle-endian -mxl-barrel-shift -mxl-pattern-compare -mxl-soft-mul" "EXTRA_COMPILER_FLAGS=-g -f
TRACE::2025-12-25.08:11:06::SCWBDomain::function-sections -fdata-sections -Wall -Wextra -fno-tree-loop-distribute-patterns  -Os -flto -ffat-lto-objects"

TRACE::2025-12-25.08:11:06::SCWBDomain::Running Make include in psu_pmu_0/libsrc/emacps_v3_21/src

TRACE::2025-12-25.08:11:06::SCWBDomain::make -C psu_pmu_0/libsrc/emacps_v3_21/src -s include  "SHELL=/bin/sh" "COMPILER=mb-gcc" "ASSEMBLER=mb-as" "ARCHIVER=mb-ar" "COM
TRACE::2025-12-25.08:11:06::SCWBDomain::PILER_FLAGS=  -O2 -c -mcpu=v9.2 -mlittle-endian -mxl-barrel-shift -mxl-pattern-compare -mxl-soft-mul" "EXTRA_COMPILER_FLAGS=-g 
TRACE::2025-12-25.08:11:06::SCWBDomain::-ffunction-sections -fdata-sections -Wall -Wextra -fno-tree-loop-distribute-patterns  -Os -flto -ffat-lto-objects"

TRACE::2025-12-25.08:11:06::SCWBDomain::Running Make include in psu_pmu_0/libsrc/dppsu_v1_7/src

TRACE::2025-12-25.08:11:06::SCWBDomain::make -C psu_pmu_0/libsrc/dppsu_v1_7/src -s include  "SHELL=/bin/sh" "COMPILER=mb-gcc" "ASSEMBLER=mb-as" "ARCHIVER=mb-ar" "COMPI
TRACE::2025-12-25.08:11:06::SCWBDomain::LER_FLAGS=  -O2 -c -mcpu=v9.2 -mlittle-endian -mxl-barrel-shift -mxl-pattern-compare -mxl-soft-mul" "EXTRA_COMPILER_FLAGS=-g -f
TRACE::2025-12-25.08:11:06::SCWBDomain::function-sections -fdata-sections -Wall -Wextra -fno-tree-loop-distribute-patterns  -Os -flto -ffat-lto-objects"

TRACE::2025-12-25.08:11:06::SCWBDomain::Running Make include in psu_pmu_0/libsrc/gpiops_v3_13/src

TRACE::2025-12-25.08:11:06::SCWBDomain::Running Make include in psu_pmu_0/libsrc/iicps_v3_20/src

TRACE::2025-12-25.08:11:06::SCWBDomain::make -C psu_pmu_0/libsrc/gpiops_v3_13/src -s include  "SHELL=/bin/sh" "COMPILER=mb-gcc" "ASSEMBLER=mb-as" "ARCHIVER=mb-ar" "COM
TRACE::2025-12-25.08:11:06::SCWBDomain::PILER_FLAGS=  -O2 -c -mcpu=v9.2 -mlittle-endian -mxl-barrel-shift -mxl-pattern-compare -mxl-soft-mul" "EXTRA_COMPILER_FLAGS=-g 
TRACE::2025-12-25.08:11:06::SCWBDomain::-ffunction-sections -fdata-sections -Wall -Wextra -fno-tree-loop-distribute-patterns  -Os -flto -ffat-lto-objects"

TRACE::2025-12-25.08:11:06::SCWBDomain::make -C psu_pmu_0/libsrc/iicps_v3_20/src -s include  "SHELL=/bin/sh" "COMPILER=mb-gcc" "ASSEMBLER=mb-as" "ARCHIVER=mb-ar" "COMP
TRACE::2025-12-25.08:11:06::SCWBDomain::ILER_FLAGS=  -O2 -c -mcpu=v9.2 -mlittle-endian -mxl-barrel-shift -mxl-pattern-compare -mxl-soft-mul" "EXTRA_COMPILER_FLAGS=-g -
TRACE::2025-12-25.08:11:06::SCWBDomain::ffunction-sections -fdata-sections -Wall -Wextra -fno-tree-loop-distribute-patterns  -Os -flto -ffat-lto-objects"

TRACE::2025-12-25.08:11:06::SCWBDomain::Running Make include in psu_pmu_0/libsrc/ipipsu_v2_16/src

TRACE::2025-12-25.08:11:06::SCWBDomain::Running Make include in psu_pmu_0/libsrc/pciepsu_v2_0/src

TRACE::2025-12-25.08:11:06::SCWBDomain::Running Make include in psu_pmu_0/libsrc/qspipsu_v1_20/src

TRACE::2025-12-25.08:11:06::SCWBDomain::make -C psu_pmu_0/libsrc/ipipsu_v2_16/src -s include  "SHELL=/bin/sh" "COMPILER=mb-gcc" "ASSEMBLER=mb-as" "ARCHIVER=mb-ar" "COM
TRACE::2025-12-25.08:11:06::SCWBDomain::PILER_FLAGS=  -O2 -c -mcpu=v9.2 -mlittle-endian -mxl-barrel-shift -mxl-pattern-compare -mxl-soft-mul" "EXTRA_COMPILER_FLAGS=-g 
TRACE::2025-12-25.08:11:06::SCWBDomain::-ffunction-sections -fdata-sections -Wall -Wextra -fno-tree-loop-distribute-patterns  -Os -flto -ffat-lto-objects"

TRACE::2025-12-25.08:11:06::SCWBDomain::make -C psu_pmu_0/libsrc/pciepsu_v2_0/src -s include  "SHELL=/bin/sh" "COMPILER=mb-gcc" "ASSEMBLER=mb-as" "ARCHIVER=mb-ar" "COM
TRACE::2025-12-25.08:11:06::SCWBDomain::PILER_FLAGS=  -O2 -c -mcpu=v9.2 -mlittle-endian -mxl-barrel-shift -mxl-pattern-compare -mxl-soft-mul" "EXTRA_COMPILER_FLAGS=-g 
TRACE::2025-12-25.08:11:06::SCWBDomain::-ffunction-sections -fdata-sections -Wall -Wextra -fno-tree-loop-distribute-patterns  -Os -flto -ffat-lto-objects"

TRACE::2025-12-25.08:11:06::SCWBDomain::make -C psu_pmu_0/libsrc/qspipsu_v1_20/src -s include  "SHELL=/bin/sh" "COMPILER=mb-gcc" "ASSEMBLER=mb-as" "ARCHIVER=mb-ar" "CO
TRACE::2025-12-25.08:11:06::SCWBDomain::MPILER_FLAGS=  -O2 -c -mcpu=v9.2 -mlittle-endian -mxl-barrel-shift -mxl-pattern-compare -mxl-soft-mul" "EXTRA_COMPILER_FLAGS=-g
TRACE::2025-12-25.08:11:06::SCWBDomain:: -ffunction-sections -fdata-sections -Wall -Wextra -fno-tree-loop-distribute-patterns  -Os -flto -ffat-lto-objects"

TRACE::2025-12-25.08:11:06::SCWBDomain::Running Make include in psu_pmu_0/libsrc/resetps_v1_7/src

TRACE::2025-12-25.08:11:06::SCWBDomain::make -C psu_pmu_0/libsrc/resetps_v1_7/src -s include  "SHELL=/bin/sh" "COMPILER=mb-gcc" "ASSEMBLER=mb-as" "ARCHIVER=mb-ar" "COM
TRACE::2025-12-25.08:11:06::SCWBDomain::PILER_FLAGS=  -O2 -c -mcpu=v9.2 -mlittle-endian -mxl-barrel-shift -mxl-pattern-compare -mxl-soft-mul" "EXTRA_COMPILER_FLAGS=-g 
TRACE::2025-12-25.08:11:06::SCWBDomain::-ffunction-sections -fdata-sections -Wall -Wextra -fno-tree-loop-distribute-patterns  -Os -flto -ffat-lto-objects"

TRACE::2025-12-25.08:11:06::SCWBDomain::Running Make include in psu_pmu_0/libsrc/rtcpsu_v1_14/src

TRACE::2025-12-25.08:11:06::SCWBDomain::Running Make include in psu_pmu_0/libsrc/sdps_v4_4/src

TRACE::2025-12-25.08:11:06::SCWBDomain::make -C psu_pmu_0/libsrc/rtcpsu_v1_14/src -s include  "SHELL=/bin/sh" "COMPILER=mb-gcc" "ASSEMBLER=mb-as" "ARCHIVER=mb-ar" "COM
TRACE::2025-12-25.08:11:06::SCWBDomain::PILER_FLAGS=  -O2 -c -mcpu=v9.2 -mlittle-endian -mxl-barrel-shift -mxl-pattern-compare -mxl-soft-mul" "EXTRA_COMPILER_FLAGS=-g 
TRACE::2025-12-25.08:11:06::SCWBDomain::-ffunction-sections -fdata-sections -Wall -Wextra -fno-tree-loop-distribute-patterns  -Os -flto -ffat-lto-objects"

TRACE::2025-12-25.08:11:06::SCWBDomain::Running Make include in psu_pmu_0/libsrc/standalone_v9_2/src

TRACE::2025-12-25.08:11:06::SCWBDomain::make -C psu_pmu_0/libsrc/sdps_v4_4/src -s include  "SHELL=/bin/sh" "COMPILER=mb-gcc" "ASSEMBLER=mb-as" "ARCHIVER=mb-ar" "COMPIL
TRACE::2025-12-25.08:11:06::SCWBDomain::ER_FLAGS=  -O2 -c -mcpu=v9.2 -mlittle-endian -mxl-barrel-shift -mxl-pattern-compare -mxl-soft-mul" "EXTRA_COMPILER_FLAGS=-g -ff
TRACE::2025-12-25.08:11:06::SCWBDomain::unction-sections -fdata-sections -Wall -Wextra -fno-tree-loop-distribute-patterns  -Os -flto -ffat-lto-objects"

TRACE::2025-12-25.08:11:06::SCWBDomain::make -C psu_pmu_0/libsrc/standalone_v9_2/src -s include  "SHELL=/bin/sh" "COMPILER=mb-gcc" "ASSEMBLER=mb-as" "ARCHIVER=mb-ar" "
TRACE::2025-12-25.08:11:06::SCWBDomain::COMPILER_FLAGS=  -O2 -c -mcpu=v9.2 -mlittle-endian -mxl-barrel-shift -mxl-pattern-compare -mxl-soft-mul" "EXTRA_COMPILER_FLAGS=
TRACE::2025-12-25.08:11:06::SCWBDomain::-g -ffunction-sections -fdata-sections -Wall -Wextra -fno-tree-loop-distribute-patterns  -Os -flto -ffat-lto-objects"

TRACE::2025-12-25.08:11:06::SCWBDomain::Running Make include in psu_pmu_0/libsrc/sysmonpsu_v3_0/src

TRACE::2025-12-25.08:11:06::SCWBDomain::make -C psu_pmu_0/libsrc/sysmonpsu_v3_0/src -s include  "SHELL=/bin/sh" "COMPILER=mb-gcc" "ASSEMBLER=mb-as" "ARCHIVER=mb-ar" "C
TRACE::2025-12-25.08:11:06::SCWBDomain::OMPILER_FLAGS=  -O2 -c -mcpu=v9.2 -mlittle-endian -mxl-barrel-shift -mxl-pattern-compare -mxl-soft-mul" "EXTRA_COMPILER_FLAGS=-
TRACE::2025-12-25.08:11:06::SCWBDomain::g -ffunction-sections -fdata-sections -Wall -Wextra -fno-tree-loop-distribute-patterns  -Os -flto -ffat-lto-objects"

TRACE::2025-12-25.08:11:06::SCWBDomain::Running Make include in psu_pmu_0/libsrc/ttcps_v3_20/src

TRACE::2025-12-25.08:11:06::SCWBDomain::make -C psu_pmu_0/libsrc/ttcps_v3_20/src -s include  "SHELL=/bin/sh" "COMPILER=mb-gcc" "ASSEMBLER=mb-as" "ARCHIVER=mb-ar" "COMP
TRACE::2025-12-25.08:11:06::SCWBDomain::ILER_FLAGS=  -O2 -c -mcpu=v9.2 -mlittle-endian -mxl-barrel-shift -mxl-pattern-compare -mxl-soft-mul" "EXTRA_COMPILER_FLAGS=-g -
TRACE::2025-12-25.08:11:06::SCWBDomain::ffunction-sections -fdata-sections -Wall -Wextra -fno-tree-loop-distribute-patterns  -Os -flto -ffat-lto-objects"

TRACE::2025-12-25.08:11:06::SCWBDomain::Running Make include in psu_pmu_0/libsrc/uartps_v3_15/src

TRACE::2025-12-25.08:11:06::SCWBDomain::make -C psu_pmu_0/libsrc/uartps_v3_15/src -s include  "SHELL=/bin/sh" "COMPILER=mb-gcc" "ASSEMBLER=mb-as" "ARCHIVER=mb-ar" "COM
TRACE::2025-12-25.08:11:06::SCWBDomain::PILER_FLAGS=  -O2 -c -mcpu=v9.2 -mlittle-endian -mxl-barrel-shift -mxl-pattern-compare -mxl-soft-mul" "EXTRA_COMPILER_FLAGS=-g 
TRACE::2025-12-25.08:11:06::SCWBDomain::-ffunction-sections -fdata-sections -Wall -Wextra -fno-tree-loop-distribute-patterns  -Os -flto -ffat-lto-objects"

TRACE::2025-12-25.08:11:06::SCWBDomain::Running Make include in psu_pmu_0/libsrc/usbpsu_v1_16/src

TRACE::2025-12-25.08:11:06::SCWBDomain::make -C psu_pmu_0/libsrc/usbpsu_v1_16/src -s include  "SHELL=/bin/sh" "COMPILER=mb-gcc" "ASSEMBLER=mb-as" "ARCHIVER=mb-ar" "COM
TRACE::2025-12-25.08:11:06::SCWBDomain::PILER_FLAGS=  -O2 -c -mcpu=v9.2 -mlittle-endian -mxl-barrel-shift -mxl-pattern-compare -mxl-soft-mul" "EXTRA_COMPILER_FLAGS=-g 
TRACE::2025-12-25.08:11:06::SCWBDomain::-ffunction-sections -fdata-sections -Wall -Wextra -fno-tree-loop-distribute-patterns  -Os -flto -ffat-lto-objects"

TRACE::2025-12-25.08:11:06::SCWBDomain::Running Make include in psu_pmu_0/libsrc/video_common_v4_16/src

TRACE::2025-12-25.08:11:06::SCWBDomain::make -C psu_pmu_0/libsrc/video_common_v4_16/src -s include  "SHELL=/bin/sh" "COMPILER=mb-gcc" "ASSEMBLER=mb-as" "ARCHIVER=mb-ar
TRACE::2025-12-25.08:11:06::SCWBDomain::" "COMPILER_FLAGS=  -O2 -c -mcpu=v9.2 -mlittle-endian -mxl-barrel-shift -mxl-pattern-compare -mxl-soft-mul" "EXTRA_COMPILER_FLA
TRACE::2025-12-25.08:11:06::SCWBDomain::GS=-g -ffunction-sections -fdata-sections -Wall -Wextra -fno-tree-loop-distribute-patterns  -Os -flto -ffat-lto-objects"

TRACE::2025-12-25.08:11:06::SCWBDomain::Running Make include in psu_pmu_0/libsrc/xilfpga_v6_7/src

TRACE::2025-12-25.08:11:06::SCWBDomain::make -C psu_pmu_0/libsrc/xilfpga_v6_7/src -s include  "SHELL=/bin/sh" "COMPILER=mb-gcc" "ASSEMBLER=mb-as" "ARCHIVER=mb-ar" "COM
TRACE::2025-12-25.08:11:06::SCWBDomain::PILER_FLAGS=  -O2 -c -mcpu=v9.2 -mlittle-endian -mxl-barrel-shift -mxl-pattern-compare -mxl-soft-mul" "EXTRA_COMPILER_FLAGS=-g 
TRACE::2025-12-25.08:11:06::SCWBDomain::-ffunction-sections -fdata-sections -Wall -Wextra -fno-tree-loop-distribute-patterns  -Os -flto -ffat-lto-objects"

TRACE::2025-12-25.08:11:06::SCWBDomain::Running Make include in psu_pmu_0/libsrc/xilsecure_v5_4/src

TRACE::2025-12-25.08:11:06::SCWBDomain::Running Make include in psu_pmu_0/libsrc/xilskey_v7_6/src

TRACE::2025-12-25.08:11:06::SCWBDomain::make -C psu_pmu_0/libsrc/xilsecure_v5_4/src -s include  "SHELL=/bin/sh" "COMPILER=mb-gcc" "ASSEMBLER=mb-as" "ARCHIVER=mb-ar" "C
TRACE::2025-12-25.08:11:06::SCWBDomain::OMPILER_FLAGS=  -O2 -c -mcpu=v9.2 -mlittle-endian -mxl-barrel-shift -mxl-pattern-compare -mxl-soft-mul" "EXTRA_COMPILER_FLAGS=-
TRACE::2025-12-25.08:11:06::SCWBDomain::g -ffunction-sections -fdata-sections -Wall -Wextra -fno-tree-loop-distribute-patterns  -Os -flto -ffat-lto-objects"

TRACE::2025-12-25.08:11:06::SCWBDomain::make -C psu_pmu_0/libsrc/xilskey_v7_6/src -s include  "SHELL=/bin/sh" "COMPILER=mb-gcc" "ASSEMBLER=mb-as" "ARCHIVER=mb-ar" "COM
TRACE::2025-12-25.08:11:06::SCWBDomain::PILER_FLAGS=  -O2 -c -mcpu=v9.2 -mlittle-endian -mxl-barrel-shift -mxl-pattern-compare -mxl-soft-mul" "EXTRA_COMPILER_FLAGS=-g 
TRACE::2025-12-25.08:11:06::SCWBDomain::-ffunction-sections -fdata-sections -Wall -Wextra -fno-tree-loop-distribute-patterns  -Os -flto -ffat-lto-objects"

TRACE::2025-12-25.08:11:06::SCWBDomain::Running Make include in psu_pmu_0/libsrc/zdma_v1_19/src

TRACE::2025-12-25.08:11:06::SCWBDomain::make -C psu_pmu_0/libsrc/zdma_v1_19/src -s include  "SHELL=/bin/sh" "COMPILER=mb-gcc" "ASSEMBLER=mb-as" "ARCHIVER=mb-ar" "COMPI
TRACE::2025-12-25.08:11:06::SCWBDomain::LER_FLAGS=  -O2 -c -mcpu=v9.2 -mlittle-endian -mxl-barrel-shift -mxl-pattern-compare -mxl-soft-mul" "EXTRA_COMPILER_FLAGS=-g -f
TRACE::2025-12-25.08:11:06::SCWBDomain::function-sections -fdata-sections -Wall -Wextra -fno-tree-loop-distribute-patterns  -Os -flto -ffat-lto-objects"

TRACE::2025-12-25.08:11:06::SCWBDomain::Running Make libs in psu_pmu_0/libsrc/axipmon_v6_11/src

TRACE::2025-12-25.08:11:06::SCWBDomain::make -C psu_pmu_0/libsrc/axipmon_v6_11/src -s libs  "SHELL=/bin/sh" "COMPILER=mb-gcc" "ASSEMBLER=mb-as" "ARCHIVER=mb-ar" "COMPI
TRACE::2025-12-25.08:11:06::SCWBDomain::LER_FLAGS=  -O2 -c -mcpu=v9.2 -mlittle-endian -mxl-barrel-shift -mxl-pattern-compare -mxl-soft-mul" "EXTRA_COMPILER_FLAGS=-g -f
TRACE::2025-12-25.08:11:06::SCWBDomain::function-sections -fdata-sections -Wall -Wextra -fno-tree-loop-distribute-patterns  -Os -flto -ffat-lto-objects"

TRACE::2025-12-25.08:11:06::SCWBDomain::Running Make libs in psu_pmu_0/libsrc/bram_v4_11/src

TRACE::2025-12-25.08:11:06::SCWBDomain::make -C psu_pmu_0/libsrc/bram_v4_11/src -s libs  "SHELL=/bin/sh" "COMPILER=mb-gcc" "ASSEMBLER=mb-as" "ARCHIVER=mb-ar" "COMPILER
TRACE::2025-12-25.08:11:06::SCWBDomain::_FLAGS=  -O2 -c -mcpu=v9.2 -mlittle-endian -mxl-barrel-shift -mxl-pattern-compare -mxl-soft-mul" "EXTRA_COMPILER_FLAGS=-g -ffun
TRACE::2025-12-25.08:11:06::SCWBDomain::ction-sections -fdata-sections -Wall -Wextra -fno-tree-loop-distribute-patterns  -Os -flto -ffat-lto-objects"

TRACE::2025-12-25.08:11:06::SCWBDomain::Running Make libs in psu_pmu_0/libsrc/clockps_v1_6/src

TRACE::2025-12-25.08:11:06::SCWBDomain::Running Make libs in psu_pmu_0/libsrc/cpu_v2_18/src

TRACE::2025-12-25.08:11:06::SCWBDomain::make -C psu_pmu_0/libsrc/clockps_v1_6/src -s libs  "SHELL=/bin/sh" "COMPILER=mb-gcc" "ASSEMBLER=mb-as" "ARCHIVER=mb-ar" "COMPIL
TRACE::2025-12-25.08:11:06::SCWBDomain::ER_FLAGS=  -O2 -c -mcpu=v9.2 -mlittle-endian -mxl-barrel-shift -mxl-pattern-compare -mxl-soft-mul" "EXTRA_COMPILER_FLAGS=-g -ff
TRACE::2025-12-25.08:11:06::SCWBDomain::unction-sections -fdata-sections -Wall -Wextra -fno-tree-loop-distribute-patterns  -Os -flto -ffat-lto-objects"

TRACE::2025-12-25.08:11:06::SCWBDomain::make -C psu_pmu_0/libsrc/cpu_v2_18/src -s libs  "SHELL=/bin/sh" "COMPILER=mb-gcc" "ASSEMBLER=mb-as" "ARCHIVER=mb-ar" "COMPILER_
TRACE::2025-12-25.08:11:06::SCWBDomain::FLAGS=  -O2 -c -mcpu=v9.2 -mlittle-endian -mxl-barrel-shift -mxl-pattern-compare -mxl-soft-mul" "EXTRA_COMPILER_FLAGS=-g -ffunc
TRACE::2025-12-25.08:11:06::SCWBDomain::tion-sections -fdata-sections -Wall -Wextra -fno-tree-loop-distribute-patterns  -Os -flto -ffat-lto-objects"

TRACE::2025-12-25.08:11:06::SCWBDomain::Running Make libs in psu_pmu_0/libsrc/csudma_v1_16/src

TRACE::2025-12-25.08:11:06::SCWBDomain::make -C psu_pmu_0/libsrc/csudma_v1_16/src -s libs  "SHELL=/bin/sh" "COMPILER=mb-gcc" "ASSEMBLER=mb-as" "ARCHIVER=mb-ar" "COMPIL
TRACE::2025-12-25.08:11:06::SCWBDomain::ER_FLAGS=  -O2 -c -mcpu=v9.2 -mlittle-endian -mxl-barrel-shift -mxl-pattern-compare -mxl-soft-mul" "EXTRA_COMPILER_FLAGS=-g -ff
TRACE::2025-12-25.08:11:06::SCWBDomain::unction-sections -fdata-sections -Wall -Wextra -fno-tree-loop-distribute-patterns  -Os -flto -ffat-lto-objects"

TRACE::2025-12-25.08:11:06::SCWBDomain::Running Make libs in psu_pmu_0/libsrc/ddrcpsu_v1_7/src

TRACE::2025-12-25.08:11:06::SCWBDomain::Running Make libs in psu_pmu_0/libsrc/emacps_v3_21/src

TRACE::2025-12-25.08:11:06::SCWBDomain::make -C psu_pmu_0/libsrc/ddrcpsu_v1_7/src -s libs  "SHELL=/bin/sh" "COMPILER=mb-gcc" "ASSEMBLER=mb-as" "ARCHIVER=mb-ar" "COMPIL
TRACE::2025-12-25.08:11:06::SCWBDomain::ER_FLAGS=  -O2 -c -mcpu=v9.2 -mlittle-endian -mxl-barrel-shift -mxl-pattern-compare -mxl-soft-mul" "EXTRA_COMPILER_FLAGS=-g -ff
TRACE::2025-12-25.08:11:06::SCWBDomain::unction-sections -fdata-sections -Wall -Wextra -fno-tree-loop-distribute-patterns  -Os -flto -ffat-lto-objects"

TRACE::2025-12-25.08:11:06::SCWBDomain::make -C psu_pmu_0/libsrc/emacps_v3_21/src -s libs  "SHELL=/bin/sh" "COMPILER=mb-gcc" "ASSEMBLER=mb-as" "ARCHIVER=mb-ar" "COMPIL
TRACE::2025-12-25.08:11:06::SCWBDomain::ER_FLAGS=  -O2 -c -mcpu=v9.2 -mlittle-endian -mxl-barrel-shift -mxl-pattern-compare -mxl-soft-mul" "EXTRA_COMPILER_FLAGS=-g -ff
TRACE::2025-12-25.08:11:06::SCWBDomain::unction-sections -fdata-sections -Wall -Wextra -fno-tree-loop-distribute-patterns  -Os -flto -ffat-lto-objects"

TRACE::2025-12-25.08:11:06::SCWBDomain::Running Make libs in psu_pmu_0/libsrc/gpiops_v3_13/src

TRACE::2025-12-25.08:11:06::SCWBDomain::make -C psu_pmu_0/libsrc/gpiops_v3_13/src -s libs  "SHELL=/bin/sh" "COMPILER=mb-gcc" "ASSEMBLER=mb-as" "ARCHIVER=mb-ar" "COMPIL
TRACE::2025-12-25.08:11:06::SCWBDomain::ER_FLAGS=  -O2 -c -mcpu=v9.2 -mlittle-endian -mxl-barrel-shift -mxl-pattern-compare -mxl-soft-mul" "EXTRA_COMPILER_FLAGS=-g -ff
TRACE::2025-12-25.08:11:06::SCWBDomain::unction-sections -fdata-sections -Wall -Wextra -fno-tree-loop-distribute-patterns  -Os -flto -ffat-lto-objects"

TRACE::2025-12-25.08:11:06::SCWBDomain::Running Make libs in psu_pmu_0/libsrc/iicps_v3_20/src

TRACE::2025-12-25.08:11:06::SCWBDomain::make -C psu_pmu_0/libsrc/iicps_v3_20/src -s libs  "SHELL=/bin/sh" "COMPILER=mb-gcc" "ASSEMBLER=mb-as" "ARCHIVER=mb-ar" "COMPILE
TRACE::2025-12-25.08:11:06::SCWBDomain::R_FLAGS=  -O2 -c -mcpu=v9.2 -mlittle-endian -mxl-barrel-shift -mxl-pattern-compare -mxl-soft-mul" "EXTRA_COMPILER_FLAGS=-g -ffu
TRACE::2025-12-25.08:11:06::SCWBDomain::nction-sections -fdata-sections -Wall -Wextra -fno-tree-loop-distribute-patterns  -Os -flto -ffat-lto-objects"

TRACE::2025-12-25.08:11:06::SCWBDomain::Running Make libs in psu_pmu_0/libsrc/pciepsu_v2_0/src

TRACE::2025-12-25.08:11:06::SCWBDomain::Running Make libs in psu_pmu_0/libsrc/ipipsu_v2_16/src

TRACE::2025-12-25.08:11:06::SCWBDomain::make -C psu_pmu_0/libsrc/pciepsu_v2_0/src -s libs  "SHELL=/bin/sh" "COMPILER=mb-gcc" "ASSEMBLER=mb-as" "ARCHIVER=mb-ar" "COMPIL
TRACE::2025-12-25.08:11:06::SCWBDomain::ER_FLAGS=  -O2 -c -mcpu=v9.2 -mlittle-endian -mxl-barrel-shift -mxl-pattern-compare -mxl-soft-mul" "EXTRA_COMPILER_FLAGS=-g -ff
TRACE::2025-12-25.08:11:06::SCWBDomain::unction-sections -fdata-sections -Wall -Wextra -fno-tree-loop-distribute-patterns  -Os -flto -ffat-lto-objects"

TRACE::2025-12-25.08:11:06::SCWBDomain::Running Make libs in psu_pmu_0/libsrc/qspipsu_v1_20/src

TRACE::2025-12-25.08:11:06::SCWBDomain::Running Make libs in psu_pmu_0/libsrc/resetps_v1_7/src

TRACE::2025-12-25.08:11:06::SCWBDomain::make -C psu_pmu_0/libsrc/ipipsu_v2_16/src -s libs  "SHELL=/bin/sh" "COMPILER=mb-gcc" "ASSEMBLER=mb-as" "ARCHIVER=mb-ar" "COMPIL
TRACE::2025-12-25.08:11:06::SCWBDomain::ER_FLAGS=  -O2 -c -mcpu=v9.2 -mlittle-endian -mxl-barrel-shift -mxl-pattern-compare -mxl-soft-mul" "EXTRA_COMPILER_FLAGS=-g -ff
TRACE::2025-12-25.08:11:06::SCWBDomain::unction-sections -fdata-sections -Wall -Wextra -fno-tree-loop-distribute-patterns  -Os -flto -ffat-lto-objects"

TRACE::2025-12-25.08:11:06::SCWBDomain::make -C psu_pmu_0/libsrc/qspipsu_v1_20/src -s libs  "SHELL=/bin/sh" "COMPILER=mb-gcc" "ASSEMBLER=mb-as" "ARCHIVER=mb-ar" "COMPI
TRACE::2025-12-25.08:11:06::SCWBDomain::LER_FLAGS=  -O2 -c -mcpu=v9.2 -mlittle-endian -mxl-barrel-shift -mxl-pattern-compare -mxl-soft-mul" "EXTRA_COMPILER_FLAGS=-g -f
TRACE::2025-12-25.08:11:06::SCWBDomain::function-sections -fdata-sections -Wall -Wextra -fno-tree-loop-distribute-patterns  -Os -flto -ffat-lto-objects"

TRACE::2025-12-25.08:11:06::SCWBDomain::make -C psu_pmu_0/libsrc/resetps_v1_7/src -s libs  "SHELL=/bin/sh" "COMPILER=mb-gcc" "ASSEMBLER=mb-as" "ARCHIVER=mb-ar" "COMPIL
TRACE::2025-12-25.08:11:06::SCWBDomain::ER_FLAGS=  -O2 -c -mcpu=v9.2 -mlittle-endian -mxl-barrel-shift -mxl-pattern-compare -mxl-soft-mul" "EXTRA_COMPILER_FLAGS=-g -ff
TRACE::2025-12-25.08:11:06::SCWBDomain::unction-sections -fdata-sections -Wall -Wextra -fno-tree-loop-distribute-patterns  -Os -flto -ffat-lto-objects"

TRACE::2025-12-25.08:11:06::SCWBDomain::Running Make libs in psu_pmu_0/libsrc/rtcpsu_v1_14/src

TRACE::2025-12-25.08:11:06::SCWBDomain::make -C psu_pmu_0/libsrc/rtcpsu_v1_14/src -s libs  "SHELL=/bin/sh" "COMPILER=mb-gcc" "ASSEMBLER=mb-as" "ARCHIVER=mb-ar" "COMPIL
TRACE::2025-12-25.08:11:06::SCWBDomain::ER_FLAGS=  -O2 -c -mcpu=v9.2 -mlittle-endian -mxl-barrel-shift -mxl-pattern-compare -mxl-soft-mul" "EXTRA_COMPILER_FLAGS=-g -ff
TRACE::2025-12-25.08:11:06::SCWBDomain::unction-sections -fdata-sections -Wall -Wextra -fno-tree-loop-distribute-patterns  -Os -flto -ffat-lto-objects"

TRACE::2025-12-25.08:11:06::SCWBDomain::Running Make libs in psu_pmu_0/libsrc/sdps_v4_4/src

TRACE::2025-12-25.08:11:06::SCWBDomain::make -C psu_pmu_0/libsrc/sdps_v4_4/src -s libs  "SHELL=/bin/sh" "COMPILER=mb-gcc" "ASSEMBLER=mb-as" "ARCHIVER=mb-ar" "COMPILER_
TRACE::2025-12-25.08:11:06::SCWBDomain::FLAGS=  -O2 -c -mcpu=v9.2 -mlittle-endian -mxl-barrel-shift -mxl-pattern-compare -mxl-soft-mul" "EXTRA_COMPILER_FLAGS=-g -ffunc
TRACE::2025-12-25.08:11:06::SCWBDomain::tion-sections -fdata-sections -Wall -Wextra -fno-tree-loop-distribute-patterns  -Os -flto -ffat-lto-objects"

TRACE::2025-12-25.08:11:06::SCWBDomain::Running Make libs in psu_pmu_0/libsrc/standalone_v9_2/src

TRACE::2025-12-25.08:11:06::SCWBDomain::make -C psu_pmu_0/libsrc/standalone_v9_2/src -s libs  "SHELL=/bin/sh" "COMPILER=mb-gcc" "ASSEMBLER=mb-as" "ARCHIVER=mb-ar" "COM
TRACE::2025-12-25.08:11:06::SCWBDomain::PILER_FLAGS=  -O2 -c -mcpu=v9.2 -mlittle-endian -mxl-barrel-shift -mxl-pattern-compare -mxl-soft-mul" "EXTRA_COMPILER_FLAGS=-g 
TRACE::2025-12-25.08:11:06::SCWBDomain::-ffunction-sections -fdata-sections -Wall -Wextra -fno-tree-loop-distribute-patterns  -Os -flto -ffat-lto-objects"

TRACE::2025-12-25.08:11:06::SCWBDomain::Running Make libs in psu_pmu_0/libsrc/sysmonpsu_v3_0/src

TRACE::2025-12-25.08:11:06::SCWBDomain::make -C psu_pmu_0/libsrc/sysmonpsu_v3_0/src -s libs  "SHELL=/bin/sh" "COMPILER=mb-gcc" "ASSEMBLER=mb-as" "ARCHIVER=mb-ar" "COMP
TRACE::2025-12-25.08:11:06::SCWBDomain::ILER_FLAGS=  -O2 -c -mcpu=v9.2 -mlittle-endian -mxl-barrel-shift -mxl-pattern-compare -mxl-soft-mul" "EXTRA_COMPILER_FLAGS=-g -
TRACE::2025-12-25.08:11:06::SCWBDomain::ffunction-sections -fdata-sections -Wall -Wextra -fno-tree-loop-distribute-patterns  -Os -flto -ffat-lto-objects"

TRACE::2025-12-25.08:11:06::SCWBDomain::Running Make libs in psu_pmu_0/libsrc/ttcps_v3_20/src

TRACE::2025-12-25.08:11:06::SCWBDomain::make -C psu_pmu_0/libsrc/ttcps_v3_20/src -s libs  "SHELL=/bin/sh" "COMPILER=mb-gcc" "ASSEMBLER=mb-as" "ARCHIVER=mb-ar" "COMPILE
TRACE::2025-12-25.08:11:06::SCWBDomain::R_FLAGS=  -O2 -c -mcpu=v9.2 -mlittle-endian -mxl-barrel-shift -mxl-pattern-compare -mxl-soft-mul" "EXTRA_COMPILER_FLAGS=-g -ffu
TRACE::2025-12-25.08:11:06::SCWBDomain::nction-sections -fdata-sections -Wall -Wextra -fno-tree-loop-distribute-patterns  -Os -flto -ffat-lto-objects"

TRACE::2025-12-25.08:11:06::SCWBDomain::Running Make libs in psu_pmu_0/libsrc/uartps_v3_15/src

TRACE::2025-12-25.08:11:06::SCWBDomain::make -C psu_pmu_0/libsrc/uartps_v3_15/src -s libs  "SHELL=/bin/sh" "COMPILER=mb-gcc" "ASSEMBLER=mb-as" "ARCHIVER=mb-ar" "COMPIL
TRACE::2025-12-25.08:11:06::SCWBDomain::ER_FLAGS=  -O2 -c -mcpu=v9.2 -mlittle-endian -mxl-barrel-shift -mxl-pattern-compare -mxl-soft-mul" "EXTRA_COMPILER_FLAGS=-g -ff
TRACE::2025-12-25.08:11:06::SCWBDomain::unction-sections -fdata-sections -Wall -Wextra -fno-tree-loop-distribute-patterns  -Os -flto -ffat-lto-objects"

TRACE::2025-12-25.08:11:06::SCWBDomain::Running Make libs in psu_pmu_0/libsrc/usbpsu_v1_16/src

TRACE::2025-12-25.08:11:06::SCWBDomain::make -C psu_pmu_0/libsrc/usbpsu_v1_16/src -s libs  "SHELL=/bin/sh" "COMPILER=mb-gcc" "ASSEMBLER=mb-as" "ARCHIVER=mb-ar" "COMPIL
TRACE::2025-12-25.08:11:06::SCWBDomain::ER_FLAGS=  -O2 -c -mcpu=v9.2 -mlittle-endian -mxl-barrel-shift -mxl-pattern-compare -mxl-soft-mul" "EXTRA_COMPILER_FLAGS=-g -ff
TRACE::2025-12-25.08:11:06::SCWBDomain::unction-sections -fdata-sections -Wall -Wextra -fno-tree-loop-distribute-patterns  -Os -flto -ffat-lto-objects"

TRACE::2025-12-25.08:11:06::SCWBDomain::Running Make libs in psu_pmu_0/libsrc/video_common_v4_16/src

TRACE::2025-12-25.08:11:06::SCWBDomain::make -C psu_pmu_0/libsrc/video_common_v4_16/src -s libs  "SHELL=/bin/sh" "COMPILER=mb-gcc" "ASSEMBLER=mb-as" "ARCHIVER=mb-ar" "
TRACE::2025-12-25.08:11:06::SCWBDomain::COMPILER_FLAGS=  -O2 -c -mcpu=v9.2 -mlittle-endian -mxl-barrel-shift -mxl-pattern-compare -mxl-soft-mul" "EXTRA_COMPILER_FLAGS=
TRACE::2025-12-25.08:11:06::SCWBDomain::-g -ffunction-sections -fdata-sections -Wall -Wextra -fno-tree-loop-distribute-patterns  -Os -flto -ffat-lto-objects"

TRACE::2025-12-25.08:11:06::SCWBDomain::Running Make libs in psu_pmu_0/libsrc/xilfpga_v6_7/src

TRACE::2025-12-25.08:11:06::SCWBDomain::make -C psu_pmu_0/libsrc/xilfpga_v6_7/src -s libs  "SHELL=/bin/sh" "COMPILER=mb-gcc" "ASSEMBLER=mb-as" "ARCHIVER=mb-ar" "COMPIL
TRACE::2025-12-25.08:11:06::SCWBDomain::ER_FLAGS=  -O2 -c -mcpu=v9.2 -mlittle-endian -mxl-barrel-shift -mxl-pattern-compare -mxl-soft-mul" "EXTRA_COMPILER_FLAGS=-g -ff
TRACE::2025-12-25.08:11:06::SCWBDomain::unction-sections -fdata-sections -Wall -Wextra -fno-tree-loop-distribute-patterns  -Os -flto -ffat-lto-objects"

TRACE::2025-12-25.08:11:06::SCWBDomain::Running Make libs in psu_pmu_0/libsrc/zdma_v1_19/src

TRACE::2025-12-25.08:11:06::SCWBDomain::make -C psu_pmu_0/libsrc/zdma_v1_19/src -s libs  "SHELL=/bin/sh" "COMPILER=mb-gcc" "ASSEMBLER=mb-as" "ARCHIVER=mb-ar" "COMPILER
TRACE::2025-12-25.08:11:06::SCWBDomain::_FLAGS=  -O2 -c -mcpu=v9.2 -mlittle-endian -mxl-barrel-shift -mxl-pattern-compare -mxl-soft-mul" "EXTRA_COMPILER_FLAGS=-g -ffun
TRACE::2025-12-25.08:11:06::SCWBDomain::ction-sections -fdata-sections -Wall -Wextra -fno-tree-loop-distribute-patterns  -Os -flto -ffat-lto-objects"

TRACE::2025-12-25.08:11:06::SCWBDomain::DEBUG NON_LTO_OBJECTS is ../../../lib/microblaze_interrupt_handler.o

TRACE::2025-12-25.08:11:06::SCWBDomain::Finished building libraries parallelly.

TRACE::2025-12-25.08:11:06::SCWBDomain::make --no-print-directory archive

TRACE::2025-12-25.08:11:06::SCWBDomain::mb-ar -r  psu_pmu_0/lib/libxil.a psu_pmu_0/lib/_exit.o psu_pmu_0/lib/errno.o psu_pmu_0/lib/fcntl.o psu_pmu_0/lib/hw_exception_h
TRACE::2025-12-25.08:11:06::SCWBDomain::andler.o psu_pmu_0/lib/inbyte.o psu_pmu_0/lib/microblaze_disable_dcache.o psu_pmu_0/lib/microblaze_disable_exceptions.o psu_pmu
TRACE::2025-12-25.08:11:06::SCWBDomain::_0/lib/microblaze_disable_icache.o psu_pmu_0/lib/microblaze_disable_interrupts.o psu_pmu_0/lib/microblaze_enable_dcache.o psu_p
TRACE::2025-12-25.08:11:06::SCWBDomain::mu_0/lib/microblaze_enable_exceptions.o psu_pmu_0/lib/microblaze_enable_icache.o psu_pmu_0/lib/microblaze_enable_interrupts.o p
TRACE::2025-12-25.08:11:06::SCWBDomain::su_pmu_0/lib/microblaze_exception_handler.o psu_pmu_0/lib/microblaze_flush_cache_ext.o psu_pmu_0/lib/microblaze_flush_cache_ext
TRACE::2025-12-25.08:11:06::SCWBDomain::_range.o psu_pmu_0/lib/microblaze_flush_dcache.o psu_pmu_0/lib/microblaze_flush_dcache_range.o psu_pmu_0/lib/microblaze_init_dc
TRACE::2025-12-25.08:11:06::SCWBDomain::ache_range.o psu_pmu_0/lib/microblaze_init_icache_range.o psu_pmu_0/lib/microblaze_interrupt_handler.o psu_pmu_0/lib/microblaze
TRACE::2025-12-25.08:11:06::SCWBDomain::_interrupts_g.o psu_pmu_0/lib/microblaze_invalidate_cache_ext.o psu_pmu_0/lib/microblaze_invalidate_cache_ext_range.o psu_pmu_0
TRACE::2025-12-25.08:11:06::SCWBDomain::/lib/microblaze_invalidate_dcache.o psu_pmu_0/lib/microblaze_invalidate_dcache_range.o psu_pmu_0/lib/microblaze_invalidate_icac
TRACE::2025-12-25.08:11:06::SCWBDomain::he.o psu_pmu_0/lib/microblaze_invalidate_icache_range.o psu_pmu_0/lib/microblaze_scrub.o psu_pmu_0/lib/microblaze_selftest.o ps
TRACE::2025-12-25.08:11:06::SCWBDomain::u_pmu_0/lib/microblaze_sleep.o psu_pmu_0/lib/microblaze_update_dcache.o psu_pmu_0/lib/microblaze_update_icache.o psu_pmu_0/lib/
TRACE::2025-12-25.08:11:06::SCWBDomain::outbyte.o psu_pmu_0/lib/print.o psu_pmu_0/lib/pvr.o psu_pmu_0/lib/xaxipmon.o psu_pmu_0/lib/xaxipmon_g.o psu_pmu_0/lib/xaxipmon_
TRACE::2025-12-25.08:11:06::SCWBDomain::selftest.o psu_pmu_0/lib/xaxipmon_sinit.o psu_pmu_0/lib/xbram.o psu_pmu_0/lib/xbram_g.o psu_pmu_0/lib/xbram_intr.o psu_pmu_0/li
TRACE::2025-12-25.08:11:06::SCWBDomain::b/xbram_selftest.o psu_pmu_0/lib/xbram_sinit.o psu_pmu_0/lib/xclockps.o psu_pmu_0/lib/xclockps_divider.o psu_pmu_0/lib/xclockps
TRACE::2025-12-25.08:11:06::SCWBDomain::_fixedfactor.o psu_pmu_0/lib/xclockps_g.o psu_pmu_0/lib/xclockps_gate.o psu_pmu_0/lib/xclockps_mux.o psu_pmu_0/lib/xclockps_pll
TRACE::2025-12-25.08:11:06::SCWBDomain::.o psu_pmu_0/lib/xclockps_sinit.o psu_pmu_0/lib/xcsudma.o psu_pmu_0/lib/xcsudma_g.o psu_pmu_0/lib/xcsudma_intr.o psu_pmu_0/lib/
TRACE::2025-12-25.08:11:06::SCWBDomain::xcsudma_selftest.o psu_pmu_0/lib/xcsudma_sinit.o psu_pmu_0/lib/xdata_mover.o psu_pmu_0/lib/xdata_mover_g.o psu_pmu_0/lib/xdata_
TRACE::2025-12-25.08:11:06::SCWBDomain::mover_linux.o psu_pmu_0/lib/xdata_mover_sinit.o psu_pmu_0/lib/xddrcpsu.o psu_pmu_0/lib/xddrcpsu_sinit.o psu_pmu_0/lib/xemacps.o
TRACE::2025-12-25.08:11:06::SCWBDomain:: psu_pmu_0/lib/xemacps_bdring.o psu_pmu_0/lib/xemacps_control.o psu_pmu_0/lib/xemacps_g.o psu_pmu_0/lib/xemacps_hw.o psu_pmu_0/
TRACE::2025-12-25.08:11:06::SCWBDomain::lib/xemacps_intr.o psu_pmu_0/lib/xemacps_sinit.o psu_pmu_0/lib/xgpiops.o psu_pmu_0/lib/xgpiops_g.o psu_pmu_0/lib/xgpiops_hw.o p
TRACE::2025-12-25.08:11:06::SCWBDomain::su_pmu_0/lib/xgpiops_intr.o psu_pmu_0/lib/xgpiops_selftest.o psu_pmu_0/lib/xgpiops_sinit.o psu_pmu_0/lib/xiicps.o psu_pmu_0/lib
TRACE::2025-12-25.08:11:06::SCWBDomain::/xiicps_g.o psu_pmu_0/lib/xiicps_hw.o psu_pmu_0/lib/xiicps_intr.o psu_pmu_0/lib/xiicps_master.o psu_pmu_0/lib/xiicps_options.o 
TRACE::2025-12-25.08:11:06::SCWBDomain::psu_pmu_0/lib/xiicps_selftest.o psu_pmu_0/lib/xiicps_sinit.o psu_pmu_0/lib/xiicps_slave.o psu_pmu_0/lib/xiicps_xfer.o psu_pmu_0
TRACE::2025-12-25.08:11:06::SCWBDomain::/lib/xil_assert.o psu_pmu_0/lib/xil_cache.o psu_pmu_0/lib/xil_clocking.o psu_pmu_0/lib/xil_exception.o psu_pmu_0/lib/xil_mem.o 
TRACE::2025-12-25.08:11:06::SCWBDomain::psu_pmu_0/lib/xil_misc_psreset_api.o psu_pmu_0/lib/xil_printf.o psu_pmu_0/lib/xil_sleepcommon.o psu_pmu_0/lib/xil_sutil.o psu_p
TRACE::2025-12-25.08:11:06::SCWBDomain::mu_0/lib/xil_testcache.o psu_pmu_0/lib/xil_testio.o psu_pmu_0/lib/xil_testmem.o psu_pmu_0/lib/xil_util.o psu_pmu_0/lib/xinterru
TRACE::2025-12-25.08:11:06::SCWBDomain::pt_wrap.o psu_pmu_0/lib/xio.o psu_pmu_0/lib/xipipsu.o psu_pmu_0/lib/xipipsu_buf.o psu_pmu_0/lib/xipipsu_g.o psu_pmu_0/lib/xipip
TRACE::2025-12-25.08:11:06::SCWBDomain::su_helper.o psu_pmu_0/lib/xipipsu_sinit.o psu_pmu_0/lib/xpciepsu.o psu_pmu_0/lib/xpciepsu_caps.o psu_pmu_0/lib/xpciepsu_ep.o ps
TRACE::2025-12-25.08:11:06::SCWBDomain::u_pmu_0/lib/xpciepsu_g.o psu_pmu_0/lib/xpciepsu_sinit.o psu_pmu_0/lib/xplatform_info.o psu_pmu_0/lib/xpm_init.o psu_pmu_0/lib/x
TRACE::2025-12-25.08:11:06::SCWBDomain::qspipsu.o psu_pmu_0/lib/xqspipsu_control.o psu_pmu_0/lib/xqspipsu_g.o psu_pmu_0/lib/xqspipsu_hw.o psu_pmu_0/lib/xqspipsu_option
TRACE::2025-12-25.08:11:06::SCWBDomain::s.o psu_pmu_0/lib/xqspipsu_sinit.o psu_pmu_0/lib/xqspipsu_xfer.o psu_pmu_0/lib/xresetps.o psu_pmu_0/lib/xresetps_g.o psu_pmu_0/
TRACE::2025-12-25.08:11:06::SCWBDomain::lib/xresetps_sinit.o psu_pmu_0/lib/xrtcpsu.o psu_pmu_0/lib/xrtcpsu_g.o psu_pmu_0/lib/xrtcpsu_intr.o psu_pmu_0/lib/xrtcpsu_selft
TRACE::2025-12-25.08:11:06::SCWBDomain::est.o psu_pmu_0/lib/xrtcpsu_sinit.o psu_pmu_0/lib/xsdps.o psu_pmu_0/lib/xsdps_card.o psu_pmu_0/lib/xsdps_g.o psu_pmu_0/lib/xsdp
TRACE::2025-12-25.08:11:06::SCWBDomain::s_host.o psu_pmu_0/lib/xsdps_options.o psu_pmu_0/lib/xsdps_sinit.o psu_pmu_0/lib/xsysmonpsu.o psu_pmu_0/lib/xsysmonpsu_g.o psu_
TRACE::2025-12-25.08:11:06::SCWBDomain::pmu_0/lib/xsysmonpsu_intr.o psu_pmu_0/lib/xsysmonpsu_selftest.o psu_pmu_0/lib/xsysmonpsu_sinit.o psu_pmu_0/lib/xttcps.o psu_pmu
TRACE::2025-12-25.08:11:06::SCWBDomain::_0/lib/xttcps_g.o psu_pmu_0/lib/xttcps_options.o psu_pmu_0/lib/xttcps_selftest.o psu_pmu_0/lib/xttcps_sinit.o psu_pmu_0/lib/xua
TRACE::2025-12-25.08:11:06::SCWBDomain::rtps.o psu_pmu_0/lib/xuartps_g.o psu_pmu_0/lib/xuartps_hw.o psu_pmu_0/lib/xuartps_intr.o psu_pmu_0/lib/xuartps_options.o psu_pm
TRACE::2025-12-25.08:11:06::SCWBDomain::u_0/lib/xuartps_selftest.o psu_pmu_0/lib/xuartps_sinit.o psu_pmu_0/lib/xusbpsu.o psu_pmu_0/lib/xusbpsu_command.o psu_pmu_0/lib/
TRACE::2025-12-25.08:11:06::SCWBDomain::xusbpsu_controltransfers.o psu_pmu_0/lib/xusbpsu_device.o psu_pmu_0/lib/xusbpsu_endpoint.o psu_pmu_0/lib/xusbpsu_ep0handler.o p
TRACE::2025-12-25.08:11:06::SCWBDomain::su_pmu_0/lib/xusbpsu_ephandler.o psu_pmu_0/lib/xusbpsu_event.o psu_pmu_0/lib/xusbpsu_g.o psu_pmu_0/lib/xusbpsu_hibernation.o ps
TRACE::2025-12-25.08:11:06::SCWBDomain::u_pmu_0/lib/xusbpsu_intr.o psu_pmu_0/lib/xusbpsu_sinit.o psu_pmu_0/lib/xvidc.o psu_pmu_0/lib/xvidc_edid.o psu_pmu_0/lib/xvidc_e
TRACE::2025-12-25.08:11:06::SCWBDomain::did_ext.o psu_pmu_0/lib/xvidc_parse_edid.o psu_pmu_0/lib/xvidc_timings_table.o psu_pmu_0/lib/xzdma.o psu_pmu_0/lib/xzdma_g.o ps
TRACE::2025-12-25.08:11:06::SCWBDomain::u_pmu_0/lib/xzdma_intr.o psu_pmu_0/lib/xzdma_selftest.o psu_pmu_0/lib/xzdma_sinit.o

TRACE::2025-12-25.08:11:07::SCWBDomain::Finished building libraries

TRACE::2025-12-25.08:11:07::SCWBDomain::make: Leaving directory '/home/zhou/Desktop/validation_1/vitis/full_system_v0/zynqmp_pmufw/zynqmp_pmufw_bsp'

TRACE::2025-12-25.08:11:07::SCWBDomain::mb-gcc  -mlittle-endian -mxl-barrel-shift -mxl-pattern-compare -mxl-soft-mul -mcpu=v9.2 -MMD -MP      -mlittle-endian -mxl-barr
TRACE::2025-12-25.08:11:07::SCWBDomain::el-shift -mxl-pattern-compare -mcpu=v9.2 -mxl-soft-mul -Os -flto -ffat-lto-objects   -c idle_hooks.c -o idle_hooks.o -Izynqmp_p
TRACE::2025-12-25.08:11:07::SCWBDomain::mufw_bsp/psu_pmu_0/include -I.

TRACE::2025-12-25.08:11:07::SCWBDomain::mb-gcc  -mlittle-endian -mxl-barrel-shift -mxl-pattern-compare -mxl-soft-mul -mcpu=v9.2 -MMD -MP      -mlittle-endian -mxl-barr
TRACE::2025-12-25.08:11:07::SCWBDomain::el-shift -mxl-pattern-compare -mcpu=v9.2 -mxl-soft-mul -Os -flto -ffat-lto-objects   -c pm_binding.c -o pm_binding.o -Izynqmp_p
TRACE::2025-12-25.08:11:07::SCWBDomain::mufw_bsp/psu_pmu_0/include -I.

TRACE::2025-12-25.08:11:07::SCWBDomain::mb-gcc  -mlittle-endian -mxl-barrel-shift -mxl-pattern-compare -mxl-soft-mul -mcpu=v9.2 -MMD -MP      -mlittle-endian -mxl-barr
TRACE::2025-12-25.08:11:07::SCWBDomain::el-shift -mxl-pattern-compare -mcpu=v9.2 -mxl-soft-mul -Os -flto -ffat-lto-objects   -c pm_callbacks.c -o pm_callbacks.o -Izynq
TRACE::2025-12-25.08:11:07::SCWBDomain::mp_pmufw_bsp/psu_pmu_0/include -I.

TRACE::2025-12-25.08:11:07::SCWBDomain::mb-gcc  -mlittle-endian -mxl-barrel-shift -mxl-pattern-compare -mxl-soft-mul -mcpu=v9.2 -MMD -MP      -mlittle-endian -mxl-barr
TRACE::2025-12-25.08:11:07::SCWBDomain::el-shift -mxl-pattern-compare -mcpu=v9.2 -mxl-soft-mul -Os -flto -ffat-lto-objects   -c pm_clock.c -o pm_clock.o -Izynqmp_pmufw
TRACE::2025-12-25.08:11:07::SCWBDomain::_bsp/psu_pmu_0/include -I.

TRACE::2025-12-25.08:11:07::SCWBDomain::mb-gcc  -mlittle-endian -mxl-barrel-shift -mxl-pattern-compare -mxl-soft-mul -mcpu=v9.2 -MMD -MP      -mlittle-endian -mxl-barr
TRACE::2025-12-25.08:11:07::SCWBDomain::el-shift -mxl-pattern-compare -mcpu=v9.2 -mxl-soft-mul -Os -flto -ffat-lto-objects   -c pm_config.c -o pm_config.o -Izynqmp_pmu
TRACE::2025-12-25.08:11:07::SCWBDomain::fw_bsp/psu_pmu_0/include -I.

TRACE::2025-12-25.08:11:07::SCWBDomain::mb-gcc  -mlittle-endian -mxl-barrel-shift -mxl-pattern-compare -mxl-soft-mul -mcpu=v9.2 -MMD -MP      -mlittle-endian -mxl-barr
TRACE::2025-12-25.08:11:07::SCWBDomain::el-shift -mxl-pattern-compare -mcpu=v9.2 -mxl-soft-mul -Os -flto -ffat-lto-objects   -c pm_core.c -o pm_core.o -Izynqmp_pmufw_b
TRACE::2025-12-25.08:11:07::SCWBDomain::sp/psu_pmu_0/include -I.

TRACE::2025-12-25.08:11:07::SCWBDomain::mb-gcc  -mlittle-endian -mxl-barrel-shift -mxl-pattern-compare -mxl-soft-mul -mcpu=v9.2 -MMD -MP      -mlittle-endian -mxl-barr
TRACE::2025-12-25.08:11:07::SCWBDomain::el-shift -mxl-pattern-compare -mcpu=v9.2 -mxl-soft-mul -Os -flto -ffat-lto-objects   -c pm_csudma.c -o pm_csudma.o -Izynqmp_pmu
TRACE::2025-12-25.08:11:07::SCWBDomain::fw_bsp/psu_pmu_0/include -I.

TRACE::2025-12-25.08:11:07::SCWBDomain::mb-gcc  -mlittle-endian -mxl-barrel-shift -mxl-pattern-compare -mxl-soft-mul -mcpu=v9.2 -MMD -MP      -mlittle-endian -mxl-barr
TRACE::2025-12-25.08:11:07::SCWBDomain::el-shift -mxl-pattern-compare -mcpu=v9.2 -mxl-soft-mul -Os -flto -ffat-lto-objects   -c pm_ddr.c -o pm_ddr.o -Izynqmp_pmufw_bsp
TRACE::2025-12-25.08:11:07::SCWBDomain::/psu_pmu_0/include -I.

TRACE::2025-12-25.08:11:07::SCWBDomain::mb-gcc  -mlittle-endian -mxl-barrel-shift -mxl-pattern-compare -mxl-soft-mul -mcpu=v9.2 -MMD -MP      -mlittle-endian -mxl-barr
TRACE::2025-12-25.08:11:07::SCWBDomain::el-shift -mxl-pattern-compare -mcpu=v9.2 -mxl-soft-mul -Os -flto -ffat-lto-objects   -c pm_extern.c -o pm_extern.o -Izynqmp_pmu
TRACE::2025-12-25.08:11:07::SCWBDomain::fw_bsp/psu_pmu_0/include -I.

TRACE::2025-12-25.08:11:07::SCWBDomain::mb-gcc  -mlittle-endian -mxl-barrel-shift -mxl-pattern-compare -mxl-soft-mul -mcpu=v9.2 -MMD -MP      -mlittle-endian -mxl-barr
TRACE::2025-12-25.08:11:07::SCWBDomain::el-shift -mxl-pattern-compare -mcpu=v9.2 -mxl-soft-mul -Os -flto -ffat-lto-objects   -c pm_gic_proxy.c -o pm_gic_proxy.o -Izynq
TRACE::2025-12-25.08:11:07::SCWBDomain::mp_pmufw_bsp/psu_pmu_0/include -I.

TRACE::2025-12-25.08:11:07::SCWBDomain::mb-gcc  -mlittle-endian -mxl-barrel-shift -mxl-pattern-compare -mxl-soft-mul -mcpu=v9.2 -MMD -MP      -mlittle-endian -mxl-barr
TRACE::2025-12-25.08:11:07::SCWBDomain::el-shift -mxl-pattern-compare -mcpu=v9.2 -mxl-soft-mul -Os -flto -ffat-lto-objects   -c pm_gpp.c -o pm_gpp.o -Izynqmp_pmufw_bsp
TRACE::2025-12-25.08:11:07::SCWBDomain::/psu_pmu_0/include -I.

TRACE::2025-12-25.08:11:07::SCWBDomain::mb-gcc  -mlittle-endian -mxl-barrel-shift -mxl-pattern-compare -mxl-soft-mul -mcpu=v9.2 -MMD -MP      -mlittle-endian -mxl-barr
TRACE::2025-12-25.08:11:07::SCWBDomain::el-shift -mxl-pattern-compare -mcpu=v9.2 -mxl-soft-mul -Os -flto -ffat-lto-objects   -c pm_hooks.c -o pm_hooks.o -Izynqmp_pmufw
TRACE::2025-12-25.08:11:07::SCWBDomain::_bsp/psu_pmu_0/include -I.

TRACE::2025-12-25.08:11:07::SCWBDomain::mb-gcc  -mlittle-endian -mxl-barrel-shift -mxl-pattern-compare -mxl-soft-mul -mcpu=v9.2 -MMD -MP      -mlittle-endian -mxl-barr
TRACE::2025-12-25.08:11:07::SCWBDomain::el-shift -mxl-pattern-compare -mcpu=v9.2 -mxl-soft-mul -Os -flto -ffat-lto-objects   -c pm_ioctl.c -o pm_ioctl.o -Izynqmp_pmufw
TRACE::2025-12-25.08:11:07::SCWBDomain::_bsp/psu_pmu_0/include -I.

TRACE::2025-12-25.08:11:07::SCWBDomain::mb-gcc  -mlittle-endian -mxl-barrel-shift -mxl-pattern-compare -mxl-soft-mul -mcpu=v9.2 -MMD -MP      -mlittle-endian -mxl-barr
TRACE::2025-12-25.08:11:07::SCWBDomain::el-shift -mxl-pattern-compare -mcpu=v9.2 -mxl-soft-mul -Os -flto -ffat-lto-objects   -c pm_master.c -o pm_master.o -Izynqmp_pmu
TRACE::2025-12-25.08:11:07::SCWBDomain::fw_bsp/psu_pmu_0/include -I.

TRACE::2025-12-25.08:11:08::SCWBDomain::mb-gcc  -mlittle-endian -mxl-barrel-shift -mxl-pattern-compare -mxl-soft-mul -mcpu=v9.2 -MMD -MP      -mlittle-endian -mxl-barr
TRACE::2025-12-25.08:11:08::SCWBDomain::el-shift -mxl-pattern-compare -mcpu=v9.2 -mxl-soft-mul -Os -flto -ffat-lto-objects   -c pm_mmio_access.c -o pm_mmio_access.o -I
TRACE::2025-12-25.08:11:08::SCWBDomain::zynqmp_pmufw_bsp/psu_pmu_0/include -I.

TRACE::2025-12-25.08:11:08::SCWBDomain::mb-gcc  -mlittle-endian -mxl-barrel-shift -mxl-pattern-compare -mxl-soft-mul -mcpu=v9.2 -MMD -MP      -mlittle-endian -mxl-barr
TRACE::2025-12-25.08:11:08::SCWBDomain::el-shift -mxl-pattern-compare -mcpu=v9.2 -mxl-soft-mul -Os -flto -ffat-lto-objects   -c pm_node.c -o pm_node.o -Izynqmp_pmufw_b
TRACE::2025-12-25.08:11:08::SCWBDomain::sp/psu_pmu_0/include -I.

TRACE::2025-12-25.08:11:08::SCWBDomain::mb-gcc  -mlittle-endian -mxl-barrel-shift -mxl-pattern-compare -mxl-soft-mul -mcpu=v9.2 -MMD -MP      -mlittle-endian -mxl-barr
TRACE::2025-12-25.08:11:08::SCWBDomain::el-shift -mxl-pattern-compare -mcpu=v9.2 -mxl-soft-mul -Os -flto -ffat-lto-objects   -c pm_node_reset.c -o pm_node_reset.o -Izy
TRACE::2025-12-25.08:11:08::SCWBDomain::nqmp_pmufw_bsp/psu_pmu_0/include -I.

TRACE::2025-12-25.08:11:08::SCWBDomain::mb-gcc  -mlittle-endian -mxl-barrel-shift -mxl-pattern-compare -mxl-soft-mul -mcpu=v9.2 -MMD -MP      -mlittle-endian -mxl-barr
TRACE::2025-12-25.08:11:08::SCWBDomain::el-shift -mxl-pattern-compare -mcpu=v9.2 -mxl-soft-mul -Os -flto -ffat-lto-objects   -c pm_notifier.c -o pm_notifier.o -Izynqmp
TRACE::2025-12-25.08:11:08::SCWBDomain::_pmufw_bsp/psu_pmu_0/include -I.

TRACE::2025-12-25.08:11:08::SCWBDomain::mb-gcc  -mlittle-endian -mxl-barrel-shift -mxl-pattern-compare -mxl-soft-mul -mcpu=v9.2 -MMD -MP      -mlittle-endian -mxl-barr
TRACE::2025-12-25.08:11:08::SCWBDomain::el-shift -mxl-pattern-compare -mcpu=v9.2 -mxl-soft-mul -Os -flto -ffat-lto-objects   -c pm_periph.c -o pm_periph.o -Izynqmp_pmu
TRACE::2025-12-25.08:11:08::SCWBDomain::fw_bsp/psu_pmu_0/include -I.

TRACE::2025-12-25.08:11:08::SCWBDomain::mb-gcc  -mlittle-endian -mxl-barrel-shift -mxl-pattern-compare -mxl-soft-mul -mcpu=v9.2 -MMD -MP      -mlittle-endian -mxl-barr
TRACE::2025-12-25.08:11:08::SCWBDomain::el-shift -mxl-pattern-compare -mcpu=v9.2 -mxl-soft-mul -Os -flto -ffat-lto-objects   -c pm_pinctrl.c -o pm_pinctrl.o -Izynqmp_p
TRACE::2025-12-25.08:11:08::SCWBDomain::mufw_bsp/psu_pmu_0/include -I.

TRACE::2025-12-25.08:11:08::SCWBDomain::mb-gcc  -mlittle-endian -mxl-barrel-shift -mxl-pattern-compare -mxl-soft-mul -mcpu=v9.2 -MMD -MP      -mlittle-endian -mxl-barr
TRACE::2025-12-25.08:11:08::SCWBDomain::el-shift -mxl-pattern-compare -mcpu=v9.2 -mxl-soft-mul -Os -flto -ffat-lto-objects   -c pm_pll.c -o pm_pll.o -Izynqmp_pmufw_bsp
TRACE::2025-12-25.08:11:08::SCWBDomain::/psu_pmu_0/include -I.

TRACE::2025-12-25.08:11:08::SCWBDomain::mb-gcc  -mlittle-endian -mxl-barrel-shift -mxl-pattern-compare -mxl-soft-mul -mcpu=v9.2 -MMD -MP      -mlittle-endian -mxl-barr
TRACE::2025-12-25.08:11:08::SCWBDomain::el-shift -mxl-pattern-compare -mcpu=v9.2 -mxl-soft-mul -Os -flto -ffat-lto-objects   -c pm_power.c -o pm_power.o -Izynqmp_pmufw
TRACE::2025-12-25.08:11:08::SCWBDomain::_bsp/psu_pmu_0/include -I.

TRACE::2025-12-25.08:11:08::SCWBDomain::mb-gcc  -mlittle-endian -mxl-barrel-shift -mxl-pattern-compare -mxl-soft-mul -mcpu=v9.2 -MMD -MP      -mlittle-endian -mxl-barr
TRACE::2025-12-25.08:11:08::SCWBDomain::el-shift -mxl-pattern-compare -mcpu=v9.2 -mxl-soft-mul -Os -flto -ffat-lto-objects   -c pm_proc.c -o pm_proc.o -Izynqmp_pmufw_b
TRACE::2025-12-25.08:11:08::SCWBDomain::sp/psu_pmu_0/include -I.

TRACE::2025-12-25.08:11:08::SCWBDomain::mb-gcc  -mlittle-endian -mxl-barrel-shift -mxl-pattern-compare -mxl-soft-mul -mcpu=v9.2 -MMD -MP      -mlittle-endian -mxl-barr
TRACE::2025-12-25.08:11:08::SCWBDomain::el-shift -mxl-pattern-compare -mcpu=v9.2 -mxl-soft-mul -Os -flto -ffat-lto-objects   -c pm_qspi.c -o pm_qspi.o -Izynqmp_pmufw_b
TRACE::2025-12-25.08:11:08::SCWBDomain::sp/psu_pmu_0/include -I.

TRACE::2025-12-25.08:11:08::SCWBDomain::mb-gcc  -mlittle-endian -mxl-barrel-shift -mxl-pattern-compare -mxl-soft-mul -mcpu=v9.2 -MMD -MP      -mlittle-endian -mxl-barr
TRACE::2025-12-25.08:11:08::SCWBDomain::el-shift -mxl-pattern-compare -mcpu=v9.2 -mxl-soft-mul -Os -flto -ffat-lto-objects   -c pm_requirement.c -o pm_requirement.o -I
TRACE::2025-12-25.08:11:08::SCWBDomain::zynqmp_pmufw_bsp/psu_pmu_0/include -I.

TRACE::2025-12-25.08:11:08::SCWBDomain::mb-gcc  -mlittle-endian -mxl-barrel-shift -mxl-pattern-compare -mxl-soft-mul -mcpu=v9.2 -MMD -MP      -mlittle-endian -mxl-barr
TRACE::2025-12-25.08:11:08::SCWBDomain::el-shift -mxl-pattern-compare -mcpu=v9.2 -mxl-soft-mul -Os -flto -ffat-lto-objects   -c pm_reset.c -o pm_reset.o -Izynqmp_pmufw
TRACE::2025-12-25.08:11:08::SCWBDomain::_bsp/psu_pmu_0/include -I.

TRACE::2025-12-25.08:11:08::SCWBDomain::mb-gcc  -mlittle-endian -mxl-barrel-shift -mxl-pattern-compare -mxl-soft-mul -mcpu=v9.2 -MMD -MP      -mlittle-endian -mxl-barr
TRACE::2025-12-25.08:11:08::SCWBDomain::el-shift -mxl-pattern-compare -mcpu=v9.2 -mxl-soft-mul -Os -flto -ffat-lto-objects   -c pm_slave.c -o pm_slave.o -Izynqmp_pmufw
TRACE::2025-12-25.08:11:08::SCWBDomain::_bsp/psu_pmu_0/include -I.

TRACE::2025-12-25.08:11:08::SCWBDomain::mb-gcc  -mlittle-endian -mxl-barrel-shift -mxl-pattern-compare -mxl-soft-mul -mcpu=v9.2 -MMD -MP      -mlittle-endian -mxl-barr
TRACE::2025-12-25.08:11:08::SCWBDomain::el-shift -mxl-pattern-compare -mcpu=v9.2 -mxl-soft-mul -Os -flto -ffat-lto-objects   -c pm_sram.c -o pm_sram.o -Izynqmp_pmufw_b
TRACE::2025-12-25.08:11:08::SCWBDomain::sp/psu_pmu_0/include -I.

TRACE::2025-12-25.08:11:09::SCWBDomain::mb-gcc  -mlittle-endian -mxl-barrel-shift -mxl-pattern-compare -mxl-soft-mul -mcpu=v9.2 -MMD -MP      -mlittle-endian -mxl-barr
TRACE::2025-12-25.08:11:09::SCWBDomain::el-shift -mxl-pattern-compare -mcpu=v9.2 -mxl-soft-mul -Os -flto -ffat-lto-objects   -c pm_system.c -o pm_system.o -Izynqmp_pmu
TRACE::2025-12-25.08:11:09::SCWBDomain::fw_bsp/psu_pmu_0/include -I.

TRACE::2025-12-25.08:11:09::SCWBDomain::mb-gcc  -mlittle-endian -mxl-barrel-shift -mxl-pattern-compare -mxl-soft-mul -mcpu=v9.2 -MMD -MP      -mlittle-endian -mxl-barr
TRACE::2025-12-25.08:11:09::SCWBDomain::el-shift -mxl-pattern-compare -mcpu=v9.2 -mxl-soft-mul -Os -flto -ffat-lto-objects   -c pm_usb.c -o pm_usb.o -Izynqmp_pmufw_bsp
TRACE::2025-12-25.08:11:09::SCWBDomain::/psu_pmu_0/include -I.

TRACE::2025-12-25.08:11:09::SCWBDomain::mb-gcc  -mlittle-endian -mxl-barrel-shift -mxl-pattern-compare -mxl-soft-mul -mcpu=v9.2 -MMD -MP      -mlittle-endian -mxl-barr
TRACE::2025-12-25.08:11:09::SCWBDomain::el-shift -mxl-pattern-compare -mcpu=v9.2 -mxl-soft-mul -Os -flto -ffat-lto-objects   -c xpfw_aib.c -o xpfw_aib.o -Izynqmp_pmufw
TRACE::2025-12-25.08:11:09::SCWBDomain::_bsp/psu_pmu_0/include -I.

TRACE::2025-12-25.08:11:09::SCWBDomain::mb-gcc  -mlittle-endian -mxl-barrel-shift -mxl-pattern-compare -mxl-soft-mul -mcpu=v9.2 -MMD -MP      -mlittle-endian -mxl-barr
TRACE::2025-12-25.08:11:09::SCWBDomain::el-shift -mxl-pattern-compare -mcpu=v9.2 -mxl-soft-mul -Os -flto -ffat-lto-objects   -c xpfw_core.c -o xpfw_core.o -Izynqmp_pmu
TRACE::2025-12-25.08:11:09::SCWBDomain::fw_bsp/psu_pmu_0/include -I.

TRACE::2025-12-25.08:11:09::SCWBDomain::mb-gcc  -mlittle-endian -mxl-barrel-shift -mxl-pattern-compare -mxl-soft-mul -mcpu=v9.2 -MMD -MP      -mlittle-endian -mxl-barr
TRACE::2025-12-25.08:11:09::SCWBDomain::el-shift -mxl-pattern-compare -mcpu=v9.2 -mxl-soft-mul -Os -flto -ffat-lto-objects   -c xpfw_error_manager.c -o xpfw_error_mana
TRACE::2025-12-25.08:11:09::SCWBDomain::ger.o -Izynqmp_pmufw_bsp/psu_pmu_0/include -I.

TRACE::2025-12-25.08:11:09::SCWBDomain::mb-gcc  -mlittle-endian -mxl-barrel-shift -mxl-pattern-compare -mxl-soft-mul -mcpu=v9.2 -MMD -MP      -mlittle-endian -mxl-barr
TRACE::2025-12-25.08:11:09::SCWBDomain::el-shift -mxl-pattern-compare -mcpu=v9.2 -mxl-soft-mul -Os -flto -ffat-lto-objects   -c xpfw_events.c -o xpfw_events.o -Izynqmp
TRACE::2025-12-25.08:11:09::SCWBDomain::_pmufw_bsp/psu_pmu_0/include -I.

TRACE::2025-12-25.08:11:09::SCWBDomain::mb-gcc  -mlittle-endian -mxl-barrel-shift -mxl-pattern-compare -mxl-soft-mul -mcpu=v9.2 -MMD -MP      -mlittle-endian -mxl-barr
TRACE::2025-12-25.08:11:09::SCWBDomain::el-shift -mxl-pattern-compare -mcpu=v9.2 -mxl-soft-mul -Os -flto -ffat-lto-objects   -c xpfw_interrupts.c -o xpfw_interrupts.o 
TRACE::2025-12-25.08:11:09::SCWBDomain::-Izynqmp_pmufw_bsp/psu_pmu_0/include -I.

TRACE::2025-12-25.08:11:09::SCWBDomain::mb-gcc  -mlittle-endian -mxl-barrel-shift -mxl-pattern-compare -mxl-soft-mul -mcpu=v9.2 -MMD -MP      -mlittle-endian -mxl-barr
TRACE::2025-12-25.08:11:09::SCWBDomain::el-shift -mxl-pattern-compare -mcpu=v9.2 -mxl-soft-mul -Os -flto -ffat-lto-objects   -c xpfw_ipi_manager.c -o xpfw_ipi_manager.
TRACE::2025-12-25.08:11:09::SCWBDomain::o -Izynqmp_pmufw_bsp/psu_pmu_0/include -I.

TRACE::2025-12-25.08:11:09::SCWBDomain::mb-gcc  -mlittle-endian -mxl-barrel-shift -mxl-pattern-compare -mxl-soft-mul -mcpu=v9.2 -MMD -MP      -mlittle-endian -mxl-barr
TRACE::2025-12-25.08:11:09::SCWBDomain::el-shift -mxl-pattern-compare -mcpu=v9.2 -mxl-soft-mul -Os -flto -ffat-lto-objects   -c xpfw_main.c -o xpfw_main.o -Izynqmp_pmu
TRACE::2025-12-25.08:11:09::SCWBDomain::fw_bsp/psu_pmu_0/include -I.

TRACE::2025-12-25.08:11:09::SCWBDomain::mb-gcc  -mlittle-endian -mxl-barrel-shift -mxl-pattern-compare -mxl-soft-mul -mcpu=v9.2 -MMD -MP      -mlittle-endian -mxl-barr
TRACE::2025-12-25.08:11:09::SCWBDomain::el-shift -mxl-pattern-compare -mcpu=v9.2 -mxl-soft-mul -Os -flto -ffat-lto-objects   -c xpfw_mod_common.c -o xpfw_mod_common.o 
TRACE::2025-12-25.08:11:09::SCWBDomain::-Izynqmp_pmufw_bsp/psu_pmu_0/include -I.

TRACE::2025-12-25.08:11:09::SCWBDomain::mb-gcc  -mlittle-endian -mxl-barrel-shift -mxl-pattern-compare -mxl-soft-mul -mcpu=v9.2 -MMD -MP      -mlittle-endian -mxl-barr
TRACE::2025-12-25.08:11:09::SCWBDomain::el-shift -mxl-pattern-compare -mcpu=v9.2 -mxl-soft-mul -Os -flto -ffat-lto-objects   -c xpfw_mod_dap.c -o xpfw_mod_dap.o -Izynq
TRACE::2025-12-25.08:11:09::SCWBDomain::mp_pmufw_bsp/psu_pmu_0/include -I.

TRACE::2025-12-25.08:11:09::SCWBDomain::mb-gcc  -mlittle-endian -mxl-barrel-shift -mxl-pattern-compare -mxl-soft-mul -mcpu=v9.2 -MMD -MP      -mlittle-endian -mxl-barr
TRACE::2025-12-25.08:11:09::SCWBDomain::el-shift -mxl-pattern-compare -mcpu=v9.2 -mxl-soft-mul -Os -flto -ffat-lto-objects   -c xpfw_mod_em.c -o xpfw_mod_em.o -Izynqmp
TRACE::2025-12-25.08:11:09::SCWBDomain::_pmufw_bsp/psu_pmu_0/include -I.

TRACE::2025-12-25.08:11:09::SCWBDomain::mb-gcc  -mlittle-endian -mxl-barrel-shift -mxl-pattern-compare -mxl-soft-mul -mcpu=v9.2 -MMD -MP      -mlittle-endian -mxl-barr
TRACE::2025-12-25.08:11:09::SCWBDomain::el-shift -mxl-pattern-compare -mcpu=v9.2 -mxl-soft-mul -Os -flto -ffat-lto-objects   -c xpfw_mod_extwdt.c -o xpfw_mod_extwdt.o 
TRACE::2025-12-25.08:11:09::SCWBDomain::-Izynqmp_pmufw_bsp/psu_pmu_0/include -I.

TRACE::2025-12-25.08:11:09::SCWBDomain::mb-gcc  -mlittle-endian -mxl-barrel-shift -mxl-pattern-compare -mxl-soft-mul -mcpu=v9.2 -MMD -MP      -mlittle-endian -mxl-barr
TRACE::2025-12-25.08:11:09::SCWBDomain::el-shift -mxl-pattern-compare -mcpu=v9.2 -mxl-soft-mul -Os -flto -ffat-lto-objects   -c xpfw_mod_legacy.c -o xpfw_mod_legacy.o 
TRACE::2025-12-25.08:11:09::SCWBDomain::-Izynqmp_pmufw_bsp/psu_pmu_0/include -I.

TRACE::2025-12-25.08:11:09::SCWBDomain::mb-gcc  -mlittle-endian -mxl-barrel-shift -mxl-pattern-compare -mxl-soft-mul -mcpu=v9.2 -MMD -MP      -mlittle-endian -mxl-barr
TRACE::2025-12-25.08:11:09::SCWBDomain::el-shift -mxl-pattern-compare -mcpu=v9.2 -mxl-soft-mul -Os -flto -ffat-lto-objects   -c xpfw_mod_overtemp.c -o xpfw_mod_overtem
TRACE::2025-12-25.08:11:09::SCWBDomain::p.o -Izynqmp_pmufw_bsp/psu_pmu_0/include -I.

TRACE::2025-12-25.08:11:09::SCWBDomain::mb-gcc  -mlittle-endian -mxl-barrel-shift -mxl-pattern-compare -mxl-soft-mul -mcpu=v9.2 -MMD -MP      -mlittle-endian -mxl-barr
TRACE::2025-12-25.08:11:09::SCWBDomain::el-shift -mxl-pattern-compare -mcpu=v9.2 -mxl-soft-mul -Os -flto -ffat-lto-objects   -c xpfw_mod_pm.c -o xpfw_mod_pm.o -Izynqmp
TRACE::2025-12-25.08:11:09::SCWBDomain::_pmufw_bsp/psu_pmu_0/include -I.

TRACE::2025-12-25.08:11:09::SCWBDomain::mb-gcc  -mlittle-endian -mxl-barrel-shift -mxl-pattern-compare -mxl-soft-mul -mcpu=v9.2 -MMD -MP      -mlittle-endian -mxl-barr
TRACE::2025-12-25.08:11:09::SCWBDomain::el-shift -mxl-pattern-compare -mcpu=v9.2 -mxl-soft-mul -Os -flto -ffat-lto-objects   -c xpfw_mod_rpu.c -o xpfw_mod_rpu.o -Izynq
TRACE::2025-12-25.08:11:09::SCWBDomain::mp_pmufw_bsp/psu_pmu_0/include -I.

TRACE::2025-12-25.08:11:09::SCWBDomain::mb-gcc  -mlittle-endian -mxl-barrel-shift -mxl-pattern-compare -mxl-soft-mul -mcpu=v9.2 -MMD -MP      -mlittle-endian -mxl-barr
TRACE::2025-12-25.08:11:09::SCWBDomain::el-shift -mxl-pattern-compare -mcpu=v9.2 -mxl-soft-mul -Os -flto -ffat-lto-objects   -c xpfw_mod_rtc.c -o xpfw_mod_rtc.o -Izynq
TRACE::2025-12-25.08:11:09::SCWBDomain::mp_pmufw_bsp/psu_pmu_0/include -I.

TRACE::2025-12-25.08:11:09::SCWBDomain::mb-gcc  -mlittle-endian -mxl-barrel-shift -mxl-pattern-compare -mxl-soft-mul -mcpu=v9.2 -MMD -MP      -mlittle-endian -mxl-barr
TRACE::2025-12-25.08:11:09::SCWBDomain::el-shift -mxl-pattern-compare -mcpu=v9.2 -mxl-soft-mul -Os -flto -ffat-lto-objects   -c xpfw_mod_sched.c -o xpfw_mod_sched.o -I
TRACE::2025-12-25.08:11:09::SCWBDomain::zynqmp_pmufw_bsp/psu_pmu_0/include -I.

TRACE::2025-12-25.08:11:10::SCWBDomain::mb-gcc  -mlittle-endian -mxl-barrel-shift -mxl-pattern-compare -mxl-soft-mul -mcpu=v9.2 -MMD -MP      -mlittle-endian -mxl-barr
TRACE::2025-12-25.08:11:10::SCWBDomain::el-shift -mxl-pattern-compare -mcpu=v9.2 -mxl-soft-mul -Os -flto -ffat-lto-objects   -c xpfw_mod_stl.c -o xpfw_mod_stl.o -Izynq
TRACE::2025-12-25.08:11:10::SCWBDomain::mp_pmufw_bsp/psu_pmu_0/include -I.

TRACE::2025-12-25.08:11:10::SCWBDomain::mb-gcc  -mlittle-endian -mxl-barrel-shift -mxl-pattern-compare -mxl-soft-mul -mcpu=v9.2 -MMD -MP      -mlittle-endian -mxl-barr
TRACE::2025-12-25.08:11:10::SCWBDomain::el-shift -mxl-pattern-compare -mcpu=v9.2 -mxl-soft-mul -Os -flto -ffat-lto-objects   -c xpfw_module.c -o xpfw_module.o -Izynqmp
TRACE::2025-12-25.08:11:10::SCWBDomain::_pmufw_bsp/psu_pmu_0/include -I.

TRACE::2025-12-25.08:11:10::SCWBDomain::mb-gcc  -mlittle-endian -mxl-barrel-shift -mxl-pattern-compare -mxl-soft-mul -mcpu=v9.2 -MMD -MP      -mlittle-endian -mxl-barr
TRACE::2025-12-25.08:11:10::SCWBDomain::el-shift -mxl-pattern-compare -mcpu=v9.2 -mxl-soft-mul -Os -flto -ffat-lto-objects   -c xpfw_mod_ultra96.c -o xpfw_mod_ultra96.
TRACE::2025-12-25.08:11:10::SCWBDomain::o -Izynqmp_pmufw_bsp/psu_pmu_0/include -I.

TRACE::2025-12-25.08:11:10::SCWBDomain::mb-gcc  -mlittle-endian -mxl-barrel-shift -mxl-pattern-compare -mxl-soft-mul -mcpu=v9.2 -MMD -MP      -mlittle-endian -mxl-barr
TRACE::2025-12-25.08:11:10::SCWBDomain::el-shift -mxl-pattern-compare -mcpu=v9.2 -mxl-soft-mul -Os -flto -ffat-lto-objects   -c xpfw_mod_wdt.c -o xpfw_mod_wdt.o -Izynq
TRACE::2025-12-25.08:11:10::SCWBDomain::mp_pmufw_bsp/psu_pmu_0/include -I.

TRACE::2025-12-25.08:11:10::SCWBDomain::mb-gcc  -mlittle-endian -mxl-barrel-shift -mxl-pattern-compare -mxl-soft-mul -mcpu=v9.2 -MMD -MP      -mlittle-endian -mxl-barr
TRACE::2025-12-25.08:11:10::SCWBDomain::el-shift -mxl-pattern-compare -mcpu=v9.2 -mxl-soft-mul -Os -flto -ffat-lto-objects   -c xpfw_platform.c -o xpfw_platform.o -Izy
TRACE::2025-12-25.08:11:10::SCWBDomain::nqmp_pmufw_bsp/psu_pmu_0/include -I.

TRACE::2025-12-25.08:11:10::SCWBDomain::mb-gcc  -mlittle-endian -mxl-barrel-shift -mxl-pattern-compare -mxl-soft-mul -mcpu=v9.2 -MMD -MP      -mlittle-endian -mxl-barr
TRACE::2025-12-25.08:11:10::SCWBDomain::el-shift -mxl-pattern-compare -mcpu=v9.2 -mxl-soft-mul -Os -flto -ffat-lto-objects   -c xpfw_resets.c -o xpfw_resets.o -Izynqmp
TRACE::2025-12-25.08:11:10::SCWBDomain::_pmufw_bsp/psu_pmu_0/include -I.

TRACE::2025-12-25.08:11:10::SCWBDomain::mb-gcc  -mlittle-endian -mxl-barrel-shift -mxl-pattern-compare -mxl-soft-mul -mcpu=v9.2 -MMD -MP      -mlittle-endian -mxl-barr
TRACE::2025-12-25.08:11:10::SCWBDomain::el-shift -mxl-pattern-compare -mcpu=v9.2 -mxl-soft-mul -Os -flto -ffat-lto-objects   -c xpfw_restart.c -o xpfw_restart.o -Izynq
TRACE::2025-12-25.08:11:10::SCWBDomain::mp_pmufw_bsp/psu_pmu_0/include -I.

TRACE::2025-12-25.08:11:10::SCWBDomain::mb-gcc  -mlittle-endian -mxl-barrel-shift -mxl-pattern-compare -mxl-soft-mul -mcpu=v9.2 -MMD -MP      -mlittle-endian -mxl-barr
TRACE::2025-12-25.08:11:10::SCWBDomain::el-shift -mxl-pattern-compare -mcpu=v9.2 -mxl-soft-mul -Os -flto -ffat-lto-objects   -c xpfw_rom_interface.c -o xpfw_rom_interf
TRACE::2025-12-25.08:11:10::SCWBDomain::ace.o -Izynqmp_pmufw_bsp/psu_pmu_0/include -I.

TRACE::2025-12-25.08:11:10::SCWBDomain::mb-gcc  -mlittle-endian -mxl-barrel-shift -mxl-pattern-compare -mxl-soft-mul -mcpu=v9.2 -MMD -MP      -mlittle-endian -mxl-barr
TRACE::2025-12-25.08:11:10::SCWBDomain::el-shift -mxl-pattern-compare -mcpu=v9.2 -mxl-soft-mul -Os -flto -ffat-lto-objects   -c xpfw_scheduler.c -o xpfw_scheduler.o -I
TRACE::2025-12-25.08:11:10::SCWBDomain::zynqmp_pmufw_bsp/psu_pmu_0/include -I.

TRACE::2025-12-25.08:11:10::SCWBDomain::mb-gcc  -mlittle-endian -mxl-barrel-shift -mxl-pattern-compare -mxl-soft-mul -mcpu=v9.2 -MMD -MP      -mlittle-endian -mxl-barr
TRACE::2025-12-25.08:11:10::SCWBDomain::el-shift -mxl-pattern-compare -mcpu=v9.2 -mxl-soft-mul -Os -flto -ffat-lto-objects   -c xpfw_user_startup.c -o xpfw_user_startu
TRACE::2025-12-25.08:11:10::SCWBDomain::p.o -Izynqmp_pmufw_bsp/psu_pmu_0/include -I.

TRACE::2025-12-25.08:11:10::SCWBDomain::mb-gcc  -mlittle-endian -mxl-barrel-shift -mxl-pattern-compare -mxl-soft-mul -mcpu=v9.2 -MMD -MP      -mlittle-endian -mxl-barr
TRACE::2025-12-25.08:11:10::SCWBDomain::el-shift -mxl-pattern-compare -mcpu=v9.2 -mxl-soft-mul -Os -flto -ffat-lto-objects   -c xpfw_util.c -o xpfw_util.o -Izynqmp_pmu
TRACE::2025-12-25.08:11:10::SCWBDomain::fw_bsp/psu_pmu_0/include -I.

TRACE::2025-12-25.08:11:10::SCWBDomain::mb-gcc  -mlittle-endian -mxl-barrel-shift -mxl-pattern-compare -mxl-soft-mul -mcpu=v9.2 -MMD -MP      -mlittle-endian -mxl-barr
TRACE::2025-12-25.08:11:10::SCWBDomain::el-shift -mxl-pattern-compare -mcpu=v9.2 -mxl-soft-mul -Os -flto -ffat-lto-objects   -c xpfw_xpu.c -o xpfw_xpu.o -Izynqmp_pmufw
TRACE::2025-12-25.08:11:10::SCWBDomain::_bsp/psu_pmu_0/include -I.

TRACE::2025-12-25.08:11:10::SCWBDomain::mb-gcc  -mlittle-endian -mxl-barrel-shift -mxl-pattern-compare -mxl-soft-mul -mcpu=v9.2 -MMD -MP      -mlittle-endian -mxl-barr
TRACE::2025-12-25.08:11:10::SCWBDomain::el-shift -mxl-pattern-compare -mcpu=v9.2 -mxl-soft-mul -Os -flto -ffat-lto-objects   -c xpfw_start.S -o xpfw_start.o -Izynqmp_p
TRACE::2025-12-25.08:11:10::SCWBDomain::mufw_bsp/psu_pmu_0/include -I.

TRACE::2025-12-25.08:11:10::SCWBDomain::mb-gcc -o pmufw.elf idle_hooks.o pm_binding.o pm_callbacks.o pm_clock.o pm_config.o pm_core.o pm_csudma.o pm_ddr.o pm_extern.o 
TRACE::2025-12-25.08:11:10::SCWBDomain::pm_gic_proxy.o pm_gpp.o pm_hooks.o pm_ioctl.o pm_master.o pm_mmio_access.o pm_node.o pm_node_reset.o pm_notifier.o pm_periph.o 
TRACE::2025-12-25.08:11:10::SCWBDomain::pm_pinctrl.o pm_pll.o pm_power.o pm_proc.o pm_qspi.o pm_requirement.o pm_reset.o pm_slave.o pm_sram.o pm_system.o pm_usb.o xpfw
TRACE::2025-12-25.08:11:10::SCWBDomain::_aib.o xpfw_core.o xpfw_error_manager.o xpfw_events.o xpfw_interrupts.o xpfw_ipi_manager.o xpfw_main.o xpfw_mod_common.o xpfw_m
TRACE::2025-12-25.08:11:10::SCWBDomain::od_dap.o xpfw_mod_em.o xpfw_mod_extwdt.o xpfw_mod_legacy.o xpfw_mod_overtemp.o xpfw_mod_pm.o xpfw_mod_rpu.o xpfw_mod_rtc.o xpfw
TRACE::2025-12-25.08:11:10::SCWBDomain::_mod_sched.o xpfw_mod_stl.o xpfw_mod_ultra96.o xpfw_mod_wdt.o xpfw_module.o xpfw_platform.o xpfw_resets.o xpfw_restart.o xpfw_r
TRACE::2025-12-25.08:11:10::SCWBDomain::om_interface.o xpfw_scheduler.o xpfw_start.o xpfw_user_startup.o xpfw_util.o xpfw_xpu.o -MMD -MP      -mlittle-endian -mxl-barr
TRACE::2025-12-25.08:11:10::SCWBDomain::el-shift -mxl-pattern-compare -mcpu=v9.2 -mxl-soft-mul -Os -flto -ffat-lto-objects    -Wl,--start-group,-lxil,-lgcc,-lc,--end-g
TRACE::2025-12-25.08:11:10::SCWBDomain::roup -Wl,--start-group,-lxilfpga,-lxil,-lgcc,-lc,--end-group -Wl,--start-group,-lxilsecure,-lxil,-lgcc,-lc,--end-group -Wl,--st
TRACE::2025-12-25.08:11:10::SCWBDomain::art-group,-lxilskey,-lxil,-lgcc,-lc,--end-group                                                                                
TRACE::2025-12-25.08:11:10::SCWBDomain::                                      -nostartfiles -Wl,--no-relax -Wl,--gc-sections -Lzynqmp_pmufw_bsp/psu_pmu_0/lib -Tlscript
TRACE::2025-12-25.08:11:10::SCWBDomain::.ld

LOG::2025-12-25.08:11:12::SCWSystem::Checking the domain standalone_domain
LOG::2025-12-25.08:11:12::SCWSystem::Not a boot domain 
LOG::2025-12-25.08:11:12::SCWSystem::Started Processing the domain standalone_domain
TRACE::2025-12-25.08:11:12::SCWDomain::Generating domain artifcats
TRACE::2025-12-25.08:11:12::SCWMssOS::Generating standalone artifcats
TRACE::2025-12-25.08:11:12::SCWMssOS::Copying the qemu file from  /home/zhou/Desktop/validation_1/vitis/full_system_v0/resources/full_system_v0/standalone_domain/qemu_args.txt To /home/zhou/Desktop/validation_1/vitis/full_system_v0/export/full_system_v0/sw/full_system_v0/qemu/
TRACE::2025-12-25.08:11:12::SCWMssOS::Copying the qemu file from  /home/zhou/Desktop/validation_1/vitis/full_system_v0/resources/full_system_v0/standalone_domain/qemu_args.txt To /home/zhou/Desktop/validation_1/vitis/full_system_v0/export/full_system_v0/sw/full_system_v0/qemu/
TRACE::2025-12-25.08:11:12::SCWMssOS::Copying the qemu file from  /home/zhou/Desktop/validation_1/vitis/full_system_v0/resources/full_system_v0/standalone_domain/qemu_args.txt To /home/zhou/Desktop/validation_1/vitis/full_system_v0/export/full_system_v0/sw/full_system_v0/standalone_domain/qemu/
TRACE::2025-12-25.08:11:12::SCWMssOS::Copying the qemu file from  /home/zhou/Desktop/validation_1/vitis/full_system_v0/resources/full_system_v0/standalone_domain/qemu_args.txt To /home/zhou/Desktop/validation_1/vitis/full_system_v0/export/full_system_v0/sw/full_system_v0/standalone_domain/qemu/
TRACE::2025-12-25.08:11:12::SCWMssOS:: Copying the user libraries. 
TRACE::2025-12-25.08:11:12::SCWPlatform::Trying to open the hw design at /home/zhou/Desktop/validation_1/vitis/full_system_v0/hw/new_system_v1_wrapper.xsa
TRACE::2025-12-25.08:11:12::SCWPlatform::DSA given /home/zhou/Desktop/validation_1/vitis/full_system_v0/hw/new_system_v1_wrapper.xsa
TRACE::2025-12-25.08:11:12::SCWPlatform::DSA absoulate path /home/zhou/Desktop/validation_1/vitis/full_system_v0/hw/new_system_v1_wrapper.xsa
TRACE::2025-12-25.08:11:12::SCWPlatform::DSA directory /home/zhou/Desktop/validation_1/vitis/full_system_v0/hw
TRACE::2025-12-25.08:11:12::SCWPlatform:: Platform Path /home/zhou/Desktop/validation_1/vitis/full_system_v0/hw/new_system_v1_wrapper.xsa
TRACE::2025-12-25.08:11:12::SCWPlatform:: Unique name xilinx:::0.0
TRACE::2025-12-25.08:11:12::SCWPlatform::Trying to set the existing hwdb with name gemm_v0_wrapper_0
TRACE::2025-12-25.08:11:12::SCWPlatform::Opened existing hwdb gemm_v0_wrapper_0
TRACE::2025-12-25.08:11:12::SCWPlatform::Found the Hw Db part of the input DSA
TRACE::2025-12-25.08:11:12::SCWMssOS::Checking the sw design at  /home/zhou/Desktop/validation_1/vitis/full_system_v0/psu_cortexa53_0/standalone_domain/bsp/system.mss
TRACE::2025-12-25.08:11:12::SCWMssOS::DEBUG:  swdes dump  /home/zhou/Desktop/validation_1/vitis/full_system_v0/psu_cortexa53_0/standalone_domain/bsp/system.mss|system_1||
/home/zhou/Desktop/validation_1/vitis/full_system_v0/zynqmp_pmufw/zynqmp_pmufw_bsp/system.mss|system||

TRACE::2025-12-25.08:11:12::SCWMssOS::Sw design exists and opened at  /home/zhou/Desktop/validation_1/vitis/full_system_v0/psu_cortexa53_0/standalone_domain/bsp/system.mss
TRACE::2025-12-25.08:11:12::SCWMssOS::Completed writing the mss file at /home/zhou/Desktop/validation_1/vitis/full_system_v0/psu_cortexa53_0/standalone_domain/bsp
TRACE::2025-12-25.08:11:12::SCWMssOS::Mss edits present, copying mssfile into export location /home/zhou/Desktop/validation_1/vitis/full_system_v0/psu_cortexa53_0/standalone_domain/bsp/system.mss
TRACE::2025-12-25.08:11:12::SCWMssOS::bsp generated is stale removing and regenerating. 
TRACE::2025-12-25.08:11:13::SCWMssOS::doing bsp build ... 
TRACE::2025-12-25.08:11:13::SCWMssOS::System Command Ran  cd  /home/zhou/Desktop/validation_1/vitis/full_system_v0/psu_cortexa53_0/standalone_domain/bsp ; bash -c "make  " 
TRACE::2025-12-25.08:11:13::SCWMssOS::make --no-print-directory seq_libs

TRACE::2025-12-25.08:11:13::SCWMssOS::Running Make include in psu_cortexa53_0/libsrc/avbuf_v2_6/src

TRACE::2025-12-25.08:11:13::SCWMssOS::make -C psu_cortexa53_0/libsrc/avbuf_v2_6/src -s include  "SHELL=/bin/sh" "COMPILER=aarch64-none-elf-gcc" "ASSEMBLER=aarch64-no
TRACE::2025-12-25.08:11:13::SCWMssOS::ne-elf-as" "ARCHIVER=aarch64-none-elf-ar" "COMPILER_FLAGS=  -O2 -c" "EXTRA_COMPILER_FLAGS=-g -Wall -Wextra -fno-tree-loop-distr
TRACE::2025-12-25.08:11:13::SCWMssOS::ibute-patterns"

TRACE::2025-12-25.08:11:13::SCWMssOS::Running Make include in psu_cortexa53_0/libsrc/axipmon_v6_11/src

TRACE::2025-12-25.08:11:13::SCWMssOS::make -C psu_cortexa53_0/libsrc/axipmon_v6_11/src -s include  "SHELL=/bin/sh" "COMPILER=aarch64-none-elf-gcc" "ASSEMBLER=aarch64
TRACE::2025-12-25.08:11:13::SCWMssOS::-none-elf-as" "ARCHIVER=aarch64-none-elf-ar" "COMPILER_FLAGS=  -O2 -c" "EXTRA_COMPILER_FLAGS=-g -Wall -Wextra -fno-tree-loop-di
TRACE::2025-12-25.08:11:13::SCWMssOS::stribute-patterns"

TRACE::2025-12-25.08:11:13::SCWMssOS::Running Make include in psu_cortexa53_0/libsrc/bram_v4_11/src

TRACE::2025-12-25.08:11:13::SCWMssOS::make -C psu_cortexa53_0/libsrc/bram_v4_11/src -s include  "SHELL=/bin/sh" "COMPILER=aarch64-none-elf-gcc" "ASSEMBLER=aarch64-no
TRACE::2025-12-25.08:11:13::SCWMssOS::ne-elf-as" "ARCHIVER=aarch64-none-elf-ar" "COMPILER_FLAGS=  -O2 -c" "EXTRA_COMPILER_FLAGS=-g -Wall -Wextra -fno-tree-loop-distr
TRACE::2025-12-25.08:11:13::SCWMssOS::ibute-patterns"

TRACE::2025-12-25.08:11:13::SCWMssOS::Running Make include in psu_cortexa53_0/libsrc/clockps_v1_6/src

TRACE::2025-12-25.08:11:13::SCWMssOS::make -C psu_cortexa53_0/libsrc/clockps_v1_6/src -s include  "SHELL=/bin/sh" "COMPILER=aarch64-none-elf-gcc" "ASSEMBLER=aarch64-
TRACE::2025-12-25.08:11:13::SCWMssOS::none-elf-as" "ARCHIVER=aarch64-none-elf-ar" "COMPILER_FLAGS=  -O2 -c" "EXTRA_COMPILER_FLAGS=-g -Wall -Wextra -fno-tree-loop-dis
TRACE::2025-12-25.08:11:13::SCWMssOS::tribute-patterns"

TRACE::2025-12-25.08:11:13::SCWMssOS::Running Make include in psu_cortexa53_0/libsrc/coresightps_dcc_v1_11/src

TRACE::2025-12-25.08:11:13::SCWMssOS::make -C psu_cortexa53_0/libsrc/coresightps_dcc_v1_11/src -s include  "SHELL=/bin/sh" "COMPILER=aarch64-none-elf-gcc" "ASSEMBLER
TRACE::2025-12-25.08:11:13::SCWMssOS::=aarch64-none-elf-as" "ARCHIVER=aarch64-none-elf-ar" "COMPILER_FLAGS=  -O2 -c" "EXTRA_COMPILER_FLAGS=-g -Wall -Wextra -fno-tree
TRACE::2025-12-25.08:11:13::SCWMssOS::-loop-distribute-patterns"

TRACE::2025-12-25.08:11:13::SCWMssOS::Running Make include in psu_cortexa53_0/libsrc/cpu_cortexa53_v2_1/src

TRACE::2025-12-25.08:11:13::SCWMssOS::make -C psu_cortexa53_0/libsrc/cpu_cortexa53_v2_1/src -s include  "SHELL=/bin/sh" "COMPILER=aarch64-none-elf-gcc" "ASSEMBLER=aa
TRACE::2025-12-25.08:11:13::SCWMssOS::rch64-none-elf-as" "ARCHIVER=aarch64-none-elf-ar" "COMPILER_FLAGS=  -O2 -c" "EXTRA_COMPILER_FLAGS=-g -Wall -Wextra -fno-tree-lo
TRACE::2025-12-25.08:11:13::SCWMssOS::op-distribute-patterns"

TRACE::2025-12-25.08:11:13::SCWMssOS::Running Make include in psu_cortexa53_0/libsrc/csudma_v1_16/src

TRACE::2025-12-25.08:11:13::SCWMssOS::make -C psu_cortexa53_0/libsrc/csudma_v1_16/src -s include  "SHELL=/bin/sh" "COMPILER=aarch64-none-elf-gcc" "ASSEMBLER=aarch64-
TRACE::2025-12-25.08:11:13::SCWMssOS::none-elf-as" "ARCHIVER=aarch64-none-elf-ar" "COMPILER_FLAGS=  -O2 -c" "EXTRA_COMPILER_FLAGS=-g -Wall -Wextra -fno-tree-loop-dis
TRACE::2025-12-25.08:11:13::SCWMssOS::tribute-patterns"

TRACE::2025-12-25.08:11:13::SCWMssOS::Running Make include in psu_cortexa53_0/libsrc/data_mover_v1_0/src

TRACE::2025-12-25.08:11:13::SCWMssOS::make -C psu_cortexa53_0/libsrc/data_mover_v1_0/src -s include  "SHELL=/bin/sh" "COMPILER=aarch64-none-elf-gcc" "ASSEMBLER=aarch
TRACE::2025-12-25.08:11:13::SCWMssOS::64-none-elf-as" "ARCHIVER=aarch64-none-elf-ar" "COMPILER_FLAGS=  -O2 -c" "EXTRA_COMPILER_FLAGS=-g -Wall -Wextra -fno-tree-loop-
TRACE::2025-12-25.08:11:13::SCWMssOS::distribute-patterns"

TRACE::2025-12-25.08:11:13::SCWMssOS::Running Make include in psu_cortexa53_0/libsrc/ddrcpsu_v1_7/src

TRACE::2025-12-25.08:11:13::SCWMssOS::make -C psu_cortexa53_0/libsrc/ddrcpsu_v1_7/src -s include  "SHELL=/bin/sh" "COMPILER=aarch64-none-elf-gcc" "ASSEMBLER=aarch64-
TRACE::2025-12-25.08:11:13::SCWMssOS::none-elf-as" "ARCHIVER=aarch64-none-elf-ar" "COMPILER_FLAGS=  -O2 -c" "EXTRA_COMPILER_FLAGS=-g -Wall -Wextra -fno-tree-loop-dis
TRACE::2025-12-25.08:11:13::SCWMssOS::tribute-patterns"

TRACE::2025-12-25.08:11:13::SCWMssOS::Running Make include in psu_cortexa53_0/libsrc/dpdma_v1_6/src

TRACE::2025-12-25.08:11:13::SCWMssOS::make -C psu_cortexa53_0/libsrc/dpdma_v1_6/src -s include  "SHELL=/bin/sh" "COMPILER=aarch64-none-elf-gcc" "ASSEMBLER=aarch64-no
TRACE::2025-12-25.08:11:13::SCWMssOS::ne-elf-as" "ARCHIVER=aarch64-none-elf-ar" "COMPILER_FLAGS=  -O2 -c" "EXTRA_COMPILER_FLAGS=-g -Wall -Wextra -fno-tree-loop-distr
TRACE::2025-12-25.08:11:13::SCWMssOS::ibute-patterns"

TRACE::2025-12-25.08:11:13::SCWMssOS::Running Make include in psu_cortexa53_0/libsrc/dppsu_v1_7/src

TRACE::2025-12-25.08:11:13::SCWMssOS::make -C psu_cortexa53_0/libsrc/dppsu_v1_7/src -s include  "SHELL=/bin/sh" "COMPILER=aarch64-none-elf-gcc" "ASSEMBLER=aarch64-no
TRACE::2025-12-25.08:11:13::SCWMssOS::ne-elf-as" "ARCHIVER=aarch64-none-elf-ar" "COMPILER_FLAGS=  -O2 -c" "EXTRA_COMPILER_FLAGS=-g -Wall -Wextra -fno-tree-loop-distr
TRACE::2025-12-25.08:11:13::SCWMssOS::ibute-patterns"

TRACE::2025-12-25.08:11:13::SCWMssOS::Running Make include in psu_cortexa53_0/libsrc/emacps_v3_21/src

TRACE::2025-12-25.08:11:13::SCWMssOS::make -C psu_cortexa53_0/libsrc/emacps_v3_21/src -s include  "SHELL=/bin/sh" "COMPILER=aarch64-none-elf-gcc" "ASSEMBLER=aarch64-
TRACE::2025-12-25.08:11:13::SCWMssOS::none-elf-as" "ARCHIVER=aarch64-none-elf-ar" "COMPILER_FLAGS=  -O2 -c" "EXTRA_COMPILER_FLAGS=-g -Wall -Wextra -fno-tree-loop-dis
TRACE::2025-12-25.08:11:13::SCWMssOS::tribute-patterns"

TRACE::2025-12-25.08:11:13::SCWMssOS::Running Make include in psu_cortexa53_0/libsrc/gpiops_v3_13/src

TRACE::2025-12-25.08:11:13::SCWMssOS::make -C psu_cortexa53_0/libsrc/gpiops_v3_13/src -s include  "SHELL=/bin/sh" "COMPILER=aarch64-none-elf-gcc" "ASSEMBLER=aarch64-
TRACE::2025-12-25.08:11:13::SCWMssOS::none-elf-as" "ARCHIVER=aarch64-none-elf-ar" "COMPILER_FLAGS=  -O2 -c" "EXTRA_COMPILER_FLAGS=-g -Wall -Wextra -fno-tree-loop-dis
TRACE::2025-12-25.08:11:13::SCWMssOS::tribute-patterns"

TRACE::2025-12-25.08:11:13::SCWMssOS::Running Make include in psu_cortexa53_0/libsrc/iicps_v3_20/src

TRACE::2025-12-25.08:11:13::SCWMssOS::make -C psu_cortexa53_0/libsrc/iicps_v3_20/src -s include  "SHELL=/bin/sh" "COMPILER=aarch64-none-elf-gcc" "ASSEMBLER=aarch64-n
TRACE::2025-12-25.08:11:13::SCWMssOS::one-elf-as" "ARCHIVER=aarch64-none-elf-ar" "COMPILER_FLAGS=  -O2 -c" "EXTRA_COMPILER_FLAGS=-g -Wall -Wextra -fno-tree-loop-dist
TRACE::2025-12-25.08:11:13::SCWMssOS::ribute-patterns"

TRACE::2025-12-25.08:11:13::SCWMssOS::Running Make include in psu_cortexa53_0/libsrc/ipipsu_v2_16/src

TRACE::2025-12-25.08:11:13::SCWMssOS::make -C psu_cortexa53_0/libsrc/ipipsu_v2_16/src -s include  "SHELL=/bin/sh" "COMPILER=aarch64-none-elf-gcc" "ASSEMBLER=aarch64-
TRACE::2025-12-25.08:11:13::SCWMssOS::none-elf-as" "ARCHIVER=aarch64-none-elf-ar" "COMPILER_FLAGS=  -O2 -c" "EXTRA_COMPILER_FLAGS=-g -Wall -Wextra -fno-tree-loop-dis
TRACE::2025-12-25.08:11:13::SCWMssOS::tribute-patterns"

TRACE::2025-12-25.08:11:13::SCWMssOS::Running Make include in psu_cortexa53_0/libsrc/pciepsu_v2_0/src

TRACE::2025-12-25.08:11:13::SCWMssOS::make -C psu_cortexa53_0/libsrc/pciepsu_v2_0/src -s include  "SHELL=/bin/sh" "COMPILER=aarch64-none-elf-gcc" "ASSEMBLER=aarch64-
TRACE::2025-12-25.08:11:13::SCWMssOS::none-elf-as" "ARCHIVER=aarch64-none-elf-ar" "COMPILER_FLAGS=  -O2 -c" "EXTRA_COMPILER_FLAGS=-g -Wall -Wextra -fno-tree-loop-dis
TRACE::2025-12-25.08:11:13::SCWMssOS::tribute-patterns"

TRACE::2025-12-25.08:11:13::SCWMssOS::Running Make include in psu_cortexa53_0/libsrc/qspipsu_v1_20/src

TRACE::2025-12-25.08:11:13::SCWMssOS::make -C psu_cortexa53_0/libsrc/qspipsu_v1_20/src -s include  "SHELL=/bin/sh" "COMPILER=aarch64-none-elf-gcc" "ASSEMBLER=aarch64
TRACE::2025-12-25.08:11:13::SCWMssOS::-none-elf-as" "ARCHIVER=aarch64-none-elf-ar" "COMPILER_FLAGS=  -O2 -c" "EXTRA_COMPILER_FLAGS=-g -Wall -Wextra -fno-tree-loop-di
TRACE::2025-12-25.08:11:13::SCWMssOS::stribute-patterns"

TRACE::2025-12-25.08:11:13::SCWMssOS::Running Make include in psu_cortexa53_0/libsrc/resetps_v1_7/src

TRACE::2025-12-25.08:11:13::SCWMssOS::make -C psu_cortexa53_0/libsrc/resetps_v1_7/src -s include  "SHELL=/bin/sh" "COMPILER=aarch64-none-elf-gcc" "ASSEMBLER=aarch64-
TRACE::2025-12-25.08:11:13::SCWMssOS::none-elf-as" "ARCHIVER=aarch64-none-elf-ar" "COMPILER_FLAGS=  -O2 -c" "EXTRA_COMPILER_FLAGS=-g -Wall -Wextra -fno-tree-loop-dis
TRACE::2025-12-25.08:11:13::SCWMssOS::tribute-patterns"

TRACE::2025-12-25.08:11:13::SCWMssOS::Running Make include in psu_cortexa53_0/libsrc/rtcpsu_v1_14/src

TRACE::2025-12-25.08:11:13::SCWMssOS::make -C psu_cortexa53_0/libsrc/rtcpsu_v1_14/src -s include  "SHELL=/bin/sh" "COMPILER=aarch64-none-elf-gcc" "ASSEMBLER=aarch64-
TRACE::2025-12-25.08:11:13::SCWMssOS::none-elf-as" "ARCHIVER=aarch64-none-elf-ar" "COMPILER_FLAGS=  -O2 -c" "EXTRA_COMPILER_FLAGS=-g -Wall -Wextra -fno-tree-loop-dis
TRACE::2025-12-25.08:11:13::SCWMssOS::tribute-patterns"

TRACE::2025-12-25.08:11:13::SCWMssOS::Running Make include in psu_cortexa53_0/libsrc/scugic_v5_4/src

TRACE::2025-12-25.08:11:13::SCWMssOS::make -C psu_cortexa53_0/libsrc/scugic_v5_4/src -s include  "SHELL=/bin/sh" "COMPILER=aarch64-none-elf-gcc" "ASSEMBLER=aarch64-n
TRACE::2025-12-25.08:11:13::SCWMssOS::one-elf-as" "ARCHIVER=aarch64-none-elf-ar" "COMPILER_FLAGS=  -O2 -c" "EXTRA_COMPILER_FLAGS=-g -Wall -Wextra -fno-tree-loop-dist
TRACE::2025-12-25.08:11:13::SCWMssOS::ribute-patterns"

TRACE::2025-12-25.08:11:13::SCWMssOS::Running Make include in psu_cortexa53_0/libsrc/sdps_v4_4/src

TRACE::2025-12-25.08:11:13::SCWMssOS::make -C psu_cortexa53_0/libsrc/sdps_v4_4/src -s include  "SHELL=/bin/sh" "COMPILER=aarch64-none-elf-gcc" "ASSEMBLER=aarch64-non
TRACE::2025-12-25.08:11:13::SCWMssOS::e-elf-as" "ARCHIVER=aarch64-none-elf-ar" "COMPILER_FLAGS=  -O2 -c" "EXTRA_COMPILER_FLAGS=-g -Wall -Wextra -fno-tree-loop-distri
TRACE::2025-12-25.08:11:13::SCWMssOS::bute-patterns"

TRACE::2025-12-25.08:11:13::SCWMssOS::Running Make include in psu_cortexa53_0/libsrc/standalone_v9_2/src

TRACE::2025-12-25.08:11:13::SCWMssOS::make -C psu_cortexa53_0/libsrc/standalone_v9_2/src -s include  "SHELL=/bin/sh" "COMPILER=aarch64-none-elf-gcc" "ASSEMBLER=aarch
TRACE::2025-12-25.08:11:13::SCWMssOS::64-none-elf-as" "ARCHIVER=aarch64-none-elf-ar" "COMPILER_FLAGS=  -O2 -c" "EXTRA_COMPILER_FLAGS=-g -Wall -Wextra -fno-tree-loop-
TRACE::2025-12-25.08:11:13::SCWMssOS::distribute-patterns"

TRACE::2025-12-25.08:11:13::SCWMssOS::Running Make include in psu_cortexa53_0/libsrc/sysmonpsu_v3_0/src

TRACE::2025-12-25.08:11:13::SCWMssOS::make -C psu_cortexa53_0/libsrc/sysmonpsu_v3_0/src -s include  "SHELL=/bin/sh" "COMPILER=aarch64-none-elf-gcc" "ASSEMBLER=aarch6
TRACE::2025-12-25.08:11:13::SCWMssOS::4-none-elf-as" "ARCHIVER=aarch64-none-elf-ar" "COMPILER_FLAGS=  -O2 -c" "EXTRA_COMPILER_FLAGS=-g -Wall -Wextra -fno-tree-loop-d
TRACE::2025-12-25.08:11:13::SCWMssOS::istribute-patterns"

TRACE::2025-12-25.08:11:13::SCWMssOS::Running Make include in psu_cortexa53_0/libsrc/ttcps_v3_20/src

TRACE::2025-12-25.08:11:13::SCWMssOS::make -C psu_cortexa53_0/libsrc/ttcps_v3_20/src -s include  "SHELL=/bin/sh" "COMPILER=aarch64-none-elf-gcc" "ASSEMBLER=aarch64-n
TRACE::2025-12-25.08:11:13::SCWMssOS::one-elf-as" "ARCHIVER=aarch64-none-elf-ar" "COMPILER_FLAGS=  -O2 -c" "EXTRA_COMPILER_FLAGS=-g -Wall -Wextra -fno-tree-loop-dist
TRACE::2025-12-25.08:11:13::SCWMssOS::ribute-patterns"

TRACE::2025-12-25.08:11:13::SCWMssOS::Running Make include in psu_cortexa53_0/libsrc/uartps_v3_15/src

TRACE::2025-12-25.08:11:13::SCWMssOS::make -C psu_cortexa53_0/libsrc/uartps_v3_15/src -s include  "SHELL=/bin/sh" "COMPILER=aarch64-none-elf-gcc" "ASSEMBLER=aarch64-
TRACE::2025-12-25.08:11:13::SCWMssOS::none-elf-as" "ARCHIVER=aarch64-none-elf-ar" "COMPILER_FLAGS=  -O2 -c" "EXTRA_COMPILER_FLAGS=-g -Wall -Wextra -fno-tree-loop-dis
TRACE::2025-12-25.08:11:13::SCWMssOS::tribute-patterns"

TRACE::2025-12-25.08:11:13::SCWMssOS::Running Make include in psu_cortexa53_0/libsrc/usbpsu_v1_16/src

TRACE::2025-12-25.08:11:13::SCWMssOS::make -C psu_cortexa53_0/libsrc/usbpsu_v1_16/src -s include  "SHELL=/bin/sh" "COMPILER=aarch64-none-elf-gcc" "ASSEMBLER=aarch64-
TRACE::2025-12-25.08:11:13::SCWMssOS::none-elf-as" "ARCHIVER=aarch64-none-elf-ar" "COMPILER_FLAGS=  -O2 -c" "EXTRA_COMPILER_FLAGS=-g -Wall -Wextra -fno-tree-loop-dis
TRACE::2025-12-25.08:11:13::SCWMssOS::tribute-patterns"

TRACE::2025-12-25.08:11:13::SCWMssOS::Running Make include in psu_cortexa53_0/libsrc/video_common_v4_16/src

TRACE::2025-12-25.08:11:13::SCWMssOS::make -C psu_cortexa53_0/libsrc/video_common_v4_16/src -s include  "SHELL=/bin/sh" "COMPILER=aarch64-none-elf-gcc" "ASSEMBLER=aa
TRACE::2025-12-25.08:11:13::SCWMssOS::rch64-none-elf-as" "ARCHIVER=aarch64-none-elf-ar" "COMPILER_FLAGS=  -O2 -c" "EXTRA_COMPILER_FLAGS=-g -Wall -Wextra -fno-tree-lo
TRACE::2025-12-25.08:11:13::SCWMssOS::op-distribute-patterns"

TRACE::2025-12-25.08:11:13::SCWMssOS::Running Make include in psu_cortexa53_0/libsrc/zdma_v1_19/src

TRACE::2025-12-25.08:11:13::SCWMssOS::make -C psu_cortexa53_0/libsrc/zdma_v1_19/src -s include  "SHELL=/bin/sh" "COMPILER=aarch64-none-elf-gcc" "ASSEMBLER=aarch64-no
TRACE::2025-12-25.08:11:13::SCWMssOS::ne-elf-as" "ARCHIVER=aarch64-none-elf-ar" "COMPILER_FLAGS=  -O2 -c" "EXTRA_COMPILER_FLAGS=-g -Wall -Wextra -fno-tree-loop-distr
TRACE::2025-12-25.08:11:13::SCWMssOS::ibute-patterns"

TRACE::2025-12-25.08:11:13::SCWMssOS::Running Make libs in psu_cortexa53_0/libsrc/dpdma_v1_6/src

TRACE::2025-12-25.08:11:13::SCWMssOS::make -C psu_cortexa53_0/libsrc/dpdma_v1_6/src -s libs  "SHELL=/bin/sh" "COMPILER=aarch64-none-elf-gcc" "ASSEMBLER=aarch64-none-
TRACE::2025-12-25.08:11:13::SCWMssOS::elf-as" "ARCHIVER=aarch64-none-elf-ar" "COMPILER_FLAGS=  -O2 -c" "EXTRA_COMPILER_FLAGS=-g -Wall -Wextra -fno-tree-loop-distribu
TRACE::2025-12-25.08:11:13::SCWMssOS::te-patterns"

TRACE::2025-12-25.08:11:13::SCWMssOS::Compiling dpdma

TRACE::2025-12-25.08:11:14::SCWMssOS::Running Make libs in psu_cortexa53_0/libsrc/avbuf_v2_6/src

TRACE::2025-12-25.08:11:14::SCWMssOS::make -C psu_cortexa53_0/libsrc/avbuf_v2_6/src -s libs  "SHELL=/bin/sh" "COMPILER=aarch64-none-elf-gcc" "ASSEMBLER=aarch64-none-
TRACE::2025-12-25.08:11:14::SCWMssOS::elf-as" "ARCHIVER=aarch64-none-elf-ar" "COMPILER_FLAGS=  -O2 -c" "EXTRA_COMPILER_FLAGS=-g -Wall -Wextra -fno-tree-loop-distribu
TRACE::2025-12-25.08:11:14::SCWMssOS::te-patterns"

TRACE::2025-12-25.08:11:14::SCWMssOS::Compiling avbuf

TRACE::2025-12-25.08:11:14::SCWMssOS::Running Make libs in psu_cortexa53_0/libsrc/data_mover_v1_0/src

TRACE::2025-12-25.08:11:14::SCWMssOS::make -C psu_cortexa53_0/libsrc/data_mover_v1_0/src -s libs  "SHELL=/bin/sh" "COMPILER=aarch64-none-elf-gcc" "ASSEMBLER=aarch64-
TRACE::2025-12-25.08:11:14::SCWMssOS::none-elf-as" "ARCHIVER=aarch64-none-elf-ar" "COMPILER_FLAGS=  -O2 -c" "EXTRA_COMPILER_FLAGS=-g -Wall -Wextra -fno-tree-loop-dis
TRACE::2025-12-25.08:11:14::SCWMssOS::tribute-patterns"

TRACE::2025-12-25.08:11:14::SCWMssOS::Building data_mover

TRACE::2025-12-25.08:11:14::SCWMssOS::Running Make libs in psu_cortexa53_0/libsrc/dppsu_v1_7/src

TRACE::2025-12-25.08:11:14::SCWMssOS::make -C psu_cortexa53_0/libsrc/dppsu_v1_7/src -s libs  "SHELL=/bin/sh" "COMPILER=aarch64-none-elf-gcc" "ASSEMBLER=aarch64-none-
TRACE::2025-12-25.08:11:14::SCWMssOS::elf-as" "ARCHIVER=aarch64-none-elf-ar" "COMPILER_FLAGS=  -O2 -c" "EXTRA_COMPILER_FLAGS=-g -Wall -Wextra -fno-tree-loop-distribu
TRACE::2025-12-25.08:11:14::SCWMssOS::te-patterns"

TRACE::2025-12-25.08:11:14::SCWMssOS::Compiling dppsu

TRACE::2025-12-25.08:11:15::SCWMssOS::Finished building libraries sequentially.

TRACE::2025-12-25.08:11:15::SCWMssOS::make -j 22 --no-print-directory par_libs

TRACE::2025-12-25.08:11:15::SCWMssOS::Running Make include in psu_cortexa53_0/libsrc/avbuf_v2_6/src

TRACE::2025-12-25.08:11:15::SCWMssOS::make -C psu_cortexa53_0/libsrc/avbuf_v2_6/src -s include  "SHELL=/bin/sh" "COMPILER=aarch64-none-elf-gcc" "ASSEMBLER=aarch64-no
TRACE::2025-12-25.08:11:15::SCWMssOS::ne-elf-as" "ARCHIVER=aarch64-none-elf-ar" "COMPILER_FLAGS=  -O2 -c" "EXTRA_COMPILER_FLAGS=-g -Wall -Wextra -fno-tree-loop-distr
TRACE::2025-12-25.08:11:15::SCWMssOS::ibute-patterns"

TRACE::2025-12-25.08:11:15::SCWMssOS::Running Make include in psu_cortexa53_0/libsrc/axipmon_v6_11/src

TRACE::2025-12-25.08:11:15::SCWMssOS::Running Make include in psu_cortexa53_0/libsrc/bram_v4_11/src

TRACE::2025-12-25.08:11:15::SCWMssOS::make -C psu_cortexa53_0/libsrc/axipmon_v6_11/src -s include  "SHELL=/bin/sh" "COMPILER=aarch64-none-elf-gcc" "ASSEMBLER=aarch64
TRACE::2025-12-25.08:11:15::SCWMssOS::-none-elf-as" "ARCHIVER=aarch64-none-elf-ar" "COMPILER_FLAGS=  -O2 -c" "EXTRA_COMPILER_FLAGS=-g -Wall -Wextra -fno-tree-loop-di
TRACE::2025-12-25.08:11:15::SCWMssOS::stribute-patterns"

TRACE::2025-12-25.08:11:15::SCWMssOS::make -C psu_cortexa53_0/libsrc/bram_v4_11/src -s include  "SHELL=/bin/sh" "COMPILER=aarch64-none-elf-gcc" "ASSEMBLER=aarch64-no
TRACE::2025-12-25.08:11:15::SCWMssOS::ne-elf-as" "ARCHIVER=aarch64-none-elf-ar" "COMPILER_FLAGS=  -O2 -c" "EXTRA_COMPILER_FLAGS=-g -Wall -Wextra -fno-tree-loop-distr
TRACE::2025-12-25.08:11:15::SCWMssOS::ibute-patterns"

TRACE::2025-12-25.08:11:15::SCWMssOS::Running Make include in psu_cortexa53_0/libsrc/clockps_v1_6/src

TRACE::2025-12-25.08:11:15::SCWMssOS::Running Make include in psu_cortexa53_0/libsrc/coresightps_dcc_v1_11/src

TRACE::2025-12-25.08:11:15::SCWMssOS::make -C psu_cortexa53_0/libsrc/clockps_v1_6/src -s include  "SHELL=/bin/sh" "COMPILER=aarch64-none-elf-gcc" "ASSEMBLER=aarch64-
TRACE::2025-12-25.08:11:15::SCWMssOS::none-elf-as" "ARCHIVER=aarch64-none-elf-ar" "COMPILER_FLAGS=  -O2 -c" "EXTRA_COMPILER_FLAGS=-g -Wall -Wextra -fno-tree-loop-dis
TRACE::2025-12-25.08:11:15::SCWMssOS::tribute-patterns"

TRACE::2025-12-25.08:11:15::SCWMssOS::make -C psu_cortexa53_0/libsrc/coresightps_dcc_v1_11/src -s include  "SHELL=/bin/sh" "COMPILER=aarch64-none-elf-gcc" "ASSEMBLER
TRACE::2025-12-25.08:11:15::SCWMssOS::=aarch64-none-elf-as" "ARCHIVER=aarch64-none-elf-ar" "COMPILER_FLAGS=  -O2 -c" "EXTRA_COMPILER_FLAGS=-g -Wall -Wextra -fno-tree
TRACE::2025-12-25.08:11:15::SCWMssOS::-loop-distribute-patterns"

TRACE::2025-12-25.08:11:15::SCWMssOS::Running Make include in psu_cortexa53_0/libsrc/cpu_cortexa53_v2_1/src

TRACE::2025-12-25.08:11:15::SCWMssOS::make -C psu_cortexa53_0/libsrc/cpu_cortexa53_v2_1/src -s include  "SHELL=/bin/sh" "COMPILER=aarch64-none-elf-gcc" "ASSEMBLER=aa
TRACE::2025-12-25.08:11:15::SCWMssOS::rch64-none-elf-as" "ARCHIVER=aarch64-none-elf-ar" "COMPILER_FLAGS=  -O2 -c" "EXTRA_COMPILER_FLAGS=-g -Wall -Wextra -fno-tree-lo
TRACE::2025-12-25.08:11:15::SCWMssOS::op-distribute-patterns"

TRACE::2025-12-25.08:11:15::SCWMssOS::Running Make include in psu_cortexa53_0/libsrc/data_mover_v1_0/src

TRACE::2025-12-25.08:11:15::SCWMssOS::Running Make include in psu_cortexa53_0/libsrc/csudma_v1_16/src

TRACE::2025-12-25.08:11:15::SCWMssOS::make -C psu_cortexa53_0/libsrc/csudma_v1_16/src -s include  "SHELL=/bin/sh" "COMPILER=aarch64-none-elf-gcc" "ASSEMBLER=aarch64-
TRACE::2025-12-25.08:11:15::SCWMssOS::none-elf-as" "ARCHIVER=aarch64-none-elf-ar" "COMPILER_FLAGS=  -O2 -c" "EXTRA_COMPILER_FLAGS=-g -Wall -Wextra -fno-tree-loop-dis
TRACE::2025-12-25.08:11:15::SCWMssOS::tribute-patterns"

TRACE::2025-12-25.08:11:15::SCWMssOS::make -C psu_cortexa53_0/libsrc/data_mover_v1_0/src -s include  "SHELL=/bin/sh" "COMPILER=aarch64-none-elf-gcc" "ASSEMBLER=aarch
TRACE::2025-12-25.08:11:15::SCWMssOS::64-none-elf-as" "ARCHIVER=aarch64-none-elf-ar" "COMPILER_FLAGS=  -O2 -c" "EXTRA_COMPILER_FLAGS=-g -Wall -Wextra -fno-tree-loop-
TRACE::2025-12-25.08:11:15::SCWMssOS::distribute-patterns"

TRACE::2025-12-25.08:11:15::SCWMssOS::Running Make include in psu_cortexa53_0/libsrc/dpdma_v1_6/src

TRACE::2025-12-25.08:11:15::SCWMssOS::Running Make include in psu_cortexa53_0/libsrc/ddrcpsu_v1_7/src

TRACE::2025-12-25.08:11:15::SCWMssOS::make -C psu_cortexa53_0/libsrc/dpdma_v1_6/src -s include  "SHELL=/bin/sh" "COMPILER=aarch64-none-elf-gcc" "ASSEMBLER=aarch64-no
TRACE::2025-12-25.08:11:15::SCWMssOS::ne-elf-as" "ARCHIVER=aarch64-none-elf-ar" "COMPILER_FLAGS=  -O2 -c" "EXTRA_COMPILER_FLAGS=-g -Wall -Wextra -fno-tree-loop-distr
TRACE::2025-12-25.08:11:15::SCWMssOS::ibute-patterns"

TRACE::2025-12-25.08:11:15::SCWMssOS::make -C psu_cortexa53_0/libsrc/ddrcpsu_v1_7/src -s include  "SHELL=/bin/sh" "COMPILER=aarch64-none-elf-gcc" "ASSEMBLER=aarch64-
TRACE::2025-12-25.08:11:15::SCWMssOS::none-elf-as" "ARCHIVER=aarch64-none-elf-ar" "COMPILER_FLAGS=  -O2 -c" "EXTRA_COMPILER_FLAGS=-g -Wall -Wextra -fno-tree-loop-dis
TRACE::2025-12-25.08:11:15::SCWMssOS::tribute-patterns"

TRACE::2025-12-25.08:11:15::SCWMssOS::Running Make include in psu_cortexa53_0/libsrc/emacps_v3_21/src

TRACE::2025-12-25.08:11:15::SCWMssOS::make -C psu_cortexa53_0/libsrc/emacps_v3_21/src -s include  "SHELL=/bin/sh" "COMPILER=aarch64-none-elf-gcc" "ASSEMBLER=aarch64-
TRACE::2025-12-25.08:11:15::SCWMssOS::none-elf-as" "ARCHIVER=aarch64-none-elf-ar" "COMPILER_FLAGS=  -O2 -c" "EXTRA_COMPILER_FLAGS=-g -Wall -Wextra -fno-tree-loop-dis
TRACE::2025-12-25.08:11:15::SCWMssOS::tribute-patterns"

TRACE::2025-12-25.08:11:15::SCWMssOS::Running Make include in psu_cortexa53_0/libsrc/dppsu_v1_7/src

TRACE::2025-12-25.08:11:15::SCWMssOS::make -C psu_cortexa53_0/libsrc/dppsu_v1_7/src -s include  "SHELL=/bin/sh" "COMPILER=aarch64-none-elf-gcc" "ASSEMBLER=aarch64-no
TRACE::2025-12-25.08:11:15::SCWMssOS::ne-elf-as" "ARCHIVER=aarch64-none-elf-ar" "COMPILER_FLAGS=  -O2 -c" "EXTRA_COMPILER_FLAGS=-g -Wall -Wextra -fno-tree-loop-distr
TRACE::2025-12-25.08:11:15::SCWMssOS::ibute-patterns"

TRACE::2025-12-25.08:11:15::SCWMssOS::Running Make include in psu_cortexa53_0/libsrc/gpiops_v3_13/src

TRACE::2025-12-25.08:11:15::SCWMssOS::make -C psu_cortexa53_0/libsrc/gpiops_v3_13/src -s include  "SHELL=/bin/sh" "COMPILER=aarch64-none-elf-gcc" "ASSEMBLER=aarch64-
TRACE::2025-12-25.08:11:15::SCWMssOS::none-elf-as" "ARCHIVER=aarch64-none-elf-ar" "COMPILER_FLAGS=  -O2 -c" "EXTRA_COMPILER_FLAGS=-g -Wall -Wextra -fno-tree-loop-dis
TRACE::2025-12-25.08:11:15::SCWMssOS::tribute-patterns"

TRACE::2025-12-25.08:11:15::SCWMssOS::Running Make include in psu_cortexa53_0/libsrc/iicps_v3_20/src

TRACE::2025-12-25.08:11:15::SCWMssOS::make -C psu_cortexa53_0/libsrc/iicps_v3_20/src -s include  "SHELL=/bin/sh" "COMPILER=aarch64-none-elf-gcc" "ASSEMBLER=aarch64-n
TRACE::2025-12-25.08:11:15::SCWMssOS::one-elf-as" "ARCHIVER=aarch64-none-elf-ar" "COMPILER_FLAGS=  -O2 -c" "EXTRA_COMPILER_FLAGS=-g -Wall -Wextra -fno-tree-loop-dist
TRACE::2025-12-25.08:11:15::SCWMssOS::ribute-patterns"

TRACE::2025-12-25.08:11:15::SCWMssOS::Running Make include in psu_cortexa53_0/libsrc/ipipsu_v2_16/src

TRACE::2025-12-25.08:11:15::SCWMssOS::make -C psu_cortexa53_0/libsrc/ipipsu_v2_16/src -s include  "SHELL=/bin/sh" "COMPILER=aarch64-none-elf-gcc" "ASSEMBLER=aarch64-
TRACE::2025-12-25.08:11:15::SCWMssOS::none-elf-as" "ARCHIVER=aarch64-none-elf-ar" "COMPILER_FLAGS=  -O2 -c" "EXTRA_COMPILER_FLAGS=-g -Wall -Wextra -fno-tree-loop-dis
TRACE::2025-12-25.08:11:15::SCWMssOS::tribute-patterns"

TRACE::2025-12-25.08:11:15::SCWMssOS::Running Make include in psu_cortexa53_0/libsrc/pciepsu_v2_0/src

TRACE::2025-12-25.08:11:15::SCWMssOS::make -C psu_cortexa53_0/libsrc/pciepsu_v2_0/src -s include  "SHELL=/bin/sh" "COMPILER=aarch64-none-elf-gcc" "ASSEMBLER=aarch64-
TRACE::2025-12-25.08:11:15::SCWMssOS::none-elf-as" "ARCHIVER=aarch64-none-elf-ar" "COMPILER_FLAGS=  -O2 -c" "EXTRA_COMPILER_FLAGS=-g -Wall -Wextra -fno-tree-loop-dis
TRACE::2025-12-25.08:11:15::SCWMssOS::tribute-patterns"

TRACE::2025-12-25.08:11:15::SCWMssOS::Running Make include in psu_cortexa53_0/libsrc/qspipsu_v1_20/src

TRACE::2025-12-25.08:11:15::SCWMssOS::make -C psu_cortexa53_0/libsrc/qspipsu_v1_20/src -s include  "SHELL=/bin/sh" "COMPILER=aarch64-none-elf-gcc" "ASSEMBLER=aarch64
TRACE::2025-12-25.08:11:15::SCWMssOS::-none-elf-as" "ARCHIVER=aarch64-none-elf-ar" "COMPILER_FLAGS=  -O2 -c" "EXTRA_COMPILER_FLAGS=-g -Wall -Wextra -fno-tree-loop-di
TRACE::2025-12-25.08:11:15::SCWMssOS::stribute-patterns"

TRACE::2025-12-25.08:11:15::SCWMssOS::Running Make include in psu_cortexa53_0/libsrc/resetps_v1_7/src

TRACE::2025-12-25.08:11:15::SCWMssOS::make -C psu_cortexa53_0/libsrc/resetps_v1_7/src -s include  "SHELL=/bin/sh" "COMPILER=aarch64-none-elf-gcc" "ASSEMBLER=aarch64-
TRACE::2025-12-25.08:11:15::SCWMssOS::none-elf-as" "ARCHIVER=aarch64-none-elf-ar" "COMPILER_FLAGS=  -O2 -c" "EXTRA_COMPILER_FLAGS=-g -Wall -Wextra -fno-tree-loop-dis
TRACE::2025-12-25.08:11:15::SCWMssOS::tribute-patterns"

TRACE::2025-12-25.08:11:15::SCWMssOS::Running Make include in psu_cortexa53_0/libsrc/rtcpsu_v1_14/src

TRACE::2025-12-25.08:11:15::SCWMssOS::make -C psu_cortexa53_0/libsrc/rtcpsu_v1_14/src -s include  "SHELL=/bin/sh" "COMPILER=aarch64-none-elf-gcc" "ASSEMBLER=aarch64-
TRACE::2025-12-25.08:11:15::SCWMssOS::none-elf-as" "ARCHIVER=aarch64-none-elf-ar" "COMPILER_FLAGS=  -O2 -c" "EXTRA_COMPILER_FLAGS=-g -Wall -Wextra -fno-tree-loop-dis
TRACE::2025-12-25.08:11:15::SCWMssOS::tribute-patterns"

TRACE::2025-12-25.08:11:15::SCWMssOS::Running Make include in psu_cortexa53_0/libsrc/scugic_v5_4/src

TRACE::2025-12-25.08:11:15::SCWMssOS::make -C psu_cortexa53_0/libsrc/scugic_v5_4/src -s include  "SHELL=/bin/sh" "COMPILER=aarch64-none-elf-gcc" "ASSEMBLER=aarch64-n
TRACE::2025-12-25.08:11:15::SCWMssOS::one-elf-as" "ARCHIVER=aarch64-none-elf-ar" "COMPILER_FLAGS=  -O2 -c" "EXTRA_COMPILER_FLAGS=-g -Wall -Wextra -fno-tree-loop-dist
TRACE::2025-12-25.08:11:15::SCWMssOS::ribute-patterns"

TRACE::2025-12-25.08:11:15::SCWMssOS::Running Make include in psu_cortexa53_0/libsrc/sdps_v4_4/src

TRACE::2025-12-25.08:11:15::SCWMssOS::make -C psu_cortexa53_0/libsrc/sdps_v4_4/src -s include  "SHELL=/bin/sh" "COMPILER=aarch64-none-elf-gcc" "ASSEMBLER=aarch64-non
TRACE::2025-12-25.08:11:15::SCWMssOS::e-elf-as" "ARCHIVER=aarch64-none-elf-ar" "COMPILER_FLAGS=  -O2 -c" "EXTRA_COMPILER_FLAGS=-g -Wall -Wextra -fno-tree-loop-distri
TRACE::2025-12-25.08:11:15::SCWMssOS::bute-patterns"

TRACE::2025-12-25.08:11:15::SCWMssOS::Running Make include in psu_cortexa53_0/libsrc/standalone_v9_2/src

TRACE::2025-12-25.08:11:15::SCWMssOS::make -C psu_cortexa53_0/libsrc/standalone_v9_2/src -s include  "SHELL=/bin/sh" "COMPILER=aarch64-none-elf-gcc" "ASSEMBLER=aarch
TRACE::2025-12-25.08:11:15::SCWMssOS::64-none-elf-as" "ARCHIVER=aarch64-none-elf-ar" "COMPILER_FLAGS=  -O2 -c" "EXTRA_COMPILER_FLAGS=-g -Wall -Wextra -fno-tree-loop-
TRACE::2025-12-25.08:11:15::SCWMssOS::distribute-patterns"

TRACE::2025-12-25.08:11:15::SCWMssOS::Running Make include in psu_cortexa53_0/libsrc/ttcps_v3_20/src

TRACE::2025-12-25.08:11:15::SCWMssOS::Running Make include in psu_cortexa53_0/libsrc/sysmonpsu_v3_0/src

TRACE::2025-12-25.08:11:15::SCWMssOS::make -C psu_cortexa53_0/libsrc/ttcps_v3_20/src -s include  "SHELL=/bin/sh" "COMPILER=aarch64-none-elf-gcc" "ASSEMBLER=aarch64-n
TRACE::2025-12-25.08:11:15::SCWMssOS::one-elf-as" "ARCHIVER=aarch64-none-elf-ar" "COMPILER_FLAGS=  -O2 -c" "EXTRA_COMPILER_FLAGS=-g -Wall -Wextra -fno-tree-loop-dist
TRACE::2025-12-25.08:11:15::SCWMssOS::ribute-patterns"

TRACE::2025-12-25.08:11:15::SCWMssOS::make -C psu_cortexa53_0/libsrc/sysmonpsu_v3_0/src -s include  "SHELL=/bin/sh" "COMPILER=aarch64-none-elf-gcc" "ASSEMBLER=aarch6
TRACE::2025-12-25.08:11:15::SCWMssOS::4-none-elf-as" "ARCHIVER=aarch64-none-elf-ar" "COMPILER_FLAGS=  -O2 -c" "EXTRA_COMPILER_FLAGS=-g -Wall -Wextra -fno-tree-loop-d
TRACE::2025-12-25.08:11:15::SCWMssOS::istribute-patterns"

TRACE::2025-12-25.08:11:15::SCWMssOS::Running Make include in psu_cortexa53_0/libsrc/uartps_v3_15/src

TRACE::2025-12-25.08:11:15::SCWMssOS::make -C psu_cortexa53_0/libsrc/uartps_v3_15/src -s include  "SHELL=/bin/sh" "COMPILER=aarch64-none-elf-gcc" "ASSEMBLER=aarch64-
TRACE::2025-12-25.08:11:15::SCWMssOS::none-elf-as" "ARCHIVER=aarch64-none-elf-ar" "COMPILER_FLAGS=  -O2 -c" "EXTRA_COMPILER_FLAGS=-g -Wall -Wextra -fno-tree-loop-dis
TRACE::2025-12-25.08:11:15::SCWMssOS::tribute-patterns"

TRACE::2025-12-25.08:11:15::SCWMssOS::Running Make include in psu_cortexa53_0/libsrc/usbpsu_v1_16/src

TRACE::2025-12-25.08:11:15::SCWMssOS::Running Make include in psu_cortexa53_0/libsrc/video_common_v4_16/src

TRACE::2025-12-25.08:11:15::SCWMssOS::make -C psu_cortexa53_0/libsrc/usbpsu_v1_16/src -s include  "SHELL=/bin/sh" "COMPILER=aarch64-none-elf-gcc" "ASSEMBLER=aarch64-
TRACE::2025-12-25.08:11:15::SCWMssOS::none-elf-as" "ARCHIVER=aarch64-none-elf-ar" "COMPILER_FLAGS=  -O2 -c" "EXTRA_COMPILER_FLAGS=-g -Wall -Wextra -fno-tree-loop-dis
TRACE::2025-12-25.08:11:15::SCWMssOS::tribute-patterns"

TRACE::2025-12-25.08:11:15::SCWMssOS::make -C psu_cortexa53_0/libsrc/video_common_v4_16/src -s include  "SHELL=/bin/sh" "COMPILER=aarch64-none-elf-gcc" "ASSEMBLER=aa
TRACE::2025-12-25.08:11:15::SCWMssOS::rch64-none-elf-as" "ARCHIVER=aarch64-none-elf-ar" "COMPILER_FLAGS=  -O2 -c" "EXTRA_COMPILER_FLAGS=-g -Wall -Wextra -fno-tree-lo
TRACE::2025-12-25.08:11:15::SCWMssOS::op-distribute-patterns"

TRACE::2025-12-25.08:11:15::SCWMssOS::Running Make include in psu_cortexa53_0/libsrc/zdma_v1_19/src

TRACE::2025-12-25.08:11:15::SCWMssOS::make -C psu_cortexa53_0/libsrc/zdma_v1_19/src -s include  "SHELL=/bin/sh" "COMPILER=aarch64-none-elf-gcc" "ASSEMBLER=aarch64-no
TRACE::2025-12-25.08:11:15::SCWMssOS::ne-elf-as" "ARCHIVER=aarch64-none-elf-ar" "COMPILER_FLAGS=  -O2 -c" "EXTRA_COMPILER_FLAGS=-g -Wall -Wextra -fno-tree-loop-distr
TRACE::2025-12-25.08:11:15::SCWMssOS::ibute-patterns"

TRACE::2025-12-25.08:11:15::SCWMssOS::Running Make libs in psu_cortexa53_0/libsrc/axipmon_v6_11/src

TRACE::2025-12-25.08:11:15::SCWMssOS::Running Make libs in psu_cortexa53_0/libsrc/bram_v4_11/src

TRACE::2025-12-25.08:11:15::SCWMssOS::make -C psu_cortexa53_0/libsrc/axipmon_v6_11/src -s libs  "SHELL=/bin/sh" "COMPILER=aarch64-none-elf-gcc" "ASSEMBLER=aarch64-no
TRACE::2025-12-25.08:11:15::SCWMssOS::ne-elf-as" "ARCHIVER=aarch64-none-elf-ar" "COMPILER_FLAGS=  -O2 -c" "EXTRA_COMPILER_FLAGS=-g -Wall -Wextra -fno-tree-loop-distr
TRACE::2025-12-25.08:11:15::SCWMssOS::ibute-patterns"

TRACE::2025-12-25.08:11:15::SCWMssOS::make -C psu_cortexa53_0/libsrc/bram_v4_11/src -s libs  "SHELL=/bin/sh" "COMPILER=aarch64-none-elf-gcc" "ASSEMBLER=aarch64-none-
TRACE::2025-12-25.08:11:15::SCWMssOS::elf-as" "ARCHIVER=aarch64-none-elf-ar" "COMPILER_FLAGS=  -O2 -c" "EXTRA_COMPILER_FLAGS=-g -Wall -Wextra -fno-tree-loop-distribu
TRACE::2025-12-25.08:11:15::SCWMssOS::te-patterns"

TRACE::2025-12-25.08:11:15::SCWMssOS::Running Make libs in psu_cortexa53_0/libsrc/clockps_v1_6/src

TRACE::2025-12-25.08:11:15::SCWMssOS::make -C psu_cortexa53_0/libsrc/clockps_v1_6/src -s libs  "SHELL=/bin/sh" "COMPILER=aarch64-none-elf-gcc" "ASSEMBLER=aarch64-non
TRACE::2025-12-25.08:11:15::SCWMssOS::e-elf-as" "ARCHIVER=aarch64-none-elf-ar" "COMPILER_FLAGS=  -O2 -c" "EXTRA_COMPILER_FLAGS=-g -Wall -Wextra -fno-tree-loop-distri
TRACE::2025-12-25.08:11:15::SCWMssOS::bute-patterns"

TRACE::2025-12-25.08:11:15::SCWMssOS::Running Make libs in psu_cortexa53_0/libsrc/coresightps_dcc_v1_11/src

TRACE::2025-12-25.08:11:15::SCWMssOS::make -C psu_cortexa53_0/libsrc/coresightps_dcc_v1_11/src -s libs  "SHELL=/bin/sh" "COMPILER=aarch64-none-elf-gcc" "ASSEMBLER=aa
TRACE::2025-12-25.08:11:15::SCWMssOS::rch64-none-elf-as" "ARCHIVER=aarch64-none-elf-ar" "COMPILER_FLAGS=  -O2 -c" "EXTRA_COMPILER_FLAGS=-g -Wall -Wextra -fno-tree-lo
TRACE::2025-12-25.08:11:15::SCWMssOS::op-distribute-patterns"

TRACE::2025-12-25.08:11:15::SCWMssOS::Running Make libs in psu_cortexa53_0/libsrc/cpu_cortexa53_v2_1/src

TRACE::2025-12-25.08:11:15::SCWMssOS::make -C psu_cortexa53_0/libsrc/cpu_cortexa53_v2_1/src -s libs  "SHELL=/bin/sh" "COMPILER=aarch64-none-elf-gcc" "ASSEMBLER=aarch
TRACE::2025-12-25.08:11:15::SCWMssOS::64-none-elf-as" "ARCHIVER=aarch64-none-elf-ar" "COMPILER_FLAGS=  -O2 -c" "EXTRA_COMPILER_FLAGS=-g -Wall -Wextra -fno-tree-loop-
TRACE::2025-12-25.08:11:15::SCWMssOS::distribute-patterns"

TRACE::2025-12-25.08:11:15::SCWMssOS::Running Make libs in psu_cortexa53_0/libsrc/csudma_v1_16/src

TRACE::2025-12-25.08:11:15::SCWMssOS::make -C psu_cortexa53_0/libsrc/csudma_v1_16/src -s libs  "SHELL=/bin/sh" "COMPILER=aarch64-none-elf-gcc" "ASSEMBLER=aarch64-non
TRACE::2025-12-25.08:11:15::SCWMssOS::e-elf-as" "ARCHIVER=aarch64-none-elf-ar" "COMPILER_FLAGS=  -O2 -c" "EXTRA_COMPILER_FLAGS=-g -Wall -Wextra -fno-tree-loop-distri
TRACE::2025-12-25.08:11:15::SCWMssOS::bute-patterns"

TRACE::2025-12-25.08:11:15::SCWMssOS::Running Make libs in psu_cortexa53_0/libsrc/ddrcpsu_v1_7/src

TRACE::2025-12-25.08:11:15::SCWMssOS::make -C psu_cortexa53_0/libsrc/ddrcpsu_v1_7/src -s libs  "SHELL=/bin/sh" "COMPILER=aarch64-none-elf-gcc" "ASSEMBLER=aarch64-non
TRACE::2025-12-25.08:11:15::SCWMssOS::e-elf-as" "ARCHIVER=aarch64-none-elf-ar" "COMPILER_FLAGS=  -O2 -c" "EXTRA_COMPILER_FLAGS=-g -Wall -Wextra -fno-tree-loop-distri
TRACE::2025-12-25.08:11:15::SCWMssOS::bute-patterns"

TRACE::2025-12-25.08:11:15::SCWMssOS::Running Make libs in psu_cortexa53_0/libsrc/emacps_v3_21/src

TRACE::2025-12-25.08:11:15::SCWMssOS::make -C psu_cortexa53_0/libsrc/emacps_v3_21/src -s libs  "SHELL=/bin/sh" "COMPILER=aarch64-none-elf-gcc" "ASSEMBLER=aarch64-non
TRACE::2025-12-25.08:11:15::SCWMssOS::e-elf-as" "ARCHIVER=aarch64-none-elf-ar" "COMPILER_FLAGS=  -O2 -c" "EXTRA_COMPILER_FLAGS=-g -Wall -Wextra -fno-tree-loop-distri
TRACE::2025-12-25.08:11:15::SCWMssOS::bute-patterns"

TRACE::2025-12-25.08:11:15::SCWMssOS::Running Make libs in psu_cortexa53_0/libsrc/gpiops_v3_13/src

TRACE::2025-12-25.08:11:15::SCWMssOS::make -C psu_cortexa53_0/libsrc/gpiops_v3_13/src -s libs  "SHELL=/bin/sh" "COMPILER=aarch64-none-elf-gcc" "ASSEMBLER=aarch64-non
TRACE::2025-12-25.08:11:15::SCWMssOS::e-elf-as" "ARCHIVER=aarch64-none-elf-ar" "COMPILER_FLAGS=  -O2 -c" "EXTRA_COMPILER_FLAGS=-g -Wall -Wextra -fno-tree-loop-distri
TRACE::2025-12-25.08:11:15::SCWMssOS::bute-patterns"

TRACE::2025-12-25.08:11:15::SCWMssOS::Running Make libs in psu_cortexa53_0/libsrc/iicps_v3_20/src

TRACE::2025-12-25.08:11:15::SCWMssOS::Running Make libs in psu_cortexa53_0/libsrc/ipipsu_v2_16/src

TRACE::2025-12-25.08:11:15::SCWMssOS::make -C psu_cortexa53_0/libsrc/iicps_v3_20/src -s libs  "SHELL=/bin/sh" "COMPILER=aarch64-none-elf-gcc" "ASSEMBLER=aarch64-none
TRACE::2025-12-25.08:11:15::SCWMssOS::-elf-as" "ARCHIVER=aarch64-none-elf-ar" "COMPILER_FLAGS=  -O2 -c" "EXTRA_COMPILER_FLAGS=-g -Wall -Wextra -fno-tree-loop-distrib
TRACE::2025-12-25.08:11:15::SCWMssOS::ute-patterns"

TRACE::2025-12-25.08:11:15::SCWMssOS::Running Make libs in psu_cortexa53_0/libsrc/pciepsu_v2_0/src

TRACE::2025-12-25.08:11:15::SCWMssOS::make -C psu_cortexa53_0/libsrc/ipipsu_v2_16/src -s libs  "SHELL=/bin/sh" "COMPILER=aarch64-none-elf-gcc" "ASSEMBLER=aarch64-non
TRACE::2025-12-25.08:11:15::SCWMssOS::e-elf-as" "ARCHIVER=aarch64-none-elf-ar" "COMPILER_FLAGS=  -O2 -c" "EXTRA_COMPILER_FLAGS=-g -Wall -Wextra -fno-tree-loop-distri
TRACE::2025-12-25.08:11:15::SCWMssOS::bute-patterns"

TRACE::2025-12-25.08:11:15::SCWMssOS::Running Make libs in psu_cortexa53_0/libsrc/qspipsu_v1_20/src

TRACE::2025-12-25.08:11:15::SCWMssOS::make -C psu_cortexa53_0/libsrc/pciepsu_v2_0/src -s libs  "SHELL=/bin/sh" "COMPILER=aarch64-none-elf-gcc" "ASSEMBLER=aarch64-non
TRACE::2025-12-25.08:11:15::SCWMssOS::e-elf-as" "ARCHIVER=aarch64-none-elf-ar" "COMPILER_FLAGS=  -O2 -c" "EXTRA_COMPILER_FLAGS=-g -Wall -Wextra -fno-tree-loop-distri
TRACE::2025-12-25.08:11:15::SCWMssOS::bute-patterns"

TRACE::2025-12-25.08:11:15::SCWMssOS::make -C psu_cortexa53_0/libsrc/qspipsu_v1_20/src -s libs  "SHELL=/bin/sh" "COMPILER=aarch64-none-elf-gcc" "ASSEMBLER=aarch64-no
TRACE::2025-12-25.08:11:15::SCWMssOS::ne-elf-as" "ARCHIVER=aarch64-none-elf-ar" "COMPILER_FLAGS=  -O2 -c" "EXTRA_COMPILER_FLAGS=-g -Wall -Wextra -fno-tree-loop-distr
TRACE::2025-12-25.08:11:15::SCWMssOS::ibute-patterns"

TRACE::2025-12-25.08:11:15::SCWMssOS::Running Make libs in psu_cortexa53_0/libsrc/resetps_v1_7/src

TRACE::2025-12-25.08:11:15::SCWMssOS::make -C psu_cortexa53_0/libsrc/resetps_v1_7/src -s libs  "SHELL=/bin/sh" "COMPILER=aarch64-none-elf-gcc" "ASSEMBLER=aarch64-non
TRACE::2025-12-25.08:11:15::SCWMssOS::e-elf-as" "ARCHIVER=aarch64-none-elf-ar" "COMPILER_FLAGS=  -O2 -c" "EXTRA_COMPILER_FLAGS=-g -Wall -Wextra -fno-tree-loop-distri
TRACE::2025-12-25.08:11:15::SCWMssOS::bute-patterns"

TRACE::2025-12-25.08:11:15::SCWMssOS::Running Make libs in psu_cortexa53_0/libsrc/rtcpsu_v1_14/src

TRACE::2025-12-25.08:11:15::SCWMssOS::make -C psu_cortexa53_0/libsrc/rtcpsu_v1_14/src -s libs  "SHELL=/bin/sh" "COMPILER=aarch64-none-elf-gcc" "ASSEMBLER=aarch64-non
TRACE::2025-12-25.08:11:15::SCWMssOS::e-elf-as" "ARCHIVER=aarch64-none-elf-ar" "COMPILER_FLAGS=  -O2 -c" "EXTRA_COMPILER_FLAGS=-g -Wall -Wextra -fno-tree-loop-distri
TRACE::2025-12-25.08:11:15::SCWMssOS::bute-patterns"

TRACE::2025-12-25.08:11:15::SCWMssOS::Running Make libs in psu_cortexa53_0/libsrc/scugic_v5_4/src

TRACE::2025-12-25.08:11:15::SCWMssOS::make -C psu_cortexa53_0/libsrc/scugic_v5_4/src -s libs  "SHELL=/bin/sh" "COMPILER=aarch64-none-elf-gcc" "ASSEMBLER=aarch64-none
TRACE::2025-12-25.08:11:15::SCWMssOS::-elf-as" "ARCHIVER=aarch64-none-elf-ar" "COMPILER_FLAGS=  -O2 -c" "EXTRA_COMPILER_FLAGS=-g -Wall -Wextra -fno-tree-loop-distrib
TRACE::2025-12-25.08:11:15::SCWMssOS::ute-patterns"

TRACE::2025-12-25.08:11:15::SCWMssOS::Running Make libs in psu_cortexa53_0/libsrc/sdps_v4_4/src

TRACE::2025-12-25.08:11:15::SCWMssOS::make -C psu_cortexa53_0/libsrc/sdps_v4_4/src -s libs  "SHELL=/bin/sh" "COMPILER=aarch64-none-elf-gcc" "ASSEMBLER=aarch64-none-e
TRACE::2025-12-25.08:11:15::SCWMssOS::lf-as" "ARCHIVER=aarch64-none-elf-ar" "COMPILER_FLAGS=  -O2 -c" "EXTRA_COMPILER_FLAGS=-g -Wall -Wextra -fno-tree-loop-distribut
TRACE::2025-12-25.08:11:15::SCWMssOS::e-patterns"

TRACE::2025-12-25.08:11:15::SCWMssOS::Running Make libs in psu_cortexa53_0/libsrc/standalone_v9_2/src

TRACE::2025-12-25.08:11:15::SCWMssOS::make -C psu_cortexa53_0/libsrc/standalone_v9_2/src -s libs  "SHELL=/bin/sh" "COMPILER=aarch64-none-elf-gcc" "ASSEMBLER=aarch64-
TRACE::2025-12-25.08:11:15::SCWMssOS::none-elf-as" "ARCHIVER=aarch64-none-elf-ar" "COMPILER_FLAGS=  -O2 -c" "EXTRA_COMPILER_FLAGS=-g -Wall -Wextra -fno-tree-loop-dis
TRACE::2025-12-25.08:11:15::SCWMssOS::tribute-patterns"

TRACE::2025-12-25.08:11:15::SCWMssOS::Running Make libs in psu_cortexa53_0/libsrc/sysmonpsu_v3_0/src

TRACE::2025-12-25.08:11:15::SCWMssOS::make -C psu_cortexa53_0/libsrc/sysmonpsu_v3_0/src -s libs  "SHELL=/bin/sh" "COMPILER=aarch64-none-elf-gcc" "ASSEMBLER=aarch64-n
TRACE::2025-12-25.08:11:15::SCWMssOS::one-elf-as" "ARCHIVER=aarch64-none-elf-ar" "COMPILER_FLAGS=  -O2 -c" "EXTRA_COMPILER_FLAGS=-g -Wall -Wextra -fno-tree-loop-dist
TRACE::2025-12-25.08:11:15::SCWMssOS::ribute-patterns"

TRACE::2025-12-25.08:11:15::SCWMssOS::Running Make libs in psu_cortexa53_0/libsrc/ttcps_v3_20/src

TRACE::2025-12-25.08:11:15::SCWMssOS::make -C psu_cortexa53_0/libsrc/ttcps_v3_20/src -s libs  "SHELL=/bin/sh" "COMPILER=aarch64-none-elf-gcc" "ASSEMBLER=aarch64-none
TRACE::2025-12-25.08:11:15::SCWMssOS::-elf-as" "ARCHIVER=aarch64-none-elf-ar" "COMPILER_FLAGS=  -O2 -c" "EXTRA_COMPILER_FLAGS=-g -Wall -Wextra -fno-tree-loop-distrib
TRACE::2025-12-25.08:11:15::SCWMssOS::ute-patterns"

TRACE::2025-12-25.08:11:15::SCWMssOS::Running Make libs in psu_cortexa53_0/libsrc/uartps_v3_15/src

TRACE::2025-12-25.08:11:15::SCWMssOS::make -C psu_cortexa53_0/libsrc/uartps_v3_15/src -s libs  "SHELL=/bin/sh" "COMPILER=aarch64-none-elf-gcc" "ASSEMBLER=aarch64-non
TRACE::2025-12-25.08:11:15::SCWMssOS::e-elf-as" "ARCHIVER=aarch64-none-elf-ar" "COMPILER_FLAGS=  -O2 -c" "EXTRA_COMPILER_FLAGS=-g -Wall -Wextra -fno-tree-loop-distri
TRACE::2025-12-25.08:11:15::SCWMssOS::bute-patterns"

TRACE::2025-12-25.08:11:15::SCWMssOS::Running Make libs in psu_cortexa53_0/libsrc/usbpsu_v1_16/src

TRACE::2025-12-25.08:11:15::SCWMssOS::make -C psu_cortexa53_0/libsrc/usbpsu_v1_16/src -s libs  "SHELL=/bin/sh" "COMPILER=aarch64-none-elf-gcc" "ASSEMBLER=aarch64-non
TRACE::2025-12-25.08:11:15::SCWMssOS::e-elf-as" "ARCHIVER=aarch64-none-elf-ar" "COMPILER_FLAGS=  -O2 -c" "EXTRA_COMPILER_FLAGS=-g -Wall -Wextra -fno-tree-loop-distri
TRACE::2025-12-25.08:11:15::SCWMssOS::bute-patterns"

TRACE::2025-12-25.08:11:15::SCWMssOS::Running Make libs in psu_cortexa53_0/libsrc/video_common_v4_16/src

TRACE::2025-12-25.08:11:15::SCWMssOS::make -C psu_cortexa53_0/libsrc/video_common_v4_16/src -s libs  "SHELL=/bin/sh" "COMPILER=aarch64-none-elf-gcc" "ASSEMBLER=aarch
TRACE::2025-12-25.08:11:15::SCWMssOS::64-none-elf-as" "ARCHIVER=aarch64-none-elf-ar" "COMPILER_FLAGS=  -O2 -c" "EXTRA_COMPILER_FLAGS=-g -Wall -Wextra -fno-tree-loop-
TRACE::2025-12-25.08:11:15::SCWMssOS::distribute-patterns"

TRACE::2025-12-25.08:11:15::SCWMssOS::Running Make libs in psu_cortexa53_0/libsrc/zdma_v1_19/src

TRACE::2025-12-25.08:11:15::SCWMssOS::make -C psu_cortexa53_0/libsrc/zdma_v1_19/src -s libs  "SHELL=/bin/sh" "COMPILER=aarch64-none-elf-gcc" "ASSEMBLER=aarch64-none-
TRACE::2025-12-25.08:11:15::SCWMssOS::elf-as" "ARCHIVER=aarch64-none-elf-ar" "COMPILER_FLAGS=  -O2 -c" "EXTRA_COMPILER_FLAGS=-g -Wall -Wextra -fno-tree-loop-distribu
TRACE::2025-12-25.08:11:15::SCWMssOS::te-patterns"

TRACE::2025-12-25.08:11:16::SCWMssOS::Finished building libraries parallelly.

TRACE::2025-12-25.08:11:16::SCWMssOS::make --no-print-directory archive

TRACE::2025-12-25.08:11:16::SCWMssOS::aarch64-none-elf-ar -r  psu_cortexa53_0/lib/libxil.a psu_cortexa53_0/lib/_exit.o psu_cortexa53_0/lib/_open.o psu_cortexa53_0/li
TRACE::2025-12-25.08:11:16::SCWMssOS::b/_sbrk.o psu_cortexa53_0/lib/abort.o psu_cortexa53_0/lib/asm_vectors.o psu_cortexa53_0/lib/boot.o psu_cortexa53_0/lib/close.o 
TRACE::2025-12-25.08:11:16::SCWMssOS::psu_cortexa53_0/lib/cpputest_time.o psu_cortexa53_0/lib/errno.o psu_cortexa53_0/lib/fcntl.o psu_cortexa53_0/lib/fstat.o psu_cor
TRACE::2025-12-25.08:11:16::SCWMssOS::texa53_0/lib/getentropy.o psu_cortexa53_0/lib/getpid.o psu_cortexa53_0/lib/gettimeofday.o psu_cortexa53_0/lib/inbyte.o psu_cort
TRACE::2025-12-25.08:11:16::SCWMssOS::exa53_0/lib/initialise_monitor_handles.o psu_cortexa53_0/lib/isatty.o psu_cortexa53_0/lib/kill.o psu_cortexa53_0/lib/lseek.o ps
TRACE::2025-12-25.08:11:16::SCWMssOS::u_cortexa53_0/lib/open.o psu_cortexa53_0/lib/outbyte.o psu_cortexa53_0/lib/print.o psu_cortexa53_0/lib/putnum.o psu_cortexa53_0
TRACE::2025-12-25.08:11:16::SCWMssOS::/lib/read.o psu_cortexa53_0/lib/sbrk.o psu_cortexa53_0/lib/sleep.o psu_cortexa53_0/lib/time.o psu_cortexa53_0/lib/translation_t
TRACE::2025-12-25.08:11:16::SCWMssOS::able.o psu_cortexa53_0/lib/unlink.o psu_cortexa53_0/lib/vectors.o psu_cortexa53_0/lib/write.o psu_cortexa53_0/lib/xaxipmon.o ps
TRACE::2025-12-25.08:11:16::SCWMssOS::u_cortexa53_0/lib/xaxipmon_g.o psu_cortexa53_0/lib/xaxipmon_selftest.o psu_cortexa53_0/lib/xaxipmon_sinit.o psu_cortexa53_0/lib
TRACE::2025-12-25.08:11:16::SCWMssOS::/xbram.o psu_cortexa53_0/lib/xbram_g.o psu_cortexa53_0/lib/xbram_intr.o psu_cortexa53_0/lib/xbram_selftest.o psu_cortexa53_0/li
TRACE::2025-12-25.08:11:16::SCWMssOS::b/xbram_sinit.o psu_cortexa53_0/lib/xclockps.o psu_cortexa53_0/lib/xclockps_divider.o psu_cortexa53_0/lib/xclockps_fixedfactor.
TRACE::2025-12-25.08:11:16::SCWMssOS::o psu_cortexa53_0/lib/xclockps_g.o psu_cortexa53_0/lib/xclockps_gate.o psu_cortexa53_0/lib/xclockps_mux.o psu_cortexa53_0/lib/x
TRACE::2025-12-25.08:11:16::SCWMssOS::clockps_pll.o psu_cortexa53_0/lib/xclockps_sinit.o psu_cortexa53_0/lib/xcoresightpsdcc.o psu_cortexa53_0/lib/xcsudma.o psu_cort
TRACE::2025-12-25.08:11:16::SCWMssOS::exa53_0/lib/xcsudma_g.o psu_cortexa53_0/lib/xcsudma_intr.o psu_cortexa53_0/lib/xcsudma_selftest.o psu_cortexa53_0/lib/xcsudma_s
TRACE::2025-12-25.08:11:16::SCWMssOS::init.o psu_cortexa53_0/lib/xdata_mover.o psu_cortexa53_0/lib/xdata_mover_g.o psu_cortexa53_0/lib/xdata_mover_linux.o psu_cortex
TRACE::2025-12-25.08:11:16::SCWMssOS::a53_0/lib/xdata_mover_sinit.o psu_cortexa53_0/lib/xddrcpsu.o psu_cortexa53_0/lib/xddrcpsu_sinit.o psu_cortexa53_0/lib/xemacps.o
TRACE::2025-12-25.08:11:16::SCWMssOS:: psu_cortexa53_0/lib/xemacps_bdring.o psu_cortexa53_0/lib/xemacps_control.o psu_cortexa53_0/lib/xemacps_g.o psu_cortexa53_0/lib
TRACE::2025-12-25.08:11:16::SCWMssOS::/xemacps_hw.o psu_cortexa53_0/lib/xemacps_intr.o psu_cortexa53_0/lib/xemacps_sinit.o psu_cortexa53_0/lib/xgpiops.o psu_cortexa5
TRACE::2025-12-25.08:11:16::SCWMssOS::3_0/lib/xgpiops_g.o psu_cortexa53_0/lib/xgpiops_hw.o psu_cortexa53_0/lib/xgpiops_intr.o psu_cortexa53_0/lib/xgpiops_selftest.o 
TRACE::2025-12-25.08:11:16::SCWMssOS::psu_cortexa53_0/lib/xgpiops_sinit.o psu_cortexa53_0/lib/xiicps.o psu_cortexa53_0/lib/xiicps_g.o psu_cortexa53_0/lib/xiicps_hw.o
TRACE::2025-12-25.08:11:16::SCWMssOS:: psu_cortexa53_0/lib/xiicps_intr.o psu_cortexa53_0/lib/xiicps_master.o psu_cortexa53_0/lib/xiicps_options.o psu_cortexa53_0/lib
TRACE::2025-12-25.08:11:16::SCWMssOS::/xiicps_selftest.o psu_cortexa53_0/lib/xiicps_sinit.o psu_cortexa53_0/lib/xiicps_slave.o psu_cortexa53_0/lib/xiicps_xfer.o psu_
TRACE::2025-12-25.08:11:16::SCWMssOS::cortexa53_0/lib/xil-crt0.o psu_cortexa53_0/lib/xil_assert.o psu_cortexa53_0/lib/xil_cache.o psu_cortexa53_0/lib/xil_clocking.o 
TRACE::2025-12-25.08:11:16::SCWMssOS::psu_cortexa53_0/lib/xil_exception.o psu_cortexa53_0/lib/xil_mem.o psu_cortexa53_0/lib/xil_mmu.o psu_cortexa53_0/lib/xil_printf.
TRACE::2025-12-25.08:11:16::SCWMssOS::o psu_cortexa53_0/lib/xil_sleepcommon.o psu_cortexa53_0/lib/xil_sleeptimer.o psu_cortexa53_0/lib/xil_smc.o psu_cortexa53_0/lib/
TRACE::2025-12-25.08:11:16::SCWMssOS::xil_spinlock.o psu_cortexa53_0/lib/xil_sutil.o psu_cortexa53_0/lib/xil_testcache.o psu_cortexa53_0/lib/xil_testio.o psu_cortexa
TRACE::2025-12-25.08:11:16::SCWMssOS::53_0/lib/xil_testmem.o psu_cortexa53_0/lib/xil_util.o psu_cortexa53_0/lib/xinterrupt_wrap.o psu_cortexa53_0/lib/xipipsu.o psu_c
TRACE::2025-12-25.08:11:16::SCWMssOS::ortexa53_0/lib/xipipsu_buf.o psu_cortexa53_0/lib/xipipsu_g.o psu_cortexa53_0/lib/xipipsu_helper.o psu_cortexa53_0/lib/xipipsu_s
TRACE::2025-12-25.08:11:16::SCWMssOS::init.o psu_cortexa53_0/lib/xpciepsu.o psu_cortexa53_0/lib/xpciepsu_caps.o psu_cortexa53_0/lib/xpciepsu_ep.o psu_cortexa53_0/lib
TRACE::2025-12-25.08:11:16::SCWMssOS::/xpciepsu_g.o psu_cortexa53_0/lib/xpciepsu_sinit.o psu_cortexa53_0/lib/xplatform_info.o psu_cortexa53_0/lib/xpm_counter.o psu_c
TRACE::2025-12-25.08:11:16::SCWMssOS::ortexa53_0/lib/xpm_init.o psu_cortexa53_0/lib/xqspipsu.o psu_cortexa53_0/lib/xqspipsu_control.o psu_cortexa53_0/lib/xqspipsu_g.
TRACE::2025-12-25.08:11:16::SCWMssOS::o psu_cortexa53_0/lib/xqspipsu_hw.o psu_cortexa53_0/lib/xqspipsu_options.o psu_cortexa53_0/lib/xqspipsu_sinit.o psu_cortexa53_0
TRACE::2025-12-25.08:11:16::SCWMssOS::/lib/xqspipsu_xfer.o psu_cortexa53_0/lib/xresetps.o psu_cortexa53_0/lib/xresetps_g.o psu_cortexa53_0/lib/xresetps_sinit.o psu_c
TRACE::2025-12-25.08:11:16::SCWMssOS::ortexa53_0/lib/xrtcpsu.o psu_cortexa53_0/lib/xrtcpsu_g.o psu_cortexa53_0/lib/xrtcpsu_intr.o psu_cortexa53_0/lib/xrtcpsu_selftes
TRACE::2025-12-25.08:11:16::SCWMssOS::t.o psu_cortexa53_0/lib/xrtcpsu_sinit.o psu_cortexa53_0/lib/xscugic.o psu_cortexa53_0/lib/xscugic_g.o psu_cortexa53_0/lib/xscug
TRACE::2025-12-25.08:11:16::SCWMssOS::ic_hw.o psu_cortexa53_0/lib/xscugic_intr.o psu_cortexa53_0/lib/xscugic_selftest.o psu_cortexa53_0/lib/xscugic_sinit.o psu_corte
TRACE::2025-12-25.08:11:16::SCWMssOS::xa53_0/lib/xsdps.o psu_cortexa53_0/lib/xsdps_card.o psu_cortexa53_0/lib/xsdps_g.o psu_cortexa53_0/lib/xsdps_host.o psu_cortexa5
TRACE::2025-12-25.08:11:16::SCWMssOS::3_0/lib/xsdps_options.o psu_cortexa53_0/lib/xsdps_sinit.o psu_cortexa53_0/lib/xsysmonpsu.o psu_cortexa53_0/lib/xsysmonpsu_g.o p
TRACE::2025-12-25.08:11:16::SCWMssOS::su_cortexa53_0/lib/xsysmonpsu_intr.o psu_cortexa53_0/lib/xsysmonpsu_selftest.o psu_cortexa53_0/lib/xsysmonpsu_sinit.o psu_corte
TRACE::2025-12-25.08:11:16::SCWMssOS::xa53_0/lib/xtime_l.o psu_cortexa53_0/lib/xttcps.o psu_cortexa53_0/lib/xttcps_g.o psu_cortexa53_0/lib/xttcps_options.o psu_corte
TRACE::2025-12-25.08:11:16::SCWMssOS::xa53_0/lib/xttcps_selftest.o psu_cortexa53_0/lib/xttcps_sinit.o psu_cortexa53_0/lib/xuartps.o psu_cortexa53_0/lib/xuartps_g.o p
TRACE::2025-12-25.08:11:16::SCWMssOS::su_cortexa53_0/lib/xuartps_hw.o psu_cortexa53_0/lib/xuartps_intr.o psu_cortexa53_0/lib/xuartps_options.o psu_cortexa53_0/lib/xu
TRACE::2025-12-25.08:11:16::SCWMssOS::artps_selftest.o psu_cortexa53_0/lib/xuartps_sinit.o psu_cortexa53_0/lib/xusbpsu.o psu_cortexa53_0/lib/xusbpsu_command.o psu_co
TRACE::2025-12-25.08:11:16::SCWMssOS::rtexa53_0/lib/xusbpsu_controltransfers.o psu_cortexa53_0/lib/xusbpsu_device.o psu_cortexa53_0/lib/xusbpsu_endpoint.o psu_cortex
TRACE::2025-12-25.08:11:16::SCWMssOS::a53_0/lib/xusbpsu_ep0handler.o psu_cortexa53_0/lib/xusbpsu_ephandler.o psu_cortexa53_0/lib/xusbpsu_event.o psu_cortexa53_0/lib/
TRACE::2025-12-25.08:11:16::SCWMssOS::xusbpsu_g.o psu_cortexa53_0/lib/xusbpsu_hibernation.o psu_cortexa53_0/lib/xusbpsu_intr.o psu_cortexa53_0/lib/xusbpsu_sinit.o ps
TRACE::2025-12-25.08:11:16::SCWMssOS::u_cortexa53_0/lib/xvidc.o psu_cortexa53_0/lib/xvidc_edid.o psu_cortexa53_0/lib/xvidc_edid_ext.o psu_cortexa53_0/lib/xvidc_parse
TRACE::2025-12-25.08:11:16::SCWMssOS::_edid.o psu_cortexa53_0/lib/xvidc_timings_table.o psu_cortexa53_0/lib/xzdma.o psu_cortexa53_0/lib/xzdma_g.o psu_cortexa53_0/lib
TRACE::2025-12-25.08:11:16::SCWMssOS::/xzdma_intr.o psu_cortexa53_0/lib/xzdma_selftest.o psu_cortexa53_0/lib/xzdma_sinit.o

TRACE::2025-12-25.08:11:16::SCWMssOS::Finished building libraries

TRACE::2025-12-25.08:11:16::SCWMssOS:: Checking if to create the Supporting Applications
TRACE::2025-12-25.08:11:16::SCWMssOS:: No Linux domain exists, trying to generate FSBL 
LOG::2025-12-25.08:11:16::SCWSystem::Completed Processing the domain standalone_domain
LOG::2025-12-25.08:11:16::SCWSystem::Completed Processing the sysconfig full_system_v0
LOG::2025-12-25.08:11:16::SCWPlatform::Completed generating the artifacts for system configuration full_system_v0
TRACE::2025-12-25.08:11:16::SCWPlatform::Started preparing the platform 
TRACE::2025-12-25.08:11:16::SCWSystem::Writing the bif file for system config full_system_v0
TRACE::2025-12-25.08:11:16::SCWSystem::dir created 
TRACE::2025-12-25.08:11:16::SCWSystem::Writing the bif 
TRACE::2025-12-25.08:11:16::SCWPlatform::Started writing the spfm file 
TRACE::2025-12-25.08:11:16::SCWPlatform::Started writing the xpfm file 
TRACE::2025-12-25.08:11:16::SCWPlatform::Completed generating the platform
TRACE::2025-12-25.08:11:16::SCWMssOS::Saving the mss changes /home/zhou/Desktop/validation_1/vitis/full_system_v0/zynqmp_fsbl/zynqmp_fsbl_bsp/system.mss
TRACE::2025-12-25.08:11:16::SCWMssOS::Adding the swdes entry, mss present, able to open swdb /home/zhou/Desktop/validation_1/vitis/full_system_v0/zynqmp_fsbl/zynqmp_fsbl_bsp/system.mss with des name system
TRACE::2025-12-25.08:11:16::SCWMssOS::Writing the mss file completed /home/zhou/Desktop/validation_1/vitis/full_system_v0/zynqmp_fsbl/zynqmp_fsbl_bsp/system.mss
TRACE::2025-12-25.08:11:16::SCWMssOS::Commit changes completed.
TRACE::2025-12-25.08:11:16::SCWMssOS::Saving the mss changes /home/zhou/Desktop/validation_1/vitis/full_system_v0/zynqmp_pmufw/zynqmp_pmufw_bsp/system.mss
TRACE::2025-12-25.08:11:16::SCWMssOS::Adding the swdes entry, mss present, able to open swdb /home/zhou/Desktop/validation_1/vitis/full_system_v0/zynqmp_pmufw/zynqmp_pmufw_bsp/system.mss with des name system_0
TRACE::2025-12-25.08:11:16::SCWMssOS::Writing the mss file completed /home/zhou/Desktop/validation_1/vitis/full_system_v0/zynqmp_pmufw/zynqmp_pmufw_bsp/system.mss
TRACE::2025-12-25.08:11:16::SCWMssOS::Commit changes completed.
TRACE::2025-12-25.08:11:16::SCWMssOS::Saving the mss changes /home/zhou/Desktop/validation_1/vitis/full_system_v0/psu_cortexa53_0/standalone_domain/bsp/system.mss
TRACE::2025-12-25.08:11:16::SCWMssOS::Adding the swdes entry, mss present, able to open swdb /home/zhou/Desktop/validation_1/vitis/full_system_v0/psu_cortexa53_0/standalone_domain/bsp/system.mss with des name system_1
TRACE::2025-12-25.08:11:16::SCWMssOS::Writing the mss file completed /home/zhou/Desktop/validation_1/vitis/full_system_v0/psu_cortexa53_0/standalone_domain/bsp/system.mss
TRACE::2025-12-25.08:11:16::SCWMssOS::Commit changes completed.
TRACE::2025-12-25.08:11:16::SCWPlatform::Trying to open the hw design at /home/zhou/Desktop/validation_1/vitis/full_system_v0/hw/new_system_v1_wrapper.xsa
TRACE::2025-12-25.08:11:16::SCWPlatform::DSA given /home/zhou/Desktop/validation_1/vitis/full_system_v0/hw/new_system_v1_wrapper.xsa
TRACE::2025-12-25.08:11:16::SCWPlatform::DSA absoulate path /home/zhou/Desktop/validation_1/vitis/full_system_v0/hw/new_system_v1_wrapper.xsa
TRACE::2025-12-25.08:11:16::SCWPlatform::DSA directory /home/zhou/Desktop/validation_1/vitis/full_system_v0/hw
TRACE::2025-12-25.08:11:16::SCWPlatform:: Platform Path /home/zhou/Desktop/validation_1/vitis/full_system_v0/hw/new_system_v1_wrapper.xsa
TRACE::2025-12-25.08:11:16::SCWPlatform:: Unique name xilinx:::0.0
TRACE::2025-12-25.08:11:16::SCWPlatform::Trying to set the existing hwdb with name gemm_v0_wrapper_0
TRACE::2025-12-25.08:11:16::SCWPlatform::Opened existing hwdb gemm_v0_wrapper_0
TRACE::2025-12-25.08:11:16::SCWPlatform::Found the Hw Db part of the input DSA
TRACE::2025-12-25.08:11:16::SCWMssOS::Checking the sw design at  /home/zhou/Desktop/validation_1/vitis/full_system_v0/zynqmp_fsbl/zynqmp_fsbl_bsp/system.mss
TRACE::2025-12-25.08:11:16::SCWMssOS::DEBUG:  swdes dump  /home/zhou/Desktop/validation_1/vitis/full_system_v0/psu_cortexa53_0/standalone_domain/bsp/system.mss|system_1||
/home/zhou/Desktop/validation_1/vitis/full_system_v0/zynqmp_fsbl/zynqmp_fsbl_bsp/system.mss|system||
/home/zhou/Desktop/validation_1/vitis/full_system_v0/zynqmp_pmufw/zynqmp_pmufw_bsp/system.mss|system_0||

TRACE::2025-12-25.08:11:16::SCWMssOS::Sw design exists and opened at  /home/zhou/Desktop/validation_1/vitis/full_system_v0/zynqmp_fsbl/zynqmp_fsbl_bsp/system.mss
TRACE::2025-12-25.08:11:16::SCWPlatform::Trying to open the hw design at /home/zhou/Desktop/validation_1/vitis/full_system_v0/hw/new_system_v1_wrapper.xsa
TRACE::2025-12-25.08:11:16::SCWPlatform::DSA given /home/zhou/Desktop/validation_1/vitis/full_system_v0/hw/new_system_v1_wrapper.xsa
TRACE::2025-12-25.08:11:16::SCWPlatform::DSA absoulate path /home/zhou/Desktop/validation_1/vitis/full_system_v0/hw/new_system_v1_wrapper.xsa
TRACE::2025-12-25.08:11:16::SCWPlatform::DSA directory /home/zhou/Desktop/validation_1/vitis/full_system_v0/hw
TRACE::2025-12-25.08:11:16::SCWPlatform:: Platform Path /home/zhou/Desktop/validation_1/vitis/full_system_v0/hw/new_system_v1_wrapper.xsa
TRACE::2025-12-25.08:11:16::SCWPlatform:: Unique name xilinx:::0.0
TRACE::2025-12-25.08:11:16::SCWPlatform::Trying to set the existing hwdb with name gemm_v0_wrapper_0
TRACE::2025-12-25.08:11:16::SCWPlatform::Opened existing hwdb gemm_v0_wrapper_0
TRACE::2025-12-25.08:11:16::SCWPlatform::Found the Hw Db part of the input DSA
TRACE::2025-12-25.08:11:16::SCWMssOS::Checking the sw design at  /home/zhou/Desktop/validation_1/vitis/full_system_v0/zynqmp_pmufw/zynqmp_pmufw_bsp/system.mss
TRACE::2025-12-25.08:11:16::SCWMssOS::DEBUG:  swdes dump  /home/zhou/Desktop/validation_1/vitis/full_system_v0/psu_cortexa53_0/standalone_domain/bsp/system.mss|system_1||
/home/zhou/Desktop/validation_1/vitis/full_system_v0/zynqmp_fsbl/zynqmp_fsbl_bsp/system.mss|system||
/home/zhou/Desktop/validation_1/vitis/full_system_v0/zynqmp_pmufw/zynqmp_pmufw_bsp/system.mss|system_0||

TRACE::2025-12-25.08:11:16::SCWMssOS::Sw design exists and opened at  /home/zhou/Desktop/validation_1/vitis/full_system_v0/zynqmp_pmufw/zynqmp_pmufw_bsp/system.mss
TRACE::2025-12-25.08:11:16::SCWPlatform::Trying to open the hw design at /home/zhou/Desktop/validation_1/vitis/full_system_v0/hw/new_system_v1_wrapper.xsa
TRACE::2025-12-25.08:11:16::SCWPlatform::DSA given /home/zhou/Desktop/validation_1/vitis/full_system_v0/hw/new_system_v1_wrapper.xsa
TRACE::2025-12-25.08:11:16::SCWPlatform::DSA absoulate path /home/zhou/Desktop/validation_1/vitis/full_system_v0/hw/new_system_v1_wrapper.xsa
TRACE::2025-12-25.08:11:16::SCWPlatform::DSA directory /home/zhou/Desktop/validation_1/vitis/full_system_v0/hw
TRACE::2025-12-25.08:11:16::SCWPlatform:: Platform Path /home/zhou/Desktop/validation_1/vitis/full_system_v0/hw/new_system_v1_wrapper.xsa
TRACE::2025-12-25.08:11:16::SCWPlatform:: Unique name xilinx:::0.0
TRACE::2025-12-25.08:11:16::SCWPlatform::Trying to set the existing hwdb with name gemm_v0_wrapper_0
TRACE::2025-12-25.08:11:16::SCWPlatform::Opened existing hwdb gemm_v0_wrapper_0
TRACE::2025-12-25.08:11:16::SCWPlatform::Found the Hw Db part of the input DSA
TRACE::2025-12-25.08:11:16::SCWMssOS::Checking the sw design at  /home/zhou/Desktop/validation_1/vitis/full_system_v0/psu_cortexa53_0/standalone_domain/bsp/system.mss
TRACE::2025-12-25.08:11:16::SCWMssOS::DEBUG:  swdes dump  /home/zhou/Desktop/validation_1/vitis/full_system_v0/psu_cortexa53_0/standalone_domain/bsp/system.mss|system_1||
/home/zhou/Desktop/validation_1/vitis/full_system_v0/zynqmp_fsbl/zynqmp_fsbl_bsp/system.mss|system||
/home/zhou/Desktop/validation_1/vitis/full_system_v0/zynqmp_pmufw/zynqmp_pmufw_bsp/system.mss|system_0||

TRACE::2025-12-25.08:11:16::SCWMssOS::Sw design exists and opened at  /home/zhou/Desktop/validation_1/vitis/full_system_v0/psu_cortexa53_0/standalone_domain/bsp/system.mss
TRACE::2025-12-25.08:11:16::SCWWriter::formatted JSON is {
	"platformName":	"full_system_v0",
	"sprVersion":	"2.0",
	"mode":	"gui",
	"dsaType":	"Fixed",
	"platformDesc":	"full_system_v0",
	"platHandOff":	"/home/zhou/Desktop/validation_1/new_system_v1_wrapper.xsa",
	"platIntHandOff":	"<platformDir>/hw/new_system_v1_wrapper.xsa",
	"deviceType":	"zynqMP",
	"platIsPrebuiltAutogen":	"false",
	"platIsNoBootBsp":	"false",
	"platFsblTarget":	"psu_cortexa53_0",
	"hasFsblMakeHasChanges":	"false",
	"hasPmufwMakeHasChanges":	"false",
	"fsblExtraCompilerFlags":	"-MMD -MP      -Wall -fmessage-length=0 -DARMA53_64 -Os -flto -ffat-lto-objects  ",
	"pmufwExtraCompilerFlags":	"-MMD -MP      -mlittle-endian -mxl-barrel-shift -mxl-pattern-compare -mcpu=v9.2 -mxl-soft-mul -Os -flto -ffat-lto-objects  ",
	"platPreBuiltFlag":	false,
	"platformSamplesDir":	"",
	"platActiveSys":	"full_system_v0",
	"systems":	[{
			"systemName":	"full_system_v0",
			"systemDesc":	"full_system_v0",
			"sysIsBootAutoGen":	"true",
			"systemDispName":	"full_system_v0",
			"sysActiveDom":	"standalone_domain",
			"sysDefaultDom":	"standalone_domain",
			"domains":	[{
					"domainName":	"zynqmp_fsbl",
					"domainDispName":	"zynqmp_fsbl",
					"domainDesc":	"FSBL Application BSP - Auto Generated.",
					"processors":	"psu_cortexa53_0",
					"os":	"standalone",
					"sdxOs":	"standalone",
					"debugEnable":	"",
					"domRuntimes":	["cpp"],
					"swRepo":	"",
					"mssOsVer":	"9.2",
					"mssFile":	"",
					"md5Digest":	"0563630c5429eb64395820372b32e638",
					"compatibleApp":	"zynqmp_fsbl",
					"domType":	"bootDomain",
					"arch":	"64-bit",
					"appSettings":	{
						"appCompilerFlags":	"",
						"appLinkerFlags":	""
					},
					"addedLibs":	["xilffs:5.3", "xilsecure:5.4", "xilpm:5.3"],
					"libOptions":	{
						"standalone":	{
							"zynqmp_fsbl_bsp":	"true",
							"libOptionNames":	["zynqmp_fsbl_bsp"]
						},
						"xilffs":	{
							"read_only":	"true",
							"use_mkfs":	"false",
							"libOptionNames":	["read_only", "use_mkfs"]
						},
						"xilsecure":	{
							"tpm_support":	"true",
							"libOptionNames":	["tpm_support"]
						},
						"libsContainingOptions":	["standalone", "xilffs", "xilsecure"]
					},
					"prebuiltLibs":	{
						"prebuiltIncPath":	[],
						"prebuiltLibPath":	[]
					},
					"isolation":	{
					}
				}, {
					"domainName":	"zynqmp_pmufw",
					"domainDispName":	"zynqmp_pmufw",
					"domainDesc":	"PMUFW Application BSP - Auto Generated.",
					"processors":	"psu_pmu_0",
					"os":	"standalone",
					"sdxOs":	"standalone",
					"debugEnable":	"",
					"domRuntimes":	["cpp"],
					"swRepo":	"",
					"mssOsVer":	"9.2",
					"mssFile":	"",
					"md5Digest":	"068ac74865b8e7e98159ae2e0d07fe64",
					"compatibleApp":	"zynqmp_pmufw",
					"domType":	"bootDomain",
					"arch":	"32-bit",
					"appSettings":	{
						"appCompilerFlags":	"",
						"appLinkerFlags":	""
					},
					"addedLibs":	["xilfpga:6.7", "xilsecure:5.4", "xilskey:7.6"],
					"libOptions":	{
						"psu_pmu_0":	{
							"extra_compiler_flags":	"-g -ffunction-sections -fdata-sections -Wall -Wextra -fno-tree-loop-distribute-patterns  -Os -flto -ffat-lto-objects",
							"libOptionNames":	["extra_compiler_flags"]
						},
						"libsContainingOptions":	["psu_pmu_0"]
					},
					"prebuiltLibs":	{
						"prebuiltIncPath":	[],
						"prebuiltLibPath":	[]
					},
					"isolation":	{
					}
				}, {
					"domainName":	"standalone_domain",
					"domainDispName":	"standalone on psu_cortexa53_0",
					"domainDesc":	"standalone_domain",
					"processors":	"psu_cortexa53_0",
					"os":	"standalone",
					"sdxOs":	"standalone",
					"qemuArgs":	"<platformDir>/resources/full_system_v0/standalone_domain/qemu_args.txt",
					"qemuData":	"<platformDir>/resources/full_system_v0/standalone_domain/qemu",
					"pmuQemuArgs":	"<platformDir>/resources/full_system_v0/standalone_domain/pmu_args.txt",
					"debugEnable":	"False",
					"domRuntimes":	["cpp"],
					"swRepo":	"",
					"mssOsVer":	"9.2",
					"mssFile":	"",
					"md5Digest":	"060eb99cc0d4ae4931ea62d99759d4f1",
					"compatibleApp":	"",
					"domType":	"mssDomain",
					"arch":	"64-bit",
					"appSettings":	{
						"appCompilerFlags":	"",
						"appLinkerFlags":	""
					},
					"addedLibs":	[],
					"libOptions":	{
						"libsContainingOptions":	[]
					},
					"prebuiltLibs":	{
						"prebuiltIncPath":	[],
						"prebuiltLibPath":	[]
					},
					"isolation":	{
					}
				}]
		}]
}
KEYINFO::2025-12-25.08:11:16::SCWPlatform::updated the xpfm file.
TRACE::2025-12-25.08:11:16::SCWPlatform::Trying to open the hw design at /home/zhou/Desktop/validation_1/vitis/full_system_v0/hw/new_system_v1_wrapper.xsa
TRACE::2025-12-25.08:11:16::SCWPlatform::DSA given /home/zhou/Desktop/validation_1/vitis/full_system_v0/hw/new_system_v1_wrapper.xsa
TRACE::2025-12-25.08:11:16::SCWPlatform::DSA absoulate path /home/zhou/Desktop/validation_1/vitis/full_system_v0/hw/new_system_v1_wrapper.xsa
TRACE::2025-12-25.08:11:16::SCWPlatform::DSA directory /home/zhou/Desktop/validation_1/vitis/full_system_v0/hw
TRACE::2025-12-25.08:11:16::SCWPlatform:: Platform Path /home/zhou/Desktop/validation_1/vitis/full_system_v0/hw/new_system_v1_wrapper.xsa
TRACE::2025-12-25.08:11:16::SCWPlatform:: Unique name xilinx:::0.0
TRACE::2025-12-25.08:11:16::SCWPlatform::Trying to set the existing hwdb with name gemm_v0_wrapper_0
TRACE::2025-12-25.08:11:16::SCWPlatform::Opened existing hwdb gemm_v0_wrapper_0
TRACE::2025-12-25.08:11:16::SCWPlatform::Found the Hw Db part of the input DSA
TRACE::2025-12-25.08:11:16::SCWMssOS::Checking the sw design at  /home/zhou/Desktop/validation_1/vitis/full_system_v0/psu_cortexa53_0/standalone_domain/bsp/system.mss
TRACE::2025-12-25.08:11:16::SCWMssOS::DEBUG:  swdes dump  /home/zhou/Desktop/validation_1/vitis/full_system_v0/psu_cortexa53_0/standalone_domain/bsp/system.mss|system_1||
/home/zhou/Desktop/validation_1/vitis/full_system_v0/zynqmp_fsbl/zynqmp_fsbl_bsp/system.mss|system||
/home/zhou/Desktop/validation_1/vitis/full_system_v0/zynqmp_pmufw/zynqmp_pmufw_bsp/system.mss|system_0||

TRACE::2025-12-25.08:11:16::SCWMssOS::Sw design exists and opened at  /home/zhou/Desktop/validation_1/vitis/full_system_v0/psu_cortexa53_0/standalone_domain/bsp/system.mss
TRACE::2025-12-26.10:09:34::SCWPlatform::Clearing the existing platform
TRACE::2025-12-26.10:09:34::SCWSystem::Clearing the existing sysconfig
TRACE::2025-12-26.10:09:34::SCWBDomain::clearing the fsbl build
TRACE::2025-12-26.10:09:34::SCWMssOS::Removing the swdes entry for  /home/zhou/Desktop/validation_1/vitis/full_system_v0/zynqmp_fsbl/zynqmp_fsbl_bsp/system.mss
TRACE::2025-12-26.10:09:34::SCWBDomain::clearing the pmufw build
TRACE::2025-12-26.10:09:34::SCWMssOS::Removing the swdes entry for  /home/zhou/Desktop/validation_1/vitis/full_system_v0/zynqmp_pmufw/zynqmp_pmufw_bsp/system.mss
TRACE::2025-12-26.10:09:34::SCWMssOS::Removing the swdes entry for  /home/zhou/Desktop/validation_1/vitis/full_system_v0/psu_cortexa53_0/standalone_domain/bsp/system.mss
TRACE::2025-12-26.10:09:34::SCWSystem::Clearing the domains completed.
TRACE::2025-12-26.10:09:34::SCWPlatform::Clearing the opened hw db.
TRACE::2025-12-26.10:09:34::SCWPlatform::DSA given /home/zhou/Desktop/validation_1/vitis/full_system_v0/hw/new_system_v1_wrapper.xsa
TRACE::2025-12-26.10:09:34::SCWPlatform::DSA absoulate path /home/zhou/Desktop/validation_1/vitis/full_system_v0/hw/new_system_v1_wrapper.xsa
TRACE::2025-12-26.10:09:34::SCWPlatform:: Platform location is /home/zhou/Desktop/validation_1/vitis/full_system_v0/hw
TRACE::2025-12-26.10:09:34::SCWPlatform:: Platform Path /home/zhou/Desktop/validation_1/vitis/full_system_v0/hw/new_system_v1_wrapper.xsa
TRACE::2025-12-26.10:09:34::SCWPlatform:: Unique name xilinx:::0.0
TRACE::2025-12-26.10:09:34::SCWPlatform::Removing the HwDB with name /home/zhou/Desktop/validation_1/vitis/full_system_v0/hw/new_system_v1_wrapper.xsa
TRACE::2025-12-26.10:09:34::SCWPlatform::Trying to open the hw design at /home/zhou/Desktop/validation_1/vitis/full_system_v0/hw/new_system_v1_wrapper.xsa
TRACE::2025-12-26.10:09:34::SCWPlatform::DSA given /home/zhou/Desktop/validation_1/vitis/full_system_v0/hw/new_system_v1_wrapper.xsa
TRACE::2025-12-26.10:09:34::SCWPlatform::DSA absoulate path /home/zhou/Desktop/validation_1/vitis/full_system_v0/hw/new_system_v1_wrapper.xsa
TRACE::2025-12-26.10:09:34::SCWPlatform::DSA directory /home/zhou/Desktop/validation_1/vitis/full_system_v0/hw
TRACE::2025-12-26.10:09:34::SCWPlatform:: Platform Path /home/zhou/Desktop/validation_1/vitis/full_system_v0/hw/new_system_v1_wrapper.xsa
TRACE::2025-12-26.10:09:34::SCWPlatform:: Unique name xilinx:::0.0
TRACE::2025-12-26.10:09:34::SCWPlatform::Do not have an existing db opened. 
TRACE::2025-12-26.10:10:03::SCWPlatform::Opened new HwDB with name gemm_v0_wrapper_2
TRACE::2025-12-26.10:10:03::SCWReader::Active system found as  full_system_v0
TRACE::2025-12-26.10:10:03::SCWReader::Handling sysconfig full_system_v0
TRACE::2025-12-26.10:10:03::SCWDomain::checking for install qemu data   : 
TRACE::2025-12-26.10:10:03::SCWDomain:: Using the QEMU Data from install at  : /tools/Xilinx/Vitis/2024.2/data/emulation/platforms/zynqmp/sw/a53_standalone/qemu/
TRACE::2025-12-26.10:10:03::SCWDomain:: Using the QEMU args  from install at  : /tools/Xilinx/Vitis/2024.2/data/emulation/platforms/zynqmp/sw/a53_standalone/qemu/qemu_args.txt
TRACE::2025-12-26.10:10:03::SCWDomain:: Using the PMUQEMU args from install at  : /tools/Xilinx/Vitis/2024.2/data/emulation/platforms/zynqmp/sw/a53_standalone/qemu/pmu_args.txt
TRACE::2025-12-26.10:10:03::SCWPlatform::Trying to open the hw design at /home/zhou/Desktop/validation_1/vitis/full_system_v0/hw/new_system_v1_wrapper.xsa
TRACE::2025-12-26.10:10:03::SCWPlatform::DSA given /home/zhou/Desktop/validation_1/vitis/full_system_v0/hw/new_system_v1_wrapper.xsa
TRACE::2025-12-26.10:10:03::SCWPlatform::DSA absoulate path /home/zhou/Desktop/validation_1/vitis/full_system_v0/hw/new_system_v1_wrapper.xsa
TRACE::2025-12-26.10:10:03::SCWPlatform::DSA directory /home/zhou/Desktop/validation_1/vitis/full_system_v0/hw
TRACE::2025-12-26.10:10:03::SCWPlatform:: Platform Path /home/zhou/Desktop/validation_1/vitis/full_system_v0/hw/new_system_v1_wrapper.xsa
TRACE::2025-12-26.10:10:03::SCWPlatform:: Unique name xilinx:::0.0
TRACE::2025-12-26.10:10:03::SCWPlatform::Trying to set the existing hwdb with name gemm_v0_wrapper_2
TRACE::2025-12-26.10:10:03::SCWPlatform::Opened existing hwdb gemm_v0_wrapper_2
TRACE::2025-12-26.10:10:03::SCWPlatform::Found the Hw Db part of the input DSA
TRACE::2025-12-26.10:10:03::SCWPlatform::Trying to open the hw design at /home/zhou/Desktop/validation_1/vitis/full_system_v0/hw/new_system_v1_wrapper.xsa
TRACE::2025-12-26.10:10:03::SCWPlatform::DSA given /home/zhou/Desktop/validation_1/vitis/full_system_v0/hw/new_system_v1_wrapper.xsa
TRACE::2025-12-26.10:10:03::SCWPlatform::DSA absoulate path /home/zhou/Desktop/validation_1/vitis/full_system_v0/hw/new_system_v1_wrapper.xsa
TRACE::2025-12-26.10:10:03::SCWPlatform::DSA directory /home/zhou/Desktop/validation_1/vitis/full_system_v0/hw
TRACE::2025-12-26.10:10:03::SCWPlatform:: Platform Path /home/zhou/Desktop/validation_1/vitis/full_system_v0/hw/new_system_v1_wrapper.xsa
TRACE::2025-12-26.10:10:03::SCWPlatform:: Unique name xilinx:::0.0
TRACE::2025-12-26.10:10:03::SCWPlatform::Trying to set the existing hwdb with name gemm_v0_wrapper_2
TRACE::2025-12-26.10:10:03::SCWPlatform::Opened existing hwdb gemm_v0_wrapper_2
TRACE::2025-12-26.10:10:03::SCWPlatform::Found the Hw Db part of the input DSA
TRACE::2025-12-26.10:10:03::SCWPlatform::Trying to open the hw design at /home/zhou/Desktop/validation_1/vitis/full_system_v0/hw/new_system_v1_wrapper.xsa
TRACE::2025-12-26.10:10:03::SCWPlatform::DSA given /home/zhou/Desktop/validation_1/vitis/full_system_v0/hw/new_system_v1_wrapper.xsa
TRACE::2025-12-26.10:10:03::SCWPlatform::DSA absoulate path /home/zhou/Desktop/validation_1/vitis/full_system_v0/hw/new_system_v1_wrapper.xsa
TRACE::2025-12-26.10:10:03::SCWPlatform::DSA directory /home/zhou/Desktop/validation_1/vitis/full_system_v0/hw
TRACE::2025-12-26.10:10:03::SCWPlatform:: Platform Path /home/zhou/Desktop/validation_1/vitis/full_system_v0/hw/new_system_v1_wrapper.xsa
TRACE::2025-12-26.10:10:03::SCWPlatform:: Unique name xilinx:::0.0
TRACE::2025-12-26.10:10:03::SCWPlatform::Trying to set the existing hwdb with name gemm_v0_wrapper_2
TRACE::2025-12-26.10:10:03::SCWPlatform::Opened existing hwdb gemm_v0_wrapper_2
TRACE::2025-12-26.10:10:03::SCWPlatform::Found the Hw Db part of the input DSA
TRACE::2025-12-26.10:10:03::SCWReader::Boot application domain added for zynqmp_fsbl
TRACE::2025-12-26.10:10:03::SCWPlatform::Trying to open the hw design at /home/zhou/Desktop/validation_1/vitis/full_system_v0/hw/new_system_v1_wrapper.xsa
TRACE::2025-12-26.10:10:03::SCWPlatform::DSA given /home/zhou/Desktop/validation_1/vitis/full_system_v0/hw/new_system_v1_wrapper.xsa
TRACE::2025-12-26.10:10:03::SCWPlatform::DSA absoulate path /home/zhou/Desktop/validation_1/vitis/full_system_v0/hw/new_system_v1_wrapper.xsa
TRACE::2025-12-26.10:10:03::SCWPlatform::DSA directory /home/zhou/Desktop/validation_1/vitis/full_system_v0/hw
TRACE::2025-12-26.10:10:03::SCWPlatform:: Platform Path /home/zhou/Desktop/validation_1/vitis/full_system_v0/hw/new_system_v1_wrapper.xsa
TRACE::2025-12-26.10:10:03::SCWPlatform:: Unique name xilinx:::0.0
TRACE::2025-12-26.10:10:03::SCWPlatform::Trying to set the existing hwdb with name gemm_v0_wrapper_2
TRACE::2025-12-26.10:10:03::SCWPlatform::Opened existing hwdb gemm_v0_wrapper_2
TRACE::2025-12-26.10:10:03::SCWPlatform::Found the Hw Db part of the input DSA
TRACE::2025-12-26.10:10:03::SCWMssOS::Checking the sw design at  /home/zhou/Desktop/validation_1/vitis/full_system_v0/zynqmp_fsbl/zynqmp_fsbl_bsp/system.mss
TRACE::2025-12-26.10:10:03::SCWMssOS::DEBUG:  swdes dump  
TRACE::2025-12-26.10:10:03::SCWMssOS::No sw design opened at  /home/zhou/Desktop/validation_1/vitis/full_system_v0/zynqmp_fsbl/zynqmp_fsbl_bsp/system.mss
TRACE::2025-12-26.10:10:03::SCWMssOS::mss exists loading the mss file  /home/zhou/Desktop/validation_1/vitis/full_system_v0/zynqmp_fsbl/zynqmp_fsbl_bsp/system.mss
TRACE::2025-12-26.10:10:03::SCWMssOS::Opened the sw design from mss  /home/zhou/Desktop/validation_1/vitis/full_system_v0/zynqmp_fsbl/zynqmp_fsbl_bsp/system.mss
TRACE::2025-12-26.10:10:03::SCWMssOS::Adding the swdes entry /home/zhou/Desktop/validation_1/vitis/full_system_v0/zynqmp_fsbl/zynqmp_fsbl_bsp/system.mss with des name system
TRACE::2025-12-26.10:10:03::SCWMssOS::updating the scw layer about changes
TRACE::2025-12-26.10:10:03::SCWMssOS::Opened the sw design.  /home/zhou/Desktop/validation_1/vitis/full_system_v0/zynqmp_fsbl/zynqmp_fsbl_bsp/system.mss
TRACE::2025-12-26.10:10:03::SCWPlatform::Trying to open the hw design at /home/zhou/Desktop/validation_1/vitis/full_system_v0/hw/new_system_v1_wrapper.xsa
TRACE::2025-12-26.10:10:03::SCWPlatform::DSA given /home/zhou/Desktop/validation_1/vitis/full_system_v0/hw/new_system_v1_wrapper.xsa
TRACE::2025-12-26.10:10:03::SCWPlatform::DSA absoulate path /home/zhou/Desktop/validation_1/vitis/full_system_v0/hw/new_system_v1_wrapper.xsa
TRACE::2025-12-26.10:10:03::SCWPlatform::DSA directory /home/zhou/Desktop/validation_1/vitis/full_system_v0/hw
TRACE::2025-12-26.10:10:03::SCWPlatform:: Platform Path /home/zhou/Desktop/validation_1/vitis/full_system_v0/hw/new_system_v1_wrapper.xsa
TRACE::2025-12-26.10:10:03::SCWPlatform:: Unique name xilinx:::0.0
TRACE::2025-12-26.10:10:03::SCWPlatform::Trying to set the existing hwdb with name gemm_v0_wrapper_2
TRACE::2025-12-26.10:10:03::SCWPlatform::Opened existing hwdb gemm_v0_wrapper_2
TRACE::2025-12-26.10:10:03::SCWPlatform::Found the Hw Db part of the input DSA
TRACE::2025-12-26.10:10:03::SCWMssOS::Checking the sw design at  /home/zhou/Desktop/validation_1/vitis/full_system_v0/zynqmp_fsbl/zynqmp_fsbl_bsp/system.mss
TRACE::2025-12-26.10:10:03::SCWMssOS::DEBUG:  swdes dump  /home/zhou/Desktop/validation_1/vitis/full_system_v0/zynqmp_fsbl/zynqmp_fsbl_bsp/system.mss|system||

TRACE::2025-12-26.10:10:03::SCWMssOS::Sw design exists and opened at  /home/zhou/Desktop/validation_1/vitis/full_system_v0/zynqmp_fsbl/zynqmp_fsbl_bsp/system.mss
TRACE::2025-12-26.10:10:03::SCWMssOS:: library already available in sw design:  xilffs:5.3
TRACE::2025-12-26.10:10:03::SCWPlatform::Trying to open the hw design at /home/zhou/Desktop/validation_1/vitis/full_system_v0/hw/new_system_v1_wrapper.xsa
TRACE::2025-12-26.10:10:03::SCWPlatform::DSA given /home/zhou/Desktop/validation_1/vitis/full_system_v0/hw/new_system_v1_wrapper.xsa
TRACE::2025-12-26.10:10:03::SCWPlatform::DSA absoulate path /home/zhou/Desktop/validation_1/vitis/full_system_v0/hw/new_system_v1_wrapper.xsa
TRACE::2025-12-26.10:10:03::SCWPlatform::DSA directory /home/zhou/Desktop/validation_1/vitis/full_system_v0/hw
TRACE::2025-12-26.10:10:03::SCWPlatform:: Platform Path /home/zhou/Desktop/validation_1/vitis/full_system_v0/hw/new_system_v1_wrapper.xsa
TRACE::2025-12-26.10:10:03::SCWPlatform:: Unique name xilinx:::0.0
TRACE::2025-12-26.10:10:03::SCWPlatform::Trying to set the existing hwdb with name gemm_v0_wrapper_2
TRACE::2025-12-26.10:10:03::SCWPlatform::Opened existing hwdb gemm_v0_wrapper_2
TRACE::2025-12-26.10:10:03::SCWPlatform::Found the Hw Db part of the input DSA
TRACE::2025-12-26.10:10:03::SCWMssOS::Checking the sw design at  /home/zhou/Desktop/validation_1/vitis/full_system_v0/zynqmp_fsbl/zynqmp_fsbl_bsp/system.mss
TRACE::2025-12-26.10:10:03::SCWMssOS::DEBUG:  swdes dump  /home/zhou/Desktop/validation_1/vitis/full_system_v0/zynqmp_fsbl/zynqmp_fsbl_bsp/system.mss|system||

TRACE::2025-12-26.10:10:03::SCWMssOS::Sw design exists and opened at  /home/zhou/Desktop/validation_1/vitis/full_system_v0/zynqmp_fsbl/zynqmp_fsbl_bsp/system.mss
TRACE::2025-12-26.10:10:03::SCWMssOS:: library already available in sw design:  xilsecure:5.4
TRACE::2025-12-26.10:10:03::SCWPlatform::Trying to open the hw design at /home/zhou/Desktop/validation_1/vitis/full_system_v0/hw/new_system_v1_wrapper.xsa
TRACE::2025-12-26.10:10:03::SCWPlatform::DSA given /home/zhou/Desktop/validation_1/vitis/full_system_v0/hw/new_system_v1_wrapper.xsa
TRACE::2025-12-26.10:10:03::SCWPlatform::DSA absoulate path /home/zhou/Desktop/validation_1/vitis/full_system_v0/hw/new_system_v1_wrapper.xsa
TRACE::2025-12-26.10:10:03::SCWPlatform::DSA directory /home/zhou/Desktop/validation_1/vitis/full_system_v0/hw
TRACE::2025-12-26.10:10:03::SCWPlatform:: Platform Path /home/zhou/Desktop/validation_1/vitis/full_system_v0/hw/new_system_v1_wrapper.xsa
TRACE::2025-12-26.10:10:03::SCWPlatform:: Unique name xilinx:::0.0
TRACE::2025-12-26.10:10:03::SCWPlatform::Trying to set the existing hwdb with name gemm_v0_wrapper_2
TRACE::2025-12-26.10:10:03::SCWPlatform::Opened existing hwdb gemm_v0_wrapper_2
TRACE::2025-12-26.10:10:03::SCWPlatform::Found the Hw Db part of the input DSA
TRACE::2025-12-26.10:10:03::SCWMssOS::Checking the sw design at  /home/zhou/Desktop/validation_1/vitis/full_system_v0/zynqmp_fsbl/zynqmp_fsbl_bsp/system.mss
TRACE::2025-12-26.10:10:03::SCWMssOS::DEBUG:  swdes dump  /home/zhou/Desktop/validation_1/vitis/full_system_v0/zynqmp_fsbl/zynqmp_fsbl_bsp/system.mss|system||

TRACE::2025-12-26.10:10:03::SCWMssOS::Sw design exists and opened at  /home/zhou/Desktop/validation_1/vitis/full_system_v0/zynqmp_fsbl/zynqmp_fsbl_bsp/system.mss
TRACE::2025-12-26.10:10:03::SCWMssOS:: library already available in sw design:  xilpm:5.3
TRACE::2025-12-26.10:10:03::SCWPlatform::Trying to open the hw design at /home/zhou/Desktop/validation_1/vitis/full_system_v0/hw/new_system_v1_wrapper.xsa
TRACE::2025-12-26.10:10:03::SCWPlatform::DSA given /home/zhou/Desktop/validation_1/vitis/full_system_v0/hw/new_system_v1_wrapper.xsa
TRACE::2025-12-26.10:10:03::SCWPlatform::DSA absoulate path /home/zhou/Desktop/validation_1/vitis/full_system_v0/hw/new_system_v1_wrapper.xsa
TRACE::2025-12-26.10:10:03::SCWPlatform::DSA directory /home/zhou/Desktop/validation_1/vitis/full_system_v0/hw
TRACE::2025-12-26.10:10:03::SCWPlatform:: Platform Path /home/zhou/Desktop/validation_1/vitis/full_system_v0/hw/new_system_v1_wrapper.xsa
TRACE::2025-12-26.10:10:03::SCWPlatform:: Unique name xilinx:::0.0
TRACE::2025-12-26.10:10:03::SCWPlatform::Trying to set the existing hwdb with name gemm_v0_wrapper_2
TRACE::2025-12-26.10:10:03::SCWPlatform::Opened existing hwdb gemm_v0_wrapper_2
TRACE::2025-12-26.10:10:03::SCWPlatform::Found the Hw Db part of the input DSA
TRACE::2025-12-26.10:10:03::SCWMssOS::Checking the sw design at  /home/zhou/Desktop/validation_1/vitis/full_system_v0/zynqmp_fsbl/zynqmp_fsbl_bsp/system.mss
TRACE::2025-12-26.10:10:03::SCWMssOS::DEBUG:  swdes dump  /home/zhou/Desktop/validation_1/vitis/full_system_v0/zynqmp_fsbl/zynqmp_fsbl_bsp/system.mss|system||

TRACE::2025-12-26.10:10:03::SCWMssOS::Sw design exists and opened at  /home/zhou/Desktop/validation_1/vitis/full_system_v0/zynqmp_fsbl/zynqmp_fsbl_bsp/system.mss
TRACE::2025-12-26.10:10:03::SCWPlatform::Trying to open the hw design at /home/zhou/Desktop/validation_1/vitis/full_system_v0/hw/new_system_v1_wrapper.xsa
TRACE::2025-12-26.10:10:03::SCWPlatform::DSA given /home/zhou/Desktop/validation_1/vitis/full_system_v0/hw/new_system_v1_wrapper.xsa
TRACE::2025-12-26.10:10:03::SCWPlatform::DSA absoulate path /home/zhou/Desktop/validation_1/vitis/full_system_v0/hw/new_system_v1_wrapper.xsa
TRACE::2025-12-26.10:10:03::SCWPlatform::DSA directory /home/zhou/Desktop/validation_1/vitis/full_system_v0/hw
TRACE::2025-12-26.10:10:03::SCWPlatform:: Platform Path /home/zhou/Desktop/validation_1/vitis/full_system_v0/hw/new_system_v1_wrapper.xsa
TRACE::2025-12-26.10:10:03::SCWPlatform:: Unique name xilinx:::0.0
TRACE::2025-12-26.10:10:03::SCWPlatform::Trying to set the existing hwdb with name gemm_v0_wrapper_2
TRACE::2025-12-26.10:10:03::SCWPlatform::Opened existing hwdb gemm_v0_wrapper_2
TRACE::2025-12-26.10:10:03::SCWPlatform::Found the Hw Db part of the input DSA
TRACE::2025-12-26.10:10:03::SCWMssOS::Checking the sw design at  /home/zhou/Desktop/validation_1/vitis/full_system_v0/zynqmp_fsbl/zynqmp_fsbl_bsp/system.mss
TRACE::2025-12-26.10:10:03::SCWMssOS::DEBUG:  swdes dump  /home/zhou/Desktop/validation_1/vitis/full_system_v0/zynqmp_fsbl/zynqmp_fsbl_bsp/system.mss|system||

TRACE::2025-12-26.10:10:03::SCWMssOS::Sw design exists and opened at  /home/zhou/Desktop/validation_1/vitis/full_system_v0/zynqmp_fsbl/zynqmp_fsbl_bsp/system.mss
TRACE::2025-12-26.10:10:03::SCWPlatform::Trying to open the hw design at /home/zhou/Desktop/validation_1/vitis/full_system_v0/hw/new_system_v1_wrapper.xsa
TRACE::2025-12-26.10:10:03::SCWPlatform::DSA given /home/zhou/Desktop/validation_1/vitis/full_system_v0/hw/new_system_v1_wrapper.xsa
TRACE::2025-12-26.10:10:03::SCWPlatform::DSA absoulate path /home/zhou/Desktop/validation_1/vitis/full_system_v0/hw/new_system_v1_wrapper.xsa
TRACE::2025-12-26.10:10:03::SCWPlatform::DSA directory /home/zhou/Desktop/validation_1/vitis/full_system_v0/hw
TRACE::2025-12-26.10:10:03::SCWPlatform:: Platform Path /home/zhou/Desktop/validation_1/vitis/full_system_v0/hw/new_system_v1_wrapper.xsa
TRACE::2025-12-26.10:10:03::SCWPlatform:: Unique name xilinx:::0.0
TRACE::2025-12-26.10:10:03::SCWPlatform::Trying to set the existing hwdb with name gemm_v0_wrapper_2
TRACE::2025-12-26.10:10:03::SCWPlatform::Opened existing hwdb gemm_v0_wrapper_2
TRACE::2025-12-26.10:10:03::SCWPlatform::Found the Hw Db part of the input DSA
TRACE::2025-12-26.10:10:03::SCWMssOS::Checking the sw design at  /home/zhou/Desktop/validation_1/vitis/full_system_v0/zynqmp_fsbl/zynqmp_fsbl_bsp/system.mss
TRACE::2025-12-26.10:10:03::SCWMssOS::DEBUG:  swdes dump  /home/zhou/Desktop/validation_1/vitis/full_system_v0/zynqmp_fsbl/zynqmp_fsbl_bsp/system.mss|system||

TRACE::2025-12-26.10:10:03::SCWMssOS::Sw design exists and opened at  /home/zhou/Desktop/validation_1/vitis/full_system_v0/zynqmp_fsbl/zynqmp_fsbl_bsp/system.mss
TRACE::2025-12-26.10:10:03::SCWPlatform::Trying to open the hw design at /home/zhou/Desktop/validation_1/vitis/full_system_v0/hw/new_system_v1_wrapper.xsa
TRACE::2025-12-26.10:10:03::SCWPlatform::DSA given /home/zhou/Desktop/validation_1/vitis/full_system_v0/hw/new_system_v1_wrapper.xsa
TRACE::2025-12-26.10:10:03::SCWPlatform::DSA absoulate path /home/zhou/Desktop/validation_1/vitis/full_system_v0/hw/new_system_v1_wrapper.xsa
TRACE::2025-12-26.10:10:03::SCWPlatform::DSA directory /home/zhou/Desktop/validation_1/vitis/full_system_v0/hw
TRACE::2025-12-26.10:10:03::SCWPlatform:: Platform Path /home/zhou/Desktop/validation_1/vitis/full_system_v0/hw/new_system_v1_wrapper.xsa
TRACE::2025-12-26.10:10:03::SCWPlatform:: Unique name xilinx:::0.0
TRACE::2025-12-26.10:10:03::SCWPlatform::Trying to set the existing hwdb with name gemm_v0_wrapper_2
TRACE::2025-12-26.10:10:03::SCWPlatform::Opened existing hwdb gemm_v0_wrapper_2
TRACE::2025-12-26.10:10:03::SCWPlatform::Found the Hw Db part of the input DSA
TRACE::2025-12-26.10:10:03::SCWMssOS::Checking the sw design at  /home/zhou/Desktop/validation_1/vitis/full_system_v0/zynqmp_fsbl/zynqmp_fsbl_bsp/system.mss
TRACE::2025-12-26.10:10:03::SCWMssOS::DEBUG:  swdes dump  /home/zhou/Desktop/validation_1/vitis/full_system_v0/zynqmp_fsbl/zynqmp_fsbl_bsp/system.mss|system||

TRACE::2025-12-26.10:10:03::SCWMssOS::Sw design exists and opened at  /home/zhou/Desktop/validation_1/vitis/full_system_v0/zynqmp_fsbl/zynqmp_fsbl_bsp/system.mss
TRACE::2025-12-26.10:10:03::SCWPlatform::Trying to open the hw design at /home/zhou/Desktop/validation_1/vitis/full_system_v0/hw/new_system_v1_wrapper.xsa
TRACE::2025-12-26.10:10:03::SCWPlatform::DSA given /home/zhou/Desktop/validation_1/vitis/full_system_v0/hw/new_system_v1_wrapper.xsa
TRACE::2025-12-26.10:10:03::SCWPlatform::DSA absoulate path /home/zhou/Desktop/validation_1/vitis/full_system_v0/hw/new_system_v1_wrapper.xsa
TRACE::2025-12-26.10:10:03::SCWPlatform::DSA directory /home/zhou/Desktop/validation_1/vitis/full_system_v0/hw
TRACE::2025-12-26.10:10:03::SCWPlatform:: Platform Path /home/zhou/Desktop/validation_1/vitis/full_system_v0/hw/new_system_v1_wrapper.xsa
TRACE::2025-12-26.10:10:03::SCWPlatform:: Unique name xilinx:::0.0
TRACE::2025-12-26.10:10:03::SCWPlatform::Trying to set the existing hwdb with name gemm_v0_wrapper_2
TRACE::2025-12-26.10:10:03::SCWPlatform::Opened existing hwdb gemm_v0_wrapper_2
TRACE::2025-12-26.10:10:03::SCWPlatform::Found the Hw Db part of the input DSA
TRACE::2025-12-26.10:10:03::SCWMssOS::Checking the sw design at  /home/zhou/Desktop/validation_1/vitis/full_system_v0/zynqmp_fsbl/zynqmp_fsbl_bsp/system.mss
TRACE::2025-12-26.10:10:03::SCWMssOS::DEBUG:  swdes dump  /home/zhou/Desktop/validation_1/vitis/full_system_v0/zynqmp_fsbl/zynqmp_fsbl_bsp/system.mss|system||

TRACE::2025-12-26.10:10:03::SCWMssOS::Sw design exists and opened at  /home/zhou/Desktop/validation_1/vitis/full_system_v0/zynqmp_fsbl/zynqmp_fsbl_bsp/system.mss
TRACE::2025-12-26.10:10:03::SCWPlatform::Trying to open the hw design at /home/zhou/Desktop/validation_1/vitis/full_system_v0/hw/new_system_v1_wrapper.xsa
TRACE::2025-12-26.10:10:03::SCWPlatform::DSA given /home/zhou/Desktop/validation_1/vitis/full_system_v0/hw/new_system_v1_wrapper.xsa
TRACE::2025-12-26.10:10:03::SCWPlatform::DSA absoulate path /home/zhou/Desktop/validation_1/vitis/full_system_v0/hw/new_system_v1_wrapper.xsa
TRACE::2025-12-26.10:10:03::SCWPlatform::DSA directory /home/zhou/Desktop/validation_1/vitis/full_system_v0/hw
TRACE::2025-12-26.10:10:03::SCWPlatform:: Platform Path /home/zhou/Desktop/validation_1/vitis/full_system_v0/hw/new_system_v1_wrapper.xsa
TRACE::2025-12-26.10:10:03::SCWPlatform:: Unique name xilinx:::0.0
TRACE::2025-12-26.10:10:03::SCWPlatform::Trying to set the existing hwdb with name gemm_v0_wrapper_2
TRACE::2025-12-26.10:10:03::SCWPlatform::Opened existing hwdb gemm_v0_wrapper_2
TRACE::2025-12-26.10:10:03::SCWPlatform::Found the Hw Db part of the input DSA
TRACE::2025-12-26.10:10:03::SCWMssOS::Checking the sw design at  /home/zhou/Desktop/validation_1/vitis/full_system_v0/zynqmp_fsbl/zynqmp_fsbl_bsp/system.mss
TRACE::2025-12-26.10:10:03::SCWMssOS::DEBUG:  swdes dump  /home/zhou/Desktop/validation_1/vitis/full_system_v0/zynqmp_fsbl/zynqmp_fsbl_bsp/system.mss|system||

TRACE::2025-12-26.10:10:03::SCWMssOS::Sw design exists and opened at  /home/zhou/Desktop/validation_1/vitis/full_system_v0/zynqmp_fsbl/zynqmp_fsbl_bsp/system.mss
TRACE::2025-12-26.10:10:03::SCWPlatform::Trying to open the hw design at /home/zhou/Desktop/validation_1/vitis/full_system_v0/hw/new_system_v1_wrapper.xsa
TRACE::2025-12-26.10:10:03::SCWPlatform::DSA given /home/zhou/Desktop/validation_1/vitis/full_system_v0/hw/new_system_v1_wrapper.xsa
TRACE::2025-12-26.10:10:03::SCWPlatform::DSA absoulate path /home/zhou/Desktop/validation_1/vitis/full_system_v0/hw/new_system_v1_wrapper.xsa
TRACE::2025-12-26.10:10:03::SCWPlatform::DSA directory /home/zhou/Desktop/validation_1/vitis/full_system_v0/hw
TRACE::2025-12-26.10:10:03::SCWPlatform:: Platform Path /home/zhou/Desktop/validation_1/vitis/full_system_v0/hw/new_system_v1_wrapper.xsa
TRACE::2025-12-26.10:10:03::SCWPlatform:: Unique name xilinx:::0.0
TRACE::2025-12-26.10:10:03::SCWPlatform::Trying to set the existing hwdb with name gemm_v0_wrapper_2
TRACE::2025-12-26.10:10:03::SCWPlatform::Opened existing hwdb gemm_v0_wrapper_2
TRACE::2025-12-26.10:10:03::SCWPlatform::Found the Hw Db part of the input DSA
TRACE::2025-12-26.10:10:03::SCWMssOS::Checking the sw design at  /home/zhou/Desktop/validation_1/vitis/full_system_v0/zynqmp_fsbl/zynqmp_fsbl_bsp/system.mss
TRACE::2025-12-26.10:10:03::SCWMssOS::DEBUG:  swdes dump  /home/zhou/Desktop/validation_1/vitis/full_system_v0/zynqmp_fsbl/zynqmp_fsbl_bsp/system.mss|system||

TRACE::2025-12-26.10:10:03::SCWMssOS::Sw design exists and opened at  /home/zhou/Desktop/validation_1/vitis/full_system_v0/zynqmp_fsbl/zynqmp_fsbl_bsp/system.mss
TRACE::2025-12-26.10:10:03::SCWPlatform::Trying to open the hw design at /home/zhou/Desktop/validation_1/vitis/full_system_v0/hw/new_system_v1_wrapper.xsa
TRACE::2025-12-26.10:10:03::SCWPlatform::DSA given /home/zhou/Desktop/validation_1/vitis/full_system_v0/hw/new_system_v1_wrapper.xsa
TRACE::2025-12-26.10:10:03::SCWPlatform::DSA absoulate path /home/zhou/Desktop/validation_1/vitis/full_system_v0/hw/new_system_v1_wrapper.xsa
TRACE::2025-12-26.10:10:03::SCWPlatform::DSA directory /home/zhou/Desktop/validation_1/vitis/full_system_v0/hw
TRACE::2025-12-26.10:10:03::SCWPlatform:: Platform Path /home/zhou/Desktop/validation_1/vitis/full_system_v0/hw/new_system_v1_wrapper.xsa
TRACE::2025-12-26.10:10:03::SCWPlatform:: Unique name xilinx:::0.0
TRACE::2025-12-26.10:10:03::SCWPlatform::Trying to set the existing hwdb with name gemm_v0_wrapper_2
TRACE::2025-12-26.10:10:03::SCWPlatform::Opened existing hwdb gemm_v0_wrapper_2
TRACE::2025-12-26.10:10:03::SCWPlatform::Found the Hw Db part of the input DSA
TRACE::2025-12-26.10:10:03::SCWMssOS::Checking the sw design at  /home/zhou/Desktop/validation_1/vitis/full_system_v0/zynqmp_fsbl/zynqmp_fsbl_bsp/system.mss
TRACE::2025-12-26.10:10:03::SCWMssOS::DEBUG:  swdes dump  /home/zhou/Desktop/validation_1/vitis/full_system_v0/zynqmp_fsbl/zynqmp_fsbl_bsp/system.mss|system||

TRACE::2025-12-26.10:10:03::SCWMssOS::Sw design exists and opened at  /home/zhou/Desktop/validation_1/vitis/full_system_v0/zynqmp_fsbl/zynqmp_fsbl_bsp/system.mss
TRACE::2025-12-26.10:10:03::SCWMssOS::Saving the mss changes /home/zhou/Desktop/validation_1/vitis/full_system_v0/zynqmp_fsbl/zynqmp_fsbl_bsp/system.mss
TRACE::2025-12-26.10:10:03::SCWMssOS::Found a swdesign opened with the mssfile.
TRACE::2025-12-26.10:10:03::SCWMssOS::Completed writemss as part of save.
TRACE::2025-12-26.10:10:03::SCWMssOS::Commit changes completed.
TRACE::2025-12-26.10:10:03::SCWReader::Adding prebuilt librarypaths as   
TRACE::2025-12-26.10:10:03::SCWReader::Adding prebuilt incpaths  as   
TRACE::2025-12-26.10:10:03::SCWPlatform::Trying to open the hw design at /home/zhou/Desktop/validation_1/vitis/full_system_v0/hw/new_system_v1_wrapper.xsa
TRACE::2025-12-26.10:10:03::SCWPlatform::DSA given /home/zhou/Desktop/validation_1/vitis/full_system_v0/hw/new_system_v1_wrapper.xsa
TRACE::2025-12-26.10:10:03::SCWPlatform::DSA absoulate path /home/zhou/Desktop/validation_1/vitis/full_system_v0/hw/new_system_v1_wrapper.xsa
TRACE::2025-12-26.10:10:03::SCWPlatform::DSA directory /home/zhou/Desktop/validation_1/vitis/full_system_v0/hw
TRACE::2025-12-26.10:10:03::SCWPlatform:: Platform Path /home/zhou/Desktop/validation_1/vitis/full_system_v0/hw/new_system_v1_wrapper.xsa
TRACE::2025-12-26.10:10:03::SCWPlatform:: Unique name xilinx:::0.0
TRACE::2025-12-26.10:10:03::SCWPlatform::Trying to set the existing hwdb with name gemm_v0_wrapper_2
TRACE::2025-12-26.10:10:03::SCWPlatform::Opened existing hwdb gemm_v0_wrapper_2
TRACE::2025-12-26.10:10:03::SCWPlatform::Found the Hw Db part of the input DSA
TRACE::2025-12-26.10:10:03::SCWMssOS::Checking the sw design at  /home/zhou/Desktop/validation_1/vitis/full_system_v0/zynqmp_fsbl/zynqmp_fsbl_bsp/system.mss
TRACE::2025-12-26.10:10:03::SCWMssOS::DEBUG:  swdes dump  /home/zhou/Desktop/validation_1/vitis/full_system_v0/zynqmp_fsbl/zynqmp_fsbl_bsp/system.mss|system||

TRACE::2025-12-26.10:10:03::SCWMssOS::Sw design exists and opened at  /home/zhou/Desktop/validation_1/vitis/full_system_v0/zynqmp_fsbl/zynqmp_fsbl_bsp/system.mss
TRACE::2025-12-26.10:10:03::SCWReader::No isolation master present  
TRACE::2025-12-26.10:10:03::SCWDomain::checking for install qemu data   : 
TRACE::2025-12-26.10:10:03::SCWDomain:: Using the QEMU Data from install at  : /tools/Xilinx/Vitis/2024.2/data/emulation/platforms/zynqmp/sw/a53_standalone/qemu/
TRACE::2025-12-26.10:10:03::SCWDomain:: Using the QEMU args  from install at  : /tools/Xilinx/Vitis/2024.2/data/emulation/platforms/zynqmp/sw/a53_standalone/qemu/qemu_args.txt
TRACE::2025-12-26.10:10:03::SCWDomain:: Using the PMUQEMU args from install at  : /tools/Xilinx/Vitis/2024.2/data/emulation/platforms/zynqmp/sw/a53_standalone/qemu/pmu_args.txt
TRACE::2025-12-26.10:10:03::SCWPlatform::Trying to open the hw design at /home/zhou/Desktop/validation_1/vitis/full_system_v0/hw/new_system_v1_wrapper.xsa
TRACE::2025-12-26.10:10:03::SCWPlatform::DSA given /home/zhou/Desktop/validation_1/vitis/full_system_v0/hw/new_system_v1_wrapper.xsa
TRACE::2025-12-26.10:10:03::SCWPlatform::DSA absoulate path /home/zhou/Desktop/validation_1/vitis/full_system_v0/hw/new_system_v1_wrapper.xsa
TRACE::2025-12-26.10:10:03::SCWPlatform::DSA directory /home/zhou/Desktop/validation_1/vitis/full_system_v0/hw
TRACE::2025-12-26.10:10:03::SCWPlatform:: Platform Path /home/zhou/Desktop/validation_1/vitis/full_system_v0/hw/new_system_v1_wrapper.xsa
TRACE::2025-12-26.10:10:03::SCWPlatform:: Unique name xilinx:::0.0
TRACE::2025-12-26.10:10:03::SCWPlatform::Trying to set the existing hwdb with name gemm_v0_wrapper_2
TRACE::2025-12-26.10:10:03::SCWPlatform::Opened existing hwdb gemm_v0_wrapper_2
TRACE::2025-12-26.10:10:03::SCWPlatform::Found the Hw Db part of the input DSA
TRACE::2025-12-26.10:10:03::SCWReader::Boot application domain added for zynqmp_pmufw
TRACE::2025-12-26.10:10:03::SCWPlatform::Trying to open the hw design at /home/zhou/Desktop/validation_1/vitis/full_system_v0/hw/new_system_v1_wrapper.xsa
TRACE::2025-12-26.10:10:03::SCWPlatform::DSA given /home/zhou/Desktop/validation_1/vitis/full_system_v0/hw/new_system_v1_wrapper.xsa
TRACE::2025-12-26.10:10:03::SCWPlatform::DSA absoulate path /home/zhou/Desktop/validation_1/vitis/full_system_v0/hw/new_system_v1_wrapper.xsa
TRACE::2025-12-26.10:10:03::SCWPlatform::DSA directory /home/zhou/Desktop/validation_1/vitis/full_system_v0/hw
TRACE::2025-12-26.10:10:03::SCWPlatform:: Platform Path /home/zhou/Desktop/validation_1/vitis/full_system_v0/hw/new_system_v1_wrapper.xsa
TRACE::2025-12-26.10:10:03::SCWPlatform:: Unique name xilinx:::0.0
TRACE::2025-12-26.10:10:03::SCWPlatform::Trying to set the existing hwdb with name gemm_v0_wrapper_2
TRACE::2025-12-26.10:10:03::SCWPlatform::Opened existing hwdb gemm_v0_wrapper_2
TRACE::2025-12-26.10:10:03::SCWPlatform::Found the Hw Db part of the input DSA
TRACE::2025-12-26.10:10:03::SCWMssOS::Checking the sw design at  /home/zhou/Desktop/validation_1/vitis/full_system_v0/zynqmp_pmufw/zynqmp_pmufw_bsp/system.mss
TRACE::2025-12-26.10:10:03::SCWMssOS::DEBUG:  swdes dump  /home/zhou/Desktop/validation_1/vitis/full_system_v0/zynqmp_fsbl/zynqmp_fsbl_bsp/system.mss|system||

TRACE::2025-12-26.10:10:03::SCWMssOS::No sw design opened at  /home/zhou/Desktop/validation_1/vitis/full_system_v0/zynqmp_pmufw/zynqmp_pmufw_bsp/system.mss
TRACE::2025-12-26.10:10:03::SCWMssOS::mss exists loading the mss file  /home/zhou/Desktop/validation_1/vitis/full_system_v0/zynqmp_pmufw/zynqmp_pmufw_bsp/system.mss
TRACE::2025-12-26.10:10:03::SCWMssOS::Opened the sw design from mss  /home/zhou/Desktop/validation_1/vitis/full_system_v0/zynqmp_pmufw/zynqmp_pmufw_bsp/system.mss
TRACE::2025-12-26.10:10:03::SCWMssOS::Adding the swdes entry /home/zhou/Desktop/validation_1/vitis/full_system_v0/zynqmp_pmufw/zynqmp_pmufw_bsp/system.mss with des name system_0
TRACE::2025-12-26.10:10:03::SCWMssOS::updating the scw layer about changes
TRACE::2025-12-26.10:10:04::SCWMssOS::Opened the sw design.  /home/zhou/Desktop/validation_1/vitis/full_system_v0/zynqmp_pmufw/zynqmp_pmufw_bsp/system.mss
TRACE::2025-12-26.10:10:04::SCWPlatform::Trying to open the hw design at /home/zhou/Desktop/validation_1/vitis/full_system_v0/hw/new_system_v1_wrapper.xsa
TRACE::2025-12-26.10:10:04::SCWPlatform::DSA given /home/zhou/Desktop/validation_1/vitis/full_system_v0/hw/new_system_v1_wrapper.xsa
TRACE::2025-12-26.10:10:04::SCWPlatform::DSA absoulate path /home/zhou/Desktop/validation_1/vitis/full_system_v0/hw/new_system_v1_wrapper.xsa
TRACE::2025-12-26.10:10:04::SCWPlatform::DSA directory /home/zhou/Desktop/validation_1/vitis/full_system_v0/hw
TRACE::2025-12-26.10:10:04::SCWPlatform:: Platform Path /home/zhou/Desktop/validation_1/vitis/full_system_v0/hw/new_system_v1_wrapper.xsa
TRACE::2025-12-26.10:10:04::SCWPlatform:: Unique name xilinx:::0.0
TRACE::2025-12-26.10:10:04::SCWPlatform::Trying to set the existing hwdb with name gemm_v0_wrapper_2
TRACE::2025-12-26.10:10:04::SCWPlatform::Opened existing hwdb gemm_v0_wrapper_2
TRACE::2025-12-26.10:10:04::SCWPlatform::Found the Hw Db part of the input DSA
TRACE::2025-12-26.10:10:04::SCWMssOS::Checking the sw design at  /home/zhou/Desktop/validation_1/vitis/full_system_v0/zynqmp_pmufw/zynqmp_pmufw_bsp/system.mss
TRACE::2025-12-26.10:10:04::SCWMssOS::DEBUG:  swdes dump  /home/zhou/Desktop/validation_1/vitis/full_system_v0/zynqmp_fsbl/zynqmp_fsbl_bsp/system.mss|system||
/home/zhou/Desktop/validation_1/vitis/full_system_v0/zynqmp_pmufw/zynqmp_pmufw_bsp/system.mss|system_0||

TRACE::2025-12-26.10:10:04::SCWMssOS::Sw design exists and opened at  /home/zhou/Desktop/validation_1/vitis/full_system_v0/zynqmp_pmufw/zynqmp_pmufw_bsp/system.mss
TRACE::2025-12-26.10:10:04::SCWMssOS:: library already available in sw design:  xilfpga:6.7
TRACE::2025-12-26.10:10:04::SCWPlatform::Trying to open the hw design at /home/zhou/Desktop/validation_1/vitis/full_system_v0/hw/new_system_v1_wrapper.xsa
TRACE::2025-12-26.10:10:04::SCWPlatform::DSA given /home/zhou/Desktop/validation_1/vitis/full_system_v0/hw/new_system_v1_wrapper.xsa
TRACE::2025-12-26.10:10:04::SCWPlatform::DSA absoulate path /home/zhou/Desktop/validation_1/vitis/full_system_v0/hw/new_system_v1_wrapper.xsa
TRACE::2025-12-26.10:10:04::SCWPlatform::DSA directory /home/zhou/Desktop/validation_1/vitis/full_system_v0/hw
TRACE::2025-12-26.10:10:04::SCWPlatform:: Platform Path /home/zhou/Desktop/validation_1/vitis/full_system_v0/hw/new_system_v1_wrapper.xsa
TRACE::2025-12-26.10:10:04::SCWPlatform:: Unique name xilinx:::0.0
TRACE::2025-12-26.10:10:04::SCWPlatform::Trying to set the existing hwdb with name gemm_v0_wrapper_2
TRACE::2025-12-26.10:10:04::SCWPlatform::Opened existing hwdb gemm_v0_wrapper_2
TRACE::2025-12-26.10:10:04::SCWPlatform::Found the Hw Db part of the input DSA
TRACE::2025-12-26.10:10:04::SCWMssOS::Checking the sw design at  /home/zhou/Desktop/validation_1/vitis/full_system_v0/zynqmp_pmufw/zynqmp_pmufw_bsp/system.mss
TRACE::2025-12-26.10:10:04::SCWMssOS::DEBUG:  swdes dump  /home/zhou/Desktop/validation_1/vitis/full_system_v0/zynqmp_fsbl/zynqmp_fsbl_bsp/system.mss|system||
/home/zhou/Desktop/validation_1/vitis/full_system_v0/zynqmp_pmufw/zynqmp_pmufw_bsp/system.mss|system_0||

TRACE::2025-12-26.10:10:04::SCWMssOS::Sw design exists and opened at  /home/zhou/Desktop/validation_1/vitis/full_system_v0/zynqmp_pmufw/zynqmp_pmufw_bsp/system.mss
TRACE::2025-12-26.10:10:04::SCWMssOS:: library already available in sw design:  xilsecure:5.4
TRACE::2025-12-26.10:10:04::SCWPlatform::Trying to open the hw design at /home/zhou/Desktop/validation_1/vitis/full_system_v0/hw/new_system_v1_wrapper.xsa
TRACE::2025-12-26.10:10:04::SCWPlatform::DSA given /home/zhou/Desktop/validation_1/vitis/full_system_v0/hw/new_system_v1_wrapper.xsa
TRACE::2025-12-26.10:10:04::SCWPlatform::DSA absoulate path /home/zhou/Desktop/validation_1/vitis/full_system_v0/hw/new_system_v1_wrapper.xsa
TRACE::2025-12-26.10:10:04::SCWPlatform::DSA directory /home/zhou/Desktop/validation_1/vitis/full_system_v0/hw
TRACE::2025-12-26.10:10:04::SCWPlatform:: Platform Path /home/zhou/Desktop/validation_1/vitis/full_system_v0/hw/new_system_v1_wrapper.xsa
TRACE::2025-12-26.10:10:04::SCWPlatform:: Unique name xilinx:::0.0
TRACE::2025-12-26.10:10:04::SCWPlatform::Trying to set the existing hwdb with name gemm_v0_wrapper_2
TRACE::2025-12-26.10:10:04::SCWPlatform::Opened existing hwdb gemm_v0_wrapper_2
TRACE::2025-12-26.10:10:04::SCWPlatform::Found the Hw Db part of the input DSA
TRACE::2025-12-26.10:10:04::SCWMssOS::Checking the sw design at  /home/zhou/Desktop/validation_1/vitis/full_system_v0/zynqmp_pmufw/zynqmp_pmufw_bsp/system.mss
TRACE::2025-12-26.10:10:04::SCWMssOS::DEBUG:  swdes dump  /home/zhou/Desktop/validation_1/vitis/full_system_v0/zynqmp_fsbl/zynqmp_fsbl_bsp/system.mss|system||
/home/zhou/Desktop/validation_1/vitis/full_system_v0/zynqmp_pmufw/zynqmp_pmufw_bsp/system.mss|system_0||

TRACE::2025-12-26.10:10:04::SCWMssOS::Sw design exists and opened at  /home/zhou/Desktop/validation_1/vitis/full_system_v0/zynqmp_pmufw/zynqmp_pmufw_bsp/system.mss
TRACE::2025-12-26.10:10:04::SCWMssOS:: library already available in sw design:  xilskey:7.6
TRACE::2025-12-26.10:10:04::SCWPlatform::Trying to open the hw design at /home/zhou/Desktop/validation_1/vitis/full_system_v0/hw/new_system_v1_wrapper.xsa
TRACE::2025-12-26.10:10:04::SCWPlatform::DSA given /home/zhou/Desktop/validation_1/vitis/full_system_v0/hw/new_system_v1_wrapper.xsa
TRACE::2025-12-26.10:10:04::SCWPlatform::DSA absoulate path /home/zhou/Desktop/validation_1/vitis/full_system_v0/hw/new_system_v1_wrapper.xsa
TRACE::2025-12-26.10:10:04::SCWPlatform::DSA directory /home/zhou/Desktop/validation_1/vitis/full_system_v0/hw
TRACE::2025-12-26.10:10:04::SCWPlatform:: Platform Path /home/zhou/Desktop/validation_1/vitis/full_system_v0/hw/new_system_v1_wrapper.xsa
TRACE::2025-12-26.10:10:04::SCWPlatform:: Unique name xilinx:::0.0
TRACE::2025-12-26.10:10:04::SCWPlatform::Trying to set the existing hwdb with name gemm_v0_wrapper_2
TRACE::2025-12-26.10:10:04::SCWPlatform::Opened existing hwdb gemm_v0_wrapper_2
TRACE::2025-12-26.10:10:04::SCWPlatform::Found the Hw Db part of the input DSA
TRACE::2025-12-26.10:10:04::SCWMssOS::Checking the sw design at  /home/zhou/Desktop/validation_1/vitis/full_system_v0/zynqmp_pmufw/zynqmp_pmufw_bsp/system.mss
TRACE::2025-12-26.10:10:04::SCWMssOS::DEBUG:  swdes dump  /home/zhou/Desktop/validation_1/vitis/full_system_v0/zynqmp_fsbl/zynqmp_fsbl_bsp/system.mss|system||
/home/zhou/Desktop/validation_1/vitis/full_system_v0/zynqmp_pmufw/zynqmp_pmufw_bsp/system.mss|system_0||

TRACE::2025-12-26.10:10:04::SCWMssOS::Sw design exists and opened at  /home/zhou/Desktop/validation_1/vitis/full_system_v0/zynqmp_pmufw/zynqmp_pmufw_bsp/system.mss
TRACE::2025-12-26.10:10:04::SCWPlatform::Trying to open the hw design at /home/zhou/Desktop/validation_1/vitis/full_system_v0/hw/new_system_v1_wrapper.xsa
TRACE::2025-12-26.10:10:04::SCWPlatform::DSA given /home/zhou/Desktop/validation_1/vitis/full_system_v0/hw/new_system_v1_wrapper.xsa
TRACE::2025-12-26.10:10:04::SCWPlatform::DSA absoulate path /home/zhou/Desktop/validation_1/vitis/full_system_v0/hw/new_system_v1_wrapper.xsa
TRACE::2025-12-26.10:10:04::SCWPlatform::DSA directory /home/zhou/Desktop/validation_1/vitis/full_system_v0/hw
TRACE::2025-12-26.10:10:04::SCWPlatform:: Platform Path /home/zhou/Desktop/validation_1/vitis/full_system_v0/hw/new_system_v1_wrapper.xsa
TRACE::2025-12-26.10:10:04::SCWPlatform:: Unique name xilinx:::0.0
TRACE::2025-12-26.10:10:04::SCWPlatform::Trying to set the existing hwdb with name gemm_v0_wrapper_2
TRACE::2025-12-26.10:10:04::SCWPlatform::Opened existing hwdb gemm_v0_wrapper_2
TRACE::2025-12-26.10:10:04::SCWPlatform::Found the Hw Db part of the input DSA
TRACE::2025-12-26.10:10:04::SCWMssOS::Checking the sw design at  /home/zhou/Desktop/validation_1/vitis/full_system_v0/zynqmp_pmufw/zynqmp_pmufw_bsp/system.mss
TRACE::2025-12-26.10:10:04::SCWMssOS::DEBUG:  swdes dump  /home/zhou/Desktop/validation_1/vitis/full_system_v0/zynqmp_fsbl/zynqmp_fsbl_bsp/system.mss|system||
/home/zhou/Desktop/validation_1/vitis/full_system_v0/zynqmp_pmufw/zynqmp_pmufw_bsp/system.mss|system_0||

TRACE::2025-12-26.10:10:04::SCWMssOS::Sw design exists and opened at  /home/zhou/Desktop/validation_1/vitis/full_system_v0/zynqmp_pmufw/zynqmp_pmufw_bsp/system.mss
TRACE::2025-12-26.10:10:04::SCWMssOS::Saving the mss changes /home/zhou/Desktop/validation_1/vitis/full_system_v0/zynqmp_pmufw/zynqmp_pmufw_bsp/system.mss
TRACE::2025-12-26.10:10:04::SCWMssOS::Found a swdesign opened with the mssfile.
TRACE::2025-12-26.10:10:04::SCWMssOS::Completed writemss as part of save.
TRACE::2025-12-26.10:10:04::SCWMssOS::Commit changes completed.
TRACE::2025-12-26.10:10:04::SCWReader::Adding prebuilt librarypaths as   
TRACE::2025-12-26.10:10:04::SCWReader::Adding prebuilt incpaths  as   
TRACE::2025-12-26.10:10:04::SCWPlatform::Trying to open the hw design at /home/zhou/Desktop/validation_1/vitis/full_system_v0/hw/new_system_v1_wrapper.xsa
TRACE::2025-12-26.10:10:04::SCWPlatform::DSA given /home/zhou/Desktop/validation_1/vitis/full_system_v0/hw/new_system_v1_wrapper.xsa
TRACE::2025-12-26.10:10:04::SCWPlatform::DSA absoulate path /home/zhou/Desktop/validation_1/vitis/full_system_v0/hw/new_system_v1_wrapper.xsa
TRACE::2025-12-26.10:10:04::SCWPlatform::DSA directory /home/zhou/Desktop/validation_1/vitis/full_system_v0/hw
TRACE::2025-12-26.10:10:04::SCWPlatform:: Platform Path /home/zhou/Desktop/validation_1/vitis/full_system_v0/hw/new_system_v1_wrapper.xsa
TRACE::2025-12-26.10:10:04::SCWPlatform:: Unique name xilinx:::0.0
TRACE::2025-12-26.10:10:04::SCWPlatform::Trying to set the existing hwdb with name gemm_v0_wrapper_2
TRACE::2025-12-26.10:10:04::SCWPlatform::Opened existing hwdb gemm_v0_wrapper_2
TRACE::2025-12-26.10:10:04::SCWPlatform::Found the Hw Db part of the input DSA
TRACE::2025-12-26.10:10:04::SCWMssOS::Checking the sw design at  /home/zhou/Desktop/validation_1/vitis/full_system_v0/zynqmp_pmufw/zynqmp_pmufw_bsp/system.mss
TRACE::2025-12-26.10:10:04::SCWMssOS::DEBUG:  swdes dump  /home/zhou/Desktop/validation_1/vitis/full_system_v0/zynqmp_fsbl/zynqmp_fsbl_bsp/system.mss|system||
/home/zhou/Desktop/validation_1/vitis/full_system_v0/zynqmp_pmufw/zynqmp_pmufw_bsp/system.mss|system_0||

TRACE::2025-12-26.10:10:04::SCWMssOS::Sw design exists and opened at  /home/zhou/Desktop/validation_1/vitis/full_system_v0/zynqmp_pmufw/zynqmp_pmufw_bsp/system.mss
TRACE::2025-12-26.10:10:04::SCWReader::No isolation master present  
TRACE::2025-12-26.10:10:04::SCWDomain::checking for install qemu data   : 
TRACE::2025-12-26.10:10:04::SCWDomain:: Using the QEMU Data from install at  : /tools/Xilinx/Vitis/2024.2/data/emulation/platforms/zynqmp/sw/a53_standalone/qemu/
TRACE::2025-12-26.10:10:04::SCWDomain:: Using the QEMU args  from install at  : /tools/Xilinx/Vitis/2024.2/data/emulation/platforms/zynqmp/sw/a53_standalone/qemu/qemu_args.txt
TRACE::2025-12-26.10:10:04::SCWDomain:: Using the PMUQEMU args from install at  : /tools/Xilinx/Vitis/2024.2/data/emulation/platforms/zynqmp/sw/a53_standalone/qemu/pmu_args.txt
TRACE::2025-12-26.10:10:04::SCWPlatform::Trying to open the hw design at /home/zhou/Desktop/validation_1/vitis/full_system_v0/hw/new_system_v1_wrapper.xsa
TRACE::2025-12-26.10:10:04::SCWPlatform::DSA given /home/zhou/Desktop/validation_1/vitis/full_system_v0/hw/new_system_v1_wrapper.xsa
TRACE::2025-12-26.10:10:04::SCWPlatform::DSA absoulate path /home/zhou/Desktop/validation_1/vitis/full_system_v0/hw/new_system_v1_wrapper.xsa
TRACE::2025-12-26.10:10:04::SCWPlatform::DSA directory /home/zhou/Desktop/validation_1/vitis/full_system_v0/hw
TRACE::2025-12-26.10:10:04::SCWPlatform:: Platform Path /home/zhou/Desktop/validation_1/vitis/full_system_v0/hw/new_system_v1_wrapper.xsa
TRACE::2025-12-26.10:10:04::SCWPlatform:: Unique name xilinx:::0.0
TRACE::2025-12-26.10:10:04::SCWPlatform::Trying to set the existing hwdb with name gemm_v0_wrapper_2
TRACE::2025-12-26.10:10:04::SCWPlatform::Opened existing hwdb gemm_v0_wrapper_2
TRACE::2025-12-26.10:10:04::SCWPlatform::Found the Hw Db part of the input DSA
TRACE::2025-12-26.10:10:04::SCWPlatform::Trying to open the hw design at /home/zhou/Desktop/validation_1/vitis/full_system_v0/hw/new_system_v1_wrapper.xsa
TRACE::2025-12-26.10:10:04::SCWPlatform::DSA given /home/zhou/Desktop/validation_1/vitis/full_system_v0/hw/new_system_v1_wrapper.xsa
TRACE::2025-12-26.10:10:04::SCWPlatform::DSA absoulate path /home/zhou/Desktop/validation_1/vitis/full_system_v0/hw/new_system_v1_wrapper.xsa
TRACE::2025-12-26.10:10:04::SCWPlatform::DSA directory /home/zhou/Desktop/validation_1/vitis/full_system_v0/hw
TRACE::2025-12-26.10:10:04::SCWPlatform:: Platform Path /home/zhou/Desktop/validation_1/vitis/full_system_v0/hw/new_system_v1_wrapper.xsa
TRACE::2025-12-26.10:10:04::SCWPlatform:: Unique name xilinx:::0.0
TRACE::2025-12-26.10:10:04::SCWPlatform::Trying to set the existing hwdb with name gemm_v0_wrapper_2
TRACE::2025-12-26.10:10:04::SCWPlatform::Opened existing hwdb gemm_v0_wrapper_2
TRACE::2025-12-26.10:10:04::SCWPlatform::Found the Hw Db part of the input DSA
TRACE::2025-12-26.10:10:04::SCWPlatform::Trying to open the hw design at /home/zhou/Desktop/validation_1/vitis/full_system_v0/hw/new_system_v1_wrapper.xsa
TRACE::2025-12-26.10:10:04::SCWPlatform::DSA given /home/zhou/Desktop/validation_1/vitis/full_system_v0/hw/new_system_v1_wrapper.xsa
TRACE::2025-12-26.10:10:04::SCWPlatform::DSA absoulate path /home/zhou/Desktop/validation_1/vitis/full_system_v0/hw/new_system_v1_wrapper.xsa
TRACE::2025-12-26.10:10:04::SCWPlatform::DSA directory /home/zhou/Desktop/validation_1/vitis/full_system_v0/hw
TRACE::2025-12-26.10:10:04::SCWPlatform:: Platform Path /home/zhou/Desktop/validation_1/vitis/full_system_v0/hw/new_system_v1_wrapper.xsa
TRACE::2025-12-26.10:10:04::SCWPlatform:: Unique name xilinx:::0.0
TRACE::2025-12-26.10:10:04::SCWPlatform::Trying to set the existing hwdb with name gemm_v0_wrapper_2
TRACE::2025-12-26.10:10:04::SCWPlatform::Opened existing hwdb gemm_v0_wrapper_2
TRACE::2025-12-26.10:10:04::SCWPlatform::Found the Hw Db part of the input DSA
TRACE::2025-12-26.10:10:04::SCWMssOS::Checking the sw design at  /home/zhou/Desktop/validation_1/vitis/full_system_v0/psu_cortexa53_0/standalone_domain/bsp/system.mss
TRACE::2025-12-26.10:10:04::SCWMssOS::DEBUG:  swdes dump  /home/zhou/Desktop/validation_1/vitis/full_system_v0/zynqmp_fsbl/zynqmp_fsbl_bsp/system.mss|system||
/home/zhou/Desktop/validation_1/vitis/full_system_v0/zynqmp_pmufw/zynqmp_pmufw_bsp/system.mss|system_0||

TRACE::2025-12-26.10:10:04::SCWMssOS::No sw design opened at  /home/zhou/Desktop/validation_1/vitis/full_system_v0/psu_cortexa53_0/standalone_domain/bsp/system.mss
TRACE::2025-12-26.10:10:04::SCWMssOS::mss exists loading the mss file  /home/zhou/Desktop/validation_1/vitis/full_system_v0/psu_cortexa53_0/standalone_domain/bsp/system.mss
TRACE::2025-12-26.10:10:04::SCWMssOS::Opened the sw design from mss  /home/zhou/Desktop/validation_1/vitis/full_system_v0/psu_cortexa53_0/standalone_domain/bsp/system.mss
TRACE::2025-12-26.10:10:04::SCWMssOS::Adding the swdes entry /home/zhou/Desktop/validation_1/vitis/full_system_v0/psu_cortexa53_0/standalone_domain/bsp/system.mss with des name system_1
TRACE::2025-12-26.10:10:04::SCWMssOS::updating the scw layer about changes
TRACE::2025-12-26.10:10:04::SCWMssOS::Opened the sw design.  /home/zhou/Desktop/validation_1/vitis/full_system_v0/psu_cortexa53_0/standalone_domain/bsp/system.mss
TRACE::2025-12-26.10:10:04::SCWMssOS::Saving the mss changes /home/zhou/Desktop/validation_1/vitis/full_system_v0/psu_cortexa53_0/standalone_domain/bsp/system.mss
TRACE::2025-12-26.10:10:04::SCWMssOS::Found a swdesign opened with the mssfile.
TRACE::2025-12-26.10:10:04::SCWMssOS::Completed writemss as part of save.
TRACE::2025-12-26.10:10:04::SCWMssOS::Commit changes completed.
TRACE::2025-12-26.10:10:04::SCWReader::Adding prebuilt librarypaths as   
TRACE::2025-12-26.10:10:04::SCWReader::Adding prebuilt incpaths  as   
TRACE::2025-12-26.10:10:04::SCWPlatform::Trying to open the hw design at /home/zhou/Desktop/validation_1/vitis/full_system_v0/hw/new_system_v1_wrapper.xsa
TRACE::2025-12-26.10:10:04::SCWPlatform::DSA given /home/zhou/Desktop/validation_1/vitis/full_system_v0/hw/new_system_v1_wrapper.xsa
TRACE::2025-12-26.10:10:04::SCWPlatform::DSA absoulate path /home/zhou/Desktop/validation_1/vitis/full_system_v0/hw/new_system_v1_wrapper.xsa
TRACE::2025-12-26.10:10:04::SCWPlatform::DSA directory /home/zhou/Desktop/validation_1/vitis/full_system_v0/hw
TRACE::2025-12-26.10:10:04::SCWPlatform:: Platform Path /home/zhou/Desktop/validation_1/vitis/full_system_v0/hw/new_system_v1_wrapper.xsa
TRACE::2025-12-26.10:10:04::SCWPlatform:: Unique name xilinx:::0.0
TRACE::2025-12-26.10:10:04::SCWPlatform::Trying to set the existing hwdb with name gemm_v0_wrapper_2
TRACE::2025-12-26.10:10:04::SCWPlatform::Opened existing hwdb gemm_v0_wrapper_2
TRACE::2025-12-26.10:10:04::SCWPlatform::Found the Hw Db part of the input DSA
TRACE::2025-12-26.10:10:04::SCWMssOS::Checking the sw design at  /home/zhou/Desktop/validation_1/vitis/full_system_v0/psu_cortexa53_0/standalone_domain/bsp/system.mss
TRACE::2025-12-26.10:10:04::SCWMssOS::DEBUG:  swdes dump  /home/zhou/Desktop/validation_1/vitis/full_system_v0/psu_cortexa53_0/standalone_domain/bsp/system.mss|system_1||
/home/zhou/Desktop/validation_1/vitis/full_system_v0/zynqmp_fsbl/zynqmp_fsbl_bsp/system.mss|system||
/home/zhou/Desktop/validation_1/vitis/full_system_v0/zynqmp_pmufw/zynqmp_pmufw_bsp/system.mss|system_0||

TRACE::2025-12-26.10:10:04::SCWMssOS::Sw design exists and opened at  /home/zhou/Desktop/validation_1/vitis/full_system_v0/psu_cortexa53_0/standalone_domain/bsp/system.mss
TRACE::2025-12-26.10:10:04::SCWReader::No isolation master present  
