// softplus-ReLU LUT: P_table + N_table
// K1=7, K2=6, K3=6, Range=[-16.0, 16.0]

// P_table (128 x 64):
0000000000000000000
0000000000000000000
0000000000000000000
0000000000000000000
0000000000000000000
0000000000000000000
0000000000000000000
0000000000000000000
0000000000000000000
0000000000000000000
0000000000000000000
0000000000000000000
0000000000000000000
0000000000000000000
0000000000000000000
0000000000000000000
0000000000000000000
0000000000000000000
0000000000000000000
0000000000000000000
0000000000000000000
0000000000000000000
0000000000000000000
0000000000000000000
0000000000000000000
0000000000000000000
0000000000000000000
0000000000000000000
0000000000000000000
0000000000000000000
0000000000000000000
0000000000000000000
0000000000000000000
0000000000000000000
0000000000000000000
0000000000000000000
0000000000000000000
0000000000000000000
0000000000000000000
0000000000000000000
0000000000000000000
0000000000000000000
0000000000000000000
0000000000000000000
0000000000000000000
0000000000000000000
0000000000000000000
0000000000000000000
0000000000000000000
0000000000000000000
0000000000000000000
0000000000000000000
0000000000000000000
0000000000000000000
0000000000000000000
0000000000000000000
0000000000000000000
0000000000000000000
0000000000000000000
0000000000000000000
0000000000000000000
0000000000000000000
0000000000000000000
0000000000000000000
0000000000000000000
0000000000000000000
0000000000000000000
0000000000000000000
0000000000000000000
0000000000000000000
0000000000000000000
0000000000000000000
0000000000000000000
0000000000000000000
0000000000000000000
0000000000000000000
0000000000000000000
0000000000000000000
0000000000000000000
0000000000000000000
0000000000000000000
0000000000000000000
0000000000000000000
0000000000000000000
0000000000000000000
0000000000000000000
0000000000000000000
0000000000000000000
0000000000000000000
0000000000000000000
0000000000000000000
0000000000000000000
0000000000000000000
0000000000000000000
0000000000000000000
0000000000000000000
0000000000000000000
0000000000000000000
0000000000000000000
0000000000000000000
0000000000000000000
0000000000000000000
0000000000000000000
0000000000000000000
0000000000000000000
0000000000000000000
0000000000000000000
0000000000000000000
0000000000000000000
0000000000000000000
0000000000000000000
0000000000000000000
0000000000000000000
0000000000000000000
0000000000000000000
0000000000000000000
0000000000000000000
0000000000000000000
0000000000000000000
0000000000000000000
0000000000000000000
0000000000000000000
0000000000000000000
0000000000000000000
0000000000000000000
0000000000000000000
0000000000000000000
0000000000000000000
0000000000000000000
0000000000000000000
0000000000000000000
0000000000000000000
0000000000000000000
0000000000000000000
0000000000000000000
0000000000000000000
0000000000000000000
0000000000000000000
0000000000000000000
0000000000000000000
0000000000000000000
0000000000000000000
0000000000000000000
0000000000000000000
0000000000000000000
0000000000000000000
0000000000000000000
0000000000000000000
0000000000000000000
0000000000000000000
0000000000000000000
0000000000000000000
0000000000000000000
0000000000000000000
0000000000000000000
0000000000000000000
0000000000000000000
0000000000000000000
0000000000000000000
0000000000000000000
0000000000000000000
0000000000000000000
0000000000000000000
0000000000000000000
0000000000000000000
0000000000000000000
0000000000000000000
0000000000000000000
0000000000000000000
0000000000000000000
0000000000000000000
0000000000000000000
0000000000000000000
0000000000000000000
0000000000000000000
0000000000000000000
0000000000000000000
0000000000000000000
0000000000000000000
0000000000000000000
0000000000000000000
0000000000000000000
0000000000000000000
0000000000000000000
0000000000000000000
0000000000000000000
0000000000000000000
0000000000000000000
0000000000000000000
0000000000000000000
0000000000000000000
0000000000000000000
0000000000000000000
0000000000000000000
0000000000000000000
0000000000000000000
0000000000000000000
0000000000000000000
0000000000000000000
0000000000000000000
0000000000000000000
0000000000000000000
0000000000000000000
0000000000000000000
0000000000000000000
0000000000000000000
0000000000000000000
0000000000000000000
0000000000000000000
0000000000000000000
0000000000000000000
0000000000000000000
0000000000000000000
0000000000000000000
0000000000000000000
0000000000000000000
0000000000000000000
0000000000000000000
0000000000000000000
0000000000000000000
0000000000000000000
0000000000000000000
0000000000000000000
0000000000000000000
0000000000000000000
0000000000000000000
0000000000000000000
0000000000000000000
0000000000000000000
0000000000000000000
0000000000000000000
0000000000000000000
0000000000000000000
0000000000000000000
0000000000000000000
0000000000000000000
0000000000000000000
0000000000000000000
0000000000000000000
0000000000000000000
0000000000000000000
0000000000000000000
0000000000000000000
0000000000000000000
0000000000000000000
0000000000000000000
0000000000000000000
0000000000000000000
0000000000000000000
0000000000000000000
0000000000000000000
0000000000000000000
0000000000000000000
0000000000000000000
0000000000000000000
0000000000000000000
0000000000000000000
0000000000000000000
0000000000000000000
0000000000000000000
0000000000000000000
0000000000000000000
0000000000000000000
0000000000000000000
0000000000000000000
0000000000000000000
0000000000000000000
0000000000000000000
0000000000000000000
0000000000000000000
0000000000000000000
0000000000000000000
0000000000000000000
0000000000000000000
0000000000000000000
0000000000000000000
0000000000000000000
0000000000000000000
0000000000000000000
0000000000000000000
0000000000000000000
0000000000000000000
0000000000000000000
0000000000000000000
0000000000000000000
0000000000000000000
0000000000000000000
0000000000000000000
0000000000000000000
0000000000000000000
0000000000000000000
0000000000000000000
0000000000000000000
0000000000000000000
0000000000000000000
0000000000000000000
0000000000000000000
0000000000000000000
0000000000000000000
0000000000000000000
0000000000000000000
0000000000000000000
0000000000000000000
0000000000000000000
0000000000000000000
0000000000000000000
0000000000000000000
0000000000000000000
0000000000000000000
0000000000000000000
0000000000000000000
0000000000000000000
0000000000000000000
0000000000000000000
0000000000000000000
0000000000000000000
0000000000000000000
0000000000000000000
0000000000000000000
0000000000000000000
0000000000000000000
0000000000000000000
0000000000000000000
0000000000000000000
0000000000000000000
0000000000000000000
0000000000000000000
0000000000000000000
0000000000000000000
0000000000000000000
0000000000000000000
0000000000000000000
0000000000000000000
0000000000000000000
0000000000000000000
0000000000000000000
0000000000000000000
0000000000000000000
0000000000000000000
0000000000000000000
0000000000000000000
0000000000000000000
0000000000000000000
0000000000000000000
0000000000000000000
0000000000000000000
0000000000000000000
0000000000000000000
0000000000000000000
0000000000000000000
0000000000000000000
0000000000000000000
0000000000000000000
0000000000000000000
0000000000000000000
0000000000000000000
0000000000000000000
0000000000000000000
0000000000000000000
0000000000000000000
0000000000000000000
0000000000000000000
0000000000000000000
0000000000000000000
0000000000000000000
0000000000000000000
0000000000000000000
0000000000000000000
0000000000000000000
0000000000000000000
0000000000000000000
0000000000000000000
0000000000000000000
0000000000000000000
0000000000000000000
0000000000000000000
0000000000000000000
0000000000000000000
0000000000000000000
0000000000000000000
0000000000000000000
0000000000000000000
0000000000000000000
0000000000000000000
0000000000000000000
0000000000000000000
0000000000000000000
0000000000000000000
0000000000000000000
0000000000000000000
0000000000000000000
0000000000000000000
0000000000000000000
0000000000000000000
0000000000000000000
0000000000000000000
0000000000000000000
0000000000000000000
0000000000000000000
0000000000000000000
0000000000000000000
0000000000000000000
0000000000000000000
0000000000000000000
0000000000000000000
0000000000000000000
0000000000000000000
0000000000000000000
0000000000000000000
0000000000000000000
0000000000000000000
0000000000000000000
0000000000000000000
0000000000000000000
0000000000000000000
0000000000000000000
0000000000000000000
0000000000000000000
0000000000000000000
0000000000000000000
0000000000000000000
0000000000000000000
0000000000000000000
0000000000000000000
0000000000000000000
0000000000000000000
0000000000000000000
0000000000000000000
0000000000000000000
0000000000000000000
0000000000000000000
0000000000000000000
0000000000000000000
0000000000000000000
0000000000000000000
0000000000000000000
0000000000000000000
0000000000000000000
0000000000000000000
0000000000000000000
0000000000000000000
0000000000000000000
0000000000000000000
0000000000000000000
0000000000000000000
0000000000000000000
0000000000000000000
0000000000000000000
0000000000000000000
0000000000000000000
0000000000000000000
0000000000000000000
0000000000000000000
0000000000000000000
0000000000000000000
0000000000000000000
0000000000000000000
0000000000000000000
0000000000000000000
0000000000000000000
0000000000000000000
0000000000000000000
0000000000000000000
0000000000000000000
0000000000000000000
0000000000000000000
0000000000000000000
0000000000000000000
0000000000000000000
0000000000000000000
0000000000000000000
0000000000000000000
0000000000000000000
0000000000000000000
0000000000000000000
0000000000000000000
0000000000000000000
0000000000000000000
0000000000000000000
0000000000000000000
0000000000000000000
0000000000000000000
0000000000000000000
0000000000000000000
0000000000000000000
0000000000000000000
0000000000000000000
0000000000000000000
0000000000000000000
0000000000000000000
0000000000000000000
0000000000000000000
0000000000000000000
0000000000000000000
0000000000000000000
0000000000000000000
0000000000000000000
0000000000000000000
0000000000000000000
0000000000000000000
0000000000000000000
0000000000000000000
0000000000000000000
0000000000000000000
0000000000000000000
0000000000000000000
0000000000000000000
0000000000000000000
0000000000000000000
0000000000000000000
0000000000000000000
0000000000000000000
0000000000000000000
0000000000000000000
0000000000000000000
0000000000000000000
0000000000000000000
0000000000000000000
0000000000000000000
0000000000000000000
0000000000000000000
0000000000000000000
0000000000000000000
0000000000000000000
0000000000000000000
0000000000000000000
0000000000000000000
0000000000000000000
0000000000000000000
0000000000000000000
0000000000000000000
0000000000000000000
0000000000000000000
0000000000000000000
0000000000000000000
0000000000000000000
0000000000000000000
0000000000000000000
0000000000000000000
0000000000000000000
0000000000000000000
0000000000000000000
0000000000000000000
0000000000000000000
0000000000000000000
0000000000000000000
0000000000000000000
0000000000000000000
0000000000000000000
0000000000000000000
0000000000000000000
0000000000000000000
0000000000000000000
0000000000000000000
0000000000000000000
0000000000000000000
0000000000000000000
0000000000000000000
0000000000000000000
0000000000000000000
0000000000000000000
0000000000000000000
0000000000000000000
0000000000000000000
0000000000000000000
0000000000000000000
0000000000000000000
0000000000000000000
0000000000000000000
0000000000000000000
0000000000000000000
0000000000000000000
0000000000000000000
0000000000000000000
0000000000000000000
0000000000000000000
0000000000000000000
0000000000000000000
0000000000000000000
0000000000000000000
0000000000000000000
0000000000000000000
0000000000000000000
0000000000000000000
0000000000000000000
0000000000000000000
0000000000000000000
0000000000000000000
0000000000000000000
0000000000000000000
0000000000000000000
0000000000000000000
0000000000000000000
0000000000000000000
0000000000000000000
0000000000000000000
0000000000000000000
0000000000000000000
0000000000000000000
0000000000000000000
0000000000000000000
0000000000000000000
0000000000000000000
0000000000000000000
0000000000000000000
0000000000000000000
0000000000000000000
0000000000000000000
0000000000000000000
0000000000000000000
0000000000000000000
0000000000000000000
0000000000000000000
0000000000000000000
0000000000000000000
0000000000000000000
0000000000000000000
0000000000000000000
0000000000000000000
0000000000000000000
0000000000000000000
0000000000000000000
0000000000000000000
0000000000000000000
0000000000000000000
0000000000000000000
0000000000000000000
0000000000000000000
0000000000000000000
0000000000000000000
0000000000000000000
0000000000000000000
0000000000000000000
0000000000000000000
0000000000000000000
0000000000000000000
0000000000000000000
0000000000000000000
0000000000000000000
0000000000000000000
0000000000000000000
0000000000000000000
0000000000000000000
0000000000000000000
0000000000000000000
0000000000000000000
0000000000000000000
0000000000000000000
0000000000000000000
0000000000000000000
0000000000000000000
0000000000000000000
0000000000000000000
0000000000000000000
0000000000000000000
0000000000000000000
0000000000000000000
0000000000000000000
0000000000000000000
0000000000000000000
0000000000000000000
0000000000000000000
0000000000000000000
0000000000000000000
0000000000000000000
0000000000000000000
0000000000000000000
0000000000000000000
0000000000000000000
0000000000000000000
0000000000000000000
0000000000000000000
0000000000000000000
0000000000000000000
0000000000000000000
0000000000000000000
0000000000000000000
0000000000000000000
0000000000000000000
0000000000000000000
0000000000000000000
0000000000000000000
0000000000000000000
0000000000000000000
0000000000000000000
0000000000000000000
0000000000000000000
0000000000000000000
0000000000000000000
0000000000000000000
0000000000000000000
0000000000000000000
0000000000000000000
0000000000000000000
0000000000000000000
0000000000000000000
0000000000000000000
0000000000000000000
0000000000000000000
0000000000000000000
0000000000000000000
0000000000000000000
0000000000000000000
0000000000000000000
0000000000000000000
0000000000000000000
0000000000000000000
0000000000000000000
0000000000000000000
0000000000000000000
0000000000000000000
0000000000000000000
0000000000000000000
0000000000000000000
0000000000000000000
0000000000000000000
0000000000000000000
0000000000000000000
0000000000000000000
0000000000000000000
0000000000000000000
0000000000000000000
0000000000000000000
0000000000000000000
0000000000000000000
0000000000000000001
0000000000000000001
0000000000000000001
0000000000000000001
0000000000000000001
0000000000000000001
0000000000000000001
0000000000000000001
0000000000000000001
0000000000000000001
0000000000000000001
0000000000000000001
0000000000000000001
0000000000000000001
0000000000000000001
0000000000000000001
0000000000000000001
0000000000000000001
0000000000000000001
0000000000000000001
0000000000000000001
0000000000000000001
0000000000000000001
0000000000000000001
0000000000000000001
0000000000000000001
0000000000000000001
0000000000000000001
0000000000000000001
0000000000000000001
0000000000000000001
0000000000000000001
0000000000000000001
0000000000000000001
0000000000000000001
0000000000000000001
0000000000000000001
0000000000000000001
0000000000000000001
0000000000000000001
0000000000000000001
0000000000000000001
0000000000000000001
0000000000000000001
0000000000000000001
0000000000000000001
0000000000000000001
0000000000000000001
0000000000000000001
0000000000000000001
0000000000000000001
0000000000000000001
0000000000000000001
0000000000000000001
0000000000000000001
0000000000000000001
0000000000000000001
0000000000000000001
0000000000000000001
0000000000000000001
0000000000000000001
0000000000000000001
0000000000000000001
0000000000000000001
0000000000000000001
0000000000000000001
0000000000000000001
0000000000000000001
0000000000000000001
0000000000000000001
0000000000000000001
0000000000000000001
0000000000000000001
0000000000000000001
0000000000000000001
0000000000000000001
0000000000000000001
0000000000000000001
0000000000000000001
0000000000000000001
0000000000000000001
0000000000000000001
0000000000000000001
0000000000000000001
0000000000000000001
0000000000000000001
0000000000000000001
0000000000000000001
0000000000000000001
0000000000000000001
0000000000000000001
0000000000000000001
0000000000000000001
0000000000000000001
0000000000000000001
0000000000000000001
0000000000000000001
0000000000000000001
0000000000000000001
0000000000000000001
0000000000000000001
0000000000000000001
0000000000000000001
0000000000000000001
0000000000000000001
0000000000000000001
0000000000000000001
0000000000000000001
0000000000000000001
0000000000000000001
0000000000000000001
0000000000000000001
0000000000000000001
0000000000000000001
0000000000000000001
0000000000000000001
0000000000000000001
0000000000000000001
0000000000000000001
0000000000000000001
0000000000000000001
0000000000000000001
0000000000000000001
0000000000000000001
0000000000000000001
0000000000000000001
0000000000000000001
0000000000000000001
0000000000000000001
0000000000000000001
0000000000000000001
0000000000000000001
0000000000000000001
0000000000000000001
0000000000000000001
0000000000000000001
0000000000000000001
0000000000000000001
0000000000000000001
0000000000000000001
0000000000000000001
0000000000000000001
0000000000000000001
0000000000000000001
0000000000000000001
0000000000000000001
0000000000000000001
0000000000000000001
0000000000000000001
0000000000000000001
0000000000000000001
0000000000000000001
0000000000000000001
0000000000000000001
0000000000000000001
0000000000000000001
0000000000000000001
0000000000000000001
0000000000000000001
0000000000000000001
0000000000000000001
0000000000000000001
0000000000000000001
0000000000000000001
0000000000000000001
0000000000000000001
0000000000000000001
0000000000000000001
0000000000000000001
0000000000000000001
0000000000000000001
0000000000000000001
0000000000000000001
0000000000000000001
0000000000000000001
0000000000000000001
0000000000000000001
0000000000000000001
0000000000000000001
0000000000000000001
0000000000000000001
0000000000000000001
0000000000000000001
0000000000000000001
0000000000000000001
0000000000000000001
0000000000000000001
0000000000000000001
0000000000000000001
0000000000000000001
0000000000000000001
0000000000000000001
0000000000000000001
0000000000000000001
0000000000000000001
0000000000000000001
0000000000000000001
0000000000000000001
0000000000000000001
0000000000000000001
0000000000000000001
0000000000000000001
0000000000000000001
0000000000000000001
0000000000000000001
0000000000000000001
0000000000000000001
0000000000000000001
0000000000000000001
0000000000000000001
0000000000000000001
0000000000000000001
0000000000000000001
0000000000000000001
0000000000000000001
0000000000000000001
0000000000000000001
0000000000000000001
0000000000000000001
0000000000000000001
0000000000000000001
0000000000000000001
0000000000000000001
0000000000000000001
0000000000000000001
0000000000000000001
0000000000000000001
0000000000000000001
0000000000000000001
0000000000000000001
0000000000000000001
0000000000000000001
0000000000000000001
0000000000000000001
0000000000000000001
0000000000000000001
0000000000000000001
0000000000000000001
0000000000000000001
0000000000000000001
0000000000000000001
0000000000000000001
0000000000000000001
0000000000000000001
0000000000000000001
0000000000000000001
0000000000000000001
0000000000000000001
0000000000000000001
0000000000000000001
0000000000000000001
0000000000000000001
0000000000000000001
0000000000000000001
0000000000000000001
0000000000000000001
0000000000000000001
0000000000000000001
0000000000000000001
0000000000000000001
0000000000000000001
0000000000000000001
0000000000000000001
0000000000000000001
0000000000000000001
0000000000000000001
0000000000000000001
0000000000000000001
0000000000000000001
0000000000000000001
0000000000000000001
0000000000000000001
0000000000000000001
0000000000000000001
0000000000000000001
0000000000000000001
0000000000000000001
0000000000000000001
0000000000000000001
0000000000000000001
0000000000000000001
0000000000000000010
0000000000000000010
0000000000000000010
0000000000000000010
0000000000000000010
0000000000000000010
0000000000000000010
0000000000000000010
0000000000000000010
0000000000000000010
0000000000000000010
0000000000000000010
0000000000000000010
0000000000000000010
0000000000000000010
0000000000000000010
0000000000000000010
0000000000000000010
0000000000000000010
0000000000000000010
0000000000000000010
0000000000000000010
0000000000000000010
0000000000000000010
0000000000000000010
0000000000000000010
0000000000000000010
0000000000000000010
0000000000000000010
0000000000000000010
0000000000000000010
0000000000000000010
0000000000000000010
0000000000000000010
0000000000000000010
0000000000000000010
0000000000000000010
0000000000000000010
0000000000000000010
0000000000000000010
0000000000000000010
0000000000000000010
0000000000000000010
0000000000000000010
0000000000000000010
0000000000000000010
0000000000000000010
0000000000000000010
0000000000000000010
0000000000000000010
0000000000000000010
0000000000000000010
0000000000000000010
0000000000000000010
0000000000000000010
0000000000000000010
0000000000000000010
0000000000000000010
0000000000000000010
0000000000000000010
0000000000000000010
0000000000000000010
0000000000000000010
0000000000000000010
0000000000000000010
0000000000000000010
0000000000000000010
0000000000000000010
0000000000000000010
0000000000000000010
0000000000000000010
0000000000000000010
0000000000000000010
0000000000000000010
0000000000000000010
0000000000000000010
0000000000000000010
0000000000000000010
0000000000000000010
0000000000000000010
0000000000000000010
0000000000000000010
0000000000000000010
0000000000000000010
0000000000000000010
0000000000000000010
0000000000000000010
0000000000000000010
0000000000000000010
0000000000000000010
0000000000000000010
0000000000000000010
0000000000000000010
0000000000000000010
0000000000000000010
0000000000000000010
0000000000000000010
0000000000000000010
0000000000000000010
0000000000000000010
0000000000000000010
0000000000000000010
0000000000000000010
0000000000000000010
0000000000000000010
0000000000000000010
0000000000000000010
0000000000000000010
0000000000000000010
0000000000000000010
0000000000000000010
0000000000000000010
0000000000000000010
0000000000000000010
0000000000000000010
0000000000000000010
0000000000000000010
0000000000000000010
0000000000000000010
0000000000000000010
0000000000000000010
0000000000000000010
0000000000000000010
0000000000000000010
0000000000000000010
0000000000000000010
0000000000000000010
0000000000000000010
0000000000000000010
0000000000000000010
0000000000000000010
0000000000000000011
0000000000000000011
0000000000000000011
0000000000000000011
0000000000000000011
0000000000000000011
0000000000000000011
0000000000000000011
0000000000000000011
0000000000000000011
0000000000000000011
0000000000000000011
0000000000000000011
0000000000000000011
0000000000000000011
0000000000000000011
0000000000000000011
0000000000000000011
0000000000000000011
0000000000000000011
0000000000000000011
0000000000000000011
0000000000000000011
0000000000000000011
0000000000000000011
0000000000000000011
0000000000000000011
0000000000000000011
0000000000000000011
0000000000000000011
0000000000000000011
0000000000000000011
0000000000000000011
0000000000000000011
0000000000000000011
0000000000000000011
0000000000000000011
0000000000000000011
0000000000000000011
0000000000000000011
0000000000000000011
0000000000000000011
0000000000000000011
0000000000000000011
0000000000000000011
0000000000000000011
0000000000000000011
0000000000000000011
0000000000000000011
0000000000000000011
0000000000000000011
0000000000000000011
0000000000000000011
0000000000000000011
0000000000000000011
0000000000000000011
0000000000000000011
0000000000000000011
0000000000000000011
0000000000000000011
0000000000000000011
0000000000000000011
0000000000000000011
0000000000000000011
0000000000000000011
0000000000000000011
0000000000000000011
0000000000000000011
0000000000000000011
0000000000000000011
0000000000000000011
0000000000000000011
0000000000000000011
0000000000000000011
0000000000000000011
0000000000000000011
0000000000000000011
0000000000000000011
0000000000000000011
0000000000000000011
0000000000000000011
0000000000000000011
0000000000000000011
0000000000000000011
0000000000000000011
0000000000000000011
0000000000000000100
0000000000000000100
0000000000000000100
0000000000000000100
0000000000000000100
0000000000000000100
0000000000000000100
0000000000000000100
0000000000000000100
0000000000000000100
0000000000000000100
0000000000000000100
0000000000000000100
0000000000000000100
0000000000000000100
0000000000000000100
0000000000000000100
0000000000000000100
0000000000000000100
0000000000000000100
0000000000000000100
0000000000000000100
0000000000000000100
0000000000000000100
0000000000000000100
0000000000000000100
0000000000000000100
0000000000000000100
0000000000000000100
0000000000000000100
0000000000000000100
0000000000000000100
0000000000000000100
0000000000000000100
0000000000000000100
0000000000000000100
0000000000000000100
0000000000000000100
0000000000000000100
0000000000000000100
0000000000000000100
0000000000000000100
0000000000000000100
0000000000000000100
0000000000000000100
0000000000000000100
0000000000000000100
0000000000000000100
0000000000000000100
0000000000000000100
0000000000000000100
0000000000000000100
0000000000000000100
0000000000000000100
0000000000000000100
0000000000000000100
0000000000000000100
0000000000000000100
0000000000000000100
0000000000000000100
0000000000000000100
0000000000000000100
0000000000000000100
0000000000000000100
0000000000000000100
0000000000000000101
0000000000000000101
0000000000000000101
0000000000000000101
0000000000000000101
0000000000000000101
0000000000000000101
0000000000000000101
0000000000000000101
0000000000000000101
0000000000000000101
0000000000000000101
0000000000000000101
0000000000000000101
0000000000000000101
0000000000000000101
0000000000000000101
0000000000000000101
0000000000000000101
0000000000000000101
0000000000000000101
0000000000000000101
0000000000000000101
0000000000000000101
0000000000000000101
0000000000000000101
0000000000000000101
0000000000000000101
0000000000000000101
0000000000000000101
0000000000000000101
0000000000000000101
0000000000000000101
0000000000000000101
0000000000000000101
0000000000000000101
0000000000000000101
0000000000000000101
0000000000000000101
0000000000000000101
0000000000000000101
0000000000000000101
0000000000000000101
0000000000000000101
0000000000000000101
0000000000000000101
0000000000000000101
0000000000000000101
0000000000000000101
0000000000000000101
0000000000000000101
0000000000000000110
0000000000000000110
0000000000000000110
0000000000000000110
0000000000000000110
0000000000000000110
0000000000000000110
0000000000000000110
0000000000000000110
0000000000000000110
0000000000000000110
0000000000000000110
0000000000000000110
0000000000000000110
0000000000000000110
0000000000000000110
0000000000000000110
0000000000000000110
0000000000000000110
0000000000000000110
0000000000000000110
0000000000000000110
0000000000000000110
0000000000000000110
0000000000000000110
0000000000000000110
0000000000000000110
0000000000000000110
0000000000000000110
0000000000000000110
0000000000000000110
0000000000000000110
0000000000000000110
0000000000000000110
0000000000000000110
0000000000000000110
0000000000000000110
0000000000000000110
0000000000000000110
0000000000000000110
0000000000000000110
0000000000000000110
0000000000000000110
0000000000000000111
0000000000000000111
0000000000000000111
0000000000000000111
0000000000000000111
0000000000000000111
0000000000000000111
0000000000000000111
0000000000000000111
0000000000000000111
0000000000000000111
0000000000000000111
0000000000000000111
0000000000000000111
0000000000000000111
0000000000000000111
0000000000000000111
0000000000000000111
0000000000000000111
0000000000000000111
0000000000000000111
0000000000000000111
0000000000000000111
0000000000000000111
0000000000000000111
0000000000000000111
0000000000000000111
0000000000000000111
0000000000000000111
0000000000000000111
0000000000000000111
0000000000000000111
0000000000000000111
0000000000000000111
0000000000000000111
0000000000000000111
0000000000000001000
0000000000000001000
0000000000000001000
0000000000000001000
0000000000000001000
0000000000000001000
0000000000000001000
0000000000000001000
0000000000000001000
0000000000000001000
0000000000000001000
0000000000000001000
0000000000000001000
0000000000000001000
0000000000000001000
0000000000000001000
0000000000000001000
0000000000000001000
0000000000000001000
0000000000000001000
0000000000000001000
0000000000000001000
0000000000000001000
0000000000000001000
0000000000000001000
0000000000000001000
0000000000000001000
0000000000000001000
0000000000000001000
0000000000000001000
0000000000000001000
0000000000000001000
0000000000000001001
0000000000000001001
0000000000000001001
0000000000000001001
0000000000000001001
0000000000000001001
0000000000000001001
0000000000000001001
0000000000000001001
0000000000000001001
0000000000000001001
0000000000000001001
0000000000000001001
0000000000000001001
0000000000000001001
0000000000000001001
0000000000000001001
0000000000000001001
0000000000000001001
0000000000000001001
0000000000000001001
0000000000000001001
0000000000000001001
0000000000000001001
0000000000000001001
0000000000000001001
0000000000000001001
0000000000000001001
0000000000000001001
0000000000000001010
0000000000000001010
0000000000000001010
0000000000000001010
0000000000000001010
0000000000000001010
0000000000000001010
0000000000000001010
0000000000000001010
0000000000000001010
0000000000000001010
0000000000000001010
0000000000000001010
0000000000000001010
0000000000000001010
0000000000000001010
0000000000000001010
0000000000000001010
0000000000000001010
0000000000000001010
0000000000000001010
0000000000000001010
0000000000000001010
0000000000000001010
0000000000000001010
0000000000000001011
0000000000000001011
0000000000000001011
0000000000000001011
0000000000000001011
0000000000000001011
0000000000000001011
0000000000000001011
0000000000000001011
0000000000000001011
0000000000000001011
0000000000000001011
0000000000000001011
0000000000000001011
0000000000000001011
0000000000000001011
0000000000000001011
0000000000000001011
0000000000000001011
0000000000000001011
0000000000000001011
0000000000000001011
0000000000000001011
0000000000000001011
0000000000000001100
0000000000000001100
0000000000000001100
0000000000000001100
0000000000000001100
0000000000000001100
0000000000000001100
0000000000000001100
0000000000000001100
0000000000000001100
0000000000000001100
0000000000000001100
0000000000000001100
0000000000000001100
0000000000000001100
0000000000000001100
0000000000000001100
0000000000000001100
0000000000000001100
0000000000000001100
0000000000000001100
0000000000000001101
0000000000000001101
0000000000000001101
0000000000000001101
0000000000000001101
0000000000000001101
0000000000000001101
0000000000000001101
0000000000000001101
0000000000000001101
0000000000000001101
0000000000000001101
0000000000000001101
0000000000000001101
0000000000000001101
0000000000000001101
0000000000000001101
0000000000000001101
0000000000000001101
0000000000000001101
0000000000000001110
0000000000000001110
0000000000000001110
0000000000000001110
0000000000000001110
0000000000000001110
0000000000000001110
0000000000000001110
0000000000000001110
0000000000000001110
0000000000000001110
0000000000000001110
0000000000000001110
0000000000000001110
0000000000000001110
0000000000000001110
0000000000000001110
0000000000000001110
0000000000000001111
0000000000000001111
0000000000000001111
0000000000000001111
0000000000000001111
0000000000000001111
0000000000000001111
0000000000000001111
0000000000000001111
0000000000000001111
0000000000000001111
0000000000000001111
0000000000000001111
0000000000000001111
0000000000000001111
0000000000000001111
0000000000000001111
0000000000000010000
0000000000000010000
0000000000000010000
0000000000000010000
0000000000000010000
0000000000000010000
0000000000000010000
0000000000000010000
0000000000000010000
0000000000000010000
0000000000000010000
0000000000000010000
0000000000000010000
0000000000000010000
0000000000000010000
0000000000000010000
0000000000000010001
0000000000000010001
0000000000000010001
0000000000000010001
0000000000000010001
0000000000000010001
0000000000000010001
0000000000000010001
0000000000000010001
0000000000000010001
0000000000000010001
0000000000000010001
0000000000000010001
0000000000000010001
0000000000000010001
0000000000000010010
0000000000000010010
0000000000000010010
0000000000000010010
0000000000000010010
0000000000000010010
0000000000000010010
0000000000000010010
0000000000000010010
0000000000000010010
0000000000000010010
0000000000000010010
0000000000000010010
0000000000000010010
0000000000000010011
0000000000000010011
0000000000000010011
0000000000000010011
0000000000000010011
0000000000000010011
0000000000000010011
0000000000000010011
0000000000000010011
0000000000000010011
0000000000000010011
0000000000000010011
0000000000000010011
0000000000000010011
0000000000000010100
0000000000000010100
0000000000000010100
0000000000000010100
0000000000000010100
0000000000000010100
0000000000000010100
0000000000000010100
0000000000000010100
0000000000000010100
0000000000000010100
0000000000000010100
0000000000000010100
0000000000000010101
0000000000000010101
0000000000000010101
0000000000000010101
0000000000000010101
0000000000000010101
0000000000000010101
0000000000000010101
0000000000000010101
0000000000000010101
0000000000000010101
0000000000000010101
0000000000000010110
0000000000000010110
0000000000000010110
0000000000000010110
0000000000000010110
0000000000000010110
0000000000000010110
0000000000000010110
0000000000000010110
0000000000000010110
0000000000000010110
0000000000000010110
0000000000000010111
0000000000000010111
0000000000000010111
0000000000000010111
0000000000000010111
0000000000000010111
0000000000000010111
0000000000000010111
0000000000000010111
0000000000000010111
0000000000000010111
0000000000000011000
0000000000000011000
0000000000000011000
0000000000000011000
0000000000000011000
0000000000000011000
0000000000000011000
0000000000000011000
0000000000000011000
0000000000000011000
0000000000000011001
0000000000000011001
0000000000000011001
0000000000000011001
0000000000000011001
0000000000000011001
0000000000000011001
0000000000000011001
0000000000000011001
0000000000000011001
0000000000000011001
0000000000000011010
0000000000000011010
0000000000000011010
0000000000000011010
0000000000000011010
0000000000000011010
0000000000000011010
0000000000000011010
0000000000000011010
0000000000000011011
0000000000000011011
0000000000000011011
0000000000000011011
0000000000000011011
0000000000000011011
0000000000000011011
0000000000000011011
0000000000000011011
0000000000000011011
0000000000000011100
0000000000000011100
0000000000000011100
0000000000000011100
0000000000000011100
0000000000000011100
0000000000000011100
0000000000000011100
0000000000000011100
0000000000000011101
0000000000000011101
0000000000000011101
0000000000000011101
0000000000000011101
0000000000000011101
0000000000000011101
0000000000000011101
0000000000000011101
0000000000000011110
0000000000000011110
0000000000000011110
0000000000000011110
0000000000000011110
0000000000000011110
0000000000000011110
0000000000000011110
0000000000000011111
0000000000000011111
0000000000000011111
0000000000000011111
0000000000000011111
0000000000000011111
0000000000000011111
0000000000000011111
0000000000000011111
0000000000000100000
0000000000000100000
0000000000000100000
0000000000000100000
0000000000000100000
0000000000000100000
0000000000000100000
0000000000000100000
0000000000000100001
0000000000000100001
0000000000000100001
0000000000000100001
0000000000000100001
0000000000000100001
0000000000000100001
0000000000000100010
0000000000000100010
0000000000000100010
0000000000000100010
0000000000000100010
0000000000000100010
0000000000000100010
0000000000000100010
0000000000000100011
0000000000000100011
0000000000000100011
0000000000000100011
0000000000000100011
0000000000000100011
0000000000000100011
0000000000000100100
0000000000000100100
0000000000000100100
0000000000000100100
0000000000000100100
0000000000000100100
0000000000000100100
0000000000000100101
0000000000000100101
0000000000000100101
0000000000000100101
0000000000000100101
0000000000000100101
0000000000000100101
0000000000000100110
0000000000000100110
0000000000000100110
0000000000000100110
0000000000000100110
0000000000000100110
0000000000000100110
0000000000000100111
0000000000000100111
0000000000000100111
0000000000000100111
0000000000000100111
0000000000000100111
0000000000000100111
0000000000000101000
0000000000000101000
0000000000000101000
0000000000000101000
0000000000000101000
0000000000000101000
0000000000000101001
0000000000000101001
0000000000000101001
0000000000000101001
0000000000000101001
0000000000000101001
0000000000000101010
0000000000000101010
0000000000000101010
0000000000000101010
0000000000000101010
0000000000000101010
0000000000000101011
0000000000000101011
0000000000000101011
0000000000000101011
0000000000000101011
0000000000000101011
0000000000000101100
0000000000000101100
0000000000000101100
0000000000000101100
0000000000000101100
0000000000000101100
0000000000000101101
0000000000000101101
0000000000000101101
0000000000000101101
0000000000000101101
0000000000000101101
0000000000000101110
0000000000000101110
0000000000000101110
0000000000000101110
0000000000000101110
0000000000000101111
0000000000000101111
0000000000000101111
0000000000000101111
0000000000000101111
0000000000000101111
0000000000000110000
0000000000000110000
0000000000000110000
0000000000000110000
0000000000000110000
0000000000000110001
0000000000000110001
0000000000000110001
0000000000000110001
0000000000000110001
0000000000000110010
0000000000000110010
0000000000000110010
0000000000000110010
0000000000000110010
0000000000000110011
0000000000000110011
0000000000000110011
0000000000000110011
0000000000000110011
0000000000000110011
0000000000000110100
0000000000000110100
0000000000000110100
0000000000000110100
0000000000000110101
0000000000000110101
0000000000000110101
0000000000000110101
0000000000000110101
0000000000000110110
0000000000000110110
0000000000000110110
0000000000000110110
0000000000000110110
0000000000000110111
0000000000000110111
0000000000000110111
0000000000000110111
0000000000000110111
0000000000000111000
0000000000000111000
0000000000000111000
0000000000000111000
0000000000000111001
0000000000000111001
0000000000000111001
0000000000000111001
0000000000000111001
0000000000000111010
0000000000000111010
0000000000000111010
0000000000000111010
0000000000000111011
0000000000000111011
0000000000000111011
0000000000000111011
0000000000000111011
0000000000000111100
0000000000000111100
0000000000000111100
0000000000000111100
0000000000000111101
0000000000000111101
0000000000000111101
0000000000000111101
0000000000000111110
0000000000000111110
0000000000000111110
0000000000000111110
0000000000000111111
0000000000000111111
0000000000000111111
0000000000000111111
0000000000001000000
0000000000001000000
0000000000001000000
0000000000001000000
0000000000001000001
0000000000001000001
0000000000001000001
0000000000001000001
0000000000001000010
0000000000001000010
0000000000001000010
0000000000001000010
0000000000001000011
0000000000001000011
0000000000001000011
0000000000001000011
0000000000001000100
0000000000001000100
0000000000001000100
0000000000001000100
0000000000001000101
0000000000001000101
0000000000001000101
0000000000001000110
0000000000001000110
0000000000001000110
0000000000001000110
0000000000001000111
0000000000001000111
0000000000001000111
0000000000001000111
0000000000001001000
0000000000001001000
0000000000001001000
0000000000001001001
0000000000001001001
0000000000001001001
0000000000001001001
0000000000001001010
0000000000001001010
0000000000001001010
0000000000001001011
0000000000001001011
0000000000001001011
0000000000001001011
0000000000001001100
0000000000001001100
0000000000001001100
0000000000001001101
0000000000001001101
0000000000001001101
0000000000001001110
0000000000001001110
0000000000001001110
0000000000001001111
0000000000001001111
0000000000001001111
0000000000001001111
0000000000001010000
0000000000001010000
0000000000001010000
0000000000001010001
0000000000001010001
0000000000001010001
0000000000001010010
0000000000001010010
0000000000001010010
0000000000001010011
0000000000001010011
0000000000001010011
0000000000001010100
0000000000001010100
0000000000001010100
0000000000001010101
0000000000001010101
0000000000001010101
0000000000001010110
0000000000001010110
0000000000001010110
0000000000001010111
0000000000001010111
0000000000001010111
0000000000001011000
0000000000001011000
0000000000001011000
0000000000001011001
0000000000001011001
0000000000001011001
0000000000001011010
0000000000001011010
0000000000001011010
0000000000001011011
0000000000001011011
0000000000001011011
0000000000001011100
0000000000001011100
0000000000001011100
0000000000001011101
0000000000001011101
0000000000001011110
0000000000001011110
0000000000001011110
0000000000001011111
0000000000001011111
0000000000001011111
0000000000001100000
0000000000001100000
0000000000001100001
0000000000001100001
0000000000001100001
0000000000001100010
0000000000001100010
0000000000001100010
0000000000001100011
0000000000001100011
0000000000001100100
0000000000001100100
0000000000001100100
0000000000001100101
0000000000001100101
0000000000001100110
0000000000001100110
0000000000001100110
0000000000001100111
0000000000001100111
0000000000001101000
0000000000001101000
0000000000001101000
0000000000001101001
0000000000001101001
0000000000001101010
0000000000001101010
0000000000001101010
0000000000001101011
0000000000001101011
0000000000001101100
0000000000001101100
0000000000001101101
0000000000001101101
0000000000001101101
0000000000001101110
0000000000001101110
0000000000001101111
0000000000001101111
0000000000001110000
0000000000001110000
0000000000001110000
0000000000001110001
0000000000001110001
0000000000001110010
0000000000001110010
0000000000001110011
0000000000001110011
0000000000001110100
0000000000001110100
0000000000001110100
0000000000001110101
0000000000001110101
0000000000001110110
0000000000001110110
0000000000001110111
0000000000001110111
0000000000001111000
0000000000001111000
0000000000001111001
0000000000001111001
0000000000001111010
0000000000001111010
0000000000001111011
0000000000001111011
0000000000001111011
0000000000001111100
0000000000001111100
0000000000001111101
0000000000001111101
0000000000001111110
0000000000001111110
0000000000001111111
0000000000001111111
0000000000010000000
0000000000010000000
0000000000010000001
0000000000010000001
0000000000010000010
0000000000010000010
0000000000010000011
0000000000010000011
0000000000010000100
0000000000010000101
0000000000010000101
0000000000010000110
0000000000010000110
0000000000010000111
0000000000010000111
0000000000010001000
0000000000010001000
0000000000010001001
0000000000010001001
0000000000010001010
0000000000010001010
0000000000010001011
0000000000010001011
0000000000010001100
0000000000010001101
0000000000010001101
0000000000010001110
0000000000010001110
0000000000010001111
0000000000010001111
0000000000010010000
0000000000010010000
0000000000010010001
0000000000010010001
0000000000010010010
0000000000010010011
0000000000010010011
0000000000010010100
0000000000010010100
0000000000010010101
0000000000010010110
0000000000010010110
0000000000010010111
0000000000010010111
0000000000010011000
0000000000010011000
0000000000010011001
0000000000010011010
0000000000010011010
0000000000010011011
0000000000010011011
0000000000010011100
0000000000010011101
0000000000010011101
0000000000010011110
0000000000010011111
0000000000010011111
0000000000010100000
0000000000010100000
0000000000010100001
0000000000010100010
0000000000010100010
0000000000010100011
0000000000010100100
0000000000010100100
0000000000010100101
0000000000010100110
0000000000010100110
0000000000010100111
0000000000010100111
0000000000010101000
0000000000010101001
0000000000010101001
0000000000010101010
0000000000010101011
0000000000010101011
0000000000010101100
0000000000010101101
0000000000010101101
0000000000010101110
0000000000010101111
0000000000010110000
0000000000010110000
0000000000010110001
0000000000010110010
0000000000010110010
0000000000010110011
0000000000010110100
0000000000010110100
0000000000010110101
0000000000010110110
0000000000010110111
0000000000010110111
0000000000010111000
0000000000010111001
0000000000010111001
0000000000010111010
0000000000010111011
0000000000010111100
0000000000010111100
0000000000010111101
0000000000010111110
0000000000010111110
0000000000010111111
0000000000011000000
0000000000011000001
0000000000011000001
0000000000011000010
0000000000011000011
0000000000011000100
0000000000011000101
0000000000011000101
0000000000011000110
0000000000011000111
0000000000011001000
0000000000011001000
0000000000011001001
0000000000011001010
0000000000011001011
0000000000011001100
0000000000011001100
0000000000011001101
0000000000011001110
0000000000011001111
0000000000011010000
0000000000011010000
0000000000011010001
0000000000011010010
0000000000011010011
0000000000011010100
0000000000011010101
0000000000011010101
0000000000011010110
0000000000011010111
0000000000011011000
0000000000011011001
0000000000011011010
0000000000011011010
0000000000011011011
0000000000011011100
0000000000011011101
0000000000011011110
0000000000011011111
0000000000011100000
0000000000011100000
0000000000011100001
0000000000011100010
0000000000011100011
0000000000011100100
0000000000011100101
0000000000011100110
0000000000011100111
0000000000011101000
0000000000011101001
0000000000011101001
0000000000011101010
0000000000011101011
0000000000011101100
0000000000011101101
0000000000011101110
0000000000011101111
0000000000011110000
0000000000011110001
0000000000011110010
0000000000011110011
0000000000011110100
0000000000011110101
0000000000011110110
0000000000011110110
0000000000011110111
0000000000011111000
0000000000011111001
0000000000011111010
0000000000011111011
0000000000011111100
0000000000011111101
0000000000011111110
0000000000011111111
0000000000100000000
0000000000100000001
0000000000100000010
0000000000100000011
0000000000100000100
0000000000100000101
0000000000100000110
0000000000100000111
0000000000100001000
0000000000100001001
0000000000100001011
0000000000100001100
0000000000100001101
0000000000100001110
0000000000100001111
0000000000100010000
0000000000100010001
0000000000100010010
0000000000100010011
0000000000100010100
0000000000100010101
0000000000100010110
0000000000100010111
0000000000100011000
0000000000100011010
0000000000100011011
0000000000100011100
0000000000100011101
0000000000100011110
0000000000100011111
0000000000100100000
0000000000100100001
0000000000100100010
0000000000100100100
0000000000100100101
0000000000100100110
0000000000100100111
0000000000100101000
0000000000100101001
0000000000100101011
0000000000100101100
0000000000100101101
0000000000100101110
0000000000100101111
0000000000100110000
0000000000100110010
0000000000100110011
0000000000100110100
0000000000100110101
0000000000100110110
0000000000100111000
0000000000100111001
0000000000100111010
0000000000100111011
0000000000100111100
0000000000100111110
0000000000100111111
0000000000101000000
0000000000101000001
0000000000101000011
0000000000101000100
0000000000101000101
0000000000101000110
0000000000101001000
0000000000101001001
0000000000101001010
0000000000101001100
0000000000101001101
0000000000101001110
0000000000101010000
0000000000101010001
0000000000101010010
0000000000101010100
0000000000101010101
0000000000101010110
0000000000101011000
0000000000101011001
0000000000101011010
0000000000101011100
0000000000101011101
0000000000101011110
0000000000101100000
0000000000101100001
0000000000101100010
0000000000101100100
0000000000101100101
0000000000101100111
0000000000101101000
0000000000101101001
0000000000101101011
0000000000101101100
0000000000101101110
0000000000101101111
0000000000101110001
0000000000101110010
0000000000101110011
0000000000101110101
0000000000101110110
0000000000101111000
0000000000101111001
0000000000101111011
0000000000101111100
0000000000101111110
0000000000101111111
0000000000110000001
0000000000110000010
0000000000110000100
0000000000110000101
0000000000110000111
0000000000110001000
0000000000110001010
0000000000110001011
0000000000110001101
0000000000110001110
0000000000110010000
0000000000110010001
0000000000110010011
0000000000110010101
0000000000110010110
0000000000110011000
0000000000110011001
0000000000110011011
0000000000110011101
0000000000110011110
0000000000110100000
0000000000110100010
0000000000110100011
0000000000110100101
0000000000110100110
0000000000110101000
0000000000110101010
0000000000110101011
0000000000110101101
0000000000110101111
0000000000110110000
0000000000110110010
0000000000110110100
0000000000110110110
0000000000110110111
0000000000110111001
0000000000110111011
0000000000110111100
0000000000110111110
0000000000111000000
0000000000111000010
0000000000111000011
0000000000111000101
0000000000111000111
0000000000111001001
0000000000111001011
0000000000111001100
0000000000111001110
0000000000111010000
0000000000111010010
0000000000111010100
0000000000111010101
0000000000111010111
0000000000111011001
0000000000111011011
0000000000111011101
0000000000111011111
0000000000111100001
0000000000111100011
0000000000111100100
0000000000111100110
0000000000111101000
0000000000111101010
0000000000111101100
0000000000111101110
0000000000111110000
0000000000111110010
0000000000111110100
0000000000111110110
0000000000111111000
0000000000111111001
0000000000111111011
0000000000111111101
0000000000111111111
0000000001000000001
0000000001000000011
0000000001000000101
0000000001000000111
0000000001000001010
0000000001000001100
0000000001000001110
0000000001000010000
0000000001000010010
0000000001000010100
0000000001000010110
0000000001000011000
0000000001000011010
0000000001000011100
0000000001000011110
0000000001000100000
0000000001000100011
0000000001000100101
0000000001000100111
0000000001000101001
0000000001000101011
0000000001000101101
0000000001000110000
0000000001000110010
0000000001000110100
0000000001000110110
0000000001000111000
0000000001000111011
0000000001000111101
0000000001000111111
0000000001001000001
0000000001001000100
0000000001001000110
0000000001001001000
0000000001001001010
0000000001001001101
0000000001001001111
0000000001001010001
0000000001001010100
0000000001001010110
0000000001001011000
0000000001001011011
0000000001001011101
0000000001001011111
0000000001001100010
0000000001001100100
0000000001001100111
0000000001001101001
0000000001001101011
0000000001001101110
0000000001001110000
0000000001001110011
0000000001001110101
0000000001001111000
0000000001001111010
0000000001001111101
0000000001001111111
0000000001010000010
0000000001010000100
0000000001010000111
0000000001010001001
0000000001010001011
0000000001010001110
0000000001010010000
0000000001010010011
0000000001010010110
0000000001010011000
0000000001010011011
0000000001010011101
0000000001010100000
0000000001010100011
0000000001010100101
0000000001010101000
0000000001010101011
0000000001010101101
0000000001010110000
0000000001010110011
0000000001010110101
0000000001010111000
0000000001010111011
0000000001010111110
0000000001011000000
0000000001011000011
0000000001011000110
0000000001011001001
0000000001011001011
0000000001011001110
0000000001011010001
0000000001011010100
0000000001011010111
0000000001011011010
0000000001011011100
0000000001011011111
0000000001011100010
0000000001011100101
0000000001011101000
0000000001011101011
0000000001011101110
0000000001011110001
0000000001011110100
0000000001011110111
0000000001011111010
0000000001011111101
0000000001100000000
0000000001100000011
0000000001100000110
0000000001100001001
0000000001100001100
0000000001100001111
0000000001100010010
0000000001100010101
0000000001100011000
0000000001100011011
0000000001100011110
0000000001100100001
0000000001100100100
0000000001100101000
0000000001100101011
0000000001100101110
0000000001100110001
0000000001100110100
0000000001100111000
0000000001100111011
0000000001100111110
0000000001101000001
0000000001101000100
0000000001101000111
0000000001101001011
0000000001101001110
0000000001101010001
0000000001101010101
0000000001101011000
0000000001101011011
0000000001101011111
0000000001101100010
0000000001101100101
0000000001101101001
0000000001101101100
0000000001101110000
0000000001101110011
0000000001101110111
0000000001101111010
0000000001101111110
0000000001110000001
0000000001110000101
0000000001110001000
0000000001110001100
0000000001110001111
0000000001110010011
0000000001110010110
0000000001110011010
0000000001110011101
0000000001110100001
0000000001110100101
0000000001110101000
0000000001110101100
0000000001110110000
0000000001110110011
0000000001110110111
0000000001110111011
0000000001110111111
0000000001111000010
0000000001111000110
0000000001111001010
0000000001111001110
0000000001111010010
0000000001111010101
0000000001111011001
0000000001111011101
0000000001111100001
0000000001111100101
0000000001111101001
0000000001111101101
0000000001111110001
0000000001111110100
0000000001111111000
0000000001111111100
0000000010000000000
0000000010000000100
0000000010000001000
0000000010000001100
0000000010000010001
0000000010000010101
0000000010000011001
0000000010000011101
0000000010000100001
0000000010000100101
0000000010000101001
0000000010000101101
0000000010000110001
0000000010000110101
0000000010000111001
0000000010000111110
0000000010001000010
0000000010001000110
0000000010001001011
0000000010001001111
0000000010001010011
0000000010001010111
0000000010001011100
0000000010001100000
0000000010001100101
0000000010001101001
0000000010001101101
0000000010001110010
0000000010001110110
0000000010001111011
0000000010001111111
0000000010010000100
0000000010010001000
0000000010010001101
0000000010010010001
0000000010010010110
0000000010010011011
0000000010010011111
0000000010010100100
0000000010010101000
0000000010010101101
0000000010010110010
0000000010010110110
0000000010010111011
0000000010011000000
0000000010011000101
0000000010011001001
0000000010011001110
0000000010011010011
0000000010011011000
0000000010011011101
0000000010011100010
0000000010011100110
0000000010011101011
0000000010011110000
0000000010011110101
0000000010011111010
0000000010011111111
0000000010100000100
0000000010100001001
0000000010100001110
0000000010100010011
0000000010100011000
0000000010100011110
0000000010100100011
0000000010100101000
0000000010100101101
0000000010100110010
0000000010100110111
0000000010100111101
0000000010101000010
0000000010101000111
0000000010101001100
0000000010101010010
0000000010101010111
0000000010101011100
0000000010101100001
0000000010101100110
0000000010101101100
0000000010101110001
0000000010101110111
0000000010101111100
0000000010110000010
0000000010110000111
0000000010110001101
0000000010110010010
0000000010110011000
0000000010110011101
0000000010110100011
0000000010110101001
0000000010110101110
0000000010110110100
0000000010110111010
0000000010111000000
0000000010111000101
0000000010111001011
0000000010111010001
0000000010111010111
0000000010111011101
0000000010111100010
0000000010111101000
0000000010111101110
0000000010111110100
0000000010111111010
0000000011000000000
0000000011000000110
0000000011000001100
0000000011000010010
0000000011000011000
0000000011000011110
0000000011000100100
0000000011000101011
0000000011000110001
0000000011000110111
0000000011000111101
0000000011001000011
0000000011001001010
0000000011001010000
0000000011001010110
0000000011001011101
0000000011001100011
0000000011001101001
0000000011001110000
0000000011001110110
0000000011001111101
0000000011010000011
0000000011010001010
0000000011010010000
0000000011010010111
0000000011010011101
0000000011010100100
0000000011010101011
0000000011010110001
0000000011010111000
0000000011010111111
0000000011011000110
0000000011011001100
0000000011011010011
0000000011011011010
0000000011011100000
0000000011011100111
0000000011011101110
0000000011011110101
0000000011011111100
0000000011100000011
0000000011100001010
0000000011100010001
0000000011100011000
0000000011100011111
0000000011100100110
0000000011100101101
0000000011100110100
0000000011100111100
0000000011101000011
0000000011101001010
0000000011101010001
0000000011101011001
0000000011101100000
0000000011101100111
0000000011101101111
0000000011101110110
0000000011101111110
0000000011110000101
0000000011110001101
0000000011110010100
0000000011110011100
0000000011110100011
0000000011110101011
0000000011110110011
0000000011110111010
0000000011111000010
0000000011111001010
0000000011111010010
0000000011111011010
0000000011111100001
0000000011111101001
0000000011111110001
0000000011111111001
0000000100000000001
0000000100000001001
0000000100000010001
0000000100000011001
0000000100000100001
0000000100000101001
0000000100000110010
0000000100000111010
0000000100001000010
0000000100001001010
0000000100001010011
0000000100001011011
0000000100001100011
0000000100001101100
0000000100001110100
0000000100001111100
0000000100010000101
0000000100010001101
0000000100010010110
0000000100010011111
0000000100010100111
0000000100010110000
0000000100010111001
0000000100011000001
0000000100011001010
0000000100011010010
0000000100011011011
0000000100011100011
0000000100011101100
0000000100011110101
0000000100011111110
0000000100100000111
0000000100100010000
0000000100100011001
0000000100100100010
0000000100100101011
0000000100100110101
0000000100100111110
0000000100101000111
0000000100101010000
0000000100101011010
0000000100101100011
0000000100101101100
0000000100101110110
0000000100101111111
0000000100110001001
0000000100110010010
0000000100110011100
0000000100110100101
0000000100110101111
0000000100110111001
0000000100111000010
0000000100111001100
0000000100111010110
0000000100111100000
0000000100111101010
0000000100111110100
0000000100111111101
0000000101000000111
0000000101000010001
0000000101000011100
0000000101000100110
0000000101000110000
0000000101000111010
0000000101001000100
0000000101001001110
0000000101001011001
0000000101001100011
0000000101001101101
0000000101001111000
0000000101010000010
0000000101010001101
0000000101010010111
0000000101010100010
0000000101010101101
0000000101010110111
0000000101011000010
0000000101011001101
0000000101011010111
0000000101011100010
0000000101011101101
0000000101011111000
0000000101100000011
0000000101100001110
0000000101100011001
0000000101100100100
0000000101100101111
0000000101100111010
0000000101101000110
0000000101101001111
0000000101101011011
0000000101101100110
0000000101101110001
0000000101101111101
0000000101110001000
0000000101110010100
0000000101110011111
0000000101110101011
0000000101110110111
0000000101111000010
0000000101111001110
0000000101111011010
0000000101111100110
0000000101111110010
0000000101111111101
0000000110000001001
0000000110000010101
0000000110000100010
0000000110000101110
0000000110000111010
0000000110001000110
0000000110001010010
0000000110001011111
0000000110001101011
0000000110001110111
0000000110010000100
0000000110010010000
0000000110010011101
0000000110010101001
0000000110010110110
0000000110011000011
0000000110011001111
0000000110011011100
0000000110011101001
0000000110011110110
0000000110100000011
0000000110100010000
0000000110100011101
0000000110100101010
0000000110100110111
0000000110101000100
0000000110101010001
0000000110101011111
0000000110101101100
0000000110101111001
0000000110110000111
0000000110110010100
0000000110110100010
0000000110110101111
0000000110110111101
0000000110111001011
0000000110111011001
0000000110111100110
0000000110111110100
0000000111000000010
0000000111000010000
0000000111000011110
0000000111000101100
0000000111000111010
0000000111001001000
0000000111001010111
0000000111001100101
0000000111001110011
0000000111010000000
0000000111010001110
0000000111010011101
0000000111010101100
0000000111010111010
0000000111011001001
0000000111011011000
0000000111011100110
0000000111011110101
0000000111100000100
0000000111100010011
0000000111100100010
0000000111100110001
0000000111101000000
0000000111101010000
0000000111101011111
0000000111101101110
0000000111101111101
0000000111110001101
0000000111110011100
0000000111110101100
0000000111110111100
0000000111111001011
0000000111111011011
0000000111111101011
0000000111111111011
0000001000000001011
0000001000000011011
0000001000000101011
0000001000000111011
0000001000001001011
0000001000001011011
0000001000001101011
0000001000001111100
0000001000010001100
0000001000010011101
0000001000010101101
0000001000010111110
0000001000011001110
0000001000011011111
0000001000011110000
0000001000100000001
0000001000100010010
0000001000100100011
0000001000100110100
0000001000101000101
0000001000101010110
0000001000101100111
0000001000101111001
0000001000110001010
0000001000110011011
0000001000110101101
0000001000110111111
0000001000111010000
0000001000111100010
0000001000111110100
0000001001000000110
0000001001000011000
0000001001000101010
0000001001000111100
0000001001001001110
0000001001001100000
0000001001001110010
0000001001010000101
0000001001010010101
0000001001010100111
0000001001010111010
0000001001011001100
0000001001011011111
0000001001011110010
0000001001100000101
0000001001100011000
0000001001100101011
0000001001100111110
0000001001101010001
0000001001101100100
0000001001101110111
0000001001110001011
0000001001110011110
0000001001110110010
0000001001111000101
0000001001111011001
0000001001111101101
0000001010000000000
0000001010000010100
0000001010000101000
0000001010000111100
0000001010001010000
0000001010001100101
0000001010001111001
0000001010010001101
0000001010010100010
0000001010010110110
0000001010011001011
0000001010011011111
0000001010011110100
0000001010100001001
0000001010100011110
0000001010100110011
0000001010101001000
0000001010101011101
0000001010101110010
0000001010110001000
0000001010110011101
0000001010110110010
0000001010111001000
0000001010111011110
0000001010111110011
0000001011000001001
0000001011000011111
0000001011000110101
0000001011001001011
0000001011001100001
0000001011001110111
0000001011010001110
0000001011010100100
0000001011010111011
0000001011011010001
0000001011011101000
0000001011011111111
0000001011100010101
0000001011100101100
0000001011101000011
0000001011101011010
0000001011101110010
0000001011110001001
0000001011110100000
0000001011110111000
0000001011111001100
0000001011111100100
0000001011111111100
0000001100000010011
0000001100000101011
0000001100001000011
0000001100001011011
0000001100001110011
0000001100010001100
0000001100010100100
0000001100010111101
0000001100011010101
0000001100011101110
0000001100100000110
0000001100100011111
0000001100100111000
0000001100101010001
0000001100101101010
0000001100110000011
0000001100110011101
0000001100110110110
0000001100111010000
0000001100111101001
0000001101000000011
0000001101000011101
0000001101000110111
0000001101001010001
0000001101001101011
0000001101010000101
0000001101010011111
0000001101010111001
0000001101011010100
0000001101011101111
0000001101100001001
0000001101100100100
0000001101100111111
0000001101101011010
0000001101101110101
0000001101110010000
0000001101110101011
0000001101111000111
0000001101111100010
0000001101111111110
0000001110000011010
0000001110000110110
0000001110001010001
0000001110001101101
0000001110010001010
0000001110010100110
0000001110011000010
0000001110011011111
0000001110011111011
0000001110100011000
0000001110100110101
0000001110101010010
0000001110101101111
0000001110110001100
0000001110110101001
0000001110111000110
0000001110111100100
0000001111000000001
0000001111000011111
0000001111000111101
0000001111001011011
0000001111001110101
0000001111010010011
0000001111010110001
0000001111011010000
0000001111011101110
0000001111100001101
0000001111100101100
0000001111101001010
0000001111101101001
0000001111110001000
0000001111110101000
0000001111111000111
0000001111111100110
0000010000000000110
0000010000000100101
0000010000001000101
0000010000001100101
0000010000010000101
0000010000010100101
0000010000011000110
0000010000011100110
0000010000100000110
0000010000100100111
0000010000101001000
0000010000101101001
0000010000110001010
0000010000110101011
0000010000111001100
0000010000111101101
0000010001000001111
0000010001000110001
0000010001001010010
0000010001001110100
0000010001010010110
0000010001010111000
0000010001011011011
0000010001011111101
0000010001100011111
0000010001101000010
0000010001101100101
0000010001110001000
0000010001110101011
0000010001111001110
0000010001111110001
0000010010000010101
0000010010000111000
0000010010001011100
0000010010010000000
0000010010010100100
0000010010011001000
0000010010011101100
0000010010100010001
0000010010100110101
0000010010101011010
0000010010101111111
0000010010110100100
0000010010111001001
0000010010111101110
0000010011000010011
0000010011000111001
0000010011001011111
0000010011010000100
0000010011010101010
0000010011011010000
0000010011011110010
0000010011100011000
0000010011100111111
0000010011101100110
0000010011110001100
0000010011110110011
0000010011111011010
0000010100000000010
0000010100000101001
0000010100001010001
0000010100001111000
0000010100010100000
0000010100011001000
0000010100011110000
0000010100100011001
0000010100101000001
0000010100101101010
0000010100110010010
0000010100110111011
0000010100111100100
0000010101000001101
0000010101000110111
0000010101001100000
0000010101010001010
0000010101010110100
0000010101011011110
0000010101100001000
0000010101100110010
0000010101101011101
0000010101110000111
0000010101110110010
0000010101111011101
0000010110000001000
0000010110000110011
0000010110001011111
0000010110010001010
0000010110010110110
0000010110011100010
0000010110100001110
0000010110100111010
0000010110101100111
0000010110110010011
0000010110111000000
0000010110111101101
0000010111000011010
0000010111001000111
0000010111001110101
0000010111010100010
0000010111011010000
0000010111011111110
0000010111100101100
0000010111101011010
0000010111110001001
0000010111110110111
0000010111111100110
0000011000000010101
0000011000001000100
0000011000001110100
0000011000010100011
0000011000011010011
0000011000100000011
0000011000100110011
0000011000101100011
0000011000110010011
0000011000110111110
0000011000111101111
0000011001000100000
0000011001001010001
0000011001010000010
0000011001010110100
0000011001011100101
0000011001100010111
0000011001101001001
0000011001101111011
0000011001110101110
0000011001111100000
0000011010000010011
0000011010001000110
0000011010001111001
0000011010010101101
0000011010011100000
0000011010100010100
0000011010101001000
0000011010101111100
0000011010110110000
0000011010111100101
0000011011000011001
0000011011001001110
0000011011010000011
0000011011010111001
0000011011011101110
0000011011100100100
0000011011101011010
0000011011110010000
0000011011111000110
0000011011111111101
0000011100000110011
0000011100001101010
0000011100010100001
0000011100011011001
0000011100100010000
0000011100101001000
0000011100110000000
0000011100110111000
0000011100111110000
0000011101000101001
0000011101001100001
0000011101010011010
0000011101011010011
0000011101100001101
0000011101101000110
0000011101110000000
0000011101110111010
0000011101111110100
0000011110000101111
0000011110001101010
0000011110010100100
0000011110011100000
0000011110100011011
0000011110101010110
0000011110110010010
0000011110111001110
0000011111000001010
0000011111001000111
0000011111010000011
0000011111011000000
0000011111011111101
0000011111100111011
0000011111101110001
0000011111110101111
0000011111111101101
0000100000000101011
0000100000001101001
0000100000010101000
0000100000011100111
0000100000100100110
0000100000101100101
0000100000110100101
0000100000111100101
0000100001000100101
0000100001001100101
0000100001010100110
0000100001011100110
0000100001100100111
0000100001101101001
0000100001110101010
0000100001111101100
0000100010000101110
0000100010001110000
0000100010010110011
0000100010011110101
0000100010100111000
0000100010101111011
0000100010110111111
0000100011000000010
0000100011001000110
0000100011010001010
0000100011011001111
0000100011100010100
0000100011101011000
0000100011110011110
0000100011111100011
0000100100000101001
0000100100001101111
0000100100010110101
0000100100011111011
0000100100101000010
0000100100110001001
0000100100111010000
0000100101000011000
0000100101001011111
0000100101010100111
0000100101011110000
0000100101100111000
0000100101110000001
0000100101111001010
0000100110000010011
0000100110001011101
0000100110010100111
0000100110011110001
0000100110100111011
0000100110110000110
0000100110111010001
0000100111000011100
0000100111001100111
0000100111010110011
0000100111011111111
0000100111101001011
0000100111110011000
0000100111111100101
0000101000000110010
0000101000001111111
0000101000011000100
0000101000100010010
0000101000101100000
0000101000110101111
0000101000111111110
0000101001001001101
0000101001010011100
0000101001011101100
0000101001100111100
0000101001110001100
0000101001111011101
0000101010000101101
0000101010001111110
0000101010011010000
0000101010100100010
0000101010101110100
0000101010111000110
0000101011000011000
0000101011001101011
0000101011010111110
0000101011100010010
0000101011101100110
0000101011110111010
0000101100000001110
0000101100001100011
0000101100010111000
0000101100100001101
0000101100101100011
0000101100110111001
0000101101000001111
0000101101001100101
0000101101010111100
0000101101100010011
0000101101101101011
0000101101111000011
0000101110000011011
0000101110001110011
0000101110011001100
0000101110100100101
0000101110101111110
0000101110111011000
0000101111000110010
0000101111010001100
0000101111011100111
0000101111101000010
0000101111110011101
0000101111111111001
0000110000001010100
0000110000010110001
0000110000100001101
0000110000101101010
0000110000111000111
0000110001000100101
0000110001010000011
0000110001011100001
0000110001101000000
0000110001110011111
0000110001111111110
0000110010001011110
0000110010010111101
0000110010100011110
0000110010101111110
0000110010111011111
0000110011001000001
0000110011010010111
0000110011011111001
0000110011101011100
0000110011110111110
0000110100000100001
0000110100010000101
0000110100011101000
0000110100101001100
0000110100110110001
0000110101000010110
0000110101001111011
0000110101011100000
0000110101101000110
0000110101110101100
0000110110000010011
0000110110001111010
0000110110011100001
0000110110101001001
0000110110110110001
0000110111000011001
0000110111010000010
0000110111011101011
0000110111101010101
0000110111110111111
0000111000000101001
0000111000010010011
0000111000011111110
0000111000101101010
0000111000111010110
0000111001001000010
0000111001010101110
0000111001100011011
0000111001110001000
0000111001111110110
0000111010001100100
0000111010011010010
0000111010101000001
0000111010110110000
0000111011000100000
0000111011010010000
0000111011100000000
0000111011101110001
0000111011111100010
0000111100001010011
0000111100011000101
0000111100100111000
0000111100110101010
0000111101000011101
0000111101010010001
0000111101100000101
0000111101101111001
0000111101111101110
0000111110001100011
0000111110011011001
0000111110101001110
0000111110111000101
0000111111000111100
0000111111010110011
0000111111100101010
0000111111110100010
0001000000000011011
0001000000010010011
0001000000100001101
0001000000110000110
0001000000111110011
0001000001001101110
0001000001011101000
0001000001101100100
0001000001111100000
0001000010001011100
0001000010011011000
0001000010101010101
0001000010111010011
0001000011001010001
0001000011011001111
0001000011101001110
0001000011111001101
0001000100001001101
0001000100011001101
0001000100101001101
0001000100111001110
0001000101001010000
0001000101011010001
0001000101101010100
0001000101111010110
0001000110001011010
0001000110011011101
0001000110101100001
0001000110111100110
0001000111001101011
0001000111011110000
0001000111101110110
0001000111111111100
0001001000010000011
0001001000100001010
0001001000110010010
0001001001000011010
0001001001010100011
0001001001100101100
0001001001110110101
0001001010000111111
0001001010011001010
0001001010101010101
0001001010111100000
0001001011001101100
0001001011011111000
0001001011110000101
0001001100000010011
0001001100010100000
0001001100100101111
0001001100110111101
0001001101001001101
0001001101011011100
0001001101101101101
0001001101111111101
0001001110010001110
0001001110100100000
0001001110110110010
0001001111001000101
0001001111011011000
0001001111101101011
0001010000000000000
0001010000010010100
0001010000100101001
0001010000110111111
0001010001001010101
0001010001011101100
0001010001110000011
0001010010000001010
0001010010010100010
0001010010100111011
0001010010111010100
0001010011001101110
0001010011100001000
0001010011110100011
0001010100000111110
0001010100011011001
0001010100101110110
0001010101000010010
0001010101010110000
0001010101101001101
0001010101111101100
0001010110010001010
0001010110100101010
0001010110111001010
0001010111001101010
0001010111100001011
0001010111110101100
0001011000001001110
0001011000011110001
0001011000110010100
0001011001000110111
0001011001011011100
0001011001110000000
0001011010000100101
0001011010011001011
0001011010101110001
0001011011000011000
0001011011011000000
0001011011101100111
0001011100000010000
0001011100010111001
0001011100101100011
0001011101000001101
0001011101010110111
0001011101101100011
0001011110000001110
0001011110010111011
0001011110101101000
0001011111000010101
0001011111011000011
0001011111101110010
0001100000000100001
0001100000011010001
0001100000110000001
0001100001000110010
0001100001011100011
0001100001110010101
0001100010001001000
0001100010011111011
0001100010110101111
0001100011001100011
0001100011100011000
0001100011111001110
0001100100010000100
0001100100100111010
0001100100111110010
0001100101010101001
0001100101101100010
0001100110000011011
0001100110011010100
0001100110110001111
0001100111000110111
0001100111011110010
0001100111110101110
0001101000001101011
0001101000100101000
0001101000111100110
0001101001010100100
0001101001101100011
0001101010000100011
0001101010011100011
0001101010110100100
0001101011001100101
0001101011100100111
0001101011111101010
0001101100010101101
0001101100101110001
0001101101000110110
0001101101011111011
0001101101111000001
0001101110010000111
0001101110101001110
0001101111000010110
0001101111011011110
0001101111110100111
0001110000001110001
0001110000100111011
0001110001000000110
0001110001011010001
0001110001110011101
0001110010001101010
0001110010100110111
0001110011000000101
0001110011011010100
0001110011110100011
0001110100001110011
0001110100101000100
0001110101000010101
0001110101011100111
0001110101110111001
0001110110010001101
0001110110101100000
0001110111000110101
0001110111100001010
0001110111111100000
0001111000010110110
0001111000110001110
0001111001001100101
0001111001100111110
0001111010000010111
0001111010011110001
0001111010111001011
0001111011010100111
0001111011110000010
0001111100001011111
0001111100100111100
0001111101000011010
0001111101011111001
0001111101111011000
0001111110010111000
0001111110110011000
0001111111001111010
0001111111101011100
0010000000000111110
0010000000100100010
0010000000111110000
0010000001011010101
0010000001110111010
0010000010010100000
0010000010110000111
0010000011001101111
0010000011101010111
0010000100001000000
0010000100100101001
0010000101000010100
0010000101011111111
0010000101111101010
0010000110011010111
0010000110111000100
0010000111010110010
0010000111110100001
0010001000010010000
0010001000110000000
0010001001001110001
0010001001101100010
0010001010001010100
0010001010101000111
0010001011000111011
0010001011100101111
0010001100000100100
0010001100100011010
0010001101000010001
0010001101100001000
0010001110000000000
0010001110011111001
0010001110111110010
0010001111011101100
0010001111111100111
0010010000011100011
0010010000111100000
0010010001011011101
0010010001111011011
0010010010011011001
0010010010111011001
0010010011011011001
0010010011111011010
0010010100011011100
0010010100111011110
0010010101011100001
0010010101111100101
0010010110011101010
0010010110111101111
0010010111011110110
0010010111111111101
0010011000100000100
0010011001000001101
0010011001100010110
0010011010000100000
0010011010100101011
0010011011000110111
0010011011101000011
0010011100001010000
0010011100101011110
0010011101001101101
0010011101101111100
0010011110010001101
0010011110110011110
0010011111010110000
0010011111111000010
0010100000010111101
0010100000111010001
0010100001011100110
0010100001111111100
0010100010100010010
0010100011000101010
0010100011101000010
0010100100001011011
0010100100101110100
0010100101010001111
0010100101110101010
0010100110011000110
0010100110111100011
0010100111100000001
0010101000000100000
0010101000100111111
0010101001001011111
0010101001110000000
0010101010010100010
0010101010111000101
0010101011011101000
0010101100000001100
0010101100100110001
0010101101001010111
0010101101101111110
0010101110010100101
0010101110111001110
0010101111011110111
0010110000000100001
0010110000101001011
0010110001001110111
0010110001110100011
0010110010011010001
0010110010111111111
0010110011100101110
0010110100001011110
0010110100110001110
0010110101011000000
0010110101111110010
0010110110100100101
0010110111001011001
0010110111110001110
0010111000011000011
0010111000111111010
0010111001100110001
0010111010001101001
0010111010110100011
0010111011011011100
0010111100000010111
0010111100101010011
0010111101010001111
0010111101111001100
0010111110100001011
0010111111001001010
0010111111110001001
0011000000011001010
0011000001000001100
0011000001101001110
0011000010010010010
0011000010111010110
0011000011100011011
0011000100001100001
0011000100110100111
0011000101011101111
0011000110000011100
0011000110101100110
0011000111010110000
0011000111111111011
0011001000101000111
0011001001010010100
0011001001111100010
0011001010100110000
0011001011010000000
0011001011111010000
0011001100100100010
0011001101001110100
0011001101111000111
0011001110100011011
0011001111001110000
0011001111111000101
0011010000100011100
0011010001001110100
0011010001111001100
0011010010100100101
0011010011001111111
0011010011111011011
0011010100100110111
0011010101010010011
0011010101111110001
0011010110101010000
0011010111010101111
0011011000000010000
0011011000101110001
0011011001011010100
0011011010000110111
0011011010110011011
0011011011100000000
0011011100001100110
0011011100111001101
0011011101100110100
0011011110010011101
0011011111000000111
0011011111101110001
0011100000011011101
0011100001001001001
0011100001110110110
0011100010100100100
0011100011010010011
0011100100000000011
0011100100101110100
0011100101011100110
0011100110001011001
0011100110111001100
0011100111101000001
0011101000010110111
0011101001000101101
0011101001110100100
0011101010100011101
0011101011010010110
0011101100000010000
0011101100110001011
0011101101100000111
0011101110010000100
0011101111000000010
0011101111110000001
0011110000100000001
0011110001010000010
0011110010000000011
0011110010101101000
0011110011011101100
0011110100001110000
0011110100111110110
0011110101101111100
0011110110100000100
0011110111010001100
0011111000000010101
0011111000110011111
0011111001100101010
0011111010010110110
0011111011001000011
0011111011111010001
0011111100101100000
0011111101011110000
0011111110010000001
0011111111000010011
0011111111110100101
0100000000100111001
0100000001011001110
0100000010001100011
0100000010111111010
0100000011110010001
0100000100100101010
0100000101011000011
0100000110001011101
0100000110111111001
0100000111110010101
0100001000100110010
0100001001011010000
0100001010001110000
0100001011000010000
0100001011110110001
0100001100101010011
0100001101011110110
0100001110010011010
0100001111000111111
0100001111111100101
0100010000110001100
0100010001100110100
0100010010011011101
0100010011010000110
0100010100000110001
0100010100111011101
0100010101110001010
0100010110100110111
0100010111011100110
0100011000010010110
0100011001001000110
0100011001111111000
0100011010110101011
0100011011101011110
0100011100100010011
0100011101011001000
0100011110001111111
0100011111000110110
0100011111111101111
0100100000110101000
0100100001101100011
0100100010100011110
0100100011011011011
0100100100010011000
0100100101001010110
0100100110000010110
0100100110110110111
0100100111101111000
0100101000100111011
0100101001011111110
0100101010011000010
0100101011010001000
0100101100001001110
0100101101000010101
0100101101111011101
0100101110110100110
0100101111101110001
0100110000100111100
0100110001100001000
0100110010011010101
0100110011010100011
0100110100001110010
0100110101001000011
0100110110000010100
0100110110111100110
0100110111110111001
0100111000110001101
0100111001101100010
0100111010100111000
0100111011100001111
0100111100011100111
0100111101011000001
0100111110010011011
0100111111001110110
0101000000001010010
0101000001000101111
0101000010000001101
0101000010111101100
0101000011111001100
0101000100110101101
0101000101110001111
0101000110101110010
0101000111101010110
0101001000100111011
0101001001100100001
0101001010100001000
0101001011011110000
0101001100011011001
0101001101011000011
0101001110010101110
0101001111010011010
0101010000010000111
0101010001001110101
0101010010001100100
0101010011001010100
0101010100001000101
0101010101000110111
0101010110000101010
0101010111000011110
0101011000000010011
0101011001000001001
0101011010000000000
0101011010111111000
0101011011111110001
0101011100111101011
0101011101111100110
0101011110111100010
0101011111111011111
0101100000111011101
0101100001111011100
0101100010110110101
0101100001110110110
0101100000110111000
0101011111110111011
0101011110110111111
0101011101111000100
0101011100111001010
0101011011111010001
0101011010111011001
0101011001111100010
0101011000111101100
0101010111111110111
0101010111000000011
0101010110000010000
0101010101000011110
0101010100000101101
0101010011000111101
0101010010001001110
0101010001001100000
0101010000001110011
0101001111010000111
0101001110010011100
0101001101010110010
0101001100011001001
0101001011011100001
0101001010011111010
0101001001100010100
0101001000100101111
0101000111101001011
0101000110101101000
0101000101110000110
0101000100110100101
0101000011111000101
0101000010111100110
0101000010000000111
0101000001000101010
0101000000001001110
0100111111001110011
0100111110010011001
0100111101011000000
0100111100011101000
0100111011100010001
0100111010100111011
0100111001101100110
0100111000110010010
0100110111110111111
0100110110111101100
0100110110000011011
0100110101001001011
0100110100001111100
0100110011010101110
0100110010011100001
0100110001100010100
0100110000101001001
0100101111101111111
0100101110110110110
0100101101111101110
0100101101000100110
0100101100001100000
0100101011010011011
0100101010011010111
0100101001100010011
0100101000101010001
0100100111110010000
0100100110110110001
0100100101111110001
0100100101000110011
0100100100001110101
0100100011010111001
0100100010011111110
0100100001101000011
0100100000110001010
0100011111111010001
0100011111000011010
0100011110001100011
0100011101010101110
0100011100011111001
0100011011101000110
0100011010110010011
0100011001111100001
0100011001000110001
0100011000010000001
0100010111011010010
0100010110100100101
0100010101101111000
0100010100111001100
0100010100000100001
0100010011001111000
0100010010011001111
0100010001100100111
0100010000110000000
0100001111111011010
0100001111000110101
0100001110010010001
0100001101011101110
0100001100101001100
0100001011110101011
0100001011000001011
0100001010001101011
0100001001011001101
0100001000100110000
0100000111110010100
0100000110111111000
0100000110001011110
0100000101011000101
0100000100100101100
0100000011110010101
0100000010111111110
0100000010001101000
0100000001011010100
0100000000101000000
0011111111110101101
0011111111000011100
0011111110010001011
0011111101011111011
0011111100101101100
0011111011111011110
0011111011001010001
0011111010011000101
0011111001100111010
0011111000110110000
0011111000000100111
0011110111010011110
0011110110100010111
0011110101110010001
0011110101000001011
0011110100010000111
0011110011100000011
0011110010101100011
0011110001111100010
0011110001001100001
0011110000011100001
0011101111101100010
0011101110111100100
0011101110001100111
0011101101011101011
0011101100101110000
0011101011111110110
0011101011001111101
0011101010100000100
0011101001110001101
0011101001000010111
0011101000010100001
0011100111100101100
0011100110110111001
0011100110001000110
0011100101011010100
0011100100101100011
0011100011111110011
0011100011010000100
0011100010100010110
0011100001110101001
0011100001000111101
0011100000011010001
0011011111101100111
0011011110111111101
0011011110010010100
0011011101100101101
0011011100111000110
0011011100001100000
0011011011011111011
0011011010110010111
0011011010000110100
0011011001011010001
0011011000101110000
0011011000000001111
0011010111010110000
0011010110101010001
0011010101111110011
0011010101010010111
0011010100100111011
0011010011111011111
0011010011010000101
0011010010100101100
0011010001111010100
0011010001001111100
0011010000100100101
0011001111111010000
0011001111001111011
0011001110100100111
0011001101111010100
0011001101010000010
0011001100100110000
0011001011111100000
0011001011010010000
0011001010101000010
0011001001111110100
0011001001010100111
0011001000101011011
0011001000000010000
0011000111011000110
0011000110101111100
0011000110000011000
0011000101011010001
0011000100110001010
0011000100001000100
0011000011011111111
0011000010110111011
0011000010001110111
0011000001100110101
0011000000111110011
0011000000010110011
0010111111101110011
0010111111000110100
0010111110011110110
0010111101110111000
0010111101001111100
0010111100101000000
0010111100000000110
0010111011011001100
0010111010110010011
0010111010001011011
0010111001100100011
0010111000111101101
0010111000010110111
0010110111110000010
0010110111001001110
0010110110100011011
0010110101111101001
0010110101010110111
0010110100110000111
0010110100001010111
0010110011100101000
0010110010111111010
0010110010011001101
0010110001110100000
0010110001001110101
0010110000101001010
0010110000000100000
0010101111011110111
0010101110111001110
0010101110010100111
0010101101110000000
0010101101001011010
0010101100100110101
0010101100000010001
0010101011011101110
0010101010111001011
0010101010010101001
0010101001110001000
0010101001001101000
0010101000101001001
0010101000000101010
0010100111100001101
0010100110111110000
0010100110011010100
0010100101110111000
0010100101010011110
0010100100110000100
0010100100001101011
0010100011101010011
0010100011000111100
0010100010100100101
0010100010000001111
0010100001011111010
0010100000111100110
0010100000010111010
0010011111110100111
0010011111010010101
0010011110110000100
0010011110001110100
0010011101101100101
0010011101001010110
0010011100101001000
0010011100000111011
0010011011100101111
0010011011000100011
0010011010100011000
0010011010000001110
0010011001100000101
0010011000111111100
0010011000011110100
0010010111111101101
0010010111011100111
0010010110111100010
0010010110011011101
0010010101111011001
0010010101011010110
0010010100111010011
0010010100011010010
0010010011111010001
0010010011011010001
0010010010111010001
0010010010011010011
0010010001111010101
0010010001011010111
0010010000111011011
0010010000011011111
0010001111111100100
0010001111011101010
0010001110111110001
0010001110011111000
0010001110000000000
0010001101100001000
0010001101000010010
0010001100100011100
0010001100000100111
0010001011100110011
0010001011000111111
0010001010101001100
0010001010001011010
0010001001101101000
0010001001001111000
0010001000110001000
0010001000010011000
0010000111110101010
0010000111010111100
0010000110111001111
0010000110011100010
0010000101111110110
0010000101100001011
0010000101000100001
0010000100100110111
0010000100001001111
0010000011101100110
0010000011001111111
0010000010110011000
0010000010010110010
0010000001111001100
0010000001011101000
0010000000111101110
0010000000100001010
0010000000000101000
0001111111101000110
0001111111001100101
0001111110110000100
0001111110010100100
0001111101111000101
0001111101011100110
0001111101000001000
0001111100100101011
0001111100001001111
0001111011101110011
0001111011010011000
0001111010110111101
0001111010011100011
0001111010000001010
0001111001100110010
0001111001001011010
0001111000110000011
0001111000010101100
0001110111111010110
0001110111100000001
0001110111000101101
0001110110101011001
0001110110010000110
0001110101110110011
0001110101011100001
0001110101000010000
0001110100100111111
0001110100001101111
0001110011110100000
0001110011011010001
0001110011000000011
0001110010100110110
0001110010001101001
0001110001110011101
0001110001011010010
0001110001000000111
0001110000100111101
0001110000001110011
0001101111110101010
0001101111011100010
0001101111000011010
0001101110101010011
0001101110010001101
0001101101111000111
0001101101100000010
0001101101000111101
0001101100101111001
0001101100010110110
0001101011111110011
0001101011100110001
0001101011001110000
0001101010110101111
0001101010011101111
0001101010000101111
0001101001101110000
0001101001010110010
0001101000111110100
0001101000100110111
0001101000001111010
0001100111110111110
0001100111100000011
0001100111000110101
0001100110101111011
0001100110011000001
0001100110000001000
0001100101101010000
0001100101010011000
0001100100111100001
0001100100100101010
0001100100001110100
0001100011110111111
0001100011100001010
0001100011001010101
0001100010110100010
0001100010011101110
0001100010000111100
0001100001110001010
0001100001011011000
0001100001000100111
0001100000101110111
0001100000011000111
0001100000000011000
0001011111101101010
0001011111010111100
0001011111000001110
0001011110101100001
0001011110010110101
0001011110000001001
0001011101101011110
0001011101010110011
0001011101000001001
0001011100101011111
0001011100010110110
0001011100000001110
0001011011101100110
0001011011010111111
0001011011000011000
0001011010101110010
0001011010011001100
0001011010000100111
0001011001110000010
0001011001011011110
0001011001000111010
0001011000110010111
0001011000011110101
0001011000001010011
0001010111110110001
0001010111100010001
0001010111001110000
0001010110111010000
0001010110100110001
0001010110010010010
0001010101111110100
0001010101101010110
0001010101010111001
0001010101000011100
0001010100110000000
0001010100011100100
0001010100001001001
0001010011110101110
0001010011100010100
0001010011001111011
0001010010111100010
0001010010101001001
0001010010010110001
0001010010000001001
0001010001101110010
0001010001011011100
0001010001001000110
0001010000110110000
0001010000100011011
0001010000010000110
0001001111111110010
0001001111101011111
0001001111011001011
0001001111000111001
0001001110110100111
0001001110100010101
0001001110010000100
0001001101111110011
0001001101101100011
0001001101011010011
0001001101001000100
0001001100110110101
0001001100100100111
0001001100010011001
0001001100000001100
0001001011101111111
0001001011011110011
0001001011001100111
0001001010111011011
0001001010101010001
0001001010011000110
0001001010000111100
0001001001110110011
0001001001100101001
0001001001010100001
0001001001000011001
0001001000110010001
0001001000100001010
0001001000010000011
0001000111111111101
0001000111101110111
0001000111011110001
0001000111001101100
0001000110111101000
0001000110101100100
0001000110011100000
0001000110001011101
0001000101111011010
0001000101101011000
0001000101011010110
0001000101001010101
0001000100111010100
0001000100101010011
0001000100011010011
0001000100001010100
0001000011111010101
0001000011101010110
0001000011011010111
0001000011001011010
0001000010111011100
0001000010101011111
0001000010011100010
0001000010001100110
0001000001111101010
0001000001101101111
0001000001011110100
0001000001001111010
0001000000111110010
0001000000101111001
0001000000100000000
0001000000010000111
0001000000000001110
0000111111110010110
0000111111100011111
0000111111010101000
0000111111000110001
0000111110110111011
0000111110101000101
0000111110011001111
0000111110001011010
0000111101111100101
0000111101101110001
0000111101011111101
0000111101010001010
0000111101000010110
0000111100110100100
0000111100100110001
0000111100011000000
0000111100001001110
0000111011111011101
0000111011101101100
0000111011011111100
0000111011010001100
0000111011000011100
0000111010110101101
0000111010100111110
0000111010011010000
0000111010001100010
0000111001111110100
0000111001110000111
0000111001100011010
0000111001010101110
0000111001001000010
0000111000111010110
0000111000101101011
0000111000100000000
0000111000010010101
0000111000000101011
0000110111111000001
0000110111101010111
0000110111011101110
0000110111010000101
0000110111000011101
0000110110110110101
0000110110101001101
0000110110011100110
0000110110001111111
0000110110000011001
0000110101110110010
0000110101101001100
0000110101011100111
0000110101010000010
0000110101000011101
0000110100110111001
0000110100101010101
0000110100011110001
0000110100010001101
0000110100000101010
0000110011111001000
0000110011101100101
0000110011100000011
0000110011010010111
0000110011000110110
0000110010111010101
0000110010101110100
0000110010100010100
0000110010010110100
0000110010001010100
0000110001111110101
0000110001110010110
0000110001100110111
0000110001011011001
0000110001001111011
0000110001000011110
0000110000111000001
0000110000101100100
0000110000100000111
0000110000010101011
0000110000001001111
0000101111111110011
0000101111110011000
0000101111100111101
0000101111011100010
0000101111010001000
0000101111000101110
0000101110111010100
0000101110101111011
0000101110100100010
0000101110011001001
0000101110001110001
0000101110000011001
0000101101111000001
0000101101101101010
0000101101100010010
0000101101010111100
0000101101001100101
0000101101000001111
0000101100110111001
0000101100101100011
0000101100100001110
0000101100010111001
0000101100001100100
0000101100000010000
0000101011110111100
0000101011101101000
0000101011100010101
0000101011011000010
0000101011001101111
0000101011000011100
0000101010111001010
0000101010101111000
0000101010100100110
0000101010011010101
0000101010010000100
0000101010000110011
0000101001111100010
0000101001110010010
0000101001101000010
0000101001011110010
0000101001010100011
0000101001001010100
0000101001000000101
0000101000110110111
0000101000101101000
0000101000100011010
0000101000011000100
0000101000001110110
0000101000000101001
0000100111111011100
0000100111110010000
0000100111101000100
0000100111011111000
0000100111010101100
0000100111001100000
0000100111000010101
0000100110111001010
0000100110110000000
0000100110100110101
0000100110011101011
0000100110010100001
0000100110001011000
0000100110000001110
0000100101111000101
0000100101101111101
0000100101100110100
0000100101011101100
0000100101010100100
0000100101001011100
0000100101000010101
0000100100111001101
0000100100110000110
0000100100101000000
0000100100011111001
0000100100010110011
0000100100001101101
0000100100000101000
0000100011111100010
0000100011110011101
0000100011101011000
0000100011100010011
0000100011011001111
0000100011010001011
0000100011001000111
0000100011000000011
0000100010111000000
0000100010101111101
0000100010100111010
0000100010011110111
0000100010010110101
0000100010001110010
0000100010000110000
0000100001111101111
0000100001110101101
0000100001101101100
0000100001100101011
0000100001011101010
0000100001010101010
0000100001001101001
0000100001000101001
0000100000111101001
0000100000110101010
0000100000101101011
0000100000100101011
0000100000011101100
0000100000010101110
0000100000001101111
0000100000000110001
0000011111111110011
0000011111110110101
0000011111101110001
0000011111100110011
0000011111011110110
0000011111010111001
0000011111001111101
0000011111001000000
0000011111000000100
0000011110111001000
0000011110110001101
0000011110101010001
0000011110100010110
0000011110011011011
0000011110010100000
0000011110001100101
0000011110000101011
0000011101111110000
0000011101110110110
0000011101101111101
0000011101101000011
0000011101100001010
0000011101011010000
0000011101010011000
0000011101001011111
0000011101000100110
0000011100111101110
0000011100110110110
0000011100101111110
0000011100101000110
0000011100100001111
0000011100011010111
0000011100010100000
0000011100001101001
0000011100000110011
0000011011111111100
0000011011111000110
0000011011110010000
0000011011101011010
0000011011100100100
0000011011011101111
0000011011010111010
0000011011010000100
0000011011001010000
0000011011000011011
0000011010111100110
0000011010110110010
0000011010101111110
0000011010101001010
0000011010100010110
0000011010011100011
0000011010010101111
0000011010001111100
0000011010001001001
0000011010000010111
0000011001111100100
0000011001110110010
0000011001101111111
0000011001101001101
0000011001100011011
0000011001011101010
0000011001010111000
0000011001010000111
0000011001001010110
0000011001000100101
0000011000111110100
0000011000110111110
0000011000110001110
0000011000101011101
0000011000100101101
0000011000011111101
0000011000011001110
0000011000010011110
0000011000001101111
0000011000001000000
0000011000000010001
0000010111111100010
0000010111110110011
0000010111110000101
0000010111101010111
0000010111100101001
0000010111011111011
0000010111011001101
0000010111010011111
0000010111001110010
0000010111001000101
0000010111000011000
0000010110111101011
0000010110110111110
0000010110110010001
0000010110101100101
0000010110100111001
0000010110100001101
0000010110011100001
0000010110010110101
0000010110010001010
0000010110001011110
0000010110000110011
0000010110000001000
0000010101111011101
0000010101110110010
0000010101110000111
0000010101101011101
0000010101100110011
0000010101100001001
0000010101011011111
0000010101010110101
0000010101010001011
0000010101001100010
0000010101000111000
0000010101000001111
0000010100111100110
0000010100110111101
0000010100110010100
0000010100101101100
0000010100101000011
0000010100100011011
0000010100011110011
0000010100011001011
0000010100010100011
0000010100001111011
0000010100001010100
0000010100000101100
0000010100000000101
0000010011111011110
0000010011110110111
0000010011110010000
0000010011101101010
0000010011101000011
0000010011100011101
0000010011011110010
0000010011011001100
0000010011010100110
0000010011010000000
0000010011001011011
0000010011000110101
0000010011000010000
0000010010111101010
0000010010111000101
0000010010110100000
0000010010101111100
0000010010101010111
0000010010100110010
0000010010100001110
0000010010011101010
0000010010011000110
0000010010010100010
0000010010001111110
0000010010001011010
0000010010000110110
0000010010000010011
0000010001111110000
0000010001111001100
0000010001110101001
0000010001110000110
0000010001101100100
0000010001101000001
0000010001100011111
0000010001011111100
0000010001011011010
0000010001010111000
0000010001010010110
0000010001001110100
0000010001001010010
0000010001000110000
0000010001000001111
0000010000111101110
0000010000111001100
0000010000110101011
0000010000110001010
0000010000101101001
0000010000101001001
0000010000100101000
0000010000100000111
0000010000011100111
0000010000011000111
0000010000010100111
0000010000010000111
0000010000001100111
0000010000001000111
0000010000000100111
0000010000000001000
0000001111111101000
0000001111111001001
0000001111110101010
0000001111110001011
0000001111101101100
0000001111101001101
0000001111100101110
0000001111100010000
0000001111011110001
0000001111011010011
0000001111010110101
0000001111010010111
0000001111001110101
0000001111001010111
0000001111000111001
0000001111000011100
0000001110111111110
0000001110111100001
0000001110111000011
0000001110110100110
0000001110110001001
0000001110101101100
0000001110101001111
0000001110100110010
0000001110100010110
0000001110011111001
0000001110011011101
0000001110011000000
0000001110010100100
0000001110010001000
0000001110001101100
0000001110001010000
0000001110000110100
0000001110000011000
0000001101111111101
0000001101111100001
0000001101111000110
0000001101110101011
0000001101110001111
0000001101101110100
0000001101101011001
0000001101100111110
0000001101100100100
0000001101100001001
0000001101011101110
0000001101011010100
0000001101010111001
0000001101010011111
0000001101010000101
0000001101001101011
0000001101001010001
0000001101000110111
0000001101000011101
0000001101000000100
0000001100111101010
0000001100111010000
0000001100110110111
0000001100110011110
0000001100110000101
0000001100101101100
0000001100101010010
0000001100100111010
0000001100100100001
0000001100100001000
0000001100011101111
0000001100011010111
0000001100010111110
0000001100010100110
0000001100010001110
0000001100001110110
0000001100001011110
0000001100001000110
0000001100000101110
0000001100000010110
0000001011111111110
0000001011111100111
0000001011111001100
0000001011110110101
0000001011110011101
0000001011110000110
0000001011101101111
0000001011101011000
0000001011101000001
0000001011100101010
0000001011100010011
0000001011011111100
0000001011011100110
0000001011011001111
0000001011010111001
0000001011010100010
0000001011010001100
0000001011001110110
0000001011001100000
0000001011001001010
0000001011000110100
0000001011000011110
0000001011000001000
0000001010111110010
0000001010111011101
0000001010111000111
0000001010110110010
0000001010110011100
0000001010110000111
0000001010101110010
0000001010101011101
0000001010101001000
0000001010100110011
0000001010100011110
0000001010100001001
0000001010011110100
0000001010011011111
0000001010011001011
0000001010010110110
0000001010010100010
0000001010010001110
0000001010001111001
0000001010001100101
0000001010001010001
0000001010000111101
0000001010000101001
0000001010000010101
0000001010000000001
0000001001111101110
0000001001111011010
0000001001111000110
0000001001110110011
0000001001110011111
0000001001110001100
0000001001101111001
0000001001101100110
0000001001101010010
0000001001100111111
0000001001100101100
0000001001100011001
0000001001100000111
0000001001011110100
0000001001011100001
0000001001011001110
0000001001010111100
0000001001010101001
0000001001010010101
0000001001010000010
0000001001001110000
0000001001001011110
0000001001001001100
0000001001000111010
0000001001000101000
0000001001000010110
0000001001000000100
0000001000111110010
0000001000111100000
0000001000111001111
0000001000110111101
0000001000110101100
0000001000110011010
0000001000110001001
0000001000101110111
0000001000101100110
0000001000101010101
0000001000101000100
0000001000100110011
0000001000100100010
0000001000100010001
0000001000100000000
0000001000011101111
0000001000011011111
0000001000011001110
0000001000010111101
0000001000010101101
0000001000010011100
0000001000010001100
0000001000001111011
0000001000001101011
0000001000001011011
0000001000001001011
0000001000000111011
0000001000000101011
0000001000000011011
0000001000000001011
0000000111111111011
0000000111111101011
0000000111111011011
0000000111111001100
0000000111110111100
0000000111110101101
0000000111110011101
0000000111110001110
0000000111101111110
0000000111101101111
0000000111101100000
0000000111101010000
0000000111101000001
0000000111100110010
0000000111100100011
0000000111100010100
0000000111100000101
0000000111011110110
0000000111011101000
0000000111011011001
0000000111011001010
0000000111010111100
0000000111010101101
0000000111010011111
0000000111010010000
0000000111010000000
0000000111001110010
0000000111001100011
0000000111001010101
0000000111001000111
0000000111000111001
0000000111000101011
0000000111000011101
0000000111000001111
0000000111000000001
0000000110111110011
0000000110111100101
0000000110111010111
0000000110111001010
0000000110110111100
0000000110110101110
0000000110110100001
0000000110110010011
0000000110110000110
0000000110101111001
0000000110101101011
0000000110101011110
0000000110101010001
0000000110101000100
0000000110100110110
0000000110100101001
0000000110100011100
0000000110100001111
0000000110100000010
0000000110011110110
0000000110011101001
0000000110011011100
0000000110011001111
0000000110011000011
0000000110010110110
0000000110010101001
0000000110010011101
0000000110010010000
0000000110010000100
0000000110001110111
0000000110001101011
0000000110001011111
0000000110001010011
0000000110001000110
0000000110000111010
0000000110000101110
0000000110000100010
0000000110000010110
0000000110000001010
0000000101111111110
0000000101111110010
0000000101111100110
0000000101111011011
0000000101111001111
0000000101111000011
0000000101110111000
0000000101110101100
0000000101110100000
0000000101110010101
0000000101110001001
0000000101101111110
0000000101101110011
0000000101101100111
0000000101101011100
0000000101101001111
0000000101101000100
0000000101100111001
0000000101100101110
0000000101100100011
0000000101100011000
0000000101100001101
0000000101100000010
0000000101011110111
0000000101011101100
0000000101011100001
0000000101011010110
0000000101011001100
0000000101011000001
0000000101010110110
0000000101010101100
0000000101010100001
0000000101010010111
0000000101010001100
0000000101010000010
0000000101001110111
0000000101001101101
0000000101001100011
0000000101001011000
0000000101001001110
0000000101001000100
0000000101000111010
0000000101000101111
0000000101000100101
0000000101000011011
0000000101000010001
0000000101000000111
0000000100111111101
0000000100111110011
0000000100111101010
0000000100111100000
0000000100111010110
0000000100111001100
0000000100111000011
0000000100110111001
0000000100110101111
0000000100110100110
0000000100110011100
0000000100110010011
0000000100110001001
0000000100110000000
0000000100101110110
0000000100101101101
0000000100101100011
0000000100101011010
0000000100101010001
0000000100101001000
0000000100100111110
0000000100100110101
0000000100100101100
0000000100100100011
0000000100100011010
0000000100100010001
0000000100100001000
0000000100011111111
0000000100011110110
0000000100011101101
0000000100011100100
0000000100011011100
0000000100011010010
0000000100011001001
0000000100011000000
0000000100010111000
0000000100010101111
0000000100010100110
0000000100010011110
0000000100010010101
0000000100010001101
0000000100010000100
0000000100001111100
0000000100001110011
0000000100001101011
0000000100001100011
0000000100001011010
0000000100001010010
0000000100001001010
0000000100001000001
0000000100000111001
0000000100000110001
0000000100000101001
0000000100000100001
0000000100000011001
0000000100000010001
0000000100000001001
0000000100000000001
0000000011111111001
0000000011111110001
0000000011111101001
0000000011111100001
0000000011111011001
0000000011111010010
0000000011111001010
0000000011111000010
0000000011110111010
0000000011110110011
0000000011110101011
0000000011110100100
0000000011110011100
0000000011110010100
0000000011110001101
0000000011110000101
0000000011101111110
0000000011101110110
0000000011101101111
0000000011101101000
0000000011101100000
0000000011101011001
0000000011101010010
0000000011101001010
0000000011101000011
0000000011100111100
0000000011100110101
0000000011100101110
0000000011100100111
0000000011100011111
0000000011100011000
0000000011100010001
0000000011100001010
0000000011100000011
0000000011011111100
0000000011011110101
0000000011011101111
0000000011011101000
0000000011011100000
0000000011011011001
0000000011011010010
0000000011011001100
0000000011011000101
0000000011010111110
0000000011010110111
0000000011010110001
0000000011010101010
0000000011010100011
0000000011010011101
0000000011010010110
0000000011010010000
0000000011010001001
0000000011010000011
0000000011001111100
0000000011001110110
0000000011001101111
0000000011001101001
0000000011001100011
0000000011001011100
0000000011001010110
0000000011001010000
0000000011001001001
0000000011001000011
0000000011000111101
0000000011000110111
0000000011000110001
0000000011000101010
0000000011000100100
0000000011000011110
0000000011000011000
0000000011000010010
0000000011000001100
0000000011000000110
0000000011000000000
0000000010111111010
0000000010111110100
0000000010111101110
0000000010111101000
0000000010111100011
0000000010111011101
0000000010111010111
0000000010111010001
0000000010111001011
0000000010111000110
0000000010111000000
0000000010110111010
0000000010110110100
0000000010110101111
0000000010110101001
0000000010110100011
0000000010110011110
0000000010110011000
0000000010110010011
0000000010110001101
0000000010110001000
0000000010110000010
0000000010101111101
0000000010101110111
0000000010101110010
0000000010101101100
0000000010101100111
0000000010101100010
0000000010101011100
0000000010101010110
0000000010101010001
0000000010101001100
0000000010101000110
0000000010101000001
0000000010100111100
0000000010100110111
0000000010100110010
0000000010100101100
0000000010100100111
0000000010100100010
0000000010100011101
0000000010100011000
0000000010100010011
0000000010100001110
0000000010100001001
0000000010100000100
0000000010011111111
0000000010011111010
0000000010011110101
0000000010011110000
0000000010011101011
0000000010011100110
0000000010011100001
0000000010011011101
0000000010011011000
0000000010011010011
0000000010011001110
0000000010011001001
0000000010011000101
0000000010011000000
0000000010010111011
0000000010010110110
0000000010010110010
0000000010010101101
0000000010010101000
0000000010010100100
0000000010010011111
0000000010010011011
0000000010010010110
0000000010010010001
0000000010010001101
0000000010010001000
0000000010010000100
0000000010001111111
0000000010001111011
0000000010001110110
0000000010001110010
0000000010001101110
0000000010001101001
0000000010001100101
0000000010001100000
0000000010001011100
0000000010001011000
0000000010001010011
0000000010001001111
0000000010001001011
0000000010001000111
0000000010001000010
0000000010000111110
0000000010000111010
0000000010000110110
0000000010000110010
0000000010000101101
0000000010000101001
0000000010000100101
0000000010000100000
0000000010000011100
0000000010000011000
0000000010000010100
0000000010000010000
0000000010000001100
0000000010000001000
0000000010000000100
0000000010000000000
0000000001111111100
0000000001111111000
0000000001111110100
0000000001111110000
0000000001111101100
0000000001111101000
0000000001111100101
0000000001111100001
0000000001111011101
0000000001111011001
0000000001111010101
0000000001111010001
0000000001111001110
0000000001111001010
0000000001111000110
0000000001111000010
0000000001110111111
0000000001110111011
0000000001110110111
0000000001110110011
0000000001110110000
0000000001110101100
0000000001110101000
0000000001110100101
0000000001110100001
0000000001110011110
0000000001110011010
0000000001110010110
0000000001110010011
0000000001110001111
0000000001110001100
0000000001110001000
0000000001110000101
0000000001110000001
0000000001101111110
0000000001101111010
0000000001101110111
0000000001101110011
0000000001101110000
0000000001101101100
0000000001101101001
0000000001101100110
0000000001101100010
0000000001101011111
0000000001101011100
0000000001101011000
0000000001101010101
0000000001101010010
0000000001101001110
0000000001101001011
0000000001101001000
0000000001101000100
0000000001101000001
0000000001100111110
0000000001100111010
0000000001100110111
0000000001100110100
0000000001100110001
0000000001100101110
0000000001100101010
0000000001100100111
0000000001100100100
0000000001100100001
0000000001100011110
0000000001100011011
0000000001100011000
0000000001100010101
0000000001100010010
0000000001100001111
0000000001100001011
0000000001100001000
0000000001100000101
0000000001100000010
0000000001011111111
0000000001011111100
0000000001011111001
0000000001011110111
0000000001011110100
0000000001011110001
0000000001011101110
0000000001011101011
0000000001011101000
0000000001011100101
0000000001011100010
0000000001011011111
0000000001011011100
0000000001011011010
0000000001011010111
0000000001011010100
0000000001011010001
0000000001011001110
0000000001011001011
0000000001011001001
0000000001011000110
0000000001011000011
0000000001011000000
0000000001010111110
0000000001010111011
0000000001010111000
0000000001010110110
0000000001010110011
0000000001010110000
0000000001010101101
0000000001010101011
0000000001010101000
0000000001010100110
0000000001010100011
0000000001010100000
0000000001010011110
0000000001010011011
0000000001010011000
0000000001010010110
0000000001010010011
0000000001010010001
0000000001010001110
0000000001010001100
0000000001010001001
0000000001010000110
0000000001010000100
0000000001010000001
0000000001001111111
0000000001001111100
0000000001001111010
0000000001001110111
0000000001001110101
0000000001001110010
0000000001001110000
0000000001001101110
0000000001001101011
0000000001001101001
0000000001001100110
0000000001001100100
0000000001001100010
0000000001001011111
0000000001001011101
0000000001001011011
0000000001001011000
0000000001001010110
0000000001001010100
0000000001001010001
0000000001001001111
0000000001001001101
0000000001001001010
0000000001001001000
0000000001001000110
0000000001001000100
0000000001001000001
0000000001000111111
0000000001000111101
0000000001000111011
0000000001000111000
0000000001000110110
0000000001000110100
0000000001000110010
0000000001000110000
0000000001000101101
0000000001000101011
0000000001000101001
0000000001000100111
0000000001000100101
0000000001000100011
0000000001000100001
0000000001000011110
0000000001000011100
0000000001000011010
0000000001000011000
0000000001000010110
0000000001000010100
0000000001000010010
0000000001000010000
0000000001000001110
0000000001000001100
0000000001000001010
0000000001000001000
0000000001000000110
0000000001000000100
0000000001000000010
0000000001000000000
0000000000111111110
0000000000111111100
0000000000111111001
0000000000111110111
0000000000111110110
0000000000111110100
0000000000111110010
0000000000111110000
0000000000111101110
0000000000111101100
0000000000111101010
0000000000111101000
0000000000111100110
0000000000111100100
0000000000111100010
0000000000111100000
0000000000111011111
0000000000111011101
0000000000111011011
0000000000111011001
0000000000111010111
0000000000111010101
0000000000111010100
0000000000111010010
0000000000111010000
0000000000111001110
0000000000111001100
0000000000111001011
0000000000111001001
0000000000111000111
0000000000111000101
0000000000111000011
0000000000111000010
0000000000111000000
0000000000110111110
0000000000110111100
0000000000110111011
0000000000110111001
0000000000110110111
0000000000110110110
0000000000110110100
0000000000110110010
0000000000110110001
0000000000110101111
0000000000110101101
0000000000110101011
0000000000110101010
0000000000110101000
0000000000110100111
0000000000110100101
0000000000110100011
0000000000110100010
0000000000110100000
0000000000110011110
0000000000110011101
0000000000110011011
0000000000110011010
0000000000110011000
0000000000110010110
0000000000110010101
0000000000110010011
0000000000110010010
0000000000110010000
0000000000110001111
0000000000110001101
0000000000110001011
0000000000110001010
0000000000110001000
0000000000110000111
0000000000110000101
0000000000110000100
0000000000110000010
0000000000110000001
0000000000101111111
0000000000101111110
0000000000101111100
0000000000101111011
0000000000101111001
0000000000101111000
0000000000101110110
0000000000101110101
0000000000101110011
0000000000101110010
0000000000101110000
0000000000101101111
0000000000101101110
0000000000101101100
0000000000101101011
0000000000101101001
0000000000101101000
0000000000101100111
0000000000101100101
0000000000101100100
0000000000101100010
0000000000101100001
0000000000101100000
0000000000101011110
0000000000101011101
0000000000101011100
0000000000101011010
0000000000101011001
0000000000101011000
0000000000101010110
0000000000101010101
0000000000101010100
0000000000101010010
0000000000101010001
0000000000101010000
0000000000101001110
0000000000101001101
0000000000101001100
0000000000101001010
0000000000101001001
0000000000101001000
0000000000101000111
0000000000101000101
0000000000101000100
0000000000101000011
0000000000101000010
0000000000101000000
0000000000100111111
0000000000100111110
0000000000100111101
0000000000100111011
0000000000100111010
0000000000100111001
0000000000100111000
0000000000100110110
0000000000100110101
0000000000100110100
0000000000100110011
0000000000100110001
0000000000100110000
0000000000100101111
0000000000100101110
0000000000100101101
0000000000100101100
0000000000100101010
0000000000100101001
0000000000100101000
0000000000100100111
0000000000100100110
0000000000100100101
0000000000100100100
0000000000100100010
0000000000100100001
0000000000100100000
0000000000100011111
0000000000100011110
0000000000100011101
0000000000100011100
0000000000100011011
0000000000100011001
0000000000100011000
0000000000100010111
0000000000100010110
0000000000100010101
0000000000100010100
0000000000100010011
0000000000100010010
0000000000100010001
0000000000100010000
0000000000100001111
0000000000100001110
0000000000100001101
0000000000100001100
0000000000100001011
0000000000100001010
0000000000100001000
0000000000100000111
0000000000100000110
0000000000100000101
0000000000100000100
0000000000100000011
0000000000100000010
0000000000100000001
0000000000100000000
0000000000011111111
0000000000011111110
0000000000011111101
0000000000011111100
0000000000011111011
0000000000011111010
0000000000011111001
0000000000011111000
0000000000011111000
0000000000011110111
0000000000011110110
0000000000011110101
0000000000011110100
0000000000011110011
0000000000011110010
0000000000011110001
0000000000011110000
0000000000011101111
0000000000011101110
0000000000011101101
0000000000011101100
0000000000011101011
0000000000011101010
0000000000011101001
0000000000011101000
0000000000011101000
0000000000011100111
0000000000011100110
0000000000011100101
0000000000011100100
0000000000011100011
0000000000011100010
0000000000011100001
0000000000011100000
0000000000011100000
0000000000011011111
0000000000011011110
0000000000011011101
0000000000011011100
0000000000011011011
0000000000011011010
0000000000011011010
0000000000011011001
0000000000011011000
0000000000011010111
0000000000011010110
0000000000011010101
0000000000011010101
0000000000011010100
0000000000011010011
0000000000011010010
0000000000011010001
0000000000011010000
0000000000011010000
0000000000011001111
0000000000011001110
0000000000011001101
0000000000011001100
0000000000011001100
0000000000011001011
0000000000011001010
0000000000011001001
0000000000011001000
0000000000011001000
0000000000011000111
0000000000011000110
0000000000011000101
0000000000011000101
0000000000011000100
0000000000011000011
0000000000011000010
0000000000011000010
0000000000011000001
0000000000011000000
0000000000010111111
0000000000010111111
0000000000010111110
0000000000010111101
0000000000010111100
0000000000010111100
0000000000010111011
0000000000010111010
0000000000010111001
0000000000010111001
0000000000010111000
0000000000010110111
0000000000010110110
0000000000010110110
0000000000010110101
0000000000010110100
0000000000010110100
0000000000010110011
0000000000010110010
0000000000010110010
0000000000010110001
0000000000010110000
0000000000010101111
0000000000010101111
0000000000010101110
0000000000010101101
0000000000010101101
0000000000010101100
0000000000010101011
0000000000010101011
0000000000010101010
0000000000010101001
0000000000010101001
0000000000010101000
0000000000010100111
0000000000010100111
0000000000010100110
0000000000010100110
0000000000010100101
0000000000010100100
0000000000010100100
0000000000010100011
0000000000010100010
0000000000010100010
0000000000010100001
0000000000010100000
0000000000010100000
0000000000010011111
0000000000010011111
0000000000010011110
0000000000010011101
0000000000010011101
0000000000010011100
0000000000010011100
0000000000010011011
0000000000010011010
0000000000010011010
0000000000010011001
0000000000010011001
0000000000010011000
0000000000010010111
0000000000010010111
0000000000010010110
0000000000010010110
0000000000010010101
0000000000010010100
0000000000010010100
0000000000010010011
0000000000010010011
0000000000010010010
0000000000010010010
0000000000010010001
0000000000010010000
0000000000010010000
0000000000010001111
0000000000010001111
0000000000010001110
0000000000010001110
0000000000010001101
0000000000010001100
0000000000010001100
0000000000010001011
0000000000010001011
0000000000010001010
0000000000010001010
0000000000010001001
0000000000010001001
0000000000010001000
0000000000010001000
0000000000010000111
0000000000010000111
0000000000010000110
0000000000010000110
0000000000010000101
0000000000010000100
0000000000010000100
0000000000010000011
0000000000010000011
0000000000010000010
0000000000010000010
0000000000010000001
0000000000010000001
0000000000010000000
0000000000010000000
0000000000001111111
0000000000001111111
0000000000001111110
0000000000001111110
0000000000001111101
0000000000001111101
0000000000001111100
0000000000001111100
0000000000001111100
0000000000001111011
0000000000001111011
0000000000001111010
0000000000001111010
0000000000001111001
0000000000001111001
0000000000001111000
0000000000001111000
0000000000001110111
0000000000001110111
0000000000001110110
0000000000001110110
0000000000001110101
0000000000001110101
0000000000001110100
0000000000001110100
0000000000001110100
0000000000001110011
0000000000001110011
0000000000001110010
0000000000001110010
0000000000001110001
0000000000001110001
0000000000001110000
0000000000001110000
0000000000001110000
0000000000001101111
0000000000001101111
0000000000001101110
0000000000001101110
0000000000001101101
0000000000001101101
0000000000001101101
0000000000001101100
0000000000001101100
0000000000001101011
0000000000001101011
0000000000001101010
0000000000001101010
0000000000001101010
0000000000001101001
0000000000001101001
0000000000001101000
0000000000001101000
0000000000001101000
0000000000001100111
0000000000001100111
0000000000001100110
0000000000001100110
0000000000001100110
0000000000001100101
0000000000001100101
0000000000001100100
0000000000001100100
0000000000001100100
0000000000001100011
0000000000001100011
0000000000001100010
0000000000001100010
0000000000001100010
0000000000001100001
0000000000001100001
0000000000001100001
0000000000001100000
0000000000001100000
0000000000001011111
0000000000001011111
0000000000001011111
0000000000001011110
0000000000001011110
0000000000001011110
0000000000001011101
0000000000001011101
0000000000001011101
0000000000001011100
0000000000001011100
0000000000001011011
0000000000001011011
0000000000001011011
0000000000001011010
0000000000001011010
0000000000001011010
0000000000001011001
0000000000001011001
0000000000001011001
0000000000001011000
0000000000001011000
0000000000001011000
0000000000001010111
0000000000001010111
0000000000001010111
0000000000001010110
0000000000001010110
0000000000001010110
0000000000001010101
0000000000001010101
0000000000001010101
0000000000001010100
0000000000001010100
0000000000001010100
0000000000001010011
0000000000001010011
0000000000001010011
0000000000001010010
0000000000001010010
0000000000001010010
0000000000001010001
0000000000001010001
0000000000001010001
0000000000001010000
0000000000001010000
0000000000001010000
0000000000001001111
0000000000001001111
0000000000001001111
0000000000001001111
0000000000001001110
0000000000001001110
0000000000001001110
0000000000001001101
0000000000001001101
0000000000001001101
0000000000001001100
0000000000001001100
0000000000001001100
0000000000001001100
0000000000001001011
0000000000001001011
0000000000001001011
0000000000001001010
0000000000001001010
0000000000001001010
0000000000001001001
0000000000001001001
0000000000001001001
0000000000001001001
0000000000001001000
0000000000001001000
0000000000001001000
0000000000001000111
0000000000001000111
0000000000001000111
0000000000001000111
0000000000001000110
0000000000001000110
0000000000001000110
0000000000001000110
0000000000001000101
0000000000001000101
0000000000001000101
0000000000001000100
0000000000001000100
0000000000001000100
0000000000001000100
0000000000001000011
0000000000001000011
0000000000001000011
0000000000001000011
0000000000001000010
0000000000001000010
0000000000001000010
0000000000001000010
0000000000001000001
0000000000001000001
0000000000001000001
0000000000001000001
0000000000001000000
0000000000001000000
0000000000001000000
0000000000001000000
0000000000000111111
0000000000000111111
0000000000000111111
0000000000000111111
0000000000000111110
0000000000000111110
0000000000000111110
0000000000000111110
0000000000000111101
0000000000000111101
0000000000000111101
0000000000000111101
0000000000000111100
0000000000000111100
0000000000000111100
0000000000000111100
0000000000000111011
0000000000000111011
0000000000000111011
0000000000000111011
0000000000000111011
0000000000000111010
0000000000000111010
0000000000000111010
0000000000000111010
0000000000000111001
0000000000000111001
0000000000000111001
0000000000000111001
0000000000000111001
0000000000000111000
0000000000000111000
0000000000000111000
0000000000000111000
0000000000000110111
0000000000000110111
0000000000000110111
0000000000000110111
0000000000000110111
0000000000000110110
0000000000000110110
0000000000000110110
0000000000000110110
0000000000000110110
0000000000000110101
0000000000000110101
0000000000000110101
0000000000000110101
0000000000000110100
0000000000000110100
0000000000000110100
0000000000000110100
0000000000000110100
0000000000000110011
0000000000000110011
0000000000000110011
0000000000000110011
0000000000000110011
0000000000000110010
0000000000000110010
0000000000000110010
0000000000000110010
0000000000000110010
0000000000000110010
0000000000000110001
0000000000000110001
0000000000000110001
0000000000000110001
0000000000000110001
0000000000000110000
0000000000000110000
0000000000000110000
0000000000000110000
0000000000000110000
0000000000000101111
0000000000000101111
0000000000000101111
0000000000000101111
0000000000000101111
0000000000000101111
0000000000000101110
0000000000000101110
0000000000000101110
0000000000000101110
0000000000000101110
0000000000000101101
0000000000000101101
0000000000000101101
0000000000000101101
0000000000000101101
0000000000000101101
0000000000000101100
0000000000000101100
0000000000000101100
0000000000000101100
0000000000000101100
0000000000000101100
0000000000000101011
0000000000000101011
0000000000000101011
0000000000000101011
0000000000000101011
0000000000000101011
0000000000000101010
0000000000000101010
0000000000000101010
0000000000000101010
0000000000000101010
0000000000000101010
0000000000000101001
0000000000000101001
0000000000000101001
0000000000000101001
0000000000000101001
0000000000000101001
0000000000000101000
0000000000000101000
0000000000000101000
0000000000000101000
0000000000000101000
0000000000000101000
0000000000000100111
0000000000000100111
0000000000000100111
0000000000000100111
0000000000000100111
0000000000000100111
0000000000000100111
0000000000000100110
0000000000000100110
0000000000000100110
0000000000000100110
0000000000000100110
0000000000000100110
0000000000000100110
0000000000000100101
0000000000000100101
0000000000000100101
0000000000000100101
0000000000000100101
0000000000000100101
0000000000000100101
0000000000000100100
0000000000000100100
0000000000000100100
0000000000000100100
0000000000000100100
0000000000000100100
0000000000000100100
0000000000000100011
0000000000000100011
0000000000000100011
0000000000000100011
0000000000000100011
0000000000000100011
0000000000000100011
0000000000000100010
0000000000000100010
0000000000000100010
0000000000000100010
0000000000000100010
0000000000000100010
0000000000000100010
0000000000000100010
0000000000000100001
0000000000000100001
0000000000000100001
0000000000000100001
0000000000000100001
0000000000000100001
0000000000000100001
0000000000000100000
0000000000000100000
0000000000000100000
0000000000000100000
0000000000000100000
0000000000000100000
0000000000000100000
0000000000000100000
0000000000000011111
0000000000000011111
0000000000000011111
0000000000000011111
0000000000000011111
0000000000000011111
0000000000000011111
0000000000000011111
0000000000000011111
0000000000000011110
0000000000000011110
0000000000000011110
0000000000000011110
0000000000000011110
0000000000000011110
0000000000000011110
0000000000000011110
0000000000000011101
0000000000000011101
0000000000000011101
0000000000000011101
0000000000000011101
0000000000000011101
0000000000000011101
0000000000000011101
0000000000000011101
0000000000000011100
0000000000000011100
0000000000000011100
0000000000000011100
0000000000000011100
0000000000000011100
0000000000000011100
0000000000000011100
0000000000000011100
0000000000000011011
0000000000000011011
0000000000000011011
0000000000000011011
0000000000000011011
0000000000000011011
0000000000000011011
0000000000000011011
0000000000000011011
0000000000000011011
0000000000000011010
0000000000000011010
0000000000000011010
0000000000000011010
0000000000000011010
0000000000000011010
0000000000000011010
0000000000000011010
0000000000000011010
0000000000000011001
0000000000000011001
0000000000000011001
0000000000000011001
0000000000000011001
0000000000000011001
0000000000000011001
0000000000000011001
0000000000000011001
0000000000000011001
0000000000000011001
0000000000000011000
0000000000000011000
0000000000000011000
0000000000000011000
0000000000000011000
0000000000000011000
0000000000000011000
0000000000000011000
0000000000000011000
0000000000000011000
0000000000000010111
0000000000000010111
0000000000000010111
0000000000000010111
0000000000000010111
0000000000000010111
0000000000000010111
0000000000000010111
0000000000000010111
0000000000000010111
0000000000000010111
0000000000000010110
0000000000000010110
0000000000000010110
0000000000000010110
0000000000000010110
0000000000000010110
0000000000000010110
0000000000000010110
0000000000000010110
0000000000000010110
0000000000000010110
0000000000000010110
0000000000000010101
0000000000000010101
0000000000000010101
0000000000000010101
0000000000000010101
0000000000000010101
0000000000000010101
0000000000000010101
0000000000000010101
0000000000000010101
0000000000000010101
0000000000000010101
0000000000000010100
0000000000000010100
0000000000000010100
0000000000000010100
0000000000000010100
0000000000000010100
0000000000000010100
0000000000000010100
0000000000000010100
0000000000000010100
0000000000000010100
0000000000000010100
0000000000000010100
0000000000000010011
0000000000000010011
0000000000000010011
0000000000000010011
0000000000000010011
0000000000000010011
0000000000000010011
0000000000000010011
0000000000000010011
0000000000000010011
0000000000000010011
0000000000000010011
0000000000000010011
0000000000000010011
0000000000000010010
0000000000000010010
0000000000000010010
0000000000000010010
0000000000000010010
0000000000000010010
0000000000000010010
0000000000000010010
0000000000000010010
0000000000000010010
0000000000000010010
0000000000000010010
0000000000000010010
0000000000000010010
0000000000000010001
0000000000000010001
0000000000000010001
0000000000000010001
0000000000000010001
0000000000000010001
0000000000000010001
0000000000000010001
0000000000000010001
0000000000000010001
0000000000000010001
0000000000000010001
0000000000000010001
0000000000000010001
0000000000000010001
0000000000000010000
0000000000000010000
0000000000000010000
0000000000000010000
0000000000000010000
0000000000000010000
0000000000000010000
0000000000000010000
0000000000000010000
0000000000000010000
0000000000000010000
0000000000000010000
0000000000000010000
0000000000000010000
0000000000000010000
0000000000000010000
0000000000000001111
0000000000000001111
0000000000000001111
0000000000000001111
0000000000000001111
0000000000000001111
0000000000000001111
0000000000000001111
0000000000000001111
0000000000000001111
0000000000000001111
0000000000000001111
0000000000000001111
0000000000000001111
0000000000000001111
0000000000000001111
0000000000000001111
0000000000000001110
0000000000000001110
0000000000000001110
0000000000000001110
0000000000000001110
0000000000000001110
0000000000000001110
0000000000000001110
0000000000000001110
0000000000000001110
0000000000000001110
0000000000000001110
0000000000000001110
0000000000000001110
0000000000000001110
0000000000000001110
0000000000000001110
0000000000000001110
0000000000000001101
0000000000000001101
0000000000000001101
0000000000000001101
0000000000000001101
0000000000000001101
0000000000000001101
0000000000000001101
0000000000000001101
0000000000000001101
0000000000000001101
0000000000000001101
0000000000000001101
0000000000000001101
0000000000000001101
0000000000000001101
0000000000000001101
0000000000000001101
0000000000000001101
0000000000000001101
0000000000000001100
0000000000000001100
0000000000000001100
0000000000000001100
0000000000000001100
0000000000000001100
0000000000000001100
0000000000000001100
0000000000000001100
0000000000000001100
0000000000000001100
0000000000000001100
0000000000000001100
0000000000000001100
0000000000000001100
0000000000000001100
0000000000000001100
0000000000000001100
0000000000000001100
0000000000000001100
0000000000000001100
0000000000000001011
0000000000000001011
0000000000000001011
0000000000000001011
0000000000000001011
0000000000000001011
0000000000000001011
0000000000000001011
0000000000000001011
0000000000000001011
0000000000000001011
0000000000000001011
0000000000000001011
0000000000000001011
0000000000000001011
0000000000000001011
0000000000000001011
0000000000000001011
0000000000000001011
0000000000000001011
0000000000000001011
0000000000000001011
0000000000000001011
0000000000000001011
0000000000000001010
0000000000000001010
0000000000000001010
0000000000000001010
0000000000000001010
0000000000000001010
0000000000000001010
0000000000000001010
0000000000000001010
0000000000000001010
0000000000000001010
0000000000000001010
0000000000000001010
0000000000000001010
0000000000000001010
0000000000000001010
0000000000000001010
0000000000000001010
0000000000000001010
0000000000000001010
0000000000000001010
0000000000000001010
0000000000000001010
0000000000000001010
0000000000000001010
0000000000000001001
0000000000000001001
0000000000000001001
0000000000000001001
0000000000000001001
0000000000000001001
0000000000000001001
0000000000000001001
0000000000000001001
0000000000000001001
0000000000000001001
0000000000000001001
0000000000000001001
0000000000000001001
0000000000000001001
0000000000000001001
0000000000000001001
0000000000000001001
0000000000000001001
0000000000000001001
0000000000000001001
0000000000000001001
0000000000000001001
0000000000000001001
0000000000000001001
0000000000000001001
0000000000000001001
0000000000000001001
0000000000000001001
0000000000000001000
0000000000000001000
0000000000000001000
0000000000000001000
0000000000000001000
0000000000000001000
0000000000000001000
0000000000000001000
0000000000000001000
0000000000000001000
0000000000000001000
0000000000000001000
0000000000000001000
0000000000000001000
0000000000000001000
0000000000000001000
0000000000000001000
0000000000000001000
0000000000000001000
0000000000000001000
0000000000000001000
0000000000000001000
0000000000000001000
0000000000000001000
0000000000000001000
0000000000000001000
0000000000000001000
0000000000000001000
0000000000000001000
0000000000000001000
0000000000000001000
0000000000000001000
0000000000000000111
0000000000000000111
0000000000000000111
0000000000000000111
0000000000000000111
0000000000000000111
0000000000000000111
0000000000000000111
0000000000000000111
0000000000000000111
0000000000000000111
0000000000000000111
0000000000000000111
0000000000000000111
0000000000000000111
0000000000000000111
0000000000000000111
0000000000000000111
0000000000000000111
0000000000000000111
0000000000000000111
0000000000000000111
0000000000000000111
0000000000000000111
0000000000000000111
0000000000000000111
0000000000000000111
0000000000000000111
0000000000000000111
0000000000000000111
0000000000000000111
0000000000000000111
0000000000000000111
0000000000000000111
0000000000000000111
0000000000000000111
0000000000000000110
0000000000000000110
0000000000000000110
0000000000000000110
0000000000000000110
0000000000000000110
0000000000000000110
0000000000000000110
0000000000000000110
0000000000000000110
0000000000000000110
0000000000000000110
0000000000000000110
0000000000000000110
0000000000000000110
0000000000000000110
0000000000000000110
0000000000000000110
0000000000000000110
0000000000000000110
0000000000000000110
0000000000000000110
0000000000000000110
0000000000000000110
0000000000000000110
0000000000000000110
0000000000000000110
0000000000000000110
0000000000000000110
0000000000000000110
0000000000000000110
0000000000000000110
0000000000000000110
0000000000000000110
0000000000000000110
0000000000000000110
0000000000000000110
0000000000000000110
0000000000000000110
0000000000000000110
0000000000000000110
0000000000000000110
0000000000000000110
0000000000000000101
0000000000000000101
0000000000000000101
0000000000000000101
0000000000000000101
0000000000000000101
0000000000000000101
0000000000000000101
0000000000000000101
0000000000000000101
0000000000000000101
0000000000000000101
0000000000000000101
0000000000000000101
0000000000000000101
0000000000000000101
0000000000000000101
0000000000000000101
0000000000000000101
0000000000000000101
0000000000000000101
0000000000000000101
0000000000000000101
0000000000000000101
0000000000000000101
0000000000000000101
0000000000000000101
0000000000000000101
0000000000000000101
0000000000000000101
0000000000000000101
0000000000000000101
0000000000000000101
0000000000000000101
0000000000000000101
0000000000000000101
0000000000000000101
0000000000000000101
0000000000000000101
0000000000000000101
0000000000000000101
0000000000000000101
0000000000000000101
0000000000000000101
0000000000000000101
0000000000000000101
0000000000000000101
0000000000000000101
0000000000000000101
0000000000000000101
0000000000000000101
0000000000000000101
0000000000000000100
0000000000000000100
0000000000000000100
0000000000000000100
0000000000000000100
0000000000000000100
0000000000000000100
0000000000000000100
0000000000000000100
0000000000000000100
0000000000000000100
0000000000000000100
0000000000000000100
0000000000000000100
0000000000000000100
0000000000000000100
0000000000000000100
0000000000000000100
0000000000000000100
0000000000000000100
0000000000000000100
0000000000000000100
0000000000000000100
0000000000000000100
0000000000000000100
0000000000000000100
0000000000000000100
0000000000000000100
0000000000000000100
0000000000000000100
0000000000000000100
0000000000000000100
0000000000000000100
0000000000000000100
0000000000000000100
0000000000000000100
0000000000000000100
0000000000000000100
0000000000000000100
0000000000000000100
0000000000000000100
0000000000000000100
0000000000000000100
0000000000000000100
0000000000000000100
0000000000000000100
0000000000000000100
0000000000000000100
0000000000000000100
0000000000000000100
0000000000000000100
0000000000000000100
0000000000000000100
0000000000000000100
0000000000000000100
0000000000000000100
0000000000000000100
0000000000000000100
0000000000000000100
0000000000000000100
0000000000000000100
0000000000000000100
0000000000000000100
0000000000000000100
0000000000000000011
0000000000000000011
0000000000000000011
0000000000000000011
0000000000000000011
0000000000000000011
0000000000000000011
0000000000000000011
0000000000000000011
0000000000000000011
0000000000000000011
0000000000000000011
0000000000000000011
0000000000000000011
0000000000000000011
0000000000000000011
0000000000000000011
0000000000000000011
0000000000000000011
0000000000000000011
0000000000000000011
0000000000000000011
0000000000000000011
0000000000000000011
0000000000000000011
0000000000000000011
0000000000000000011
0000000000000000011
0000000000000000011
0000000000000000011
0000000000000000011
0000000000000000011
0000000000000000011
0000000000000000011
0000000000000000011
0000000000000000011
0000000000000000011
0000000000000000011
0000000000000000011
0000000000000000011
0000000000000000011
0000000000000000011
0000000000000000011
0000000000000000011
0000000000000000011
0000000000000000011
0000000000000000011
0000000000000000011
0000000000000000011
0000000000000000011
0000000000000000011
0000000000000000011
0000000000000000011
0000000000000000011
0000000000000000011
0000000000000000011
0000000000000000011
0000000000000000011
0000000000000000011
0000000000000000011
0000000000000000011
0000000000000000011
0000000000000000011
0000000000000000011
0000000000000000011
0000000000000000011
0000000000000000011
0000000000000000011
0000000000000000011
0000000000000000011
0000000000000000011
0000000000000000011
0000000000000000011
0000000000000000011
0000000000000000011
0000000000000000011
0000000000000000011
0000000000000000011
0000000000000000011
0000000000000000011
0000000000000000011
0000000000000000011
0000000000000000011
0000000000000000011
0000000000000000011
0000000000000000011
0000000000000000010
0000000000000000010
0000000000000000010
0000000000000000010
0000000000000000010
0000000000000000010
0000000000000000010
0000000000000000010
0000000000000000010
0000000000000000010
0000000000000000010
0000000000000000010
0000000000000000010
0000000000000000010
0000000000000000010
0000000000000000010
0000000000000000010
0000000000000000010
0000000000000000010
0000000000000000010
0000000000000000010
0000000000000000010
0000000000000000010
0000000000000000010
0000000000000000010
0000000000000000010
0000000000000000010
0000000000000000010
0000000000000000010
0000000000000000010
0000000000000000010
0000000000000000010
0000000000000000010
0000000000000000010
0000000000000000010
0000000000000000010
0000000000000000010
0000000000000000010
0000000000000000010
0000000000000000010
0000000000000000010
0000000000000000010
0000000000000000010
0000000000000000010
0000000000000000010
0000000000000000010
0000000000000000010
0000000000000000010
0000000000000000010
0000000000000000010
0000000000000000010
0000000000000000010
0000000000000000010
0000000000000000010
0000000000000000010
0000000000000000010
0000000000000000010
0000000000000000010
0000000000000000010
0000000000000000010
0000000000000000010
0000000000000000010
0000000000000000010
0000000000000000010
0000000000000000010
0000000000000000010
0000000000000000010
0000000000000000010
0000000000000000010
0000000000000000010
0000000000000000010
0000000000000000010
0000000000000000010
0000000000000000010
0000000000000000010
0000000000000000010
0000000000000000010
0000000000000000010
0000000000000000010
0000000000000000010
0000000000000000010
0000000000000000010
0000000000000000010
0000000000000000010
0000000000000000010
0000000000000000010
0000000000000000010
0000000000000000010
0000000000000000010
0000000000000000010
0000000000000000010
0000000000000000010
0000000000000000010
0000000000000000010
0000000000000000010
0000000000000000010
0000000000000000010
0000000000000000010
0000000000000000010
0000000000000000010
0000000000000000010
0000000000000000010
0000000000000000010
0000000000000000010
0000000000000000010
0000000000000000010
0000000000000000010
0000000000000000010
0000000000000000010
0000000000000000010
0000000000000000010
0000000000000000010
0000000000000000010
0000000000000000010
0000000000000000010
0000000000000000010
0000000000000000010
0000000000000000010
0000000000000000010
0000000000000000010
0000000000000000010
0000000000000000010
0000000000000000010
0000000000000000010
0000000000000000010
0000000000000000010
0000000000000000010
0000000000000000010
0000000000000000010
0000000000000000010
0000000000000000010
0000000000000000001
0000000000000000001
0000000000000000001
0000000000000000001
0000000000000000001
0000000000000000001
0000000000000000001
0000000000000000001
0000000000000000001
0000000000000000001
0000000000000000001
0000000000000000001
0000000000000000001
0000000000000000001
0000000000000000001
0000000000000000001
0000000000000000001
0000000000000000001
0000000000000000001
0000000000000000001
0000000000000000001
0000000000000000001
0000000000000000001
0000000000000000001
0000000000000000001
0000000000000000001
0000000000000000001
0000000000000000001
0000000000000000001
0000000000000000001
0000000000000000001
0000000000000000001
0000000000000000001
0000000000000000001
0000000000000000001
0000000000000000001
0000000000000000001
0000000000000000001
0000000000000000001
0000000000000000001
0000000000000000001
0000000000000000001
0000000000000000001
0000000000000000001
0000000000000000001
0000000000000000001
0000000000000000001
0000000000000000001
0000000000000000001
0000000000000000001
0000000000000000001
0000000000000000001
0000000000000000001
0000000000000000001
0000000000000000001
0000000000000000001
0000000000000000001
0000000000000000001
0000000000000000001
0000000000000000001
0000000000000000001
0000000000000000001
0000000000000000001
0000000000000000001
0000000000000000001
0000000000000000001
0000000000000000001
0000000000000000001
0000000000000000001
0000000000000000001
0000000000000000001
0000000000000000001
0000000000000000001
0000000000000000001
0000000000000000001
0000000000000000001
0000000000000000001
0000000000000000001
0000000000000000001
0000000000000000001
0000000000000000001
0000000000000000001
0000000000000000001
0000000000000000001
0000000000000000001
0000000000000000001
0000000000000000001
0000000000000000001
0000000000000000001
0000000000000000001
0000000000000000001
0000000000000000001
0000000000000000001
0000000000000000001
0000000000000000001
0000000000000000001
0000000000000000001
0000000000000000001
0000000000000000001
0000000000000000001
0000000000000000001
0000000000000000001
0000000000000000001
0000000000000000001
0000000000000000001
0000000000000000001
0000000000000000001
0000000000000000001
0000000000000000001
0000000000000000001
0000000000000000001
0000000000000000001
0000000000000000001
0000000000000000001
0000000000000000001
0000000000000000001
0000000000000000001
0000000000000000001
0000000000000000001
0000000000000000001
0000000000000000001
0000000000000000001
0000000000000000001
0000000000000000001
0000000000000000001
0000000000000000001
0000000000000000001
0000000000000000001
0000000000000000001
0000000000000000001
0000000000000000001
0000000000000000001
0000000000000000001
0000000000000000001
0000000000000000001
0000000000000000001
0000000000000000001
0000000000000000001
0000000000000000001
0000000000000000001
0000000000000000001
0000000000000000001
0000000000000000001
0000000000000000001
0000000000000000001
0000000000000000001
0000000000000000001
0000000000000000001
0000000000000000001
0000000000000000001
0000000000000000001
0000000000000000001
0000000000000000001
0000000000000000001
0000000000000000001
0000000000000000001
0000000000000000001
0000000000000000001
0000000000000000001
0000000000000000001
0000000000000000001
0000000000000000001
0000000000000000001
0000000000000000001
0000000000000000001
0000000000000000001
0000000000000000001
0000000000000000001
0000000000000000001
0000000000000000001
0000000000000000001
0000000000000000001
0000000000000000001
0000000000000000001
0000000000000000001
0000000000000000001
0000000000000000001
0000000000000000001
0000000000000000001
0000000000000000001
0000000000000000001
0000000000000000001
0000000000000000001
0000000000000000001
0000000000000000001
0000000000000000001
0000000000000000001
0000000000000000001
0000000000000000001
0000000000000000001
0000000000000000001
0000000000000000001
0000000000000000001
0000000000000000001
0000000000000000001
0000000000000000001
0000000000000000001
0000000000000000001
0000000000000000001
0000000000000000001
0000000000000000001
0000000000000000001
0000000000000000001
0000000000000000001
0000000000000000001
0000000000000000001
0000000000000000001
0000000000000000001
0000000000000000001
0000000000000000001
0000000000000000001
0000000000000000001
0000000000000000001
0000000000000000001
0000000000000000001
0000000000000000001
0000000000000000001
0000000000000000001
0000000000000000001
0000000000000000001
0000000000000000001
0000000000000000001
0000000000000000001
0000000000000000001
0000000000000000001
0000000000000000001
0000000000000000001
0000000000000000001
0000000000000000001
0000000000000000001
0000000000000000001
0000000000000000001
0000000000000000001
0000000000000000001
0000000000000000001
0000000000000000001
0000000000000000001
0000000000000000001
0000000000000000001
0000000000000000001
0000000000000000001
0000000000000000001
0000000000000000001
0000000000000000001
0000000000000000001
0000000000000000001
0000000000000000001
0000000000000000001
0000000000000000001
0000000000000000001
0000000000000000001
0000000000000000001
0000000000000000001
0000000000000000001
0000000000000000001
0000000000000000001
0000000000000000001
0000000000000000001
0000000000000000001
0000000000000000001
0000000000000000001
0000000000000000001
0000000000000000001
0000000000000000001
0000000000000000001
0000000000000000001
0000000000000000001
0000000000000000001
0000000000000000001
0000000000000000001
0000000000000000001
0000000000000000001
0000000000000000001
0000000000000000001
0000000000000000001
0000000000000000001
0000000000000000001
0000000000000000001
0000000000000000001
0000000000000000001
0000000000000000001
0000000000000000000
0000000000000000000
0000000000000000000
0000000000000000000
0000000000000000000
0000000000000000000
0000000000000000000
0000000000000000000
0000000000000000000
0000000000000000000
0000000000000000000
0000000000000000000
0000000000000000000
0000000000000000000
0000000000000000000
0000000000000000000
0000000000000000000
0000000000000000000
0000000000000000000
0000000000000000000
0000000000000000000
0000000000000000000
0000000000000000000
0000000000000000000
0000000000000000000
0000000000000000000
0000000000000000000
0000000000000000000
0000000000000000000
0000000000000000000
0000000000000000000
0000000000000000000
0000000000000000000
0000000000000000000
0000000000000000000
0000000000000000000
0000000000000000000
0000000000000000000
0000000000000000000
0000000000000000000
0000000000000000000
0000000000000000000
0000000000000000000
0000000000000000000
0000000000000000000
0000000000000000000
0000000000000000000
0000000000000000000
0000000000000000000
0000000000000000000
0000000000000000000
0000000000000000000
0000000000000000000
0000000000000000000
0000000000000000000
0000000000000000000
0000000000000000000
0000000000000000000
0000000000000000000
0000000000000000000
0000000000000000000
0000000000000000000
0000000000000000000
0000000000000000000
0000000000000000000
0000000000000000000
0000000000000000000
0000000000000000000
0000000000000000000
0000000000000000000
0000000000000000000
0000000000000000000
0000000000000000000
0000000000000000000
0000000000000000000
0000000000000000000
0000000000000000000
0000000000000000000
0000000000000000000
0000000000000000000
0000000000000000000
0000000000000000000
0000000000000000000
0000000000000000000
0000000000000000000
0000000000000000000
0000000000000000000
0000000000000000000
0000000000000000000
0000000000000000000
0000000000000000000
0000000000000000000
0000000000000000000
0000000000000000000
0000000000000000000
0000000000000000000
0000000000000000000
0000000000000000000
0000000000000000000
0000000000000000000
0000000000000000000
0000000000000000000
0000000000000000000
0000000000000000000
0000000000000000000
0000000000000000000
0000000000000000000
0000000000000000000
0000000000000000000
0000000000000000000
0000000000000000000
0000000000000000000
0000000000000000000
0000000000000000000
0000000000000000000
0000000000000000000
0000000000000000000
0000000000000000000
0000000000000000000
0000000000000000000
0000000000000000000
0000000000000000000
0000000000000000000
0000000000000000000
0000000000000000000
0000000000000000000
0000000000000000000
0000000000000000000
0000000000000000000
0000000000000000000
0000000000000000000
0000000000000000000
0000000000000000000
0000000000000000000
0000000000000000000
0000000000000000000
0000000000000000000
0000000000000000000
0000000000000000000
0000000000000000000
0000000000000000000
0000000000000000000
0000000000000000000
0000000000000000000
0000000000000000000
0000000000000000000
0000000000000000000
0000000000000000000
0000000000000000000
0000000000000000000
0000000000000000000
0000000000000000000
0000000000000000000
0000000000000000000
0000000000000000000
0000000000000000000
0000000000000000000
0000000000000000000
0000000000000000000
0000000000000000000
0000000000000000000
0000000000000000000
0000000000000000000
0000000000000000000
0000000000000000000
0000000000000000000
0000000000000000000
0000000000000000000
0000000000000000000
0000000000000000000
0000000000000000000
0000000000000000000
0000000000000000000
0000000000000000000
0000000000000000000
0000000000000000000
0000000000000000000
0000000000000000000
0000000000000000000
0000000000000000000
0000000000000000000
0000000000000000000
0000000000000000000
0000000000000000000
0000000000000000000
0000000000000000000
0000000000000000000
0000000000000000000
0000000000000000000
0000000000000000000
0000000000000000000
0000000000000000000
0000000000000000000
0000000000000000000
0000000000000000000
0000000000000000000
0000000000000000000
0000000000000000000
0000000000000000000
0000000000000000000
0000000000000000000
0000000000000000000
0000000000000000000
0000000000000000000
0000000000000000000
0000000000000000000
0000000000000000000
0000000000000000000
0000000000000000000
0000000000000000000
0000000000000000000
0000000000000000000
0000000000000000000
0000000000000000000
0000000000000000000
0000000000000000000
0000000000000000000
0000000000000000000
0000000000000000000
0000000000000000000
0000000000000000000
0000000000000000000
0000000000000000000
0000000000000000000
0000000000000000000
0000000000000000000
0000000000000000000
0000000000000000000
0000000000000000000
0000000000000000000
0000000000000000000
0000000000000000000
0000000000000000000
0000000000000000000
0000000000000000000
0000000000000000000
0000000000000000000
0000000000000000000
0000000000000000000
0000000000000000000
0000000000000000000
0000000000000000000
0000000000000000000
0000000000000000000
0000000000000000000
0000000000000000000
0000000000000000000
0000000000000000000
0000000000000000000
0000000000000000000
0000000000000000000
0000000000000000000
0000000000000000000
0000000000000000000
0000000000000000000
0000000000000000000
0000000000000000000
0000000000000000000
0000000000000000000
0000000000000000000
0000000000000000000
0000000000000000000
0000000000000000000
0000000000000000000
0000000000000000000
0000000000000000000
0000000000000000000
0000000000000000000
0000000000000000000
0000000000000000000
0000000000000000000
0000000000000000000
0000000000000000000
0000000000000000000
0000000000000000000
0000000000000000000
0000000000000000000
0000000000000000000
0000000000000000000
0000000000000000000
0000000000000000000
0000000000000000000
0000000000000000000
0000000000000000000
0000000000000000000
0000000000000000000
0000000000000000000
0000000000000000000
0000000000000000000
0000000000000000000
0000000000000000000
0000000000000000000
0000000000000000000
0000000000000000000
0000000000000000000
0000000000000000000
0000000000000000000
0000000000000000000
0000000000000000000
0000000000000000000
0000000000000000000
0000000000000000000
0000000000000000000
0000000000000000000
0000000000000000000
0000000000000000000
0000000000000000000
0000000000000000000
0000000000000000000
0000000000000000000
0000000000000000000
0000000000000000000
0000000000000000000
0000000000000000000
0000000000000000000
0000000000000000000
0000000000000000000
0000000000000000000
0000000000000000000
0000000000000000000
0000000000000000000
0000000000000000000
0000000000000000000
0000000000000000000
0000000000000000000
0000000000000000000
0000000000000000000
0000000000000000000
0000000000000000000
0000000000000000000
0000000000000000000
0000000000000000000
0000000000000000000
0000000000000000000
0000000000000000000
0000000000000000000
0000000000000000000
0000000000000000000
0000000000000000000
0000000000000000000
0000000000000000000
0000000000000000000
0000000000000000000
0000000000000000000
0000000000000000000
0000000000000000000
0000000000000000000
0000000000000000000
0000000000000000000
0000000000000000000
0000000000000000000
0000000000000000000
0000000000000000000
0000000000000000000
0000000000000000000
0000000000000000000
0000000000000000000
0000000000000000000
0000000000000000000
0000000000000000000
0000000000000000000
0000000000000000000
0000000000000000000
0000000000000000000
0000000000000000000
0000000000000000000
0000000000000000000
0000000000000000000
0000000000000000000
0000000000000000000
0000000000000000000
0000000000000000000
0000000000000000000
0000000000000000000
0000000000000000000
0000000000000000000
0000000000000000000
0000000000000000000
0000000000000000000
0000000000000000000
0000000000000000000
0000000000000000000
0000000000000000000
0000000000000000000
0000000000000000000
0000000000000000000
0000000000000000000
0000000000000000000
0000000000000000000
0000000000000000000
0000000000000000000
0000000000000000000
0000000000000000000
0000000000000000000
0000000000000000000
0000000000000000000
0000000000000000000
0000000000000000000
0000000000000000000
0000000000000000000
0000000000000000000
0000000000000000000
0000000000000000000
0000000000000000000
0000000000000000000
0000000000000000000
0000000000000000000
0000000000000000000
0000000000000000000
0000000000000000000
0000000000000000000
0000000000000000000
0000000000000000000
0000000000000000000
0000000000000000000
0000000000000000000
0000000000000000000
0000000000000000000
0000000000000000000
0000000000000000000
0000000000000000000
0000000000000000000
0000000000000000000
0000000000000000000
0000000000000000000
0000000000000000000
0000000000000000000
0000000000000000000
0000000000000000000
0000000000000000000
0000000000000000000
0000000000000000000
0000000000000000000
0000000000000000000
0000000000000000000
0000000000000000000
0000000000000000000
0000000000000000000
0000000000000000000
0000000000000000000
0000000000000000000
0000000000000000000
0000000000000000000
0000000000000000000
0000000000000000000
0000000000000000000
0000000000000000000
0000000000000000000
0000000000000000000
0000000000000000000
0000000000000000000
0000000000000000000
0000000000000000000
0000000000000000000
0000000000000000000
0000000000000000000
0000000000000000000
0000000000000000000
0000000000000000000
0000000000000000000
0000000000000000000
0000000000000000000
0000000000000000000
0000000000000000000
0000000000000000000
0000000000000000000
0000000000000000000
0000000000000000000
0000000000000000000
0000000000000000000
0000000000000000000
0000000000000000000
0000000000000000000
0000000000000000000
0000000000000000000
0000000000000000000
0000000000000000000
0000000000000000000
0000000000000000000
0000000000000000000
0000000000000000000
0000000000000000000
0000000000000000000
0000000000000000000
0000000000000000000
0000000000000000000
0000000000000000000
0000000000000000000
0000000000000000000
0000000000000000000
0000000000000000000
0000000000000000000
0000000000000000000
0000000000000000000
0000000000000000000
0000000000000000000
0000000000000000000
0000000000000000000
0000000000000000000
0000000000000000000
0000000000000000000
0000000000000000000
0000000000000000000
0000000000000000000
0000000000000000000
0000000000000000000
0000000000000000000
0000000000000000000
0000000000000000000
0000000000000000000
0000000000000000000
0000000000000000000
0000000000000000000
0000000000000000000
0000000000000000000
0000000000000000000
0000000000000000000
0000000000000000000
0000000000000000000
0000000000000000000
0000000000000000000
0000000000000000000
0000000000000000000
0000000000000000000
0000000000000000000
0000000000000000000
0000000000000000000
0000000000000000000
0000000000000000000
0000000000000000000
0000000000000000000
0000000000000000000
0000000000000000000
0000000000000000000
0000000000000000000
0000000000000000000
0000000000000000000
0000000000000000000
0000000000000000000
0000000000000000000
0000000000000000000
0000000000000000000
0000000000000000000
0000000000000000000
0000000000000000000
0000000000000000000
0000000000000000000
0000000000000000000
0000000000000000000
0000000000000000000
0000000000000000000
0000000000000000000
0000000000000000000
0000000000000000000
0000000000000000000
0000000000000000000
0000000000000000000
0000000000000000000
0000000000000000000
0000000000000000000
0000000000000000000
0000000000000000000
0000000000000000000
0000000000000000000
0000000000000000000
0000000000000000000
0000000000000000000
0000000000000000000
0000000000000000000
0000000000000000000
0000000000000000000
0000000000000000000
0000000000000000000
0000000000000000000
0000000000000000000
0000000000000000000
0000000000000000000
0000000000000000000
0000000000000000000
0000000000000000000
0000000000000000000
0000000000000000000
0000000000000000000
0000000000000000000
0000000000000000000
0000000000000000000
0000000000000000000
0000000000000000000
0000000000000000000
0000000000000000000
0000000000000000000
0000000000000000000
0000000000000000000
0000000000000000000
0000000000000000000
0000000000000000000
0000000000000000000
0000000000000000000
0000000000000000000
0000000000000000000
0000000000000000000
0000000000000000000
0000000000000000000
0000000000000000000
0000000000000000000
0000000000000000000
0000000000000000000
0000000000000000000
0000000000000000000
0000000000000000000
0000000000000000000
0000000000000000000
0000000000000000000
0000000000000000000
0000000000000000000
0000000000000000000
0000000000000000000
0000000000000000000
0000000000000000000
0000000000000000000
0000000000000000000
0000000000000000000
0000000000000000000
0000000000000000000
0000000000000000000
0000000000000000000
0000000000000000000
0000000000000000000
0000000000000000000
0000000000000000000
0000000000000000000
0000000000000000000
0000000000000000000
0000000000000000000
0000000000000000000
0000000000000000000
0000000000000000000
0000000000000000000
0000000000000000000
0000000000000000000
0000000000000000000
0000000000000000000
0000000000000000000
0000000000000000000
0000000000000000000
0000000000000000000
0000000000000000000
0000000000000000000
0000000000000000000
0000000000000000000
0000000000000000000
0000000000000000000
0000000000000000000
0000000000000000000
0000000000000000000
0000000000000000000
0000000000000000000
0000000000000000000
0000000000000000000
0000000000000000000
0000000000000000000
0000000000000000000
0000000000000000000
0000000000000000000
0000000000000000000
0000000000000000000
0000000000000000000
0000000000000000000
0000000000000000000
0000000000000000000
0000000000000000000
0000000000000000000
0000000000000000000
0000000000000000000
0000000000000000000
0000000000000000000
0000000000000000000
0000000000000000000
0000000000000000000
0000000000000000000
0000000000000000000
0000000000000000000
0000000000000000000
0000000000000000000
0000000000000000000
0000000000000000000
0000000000000000000
0000000000000000000
0000000000000000000
0000000000000000000
0000000000000000000
0000000000000000000
0000000000000000000
0000000000000000000
0000000000000000000
0000000000000000000
0000000000000000000
0000000000000000000
0000000000000000000
0000000000000000000
0000000000000000000
0000000000000000000
0000000000000000000
0000000000000000000
0000000000000000000
0000000000000000000
0000000000000000000
0000000000000000000
0000000000000000000
0000000000000000000
0000000000000000000
0000000000000000000
0000000000000000000
0000000000000000000
0000000000000000000
0000000000000000000
0000000000000000000
0000000000000000000
0000000000000000000
0000000000000000000
0000000000000000000
0000000000000000000
0000000000000000000
0000000000000000000

// N_table (128 x 64):
0000000000000000000
0000000000000000000
0000000000000000000
0000000000000000000
0000000000000000000
0000000000000000000
0000000000000000000
0000000000000000000
0000000000000000000
0000000000000000000
0000000000000000000
0000000000000000000
0000000000000000000
0000000000000000000
0000000000000000000
0000000000000000000
0000000000000000000
0000000000000000000
0000000000000000000
0000000000000000000
0000000000000000000
0000000000000000000
0000000000000000000
0000000000000000000
0000000000000000000
0000000000000000000
0000000000000000000
0000000000000000000
0000000000000000000
0000000000000000000
0000000000000000000
0000000000000000000
0000000000000000000
0000000000000000000
0000000000000000000
0000000000000000000
0000000000000000000
0000000000000000000
0000000000000000000
0000000000000000000
0000000000000000000
0000000000000000000
0000000000000000000
0000000000000000000
0000000000000000000
0000000000000000000
0000000000000000000
0000000000000000000
0000000000000000000
0000000000000000000
0000000000000000000
0000000000000000000
0000000000000000000
0000000000000000000
0000000000000000000
0000000000000000000
0000000000000000000
0000000000000000000
0000000000000000000
0000000000000000000
0000000000000000000
0000000000000000000
0000000000000000000
0000000000000000000
0000000000000000000
0000000000000000000
0000000000000000000
0000000000000000000
0000000000000000000
0000000000000000000
0000000000000000000
0000000000000000000
0000000000000000000
0000000000000000000
0000000000000000000
0000000000000000000
0000000000000000000
0000000000000000000
0000000000000000000
0000000000000000000
0000000000000000000
0000000000000000000
0000000000000000000
0000000000000000000
0000000000000000000
0000000000000000000
0000000000000000000
0000000000000000000
0000000000000000000
0000000000000000000
0000000000000000000
0000000000000000000
0000000000000000000
0000000000000000000
0000000000000000000
0000000000000000000
0000000000000000000
0000000000000000000
0000000000000000000
0000000000000000000
0000000000000000000
0000000000000000000
0000000000000000000
0000000000000000000
0000000000000000000
0000000000000000000
0000000000000000000
0000000000000000000
0000000000000000000
0000000000000000000
0000000000000000000
0000000000000000000
0000000000000000000
0000000000000000000
0000000000000000000
0000000000000000000
0000000000000000000
0000000000000000000
0000000000000000000
0000000000000000000
0000000000000000000
0000000000000000000
0000000000000000000
0000000000000000000
0000000000000000000
0000000000000000000
0000000000000000000
0000000000000000000
0000000000000000000
0000000000000000000
0000000000000000000
0000000000000000000
0000000000000000000
0000000000000000000
0000000000000000000
0000000000000000000
0000000000000000000
0000000000000000000
0000000000000000000
0000000000000000000
0000000000000000000
0000000000000000000
0000000000000000000
0000000000000000000
0000000000000000000
0000000000000000000
0000000000000000000
0000000000000000000
0000000000000000000
0000000000000000000
0000000000000000000
0000000000000000000
0000000000000000000
0000000000000000000
0000000000000000000
0000000000000000000
0000000000000000000
0000000000000000000
0000000000000000000
0000000000000000000
0000000000000000000
0000000000000000000
0000000000000000000
0000000000000000000
0000000000000000000
0000000000000000000
0000000000000000000
0000000000000000000
0000000000000000000
0000000000000000000
0000000000000000000
0000000000000000000
0000000000000000000
0000000000000000000
0000000000000000000
0000000000000000000
0000000000000000000
0000000000000000000
0000000000000000000
0000000000000000000
0000000000000000000
0000000000000000000
0000000000000000000
0000000000000000000
0000000000000000000
0000000000000000000
0000000000000000000
0000000000000000000
0000000000000000000
0000000000000000000
0000000000000000000
0000000000000000000
0000000000000000000
0000000000000000000
0000000000000000000
0000000000000000000
0000000000000000000
0000000000000000000
0000000000000000000
0000000000000000000
0000000000000000000
0000000000000000000
0000000000000000000
0000000000000000000
0000000000000000000
0000000000000000000
0000000000000000000
0000000000000000000
0000000000000000000
0000000000000000000
0000000000000000000
0000000000000000000
0000000000000000000
0000000000000000000
0000000000000000000
0000000000000000000
0000000000000000000
0000000000000000000
0000000000000000000
0000000000000000000
0000000000000000000
0000000000000000000
0000000000000000000
0000000000000000000
0000000000000000000
0000000000000000000
0000000000000000000
0000000000000000000
0000000000000000000
0000000000000000000
0000000000000000000
0000000000000000000
0000000000000000000
0000000000000000000
0000000000000000000
0000000000000000000
0000000000000000000
0000000000000000000
0000000000000000000
0000000000000000000
0000000000000000000
0000000000000000000
0000000000000000000
0000000000000000000
0000000000000000000
0000000000000000000
0000000000000000000
0000000000000000000
0000000000000000000
0000000000000000000
0000000000000000000
0000000000000000000
0000000000000000000
0000000000000000000
0000000000000000000
0000000000000000000
0000000000000000000
0000000000000000000
0000000000000000000
0000000000000000000
0000000000000000000
0000000000000000000
0000000000000000000
0000000000000000000
0000000000000000000
0000000000000000000
0000000000000000000
0000000000000000000
0000000000000000000
0000000000000000000
0000000000000000000
0000000000000000000
0000000000000000000
0000000000000000000
0000000000000000000
0000000000000000000
0000000000000000000
0000000000000000000
0000000000000000000
0000000000000000000
0000000000000000000
0000000000000000000
0000000000000000000
0000000000000000000
0000000000000000000
0000000000000000000
0000000000000000000
0000000000000000000
0000000000000000000
0000000000000000000
0000000000000000000
0000000000000000000
0000000000000000000
0000000000000000000
0000000000000000000
0000000000000000000
0000000000000000000
0000000000000000000
0000000000000000000
0000000000000000000
0000000000000000000
0000000000000000000
0000000000000000000
0000000000000000000
0000000000000000000
0000000000000000000
0000000000000000000
0000000000000000000
0000000000000000000
0000000000000000000
0000000000000000000
0000000000000000000
0000000000000000000
0000000000000000000
0000000000000000000
0000000000000000000
0000000000000000000
0000000000000000000
0000000000000000000
0000000000000000000
0000000000000000000
0000000000000000000
0000000000000000000
0000000000000000000
0000000000000000000
0000000000000000000
0000000000000000000
0000000000000000000
0000000000000000000
0000000000000000000
0000000000000000000
0000000000000000000
0000000000000000000
0000000000000000000
0000000000000000000
0000000000000000000
0000000000000000000
0000000000000000000
0000000000000000000
0000000000000000000
0000000000000000000
0000000000000000000
0000000000000000000
0000000000000000000
0000000000000000000
0000000000000000000
0000000000000000000
0000000000000000000
0000000000000000000
0000000000000000000
0000000000000000000
0000000000000000000
0000000000000000000
0000000000000000000
0000000000000000000
0000000000000000000
0000000000000000000
0000000000000000000
0000000000000000000
0000000000000000000
0000000000000000000
0000000000000000000
0000000000000000000
0000000000000000000
0000000000000000000
0000000000000000000
0000000000000000000
0000000000000000000
0000000000000000000
0000000000000000000
0000000000000000000
0000000000000000000
0000000000000000000
0000000000000000000
0000000000000000000
0000000000000000000
0000000000000000000
0000000000000000000
0000000000000000000
0000000000000000000
0000000000000000000
0000000000000000000
0000000000000000000
0000000000000000000
0000000000000000000
0000000000000000000
0000000000000000000
0000000000000000000
0000000000000000000
0000000000000000000
0000000000000000000
0000000000000000000
0000000000000000000
0000000000000000000
0000000000000000000
0000000000000000000
0000000000000000000
0000000000000000000
0000000000000000000
0000000000000000000
0000000000000000000
0000000000000000000
0000000000000000000
0000000000000000000
0000000000000000000
0000000000000000000
0000000000000000000
0000000000000000000
0000000000000000000
0000000000000000000
0000000000000000000
0000000000000000000
0000000000000000000
0000000000000000000
0000000000000000000
0000000000000000000
0000000000000000000
0000000000000000000
0000000000000000000
0000000000000000000
0000000000000000000
0000000000000000000
0000000000000000000
0000000000000000000
0000000000000000000
0000000000000000000
0000000000000000000
0000000000000000000
0000000000000000000
0000000000000000000
0000000000000000000
0000000000000000000
0000000000000000000
0000000000000000000
0000000000000000000
0000000000000000000
0000000000000000000
0000000000000000000
0000000000000000000
0000000000000000000
0000000000000000000
0000000000000000000
0000000000000000000
0000000000000000000
0000000000000000000
0000000000000000000
0000000000000000000
0000000000000000000
0000000000000000000
0000000000000000000
0000000000000000000
0000000000000000000
0000000000000000000
0000000000000000000
0000000000000000000
0000000000000000000
0000000000000000000
0000000000000000000
0000000000000000000
0000000000000000000
0000000000000000000
0000000000000000000
0000000000000000000
0000000000000000000
0000000000000000000
0000000000000000000
0000000000000000000
0000000000000000000
0000000000000000000
0000000000000000000
0000000000000000000
0000000000000000000
0000000000000000000
0000000000000000000
0000000000000000000
0000000000000000000
0000000000000000000
0000000000000000000
0000000000000000000
0000000000000000000
0000000000000000000
0000000000000000000
0000000000000000000
0000000000000000000
0000000000000000000
0000000000000000000
0000000000000000000
0000000000000000000
0000000000000000000
0000000000000000000
0000000000000000000
0000000000000000000
0000000000000000000
0000000000000000000
0000000000000000000
0000000000000000000
0000000000000000000
0000000000000000000
0000000000000000000
0000000000000000000
0000000000000000000
0000000000000000000
0000000000000000000
0000000000000000000
0000000000000000000
0000000000000000000
0000000000000000000
0000000000000000000
0000000000000000000
0000000000000000000
0000000000000000000
0000000000000000000
0000000000000000000
0000000000000000000
0000000000000000000
0000000000000000000
0000000000000000000
0000000000000000000
0000000000000000000
0000000000000000000
0000000000000000000
0000000000000000000
0000000000000000000
0000000000000000000
0000000000000000000
0000000000000000000
0000000000000000000
0000000000000000000
0000000000000000000
0000000000000000000
0000000000000000000
0000000000000000000
0000000000000000000
0000000000000000000
0000000000000000000
0000000000000000000
0000000000000000000
0000000000000000000
0000000000000000000
0000000000000000000
0000000000000000000
0000000000000000000
0000000000000000000
0000000000000000000
0000000000000000000
0000000000000000000
0000000000000000000
0000000000000000000
0000000000000000000
0000000000000000000
0000000000000000000
0000000000000000000
0000000000000000000
0000000000000000000
0000000000000000000
0000000000000000000
0000000000000000000
0000000000000000000
0000000000000000000
0000000000000000000
0000000000000000000
0000000000000000000
0000000000000000000
0000000000000000000
0000000000000000000
0000000000000000000
0000000000000000000
0000000000000000000
0000000000000000000
0000000000000000000
0000000000000000000
0000000000000000000
0000000000000000000
0000000000000000000
0000000000000000000
0000000000000000000
0000000000000000000
0000000000000000000
0000000000000000000
0000000000000000000
0000000000000000000
0000000000000000000
0000000000000000000
0000000000000000000
0000000000000000000
0000000000000000000
0000000000000000000
0000000000000000000
0000000000000000000
0000000000000000000
0000000000000000000
0000000000000000000
0000000000000000000
0000000000000000000
0000000000000000000
0000000000000000000
0000000000000000000
0000000000000000000
0000000000000000000
0000000000000000000
0000000000000000000
0000000000000000000
0000000000000000000
0000000000000000000
0000000000000000000
0000000000000000000
0000000000000000000
0000000000000000000
0000000000000000000
0000000000000000000
0000000000000000000
0000000000000000000
0000000000000000000
0000000000000000000
0000000000000000000
0000000000000000000
0000000000000000000
0000000000000000000
0000000000000000000
0000000000000000000
0000000000000000000
0000000000000000000
0000000000000000000
0000000000000000000
0000000000000000000
0000000000000000000
0000000000000000000
0000000000000000000
0000000000000000000
0000000000000000000
0000000000000000000
0000000000000000000
0000000000000000000
0000000000000000000
0000000000000000000
0000000000000000000
0000000000000000000
0000000000000000000
0000000000000000000
0000000000000000000
0000000000000000000
0000000000000000000
0000000000000000000
0000000000000000000
0000000000000000000
0000000000000000000
0000000000000000000
0000000000000000000
0000000000000000000
0000000000000000000
0000000000000000000
0000000000000000000
0000000000000000000
0000000000000000000
0000000000000000000
0000000000000000000
0000000000000000000
0000000000000000000
0000000000000000000
0000000000000000000
0000000000000000000
0000000000000000000
0000000000000000000
0000000000000000000
0000000000000000000
0000000000000000000
0000000000000000000
0000000000000000000
0000000000000000000
0000000000000000000
0000000000000000000
0000000000000000000
0000000000000000000
0000000000000000000
0000000000000000000
0000000000000000000
0000000000000000000
0000000000000000000
0000000000000000000
0000000000000000000
0000000000000000000
0000000000000000000
0000000000000000000
0000000000000000000
0000000000000000000
0000000000000000000
0000000000000000000
0000000000000000000
0000000000000000000
0000000000000000000
0000000000000000000
0000000000000000000
0000000000000000000
0000000000000000000
0000000000000000000
0000000000000000000
0000000000000000000
0000000000000000000
0000000000000000000
0000000000000000000
0000000000000000000
0000000000000000000
0000000000000000000
0000000000000000000
0000000000000000000
0000000000000000000
0000000000000000000
0000000000000000000
0000000000000000000
0000000000000000000
0000000000000000000
0000000000000000000
0000000000000000000
0000000000000000000
0000000000000000000
0000000000000000000
0000000000000000000
0000000000000000000
0000000000000000000
0000000000000000000
0000000000000000000
0000000000000000000
0000000000000000000
0000000000000000000
0000000000000000000
0000000000000000000
0000000000000000000
0000000000000000000
0000000000000000000
0000000000000000000
0000000000000000000
0000000000000000000
0000000000000000000
0000000000000000000
0000000000000000000
0000000000000000000
0000000000000000000
0000000000000000000
0000000000000000000
0000000000000000000
0000000000000000000
0000000000000000000
0000000000000000000
0000000000000000000
0000000000000000000
0000000000000000000
0000000000000000000
0000000000000000000
0000000000000000000
0000000000000000000
0000000000000000000
0000000000000000000
0000000000000000000
0000000000000000000
0000000000000000000
0000000000000000000
0000000000000000000
0000000000000000000
0000000000000000000
0000000000000000000
0000000000000000000
0000000000000000000
0000000000000000000
0000000000000000000
0000000000000000000
0000000000000000000
0000000000000000000
0000000000000000000
0000000000000000000
0000000000000000000
0000000000000000000
0000000000000000000
0000000000000000000
0000000000000000000
0000000000000000000
0000000000000000000
0000000000000000000
0000000000000000000
0000000000000000000
0000000000000000000
0000000000000000000
0000000000000000000
0000000000000000000
0000000000000000000
0000000000000000000
0000000000000000000
0000000000000000000
0000000000000000000
0000000000000000000
0000000000000000000
0000000000000000000
0000000000000000000
0000000000000000000
0000000000000000000
0000000000000000000
0000000000000000000
0000000000000000000
0000000000000000000
0000000000000000000
0000000000000000000
0000000000000000000
0000000000000000000
0000000000000000000
0000000000000000000
0000000000000000000
0000000000000000000
0000000000000000000
0000000000000000000
0000000000000000000
0000000000000000000
0000000000000000000
0000000000000000000
0000000000000000000
0000000000000000000
0000000000000000000
0000000000000000000
0000000000000000000
0000000000000000000
0000000000000000000
0000000000000000000
0000000000000000000
0000000000000000000
0000000000000000000
0000000000000000000
0000000000000000000
0000000000000000000
0000000000000000000
0000000000000000000
0000000000000000000
0000000000000000000
0000000000000000000
0000000000000000000
0000000000000000000
0000000000000000000
0000000000000000000
0000000000000000000
0000000000000000000
0000000000000000000
0000000000000000000
0000000000000000000
0000000000000000000
0000000000000000000
0000000000000000000
0000000000000000000
0000000000000000000
0000000000000000000
0000000000000000000
0000000000000000000
0000000000000000000
0000000000000000000
0000000000000000000
0000000000000000000
0000000000000000000
0000000000000000000
0000000000000000000
0000000000000000000
0000000000000000000
0000000000000000000
0000000000000000000
0000000000000000000
0000000000000000000
0000000000000000000
0000000000000000000
0000000000000000000
0000000000000000000
0000000000000000000
0000000000000000000
0000000000000000000
0000000000000000000
0000000000000000000
0000000000000000000
0000000000000000000
0000000000000000000
0000000000000000000
0000000000000000000
0000000000000000000
0000000000000000000
0000000000000000000
0000000000000000000
0000000000000000000
0000000000000000000
0000000000000000000
0000000000000000000
0000000000000000000
0000000000000000000
0000000000000000000
0000000000000000000
0000000000000000000
0000000000000000000
0000000000000000000
0000000000000000000
0000000000000000000
0000000000000000000
0000000000000000000
0000000000000000000
0000000000000000000
0000000000000000000
0000000000000000000
0000000000000000000
0000000000000000000
0000000000000000000
0000000000000000000
0000000000000000000
0000000000000000000
0000000000000000000
0000000000000000000
0000000000000000000
0000000000000000000
0000000000000000000
0000000000000000000
0000000000000000000
0000000000000000000
0000000000000000000
0000000000000000000
0000000000000000000
0000000000000000000
0000000000000000000
0000000000000000000
0000000000000000000
0000000000000000000
0000000000000000000
0000000000000000000
0000000000000000000
0000000000000000000
0000000000000000000
0000000000000000000
0000000000000000000
0000000000000000000
0000000000000000000
0000000000000000000
0000000000000000000
0000000000000000000
0000000000000000000
0000000000000000000
0000000000000000000
0000000000000000000
0000000000000000000
0000000000000000000
0000000000000000000
0000000000000000000
0000000000000000000
0000000000000000000
0000000000000000000
0000000000000000000
0000000000000000000
0000000000000000000
0000000000000000000
0000000000000000000
0000000000000000000
0000000000000000000
0000000000000000000
0000000000000000000
0000000000000000000
0000000000000000000
0000000000000000000
0000000000000000000
0000000000000000000
0000000000000000000
0000000000000000000
0000000000000000000
0000000000000000000
0000000000000000000
0000000000000000000
0000000000000000000
0000000000000000000
0000000000000000000
0000000000000000000
0000000000000000000
0000000000000000000
0000000000000000000
0000000000000000000
0000000000000000000
0000000000000000000
0000000000000000000
0000000000000000000
0000000000000000000
0000000000000000000
0000000000000000000
0000000000000000000
0000000000000000000
0000000000000000000
0000000000000000000
0000000000000000000
0000000000000000000
0000000000000000000
0000000000000000000
0000000000000000000
0000000000000000000
0000000000000000000
0000000000000000000
0000000000000000000
0000000000000000000
0000000000000000000
0000000000000000000
0000000000000000000
0000000000000000000
0000000000000000000
0000000000000000000
0000000000000000000
0000000000000000000
0000000000000000000
0000000000000000000
0000000000000000000
0000000000000000000
0000000000000000000
0000000000000000000
0000000000000000000
0000000000000000000
0000000000000000000
0000000000000000000
0000000000000000000
0000000000000000000
0000000000000000000
0000000000000000000
0000000000000000000
0000000000000000000
0000000000000000000
0000000000000000000
0000000000000000000
0000000000000000000
0000000000000000000
0000000000000000000
0000000000000000000
0000000000000000000
0000000000000000000
0000000000000000000
0000000000000000000
0000000000000000000
0000000000000000000
0000000000000000000
0000000000000000000
0000000000000000000
0000000000000000000
0000000000000000000
0000000000000000000
0000000000000000000
0000000000000000000
0000000000000000000
0000000000000000000
0000000000000000000
0000000000000000000
0000000000000000000
0000000000000000000
0000000000000000000
0000000000000000000
0000000000000000000
0000000000000000000
0000000000000000000
0000000000000000000
0000000000000000000
0000000000000000000
0000000000000000000
0000000000000000000
0000000000000000000
0000000000000000000
0000000000000000000
0000000000000000000
0000000000000000000
0000000000000000000
0000000000000000000
0000000000000000000
0000000000000000000
0000000000000000000
0000000000000000000
0000000000000000000
0000000000000000000
0000000000000000000
0000000000000000000
0000000000000000000
0000000000000000000
0000000000000000000
0000000000000000000
0000000000000000000
0000000000000000000
0000000000000000000
0000000000000000000
0000000000000000000
0000000000000000000
0000000000000000000
0000000000000000000
0000000000000000000
0000000000000000000
0000000000000000000
0000000000000000000
0000000000000000000
0000000000000000000
0000000000000000000
0000000000000000000
0000000000000000000
0000000000000000000
0000000000000000000
0000000000000000000
0000000000000000000
0000000000000000000
0000000000000000000
0000000000000000000
0000000000000000000
0000000000000000000
0000000000000000000
0000000000000000000
0000000000000000000
0000000000000000000
0000000000000000000
0000000000000000000
0000000000000000000
0000000000000000000
0000000000000000000
0000000000000000000
0000000000000000000
0000000000000000000
0000000000000000000
0000000000000000000
0000000000000000000
0000000000000000000
0000000000000000000
0000000000000000000
0000000000000000000
0000000000000000000
0000000000000000000
0000000000000000000
0000000000000000000
0000000000000000000
0000000000000000000
0000000000000000000
0000000000000000000
0000000000000000000
0000000000000000000
0000000000000000000
0000000000000000000
0000000000000000000
0000000000000000000
0000000000000000000
0000000000000000000
0000000000000000000
0000000000000000000
0000000000000000000
0000000000000000000
0000000000000000000
0000000000000000000
0000000000000000000
0000000000000000000
0000000000000000000
0000000000000000000
0000000000000000000
0000000000000000000
0000000000000000000
0000000000000000000
0000000000000000000
0000000000000000000
0000000000000000000
0000000000000000000
0000000000000000000
0000000000000000000
0000000000000000000
0000000000000000000
0000000000000000000
0000000000000000000
0000000000000000000
0000000000000000000
0000000000000000000
0000000000000000000
0000000000000000000
0000000000000000000
0000000000000000000
0000000000000000000
0000000000000000000
0000000000000000000
0000000000000000000
0000000000000000000
0000000000000000000
0000000000000000000
0000000000000000000
0000000000000000000
0000000000000000000
0000000000000000000
0000000000000000000
0000000000000000000
0000000000000000000
0000000000000000000
0000000000000000000
0000000000000000000
0000000000000000000
0000000000000000000
0000000000000000000
0000000000000000000
0000000000000000000
0000000000000000000
0000000000000000000
0000000000000000000
0000000000000000000
0000000000000000000
0000000000000000000
0000000000000000000
0000000000000000000
0000000000000000000
0000000000000000000
0000000000000000000
0000000000000000000
0000000000000000000
0000000000000000000
0000000000000000000
0000000000000000000
0000000000000000000
0000000000000000000
0000000000000000000
0000000000000000000
0000000000000000000
0000000000000000000
0000000000000000000
0000000000000000000
0000000000000000000
0000000000000000000
0000000000000000000
0000000000000000000
0000000000000000000
0000000000000000000
0000000000000000000
0000000000000000000
0000000000000000000
0000000000000000000
0000000000000000000
0000000000000000000
0000000000000000000
0000000000000000000
0000000000000000000
0000000000000000000
0000000000000000000
0000000000000000000
0000000000000000000
0000000000000000000
0000000000000000000
0000000000000000000
0000000000000000000
0000000000000000000
0000000000000000000
0000000000000000000
0000000000000000000
0000000000000000000
0000000000000000000
0000000000000000000
0000000000000000000
0000000000000000000
0000000000000000000
0000000000000000000
0000000000000000000
0000000000000000000
0000000000000000000
0000000000000000000
0000000000000000000
0000000000000000000
0000000000000000000
0000000000000000000
0000000000000000000
0000000000000000000
0000000000000000000
0000000000000000000
0000000000000000000
0000000000000000000
0000000000000000000
0000000000000000000
0000000000000000000
0000000000000000000
0000000000000000000
0000000000000000000
0000000000000000000
0000000000000000000
0000000000000000000
0000000000000000000
0000000000000000000
0000000000000000000
0000000000000000000
0000000000000000000
0000000000000000000
0000000000000000000
0000000000000000000
0000000000000000000
0000000000000000000
0000000000000000000
0000000000000000000
0000000000000000000
0000000000000000000
0000000000000000000
0000000000000000000
0000000000000000000
0000000000000000000
0000000000000000000
0000000000000000000
0000000000000000000
0000000000000000000
0000000000000000000
0000000000000000000
0000000000000000000
0000000000000000000
0000000000000000000
0000000000000000000
0000000000000000000
0000000000000000000
0000000000000000000
0000000000000000000
0000000000000000000
0000000000000000000
0000000000000000000
0000000000000000000
0000000000000000000
0000000000000000000
0000000000000000000
0000000000000000000
0000000000000000000
0000000000000000000
0000000000000000000
0000000000000000000
0000000000000000000
0000000000000000000
0000000000000000000
0000000000000000000
0000000000000000000
0000000000000000000
0000000000000000000
0000000000000000000
0000000000000000000
0000000000000000000
0000000000000000000
0000000000000000000
0000000000000000000
0000000000000000000
0000000000000000000
0000000000000000000
0000000000000000000
0000000000000000000
0000000000000000000
0000000000000000000
0000000000000000000
0000000000000000000
0000000000000000000
0000000000000000000
0000000000000000000
0000000000000000000
0000000000000000000
0000000000000000000
0000000000000000000
0000000000000000000
0000000000000000000
0000000000000000000
0000000000000000000
0000000000000000000
0000000000000000000
0000000000000000000
0000000000000000000
0000000000000000000
0000000000000000000
0000000000000000000
0000000000000000000
0000000000000000000
0000000000000000000
0000000000000000000
0000000000000000000
0000000000000000000
0000000000000000000
0000000000000000000
0000000000000000000
0000000000000000000
0000000000000000000
0000000000000000000
0000000000000000000
0000000000000000000
0000000000000000000
0000000000000000000
0000000000000000000
0000000000000000000
0000000000000000000
0000000000000000000
0000000000000000000
0000000000000000000
0000000000000000000
0000000000000000000
0000000000000000000
0000000000000000000
0000000000000000000
0000000000000000000
0000000000000000000
0000000000000000000
0000000000000000000
0000000000000000000
0000000000000000000
0000000000000000000
0000000000000000000
0000000000000000000
0000000000000000000
0000000000000000000
0000000000000000000
0000000000000000000
0000000000000000000
0000000000000000000
0000000000000000000
0000000000000000000
0000000000000000000
0000000000000000000
0000000000000000000
0000000000000000000
0000000000000000000
0000000000000000000
0000000000000000000
0000000000000000000
0000000000000000000
0000000000000000000
0000000000000000000
0000000000000000000
0000000000000000000
0000000000000000000
0000000000000000000
0000000000000000000
0000000000000000000
0000000000000000000
0000000000000000000
0000000000000000000
0000000000000000000
0000000000000000000
0000000000000000000
0000000000000000000
0000000000000000000
0000000000000000000
0000000000000000000
0000000000000000000
0000000000000000000
0000000000000000000
0000000000000000000
0000000000000000000
0000000000000000000
0000000000000000000
0000000000000000000
0000000000000000000
0000000000000000000
0000000000000000000
0000000000000000000
0000000000000000000
0000000000000000000
0000000000000000000
0000000000000000000
0000000000000000000
0000000000000000000
0000000000000000000
0000000000000000000
0000000000000000000
0000000000000000000
0000000000000000000
0000000000000000000
0000000000000000000
0000000000000000000
0000000000000000000
0000000000000000000
0000000000000000000
0000000000000000000
0000000000000000000
0000000000000000000
0000000000000000000
0000000000000000000
0000000000000000000
0000000000000000000
0000000000000000000
0000000000000000000
0000000000000000000
0000000000000000000
0000000000000000000
0000000000000000000
0000000000000000000
0000000000000000000
0000000000000000000
0000000000000000000
0000000000000000000
0000000000000000000
0000000000000000000
0000000000000000000
0000000000000000000
0000000000000000000
0000000000000000000
0000000000000000000
0000000000000000000
0000000000000000000
0000000000000000000
0000000000000000000
0000000000000000000
0000000000000000000
0000000000000000000
0000000000000000000
0000000000000000000
0000000000000000000
0000000000000000000
0000000000000000000
0000000000000000000
0000000000000000000
0000000000000000000
0000000000000000000
0000000000000000000
0000000000000000000
0000000000000000000
0000000000000000000
0000000000000000000
0000000000000000000
0000000000000000000
0000000000000000000
0000000000000000000
0000000000000000000
0000000000000000000
0000000000000000000
0000000000000000000
0000000000000000000
0000000000000000000
0000000000000000000
0000000000000000000
0000000000000000000
0000000000000000000
0000000000000000000
0000000000000000000
0000000000000000000
0000000000000000000
0000000000000000000
0000000000000000000
0000000000000000000
0000000000000000000
0000000000000000000
0000000000000000000
0000000000000000000
0000000000000000000
0000000000000000000
0000000000000000000
0000000000000000000
0000000000000000000
0000000000000000000
0000000000000000000
0000000000000000000
0000000000000000000
0000000000000000000
0000000000000000000
0000000000000000000
0000000000000000000
0000000000000000000
0000000000000000000
0000000000000000000
0000000000000000000
0000000000000000000
0000000000000000000
0000000000000000000
0000000000000000000
0000000000000000000
0000000000000000000
0000000000000000000
0000000000000000000
0000000000000000000
0000000000000000000
0000000000000000000
0000000000000000000
0000000000000000000
0000000000000000000
0000000000000000000
0000000000000000000
0000000000000000000
0000000000000000000
0000000000000000000
0000000000000000000
0000000000000000000
0000000000000000000
0000000000000000000
0000000000000000000
0000000000000000000
0000000000000000000
0000000000000000000
0000000000000000000
0000000000000000000
0000000000000000000
0000000000000000000
0000000000000000000
0000000000000000000
0000000000000000000
0000000000000000000
0000000000000000000
0000000000000000000
0000000000000000000
0000000000000000000
0000000000000000000
0000000000000000000
0000000000000000000
0000000000000000000
0000000000000000000
0000000000000000000
0000000000000000000
0000000000000000000
0000000000000000000
0000000000000000000
0000000000000000000
0000000000000000000
0000000000000000000
0000000000000000000
0000000000000000000
0000000000000000000
0000000000000000000
0000000000000000000
0000000000000000000
0000000000000000000
0000000000000000000
0000000000000000000
0000000000000000000
0000000000000000000
0000000000000000000
0000000000000000000
0000000000000000000
0000000000000000000
0000000000000000000
0000000000000000000
0000000000000000000
0000000000000000000
0000000000000000000
0000000000000000000
0000000000000000000
0000000000000000000
0000000000000000000
0000000000000000000
0000000000000000000
0000000000000000000
0000000000000000000
0000000000000000000
0000000000000000000
0000000000000000000
0000000000000000000
0000000000000000000
0000000000000000000
0000000000000000000
0000000000000000000
0000000000000000000
0000000000000000000
0000000000000000000
0000000000000000000
0000000000000000000
0000000000000000000
0000000000000000000
0000000000000000000
0000000000000000000
0000000000000000000
0000000000000000000
0000000000000000000
0000000000000000000
0000000000000000000
0000000000000000000
0000000000000000000
0000000000000000000
0000000000000000000
0000000000000000000
0000000000000000000
0000000000000000000
0000000000000000000
0000000000000000000
0000000000000000000
0000000000000000000
0000000000000000000
0000000000000000000
0000000000000000000
0000000000000000000
0000000000000000000
0000000000000000000
0000000000000000000
0000000000000000000
0000000000000000000
0000000000000000000
0000000000000000000
0000000000000000000
0000000000000000000
0000000000000000000
0000000000000000000
0000000000000000000
0000000000000000000
0000000000000000000
0000000000000000000
0000000000000000000
0000000000000000000
0000000000000000000
0000000000000000000
0000000000000000000
0000000000000000000
0000000000000000000
0000000000000000000
0000000000000000000
0000000000000000000
0000000000000000000
0000000000000000000
0000000000000000000
0000000000000000000
0000000000000000000
0000000000000000000
0000000000000000000
0000000000000000000
0000000000000000000
0000000000000000000
0000000000000000000
0000000000000000000
0000000000000000000
0000000000000000000
0000000000000000000
0000000000000000000
0000000000000000000
0000000000000000000
0000000000000000000
0000000000000000000
0000000000000000000
0000000000000000000
0000000000000000000
0000000000000000000
0000000000000000000
0000000000000000000
0000000000000000000
0000000000000000000
0000000000000000000
0000000000000000000
0000000000000000000
0000000000000000000
0000000000000000000
0000000000000000000
0000000000000000000
0000000000000000000
0000000000000000000
0000000000000000000
0000000000000000000
0000000000000000000
0000000000000000000
0000000000000000000
0000000000000000000
0000000000000000000
0000000000000000000
0000000000000000000
0000000000000000000
0000000000000000000
0000000000000000000
0000000000000000000
0000000000000000000
0000000000000000000
0000000000000000000
0000000000000000000
0000000000000000000
0000000000000000000
0000000000000000000
0000000000000000000
0000000000000000000
0000000000000000000
0000000000000000000
0000000000000000000
0000000000000000000
0000000000000000000
0000000000000000000
0000000000000000000
0000000000000000000
0000000000000000000
0000000000000000000
0000000000000000000
0000000000000000000
0000000000000000000
0000000000000000000
0000000000000000000
0000000000000000000
0000000000000000000
0000000000000000000
0000000000000000000
0000000000000000000
0000000000000000000
0000000000000000000
0000000000000000000
0000000000000000000
0000000000000000000
0000000000000000000
0000000000000000000
0000000000000000000
0000000000000000000
0000000000000000000
0000000000000000000
0000000000000000000
0000000000000000000
0000000000000000000
0000000000000000000
0000000000000000000
0000000000000000000
0000000000000000000
0000000000000000000
0000000000000000000
0000000000000000000
0000000000000000000
0000000000000000000
0000000000000000000
0000000000000000000
0000000000000000000
0000000000000000000
0000000000000000000
0000000000000000000
0000000000000000000
0000000000000000000
0000000000000000000
0000000000000000000
0000000000000000000
0000000000000000000
0000000000000000000
0000000000000000000
0000000000000000000
0000000000000000000
0000000000000000000
0000000000000000000
0000000000000000000
0000000000000000000
0000000000000000000
0000000000000000000
0000000000000000000
0000000000000000000
0000000000000000000
0000000000000000000
0000000000000000000
0000000000000000000
0000000000000000000
0000000000000000000
0000000000000000000
0000000000000000000
0000000000000000000
0000000000000000000
0000000000000000000
0000000000000000000
0000000000000000000
0000000000000000000
0000000000000000000
0000000000000000000
0000000000000000000
0000000000000000000
0000000000000000000
0000000000000000000
0000000000000000000
0000000000000000000
0000000000000000000
0000000000000000000
0000000000000000000
0000000000000000000
0000000000000000000
0000000000000000000
0000000000000000000
0000000000000000000
0000000000000000000
0000000000000000000
0000000000000000000
0000000000000000000
0000000000000000000
0000000000000000000
0000000000000000000
0000000000000000000
0000000000000000000
0000000000000000000
0000000000000000000
0000000000000000000
0000000000000000000
0000000000000000000
0000000000000000000
0000000000000000000
0000000000000000000
0000000000000000000
0000000000000000000
0000000000000000000
0000000000000000000
0000000000000000000
0000000000000000000
0000000000000000000
0000000000000000000
0000000000000000000
0000000000000000000
0000000000000000000
0000000000000000000
0000000000000000000
0000000000000000000
0000000000000000000
0000000000000000000
0000000000000000000
0000000000000000000
0000000000000000000
0000000000000000000
0000000000000000000
0000000000000000000
0000000000000000000
0000000000000000000
0000000000000000000
0000000000000000000
0000000000000000000
0000000000000000000
0000000000000000000
0000000000000000000
0000000000000000000
0000000000000000000
0000000000000000000
0000000000000000000
0000000000000000000
0000000000000000000
0000000000000000000
0000000000000000000
0000000000000000000
0000000000000000000
0000000000000000000
0000000000000000000
0000000000000000000
0000000000000000000
0000000000000000000
0000000000000000000
0000000000000000000
0000000000000000000
0000000000000000000
0000000000000000000
0000000000000000000
0000000000000000000
0000000000000000000
0000000000000000000
0000000000000000000
0000000000000000000
0000000000000000000
0000000000000000000
0000000000000000000
0000000000000000000
0000000000000000000
0000000000000000000
0000000000000000000
0000000000000000000
0000000000000000000
0000000000000000000
0000000000000000000
0000000000000000000
0000000000000000000
0000000000000000000
0000000000000000000
0000000000000000000
0000000000000000000
0000000000000000000
0000000000000000000
0000000000000000000
0000000000000000000
0000000000000000000
0000000000000000000
0000000000000000000
0000000000000000000
0000000000000000000
0000000000000000000
0000000000000000000
0000000000000000000
0000000000000000000
0000000000000000000
0000000000000000000
0000000000000000000
0000000000000000000
0000000000000000000
0000000000000000000
0000000000000000000
0000000000000000000
0000000000000000000
0000000000000000000
0000000000000000000
0000000000000000000
0000000000000000000
0000000000000000000
0000000000000000000
0000000000000000000
0000000000000000000
0000000000000000000
0000000000000000000
0000000000000000000
0000000000000000000
0000000000000000000
0000000000000000000
0000000000000000000
0000000000000000000
0000000000000000000
0000000000000000000
0000000000000000000
0000000000000000000
0000000000000000000
0000000000000000000
0000000000000000000
0000000000000000000
0000000000000000000
0000000000000000000
0000000000000000000
0000000000000000000
0000000000000000000
0000000000000000000
0000000000000000000
0000000000000000000
0000000000000000000
0000000000000000000
0000000000000000000
0000000000000000000
0000000000000000000
0000000000000000000
0000000000000000000
0000000000000000000
0000000000000000000
0000000000000000000
0000000000000000000
0000000000000000000
0000000000000000000
0000000000000000000
0000000000000000000
0000000000000000000
0000000000000000000
0000000000000000000
0000000000000000000
0000000000000000000
0000000000000000000
0000000000000000000
0000000000000000000
0000000000000000000
0000000000000000000
0000000000000000000
0000000000000000000
0000000000000000000
0000000000000000000
0000000000000000000
0000000000000000000
0000000000000000000
0000000000000000000
0000000000000000000
0000000000000000000
0000000000000000000
0000000000000000000
0000000000000000000
0000000000000000000
0000000000000000000
0000000000000000000
0000000000000000000
0000000000000000000
0000000000000000000
0000000000000000000
0000000000000000000
0000000000000000000
0000000000000000000
0000000000000000000
0000000000000000000
0000000000000000000
0000000000000000000
0000000000000000000
0000000000000000000
0000000000000000000
0000000000000000000
0000000000000000000
0000000000000000000
0000000000000000000
0000000000000000000
0000000000000000000
0000000000000000000
0000000000000000000
0000000000000000000
0000000000000000000
0000000000000000000
0000000000000000000
0000000000000000000
0000000000000000000
0000000000000000000
0000000000000000000
0000000000000000000
0000000000000000000
0000000000000000000
0000000000000000000
0000000000000000000
0000000000000000000
0000000000000000000
0000000000000000000
0000000000000000000
0000000000000000000
0000000000000000000
0000000000000000000
0000000000000000000
0000000000000000000
0000000000000000000
0000000000000000000
0000000000000000000
0000000000000000000
0000000000000000000
0000000000000000000
0000000000000000000
0000000000000000000
0000000000000000000
0000000000000000000
0000000000000000000
0000000000000000000
0000000000000000000
0000000000000000000
0000000000000000000
0000000000000000000
0000000000000000000
0000000000000000000
0000000000000000000
0000000000000000000
0000000000000000000
0000000000000000000
0000000000000000000
0000000000000000000
0000000000000000000
0000000000000000000
0000000000000000000
0000000000000000000
0000000000000000000
0000000000000000000
0000000000000000000
0000000000000000000
0000000000000000000
0000000000000000000
0000000000000000000
0000000000000000000
0000000000000000000
0000000000000000000
0000000000000000000
0000000000000000000
0000000000000000000
0000000000000000000
0000000000000000000
0000000000000000000
0000000000000000000
0000000000000000000
0000000000000000000
0000000000000000000
0000000000000000000
0000000000000000000
0000000000000000000
0000000000000000000
0000000000000000000
0000000000000000000
0000000000000000000
0000000000000000000
0000000000000000000
0000000000000000000
0000000000000000000
0000000000000000000
0000000000000000000
0000000000000000000
0000000000000000000
0000000000000000000
0000000000000000000
0000000000000000000
0000000000000000000
0000000000000000000
0000000000000000000
0000000000000000000
0000000000000000000
0000000000000000000
0000000000000000000
0000000000000000000
0000000000000000000
0000000000000000000
0000000000000000000
0000000000000000000
0000000000000000000
0000000000000000000
0000000000000000000
0000000000000000000
0000000000000000000
0000000000000000000
0000000000000000000
0000000000000000000
0000000000000000000
0000000000000000000
0000000000000000000
0000000000000000000
0000000000000000000
0000000000000000000
0000000000000000000
0000000000000000000
0000000000000000000
0000000000000000000
0000000000000000000
0000000000000000000
0000000000000000000
0000000000000000000
0000000000000000000
0000000000000000000
0000000000000000000
0000000000000000000
0000000000000000000
0000000000000000000
0000000000000000000
0000000000000000000
0000000000000000000
0000000000000000000
0000000000000000000
0000000000000000000
0000000000000000000
0000000000000000000
0000000000000000000
0000000000000000000
0000000000000000000
0000000000000000000
0000000000000000000
0000000000000000000
0000000000000000000
0000000000000000000
0000000000000000000
0000000000000000000
0000000000000000000
0000000000000000000
0000000000000000000
0000000000000000000
0000000000000000000
0000000000000000000
0000000000000000000
0000000000000000000
0000000000000000000
0000000000000000000
0000000000000000000
0000000000000000000
0000000000000000000
0000000000000000000
0000000000000000000
0000000000000000000
0000000000000000000
0000000000000000000
0000000000000000000
0000000000000000000
0000000000000000000
0000000000000000000
0000000000000000000
0000000000000000000
0000000000000000000
0000000000000000000
0000000000000000000
0000000000000000000
0000000000000000000
0000000000000000000
0000000000000000000
0000000000000000000
0000000000000000000
0000000000000000000
0000000000000000000
0000000000000000000
0000000000000000001
0000000000000000001
0000000000000000001
0000000000000000001
0000000000000000001
0000000000000000001
0000000000000000001
0000000000000000001
0000000000000000001
0000000000000000001
0000000000000000001
0000000000000000001
0000000000000000001
0000000000000000001
0000000000000000000
0000000000000000000
0000000000000000000
0000000000000000000
0000000000000000000
0000000000000000000
0000000000000000000
0000000000000000000
0000000000000000000
0000000000000000000
0000000000000000000
0000000000000000000
0000000000000000000
0000000000000000000
0000000000000000000
0000000000000000000
0000000000000000000
0000000000000000000
0000000000000000000
0000000000000000000
0000000000000000000
0000000000000000000
0000000000000000000
0000000000000000000
0000000000000000000
0000000000000000000
0000000000000000000
0000000000000000000
0000000000000000000
0000000000000000000
0000000000000000000
0000000000000000000
0000000000000000000
0000000000000000000
0000000000000000000
0000000000000000000
0000000000000000000
0000000000000000000
0000000000000000000
0000000000000000001
0000000000000000001
0000000000000000001
0000000000000000001
0000000000000000001
0000000000000000001
0000000000000000001
0000000000000000001
0000000000000000001
0000000000000000001
0000000000000000001
0000000000000000001
0000000000000000001
0000000000000000001
0000000000000000001
0000000000000000001
0000000000000000001
0000000000000000001
0000000000000000001
0000000000000000001
0000000000000000001
0000000000000000001
0000000000000000001
0000000000000000001
0000000000000000001
0000000000000000000
0000000000000000000
0000000000000000000
0000000000000000000
0000000000000000000
0000000000000000000
0000000000000000000
0000000000000000000
0000000000000000000
0000000000000000000
0000000000000000000
0000000000000000000
0000000000000000000
0000000000000000000
0000000000000000000
0000000000000000000
0000000000000000000
0000000000000000000
0000000000000000000
0000000000000000000
0000000000000000000
0000000000000000000
0000000000000000000
0000000000000000000
0000000000000000000
0000000000000000000
0000000000000000000
0000000000000000000
0000000000000000000
0000000000000000000
0000000000000000000
0000000000000000001
0000000000000000001
0000000000000000001
0000000000000000001
0000000000000000001
0000000000000000001
0000000000000000001
0000000000000000001
0000000000000000001
0000000000000000001
0000000000000000001
0000000000000000001
0000000000000000001
0000000000000000001
0000000000000000001
0000000000000000001
0000000000000000001
0000000000000000001
0000000000000000001
0000000000000000001
0000000000000000001
0000000000000000001
0000000000000000001
0000000000000000001
0000000000000000001
0000000000000000001
0000000000000000001
0000000000000000001
0000000000000000001
0000000000000000001
0000000000000000001
0000000000000000001
0000000000000000001
0000000000000000000
0000000000000000000
0000000000000000000
0000000000000000000
0000000000000000000
0000000000000000000
0000000000000000000
0000000000000000000
0000000000000000000
0000000000000000000
0000000000000000000
0000000000000000000
0000000000000000000
0000000000000000000
0000000000000000000
0000000000000000000
0000000000000000000
0000000000000000000
0000000000000000000
0000000000000000000
0000000000000000000
0000000000000000000
0000000000000000000
0000000000000000000
0000000000000000001
0000000000000000001
0000000000000000001
0000000000000000001
0000000000000000001
0000000000000000001
0000000000000000001
0000000000000000001
0000000000000000001
0000000000000000001
0000000000000000001
0000000000000000001
0000000000000000001
0000000000000000001
0000000000000000001
0000000000000000001
0000000000000000001
0000000000000000001
0000000000000000001
0000000000000000001
0000000000000000001
0000000000000000001
0000000000000000001
0000000000000000001
0000000000000000001
0000000000000000001
0000000000000000001
0000000000000000001
0000000000000000001
0000000000000000001
0000000000000000001
0000000000000000001
0000000000000000001
0000000000000000001
0000000000000000001
0000000000000000001
0000000000000000001
0000000000000000001
0000000000000000001
0000000000000000001
0000000000000000000
0000000000000000000
0000000000000000000
0000000000000000000
0000000000000000000
0000000000000000000
0000000000000000000
0000000000000000000
0000000000000000000
0000000000000000000
0000000000000000000
0000000000000000000
0000000000000000000
0000000000000000000
0000000000000000000
0000000000000000000
0000000000000000000
0000000000000000000
0000000000000000000
0000000000000000001
0000000000000000001
0000000000000000001
0000000000000000001
0000000000000000001
0000000000000000001
0000000000000000001
0000000000000000001
0000000000000000001
0000000000000000001
0000000000000000001
0000000000000000001
0000000000000000001
0000000000000000001
0000000000000000001
0000000000000000001
0000000000000000001
0000000000000000001
0000000000000000001
0000000000000000001
0000000000000000001
0000000000000000001
0000000000000000001
0000000000000000001
0000000000000000001
0000000000000000001
0000000000000000001
0000000000000000001
0000000000000000001
0000000000000000001
0000000000000000001
0000000000000000001
0000000000000000001
0000000000000000001
0000000000000000001
0000000000000000001
0000000000000000010
0000000000000000010
0000000000000000010
0000000000000000010
0000000000000000010
0000000000000000010
0000000000000000010
0000000000000000010
0000000000000000010
0000000000000000000
0000000000000000000
0000000000000000000
0000000000000000000
0000000000000000000
0000000000000000000
0000000000000000000
0000000000000000000
0000000000000000000
0000000000000000000
0000000000000000000
0000000000000000000
0000000000000000000
0000000000000000000
0000000000000000000
0000000000000000001
0000000000000000001
0000000000000000001
0000000000000000001
0000000000000000001
0000000000000000001
0000000000000000001
0000000000000000001
0000000000000000001
0000000000000000001
0000000000000000001
0000000000000000001
0000000000000000001
0000000000000000001
0000000000000000001
0000000000000000001
0000000000000000001
0000000000000000001
0000000000000000001
0000000000000000001
0000000000000000001
0000000000000000001
0000000000000000001
0000000000000000001
0000000000000000001
0000000000000000001
0000000000000000001
0000000000000000001
0000000000000000010
0000000000000000010
0000000000000000010
0000000000000000010
0000000000000000010
0000000000000000010
0000000000000000010
0000000000000000010
0000000000000000010
0000000000000000010
0000000000000000010
0000000000000000010
0000000000000000010
0000000000000000010
0000000000000000010
0000000000000000010
0000000000000000010
0000000000000000010
0000000000000000010
0000000000000000010
0000000000000000010
0000000000000000000
0000000000000000000
0000000000000000000
0000000000000000000
0000000000000000000
0000000000000000000
0000000000000000000
0000000000000000000
0000000000000000000
0000000000000000000
0000000000000000000
0000000000000000000
0000000000000000001
0000000000000000001
0000000000000000001
0000000000000000001
0000000000000000001
0000000000000000001
0000000000000000001
0000000000000000001
0000000000000000001
0000000000000000001
0000000000000000001
0000000000000000001
0000000000000000001
0000000000000000001
0000000000000000001
0000000000000000001
0000000000000000001
0000000000000000001
0000000000000000001
0000000000000000001
0000000000000000001
0000000000000000001
0000000000000000010
0000000000000000010
0000000000000000010
0000000000000000010
0000000000000000010
0000000000000000010
0000000000000000010
0000000000000000010
0000000000000000010
0000000000000000010
0000000000000000010
0000000000000000010
0000000000000000010
0000000000000000010
0000000000000000010
0000000000000000010
0000000000000000010
0000000000000000010
0000000000000000010
0000000000000000010
0000000000000000010
0000000000000000010
0000000000000000011
0000000000000000011
0000000000000000011
0000000000000000011
0000000000000000011
0000000000000000011
0000000000000000011
0000000000000000011
0000000000000000000
0000000000000000000
0000000000000000000
0000000000000000000
0000000000000000000
0000000000000000000
0000000000000000000
0000000000000000000
0000000000000000000
0000000000000000001
0000000000000000001
0000000000000000001
0000000000000000001
0000000000000000001
0000000000000000001
0000000000000000001
0000000000000000001
0000000000000000001
0000000000000000001
0000000000000000001
0000000000000000001
0000000000000000001
0000000000000000001
0000000000000000001
0000000000000000001
0000000000000000001
0000000000000000010
0000000000000000010
0000000000000000010
0000000000000000010
0000000000000000010
0000000000000000010
0000000000000000010
0000000000000000010
0000000000000000010
0000000000000000010
0000000000000000010
0000000000000000010
0000000000000000010
0000000000000000010
0000000000000000010
0000000000000000010
0000000000000000010
0000000000000000010
0000000000000000011
0000000000000000011
0000000000000000011
0000000000000000011
0000000000000000011
0000000000000000011
0000000000000000011
0000000000000000011
0000000000000000011
0000000000000000011
0000000000000000011
0000000000000000011
0000000000000000011
0000000000000000011
0000000000000000011
0000000000000000011
0000000000000000011
0000000000000000100
0000000000000000100
0000000000000000100
0000000000000000000
0000000000000000000
0000000000000000000
0000000000000000000
0000000000000000000
0000000000000000000
0000000000000000000
0000000000000000001
0000000000000000001
0000000000000000001
0000000000000000001
0000000000000000001
0000000000000000001
0000000000000000001
0000000000000000001
0000000000000000001
0000000000000000001
0000000000000000001
0000000000000000001
0000000000000000001
0000000000000000001
0000000000000000010
0000000000000000010
0000000000000000010
0000000000000000010
0000000000000000010
0000000000000000010
0000000000000000010
0000000000000000010
0000000000000000010
0000000000000000010
0000000000000000010
0000000000000000010
0000000000000000010
0000000000000000011
0000000000000000011
0000000000000000011
0000000000000000011
0000000000000000011
0000000000000000011
0000000000000000011
0000000000000000011
0000000000000000011
0000000000000000011
0000000000000000011
0000000000000000011
0000000000000000011
0000000000000000011
0000000000000000100
0000000000000000100
0000000000000000100
0000000000000000100
0000000000000000100
0000000000000000100
0000000000000000100
0000000000000000100
0000000000000000100
0000000000000000100
0000000000000000100
0000000000000000100
0000000000000000100
0000000000000000101
0000000000000000101
0000000000000000101
0000000000000000000
0000000000000000000
0000000000000000000
0000000000000000000
0000000000000000000
0000000000000000000
0000000000000000001
0000000000000000001
0000000000000000001
0000000000000000001
0000000000000000001
0000000000000000001
0000000000000000001
0000000000000000001
0000000000000000001
0000000000000000001
0000000000000000010
0000000000000000010
0000000000000000010
0000000000000000010
0000000000000000010
0000000000000000010
0000000000000000010
0000000000000000010
0000000000000000010
0000000000000000010
0000000000000000010
0000000000000000011
0000000000000000011
0000000000000000011
0000000000000000011
0000000000000000011
0000000000000000011
0000000000000000011
0000000000000000011
0000000000000000011
0000000000000000011
0000000000000000100
0000000000000000100
0000000000000000100
0000000000000000100
0000000000000000100
0000000000000000100
0000000000000000100
0000000000000000100
0000000000000000100
0000000000000000100
0000000000000000100
0000000000000000101
0000000000000000101
0000000000000000101
0000000000000000101
0000000000000000101
0000000000000000101
0000000000000000101
0000000000000000101
0000000000000000101
0000000000000000101
0000000000000000110
0000000000000000110
0000000000000000110
0000000000000000110
0000000000000000110
0000000000000000110
0000000000000000000
0000000000000000000
0000000000000000000
0000000000000000000
0000000000000000000
0000000000000000001
0000000000000000001
0000000000000000001
0000000000000000001
0000000000000000001
0000000000000000001
0000000000000000001
0000000000000000001
0000000000000000010
0000000000000000010
0000000000000000010
0000000000000000010
0000000000000000010
0000000000000000010
0000000000000000010
0000000000000000010
0000000000000000011
0000000000000000011
0000000000000000011
0000000000000000011
0000000000000000011
0000000000000000011
0000000000000000011
0000000000000000011
0000000000000000100
0000000000000000100
0000000000000000100
0000000000000000100
0000000000000000100
0000000000000000100
0000000000000000100
0000000000000000100
0000000000000000101
0000000000000000101
0000000000000000101
0000000000000000101
0000000000000000101
0000000000000000101
0000000000000000101
0000000000000000101
0000000000000000101
0000000000000000110
0000000000000000110
0000000000000000110
0000000000000000110
0000000000000000110
0000000000000000110
0000000000000000110
0000000000000000110
0000000000000000111
0000000000000000111
0000000000000000111
0000000000000000111
0000000000000000111
0000000000000000111
0000000000000000111
0000000000000000111
0000000000000001000
0000000000000001000
0000000000000000000
0000000000000000000
0000000000000000000
0000000000000000000
0000000000000000001
0000000000000000001
0000000000000000001
0000000000000000001
0000000000000000001
0000000000000000001
0000000000000000010
0000000000000000010
0000000000000000010
0000000000000000010
0000000000000000010
0000000000000000010
0000000000000000011
0000000000000000011
0000000000000000011
0000000000000000011
0000000000000000011
0000000000000000011
0000000000000000011
0000000000000000100
0000000000000000100
0000000000000000100
0000000000000000100
0000000000000000100
0000000000000000100
0000000000000000101
0000000000000000101
0000000000000000101
0000000000000000101
0000000000000000101
0000000000000000101
0000000000000000101
0000000000000000110
0000000000000000110
0000000000000000110
0000000000000000110
0000000000000000110
0000000000000000110
0000000000000000111
0000000000000000111
0000000000000000111
0000000000000000111
0000000000000000111
0000000000000000111
0000000000000001000
0000000000000001000
0000000000000001000
0000000000000001000
0000000000000001000
0000000000000001000
0000000000000001000
0000000000000001001
0000000000000001001
0000000000000001001
0000000000000001001
0000000000000001001
0000000000000001001
0000000000000001010
0000000000000001010
0000000000000001010
0000000000000000000
0000000000000000000
0000000000000000000
0000000000000000001
0000000000000000001
0000000000000000001
0000000000000000001
0000000000000000001
0000000000000000010
0000000000000000010
0000000000000000010
0000000000000000010
0000000000000000010
0000000000000000011
0000000000000000011
0000000000000000011
0000000000000000011
0000000000000000011
0000000000000000100
0000000000000000100
0000000000000000100
0000000000000000100
0000000000000000100
0000000000000000101
0000000000000000101
0000000000000000101
0000000000000000101
0000000000000000101
0000000000000000110
0000000000000000110
0000000000000000110
0000000000000000110
0000000000000000110
0000000000000000111
0000000000000000111
0000000000000000111
0000000000000000111
0000000000000000111
0000000000000001000
0000000000000001000
0000000000000001000
0000000000000001000
0000000000000001000
0000000000000001001
0000000000000001001
0000000000000001001
0000000000000001001
0000000000000001001
0000000000000001010
0000000000000001010
0000000000000001010
0000000000000001010
0000000000000001010
0000000000000001011
0000000000000001011
0000000000000001011
0000000000000001011
0000000000000001011
0000000000000001100
0000000000000001100
0000000000000001100
0000000000000001100
0000000000000001100
0000000000000001101
0000000000000000000
0000000000000000000
0000000000000000001
0000000000000000001
0000000000000000001
0000000000000000001
0000000000000000010
0000000000000000010
0000000000000000010
0000000000000000010
0000000000000000011
0000000000000000011
0000000000000000011
0000000000000000011
0000000000000000100
0000000000000000100
0000000000000000100
0000000000000000100
0000000000000000101
0000000000000000101
0000000000000000101
0000000000000000101
0000000000000000110
0000000000000000110
0000000000000000110
0000000000000000110
0000000000000000111
0000000000000000111
0000000000000000111
0000000000000000111
0000000000000001000
0000000000000001000
0000000000000001000
0000000000000001000
0000000000000001001
0000000000000001001
0000000000000001001
0000000000000001001
0000000000000001010
0000000000000001010
0000000000000001010
0000000000000001011
0000000000000001011
0000000000000001011
0000000000000001011
0000000000000001100
0000000000000001100
0000000000000001100
0000000000000001100
0000000000000001101
0000000000000001101
0000000000000001101
0000000000000001101
0000000000000001110
0000000000000001110
0000000000000001110
0000000000000001110
0000000000000001111
0000000000000001111
0000000000000001111
0000000000000001111
0000000000000010000
0000000000000010000
0000000000000010000
0000000000000000000
0000000000000000000
0000000000000000001
0000000000000000001
0000000000000000001
0000000000000000010
0000000000000000010
0000000000000000010
0000000000000000011
0000000000000000011
0000000000000000011
0000000000000000100
0000000000000000100
0000000000000000100
0000000000000000101
0000000000000000101
0000000000000000101
0000000000000000110
0000000000000000110
0000000000000000110
0000000000000000111
0000000000000000111
0000000000000000111
0000000000000001000
0000000000000001000
0000000000000001000
0000000000000001001
0000000000000001001
0000000000000001001
0000000000000001001
0000000000000001010
0000000000000001010
0000000000000001010
0000000000000001011
0000000000000001011
0000000000000001011
0000000000000001100
0000000000000001100
0000000000000001100
0000000000000001101
0000000000000001101
0000000000000001101
0000000000000001110
0000000000000001110
0000000000000001110
0000000000000001111
0000000000000001111
0000000000000001111
0000000000000010000
0000000000000010000
0000000000000010000
0000000000000010001
0000000000000010001
0000000000000010001
0000000000000010010
0000000000000010010
0000000000000010010
0000000000000010011
0000000000000010011
0000000000000010011
0000000000000010100
0000000000000010100
0000000000000010100
0000000000000010101
0000000000000000000
0000000000000000000
0000000000000000001
0000000000000000001
0000000000000000010
0000000000000000010
0000000000000000011
0000000000000000011
0000000000000000011
0000000000000000100
0000000000000000100
0000000000000000101
0000000000000000101
0000000000000000101
0000000000000000110
0000000000000000110
0000000000000000111
0000000000000000111
0000000000000001000
0000000000000001000
0000000000000001000
0000000000000001001
0000000000000001001
0000000000000001010
0000000000000001010
0000000000000001010
0000000000000001011
0000000000000001011
0000000000000001100
0000000000000001100
0000000000000001101
0000000000000001101
0000000000000001101
0000000000000001110
0000000000000001110
0000000000000001111
0000000000000001111
0000000000000001111
0000000000000010000
0000000000000010000
0000000000000010001
0000000000000010001
0000000000000010010
0000000000000010010
0000000000000010010
0000000000000010011
0000000000000010011
0000000000000010100
0000000000000010100
0000000000000010100
0000000000000010101
0000000000000010101
0000000000000010110
0000000000000010110
0000000000000010111
0000000000000010111
0000000000000010111
0000000000000011000
0000000000000011000
0000000000000011001
0000000000000011001
0000000000000011010
0000000000000011010
0000000000000011010
0000000000000000000
0000000000000000001
0000000000000000001
0000000000000000010
0000000000000000010
0000000000000000011
0000000000000000011
0000000000000000100
0000000000000000100
0000000000000000101
0000000000000000101
0000000000000000110
0000000000000000110
0000000000000000111
0000000000000000111
0000000000000001000
0000000000000001001
0000000000000001001
0000000000000001010
0000000000000001010
0000000000000001011
0000000000000001011
0000000000000001100
0000000000000001100
0000000000000001101
0000000000000001101
0000000000000001110
0000000000000001110
0000000000000001111
0000000000000001111
0000000000000010000
0000000000000010001
0000000000000010001
0000000000000010010
0000000000000010010
0000000000000010011
0000000000000010011
0000000000000010100
0000000000000010100
0000000000000010101
0000000000000010101
0000000000000010110
0000000000000010110
0000000000000010111
0000000000000010111
0000000000000011000
0000000000000011001
0000000000000011001
0000000000000011010
0000000000000011010
0000000000000011011
0000000000000011011
0000000000000011100
0000000000000011100
0000000000000011101
0000000000000011101
0000000000000011110
0000000000000011110
0000000000000011111
0000000000000011111
0000000000000100000
0000000000000100001
0000000000000100001
0000000000000100010
0000000000000000000
0000000000000000001
0000000000000000001
0000000000000000010
0000000000000000011
0000000000000000011
0000000000000000100
0000000000000000101
0000000000000000101
0000000000000000110
0000000000000000111
0000000000000000111
0000000000000001000
0000000000000001001
0000000000000001001
0000000000000001010
0000000000000001011
0000000000000001100
0000000000000001100
0000000000000001101
0000000000000001110
0000000000000001110
0000000000000001111
0000000000000010000
0000000000000010000
0000000000000010001
0000000000000010010
0000000000000010010
0000000000000010011
0000000000000010100
0000000000000010100
0000000000000010101
0000000000000010110
0000000000000010110
0000000000000010111
0000000000000011000
0000000000000011000
0000000000000011001
0000000000000011010
0000000000000011010
0000000000000011011
0000000000000011100
0000000000000011100
0000000000000011101
0000000000000011110
0000000000000011110
0000000000000011111
0000000000000100000
0000000000000100001
0000000000000100001
0000000000000100010
0000000000000100011
0000000000000100011
0000000000000100100
0000000000000100101
0000000000000100101
0000000000000100110
0000000000000100111
0000000000000100111
0000000000000101000
0000000000000101001
0000000000000101001
0000000000000101010
0000000000000101011
0000000000000000000
0000000000000000001
0000000000000000010
0000000000000000011
0000000000000000011
0000000000000000100
0000000000000000101
0000000000000000110
0000000000000000111
0000000000000001000
0000000000000001001
0000000000000001001
0000000000000001010
0000000000000001011
0000000000000001100
0000000000000001101
0000000000000001110
0000000000000001111
0000000000000001111
0000000000000010000
0000000000000010001
0000000000000010010
0000000000000010011
0000000000000010100
0000000000000010101
0000000000000010101
0000000000000010110
0000000000000010111
0000000000000011000
0000000000000011001
0000000000000011010
0000000000000011011
0000000000000011011
0000000000000011100
0000000000000011101
0000000000000011110
0000000000000011111
0000000000000100000
0000000000000100001
0000000000000100010
0000000000000100010
0000000000000100011
0000000000000100100
0000000000000100101
0000000000000100110
0000000000000100111
0000000000000101000
0000000000000101000
0000000000000101001
0000000000000101010
0000000000000101011
0000000000000101100
0000000000000101101
0000000000000101110
0000000000000101110
0000000000000101111
0000000000000110000
0000000000000110001
0000000000000110010
0000000000000110011
0000000000000110100
0000000000000110100
0000000000000110101
0000000000000110110
0000000000000000000
0000000000000000001
0000000000000000010
0000000000000000011
0000000000000000100
0000000000000000101
0000000000000000111
0000000000000001000
0000000000000001001
0000000000000001010
0000000000000001011
0000000000000001100
0000000000000001101
0000000000000001110
0000000000000001111
0000000000000010000
0000000000000010001
0000000000000010010
0000000000000010100
0000000000000010101
0000000000000010110
0000000000000010111
0000000000000011000
0000000000000011001
0000000000000011010
0000000000000011011
0000000000000011100
0000000000000011101
0000000000000011110
0000000000000100000
0000000000000100001
0000000000000100010
0000000000000100011
0000000000000100100
0000000000000100101
0000000000000100110
0000000000000100111
0000000000000101000
0000000000000101001
0000000000000101010
0000000000000101011
0000000000000101101
0000000000000101110
0000000000000101111
0000000000000110000
0000000000000110001
0000000000000110010
0000000000000110011
0000000000000110100
0000000000000110101
0000000000000110110
0000000000000110111
0000000000000111001
0000000000000111010
0000000000000111011
0000000000000111100
0000000000000111101
0000000000000111110
0000000000000111111
0000000000001000000
0000000000001000001
0000000000001000010
0000000000001000011
0000000000001000101
0000000000000000000
0000000000000000001
0000000000000000011
0000000000000000100
0000000000000000101
0000000000000000111
0000000000000001000
0000000000000001010
0000000000000001011
0000000000000001100
0000000000000001110
0000000000000001111
0000000000000010000
0000000000000010010
0000000000000010011
0000000000000010101
0000000000000010110
0000000000000010111
0000000000000011001
0000000000000011010
0000000000000011011
0000000000000011101
0000000000000011110
0000000000000011111
0000000000000100001
0000000000000100010
0000000000000100100
0000000000000100101
0000000000000100110
0000000000000101000
0000000000000101001
0000000000000101010
0000000000000101100
0000000000000101101
0000000000000101111
0000000000000110000
0000000000000110001
0000000000000110011
0000000000000110100
0000000000000110101
0000000000000110111
0000000000000111000
0000000000000111001
0000000000000111011
0000000000000111100
0000000000000111110
0000000000000111111
0000000000001000000
0000000000001000010
0000000000001000011
0000000000001000100
0000000000001000110
0000000000001000111
0000000000001001001
0000000000001001010
0000000000001001011
0000000000001001101
0000000000001001110
0000000000001001111
0000000000001010001
0000000000001010010
0000000000001010100
0000000000001010101
0000000000001010110
0000000000000000000
0000000000000000010
0000000000000000011
0000000000000000101
0000000000000000111
0000000000000001001
0000000000000001010
0000000000000001100
0000000000000001110
0000000000000001111
0000000000000010001
0000000000000010011
0000000000000010101
0000000000000010110
0000000000000011000
0000000000000011010
0000000000000011011
0000000000000011101
0000000000000011111
0000000000000100001
0000000000000100010
0000000000000100100
0000000000000100110
0000000000000100111
0000000000000101001
0000000000000101011
0000000000000101101
0000000000000101110
0000000000000110000
0000000000000110010
0000000000000110011
0000000000000110101
0000000000000110111
0000000000000111001
0000000000000111010
0000000000000111100
0000000000000111110
0000000000000111111
0000000000001000001
0000000000001000011
0000000000001000101
0000000000001000110
0000000000001001000
0000000000001001010
0000000000001001011
0000000000001001101
0000000000001001111
0000000000001010001
0000000000001010010
0000000000001010100
0000000000001010110
0000000000001010111
0000000000001011001
0000000000001011011
0000000000001011101
0000000000001011110
0000000000001100000
0000000000001100010
0000000000001100100
0000000000001100101
0000000000001100111
0000000000001101001
0000000000001101010
0000000000001101100
0000000000000000000
0000000000000000010
0000000000000000100
0000000000000000110
0000000000000001001
0000000000000001011
0000000000000001101
0000000000000001111
0000000000000010001
0000000000000010011
0000000000000010101
0000000000000010111
0000000000000011010
0000000000000011100
0000000000000011110
0000000000000100000
0000000000000100010
0000000000000100100
0000000000000100110
0000000000000101001
0000000000000101011
0000000000000101101
0000000000000101111
0000000000000110001
0000000000000110011
0000000000000110101
0000000000000111000
0000000000000111010
0000000000000111100
0000000000000111110
0000000000001000000
0000000000001000010
0000000000001000100
0000000000001000110
0000000000001001001
0000000000001001011
0000000000001001101
0000000000001001111
0000000000001010001
0000000000001010011
0000000000001010101
0000000000001011000
0000000000001011010
0000000000001011100
0000000000001011110
0000000000001100000
0000000000001100010
0000000000001100100
0000000000001100111
0000000000001101001
0000000000001101011
0000000000001101101
0000000000001101111
0000000000001110001
0000000000001110011
0000000000001110110
0000000000001111000
0000000000001111010
0000000000001111100
0000000000001111110
0000000000010000000
0000000000010000010
0000000000010000101
0000000000010000111
0000000000000000000
0000000000000000011
0000000000000000101
0000000000000001000
0000000000000001011
0000000000000001101
0000000000000010000
0000000000000010010
0000000000000010101
0000000000000011000
0000000000000011010
0000000000000011101
0000000000000100000
0000000000000100010
0000000000000100101
0000000000000101000
0000000000000101010
0000000000000101101
0000000000000110000
0000000000000110010
0000000000000110101
0000000000000110111
0000000000000111010
0000000000000111101
0000000000000111111
0000000000001000010
0000000000001000101
0000000000001000111
0000000000001001010
0000000000001001101
0000000000001001111
0000000000001010010
0000000000001010101
0000000000001010111
0000000000001011010
0000000000001011100
0000000000001011111
0000000000001100010
0000000000001100100
0000000000001100111
0000000000001101010
0000000000001101100
0000000000001101111
0000000000001110010
0000000000001110100
0000000000001110111
0000000000001111010
0000000000001111100
0000000000001111111
0000000000010000001
0000000000010000100
0000000000010000111
0000000000010001001
0000000000010001100
0000000000010001111
0000000000010010001
0000000000010010100
0000000000010010111
0000000000010011001
0000000000010011100
0000000000010011111
0000000000010100001
0000000000010100100
0000000000010100111
0000000000000000000
0000000000000000011
0000000000000000110
0000000000000001010
0000000000000001101
0000000000000010000
0000000000000010011
0000000000000010111
0000000000000011010
0000000000000011101
0000000000000100000
0000000000000100100
0000000000000100111
0000000000000101010
0000000000000101101
0000000000000110001
0000000000000110100
0000000000000110111
0000000000000111010
0000000000000111110
0000000000001000001
0000000000001000100
0000000000001000111
0000000000001001010
0000000000001001110
0000000000001010001
0000000000001010100
0000000000001010111
0000000000001011011
0000000000001011110
0000000000001100001
0000000000001100100
0000000000001101000
0000000000001101011
0000000000001101110
0000000000001110001
0000000000001110101
0000000000001111000
0000000000001111011
0000000000001111110
0000000000010000010
0000000000010000101
0000000000010001000
0000000000010001011
0000000000010001111
0000000000010010010
0000000000010010101
0000000000010011000
0000000000010011011
0000000000010011111
0000000000010100010
0000000000010100101
0000000000010101000
0000000000010101100
0000000000010101111
0000000000010110010
0000000000010110101
0000000000010111001
0000000000010111100
0000000000010111111
0000000000011000010
0000000000011000110
0000000000011001001
0000000000011001100
0000000000000000000
0000000000000000100
0000000000000001000
0000000000000001100
0000000000000010000
0000000000000010100
0000000000000011000
0000000000000011011
0000000000000011111
0000000000000100011
0000000000000100111
0000000000000101011
0000000000000101111
0000000000000110011
0000000000000110111
0000000000000111011
0000000000000111111
0000000000001000011
0000000000001000111
0000000000001001011
0000000000001001111
0000000000001010011
0000000000001010110
0000000000001011010
0000000000001011110
0000000000001100010
0000000000001100110
0000000000001101010
0000000000001101110
0000000000001110010
0000000000001110110
0000000000001111010
0000000000001111110
0000000000010000010
0000000000010000110
0000000000010001010
0000000000010001101
0000000000010010001
0000000000010010101
0000000000010011001
0000000000010011101
0000000000010100001
0000000000010100101
0000000000010101001
0000000000010101101
0000000000010110001
0000000000010110101
0000000000010111001
0000000000010111101
0000000000011000001
0000000000011000101
0000000000011001001
0000000000011001100
0000000000011010000
0000000000011010100
0000000000011011000
0000000000011011100
0000000000011100000
0000000000011100100
0000000000011101000
0000000000011101100
0000000000011110000
0000000000011110100
0000000000011111000
0000000000000000000
0000000000000000101
0000000000000001001
0000000000000001110
0000000000000010011
0000000000000011000
0000000000000011100
0000000000000100001
0000000000000100110
0000000000000101010
0000000000000101111
0000000000000110100
0000000000000111001
0000000000000111101
0000000000001000010
0000000000001000111
0000000000001001011
0000000000001010000
0000000000001010101
0000000000001011010
0000000000001011110
0000000000001100011
0000000000001101000
0000000000001101100
0000000000001110001
0000000000001110110
0000000000001111011
0000000000001111111
0000000000010000100
0000000000010001001
0000000000010001101
0000000000010010010
0000000000010010111
0000000000010011100
0000000000010100000
0000000000010100101
0000000000010101010
0000000000010101110
0000000000010110011
0000000000010111000
0000000000010111101
0000000000011000001
0000000000011000110
0000000000011001011
0000000000011001111
0000000000011010100
0000000000011011001
0000000000011011110
0000000000011100010
0000000000011100111
0000000000011101100
0000000000011110001
0000000000011110101
0000000000011111010
0000000000011111111
0000000000100000011
0000000000100001000
0000000000100001101
0000000000100010010
0000000000100010110
0000000000100011011
0000000000100100000
0000000000100100100
0000000000100101001
0000000000000000000
0000000000000000110
0000000000000001011
0000000000000010001
0000000000000010110
0000000000000011100
0000000000000100001
0000000000000100111
0000000000000101101
0000000000000110010
0000000000000111000
0000000000000111101
0000000000001000011
0000000000001001001
0000000000001001110
0000000000001010100
0000000000001011001
0000000000001011111
0000000000001100100
0000000000001101010
0000000000001110000
0000000000001110101
0000000000001111011
0000000000010000000
0000000000010000110
0000000000010001100
0000000000010010001
0000000000010010111
0000000000010011100
0000000000010100010
0000000000010100111
0000000000010101101
0000000000010110011
0000000000010111000
0000000000010111110
0000000000011000011
0000000000011001001
0000000000011001111
0000000000011010100
0000000000011011010
0000000000011011111
0000000000011100101
0000000000011101011
0000000000011110000
0000000000011110110
0000000000011111011
0000000000100000001
0000000000100000110
0000000000100001100
0000000000100010010
0000000000100010111
0000000000100011101
0000000000100100010
0000000000100101000
0000000000100101110
0000000000100110011
0000000000100111001
0000000000100111110
0000000000101000100
0000000000101001010
0000000000101001111
0000000000101010101
0000000000101011010
0000000000101100000
0000000000000000000
0000000000000000111
0000000000000001101
0000000000000010100
0000000000000011010
0000000000000100001
0000000000000100111
0000000000000101110
0000000000000110100
0000000000000111011
0000000000001000001
0000000000001001000
0000000000001001110
0000000000001010101
0000000000001011011
0000000000001100010
0000000000001101000
0000000000001101111
0000000000001110101
0000000000001111100
0000000000010000010
0000000000010001001
0000000000010001111
0000000000010010110
0000000000010011100
0000000000010100011
0000000000010101001
0000000000010110000
0000000000010110111
0000000000010111101
0000000000011000100
0000000000011001010
0000000000011010001
0000000000011010111
0000000000011011110
0000000000011100100
0000000000011101011
0000000000011110001
0000000000011111000
0000000000011111110
0000000000100000101
0000000000100001011
0000000000100010010
0000000000100011000
0000000000100011111
0000000000100100101
0000000000100101100
0000000000100110010
0000000000100111001
0000000000101000000
0000000000101000110
0000000000101001101
0000000000101010011
0000000000101011010
0000000000101100000
0000000000101100111
0000000000101101101
0000000000101110100
0000000000101111010
0000000000110000001
0000000000110000111
0000000000110001110
0000000000110010100
0000000000110011011
0000000000000000000
0000000000000000111
0000000000000001111
0000000000000010110
0000000000000011110
0000000000000100101
0000000000000101101
0000000000000110100
0000000000000111100
0000000000001000011
0000000000001001011
0000000000001010010
0000000000001011010
0000000000001100001
0000000000001101001
0000000000001110000
0000000000001111000
0000000000001111111
0000000000010000111
0000000000010001110
0000000000010010110
0000000000010011101
0000000000010100101
0000000000010101100
0000000000010110100
0000000000010111011
0000000000011000011
0000000000011001010
0000000000011010010
0000000000011011001
0000000000011100001
0000000000011101000
0000000000011110000
0000000000011110111
0000000000011111111
0000000000100000110
0000000000100001110
0000000000100010101
0000000000100011101
0000000000100100100
0000000000100101100
0000000000100110011
0000000000100111011
0000000000101000011
0000000000101001010
0000000000101010010
0000000000101011001
0000000000101100001
0000000000101101000
0000000000101110000
0000000000101110111
0000000000101111111
0000000000110000110
0000000000110001110
0000000000110010101
0000000000110011101
0000000000110100100
0000000000110101100
0000000000110110011
0000000000110111011
0000000000111000010
0000000000111001010
0000000000111010001
0000000000111011001
0000000000000000000
0000000000000000000
0000000000000000000
0000000000000000000
0000000000000000000
0000000000000000000
0000000000000000000
0000000000000000000
0000000000000000000
0000000000000000000
0000000000000000000
0000000000000000000
0000000000000000000
0000000000000000000
0000000000000000000
0000000000000000000
0000000000000000000
0000000000000000000
0000000000000000000
0000000000000000000
0000000000000000000
0000000000000000000
0000000000000000000
0000000000000000000
0000000000000000000
0000000000000000000
0000000000000000000
0000000000000000000
0000000000000000000
0000000000000000000
0000000000000000000
0000000000000000000
0000000000000000000
0000000000000000000
0000000000000000000
0000000000000000000
0000000000000000000
0000000000000000000
0000000000000000000
0000000000000000000
0000000000000000000
0000000000000000000
0000000000000000000
0000000000000000000
0000000000000000000
0000000000000000000
0000000000000000000
0000000000000000000
0000000000000000000
0000000000000000000
0000000000000000000
0000000000000000000
0000000000000000000
0000000000000000000
0000000000000000000
0000000000000000000
0000000000000000000
0000000000000000000
0000000000000000000
0000000000000000000
0000000000000000000
0000000000000000000
0000000000000000000
0000000000000000000
0000000000000000000
0000000000000000000
0000000000000000000
0000000000000000000
0000000000000000000
0000000000000000000
0000000000000000000
0000000000000000000
0000000000000000000
0000000000000000000
0000000000000000000
0000000000000000000
0000000000000000000
0000000000000000000
0000000000000000000
0000000000000000000
0000000000000000000
0000000000000000000
0000000000000000000
0000000000000000000
0000000000000000000
0000000000000000000
0000000000000000000
0000000000000000000
0000000000000000000
0000000000000000000
0000000000000000000
0000000000000000000
0000000000000000000
0000000000000000000
0000000000000000000
0000000000000000000
0000000000000000000
0000000000000000000
0000000000000000000
0000000000000000000
0000000000000000000
0000000000000000000
0000000000000000000
0000000000000000000
0000000000000000000
0000000000000000000
0000000000000000000
0000000000000000000
0000000000000000000
0000000000000000000
0000000000000000000
0000000000000000000
0000000000000000000
0000000000000000000
0000000000000000000
0000000000000000000
0000000000000000000
0000000000000000000
0000000000000000000
0000000000000000000
0000000000000000000
0000000000000000000
0000000000000000000
0000000000000000000
0000000000000000000
0000000000000000000
0000000000000000000
0000000000000000000
0000000000000000000
0000000000000000000
0000000000000000000
0000000000000000000
0000000000000000000
0000000000000000000
0000000000000000000
0000000000000000000
0000000000000000000
0000000000000000000
0000000000000000000
0000000000000000000
0000000000000000000
0000000000000000000
0000000000000000000
0000000000000000000
0000000000000000000
0000000000000000000
0000000000000000000
0000000000000000000
0000000000000000000
0000000000000000000
0000000000000000000
0000000000000000000
0000000000000000000
0000000000000000000
0000000000000000000
0000000000000000000
0000000000000000000
0000000000000000000
0000000000000000000
0000000000000000000
0000000000000000000
0000000000000000000
0000000000000000000
0000000000000000000
0000000000000000000
0000000000000000000
0000000000000000000
0000000000000000000
0000000000000000000
0000000000000000000
0000000000000000000
0000000000000000000
0000000000000000000
0000000000000000000
0000000000000000000
0000000000000000000
0000000000000000000
0000000000000000000
0000000000000000000
0000000000000000000
0000000000000000000
0000000000000000000
0000000000000000000
0000000000000000000
0000000000000000000
0000000000000000000
0000000000000000000
0000000000000000000
0000000000000000000
0000000000000000000
0000000000000000000
0000000000000000000
0000000000000000000
0000000000000000000
0000000000000000000
0000000000000000000
0000000000000000000
0000000000000000000
0000000000000000000
0000000000000000000
0000000000000000000
0000000000000000000
0000000000000000000
0000000000000000000
0000000000000000000
0000000000000000000
0000000000000000000
0000000000000000000
0000000000000000000
0000000000000000000
0000000000000000000
0000000000000000000
0000000000000000000
0000000000000000000
0000000000000000000
0000000000000000000
0000000000000000000
0000000000000000000
0000000000000000000
0000000000000000000
0000000000000000000
0000000000000000000
0000000000000000000
0000000000000000000
0000000000000000000
0000000000000000000
0000000000000000000
0000000000000000000
0000000000000000000
0000000000000000000
0000000000000000000
0000000000000000000
0000000000000000000
0000000000000000000
0000000000000000000
0000000000000000000
0000000000000000000
0000000000000000000
0000000000000000000
0000000000000000000
0000000000000000000
0000000000000000000
0000000000000000000
0000000000000000000
0000000000000000000
0000000000000000000
0000000000000000000
0000000000000000000
0000000000000000000
0000000000000000000
0000000000000000000
0000000000000000000
0000000000000000000
0000000000000000000
0000000000000000000
0000000000000000000
0000000000000000000
0000000000000000000
0000000000000000000
0000000000000000000
0000000000000000000
0000000000000000000
0000000000000000000
0000000000000000000
0000000000000000000
0000000000000000000
0000000000000000000
0000000000000000000
0000000000000000000
0000000000000000000
0000000000000000000
0000000000000000000
0000000000000000000
0000000000000000000
0000000000000000000
0000000000000000000
0000000000000000000
0000000000000000000
0000000000000000000
0000000000000000000
0000000000000000000
0000000000000000000
0000000000000000000
0000000000000000000
0000000000000000000
0000000000000000000
0000000000000000000
0000000000000000000
0000000000000000000
0000000000000000000
0000000000000000000
0000000000000000000
0000000000000000000
0000000000000000000
0000000000000000000
0000000000000000000
0000000000000000000
0000000000000000000
0000000000000000000
0000000000000000000
0000000000000000000
0000000000000000000
0000000000000000000
0000000000000000000
0000000000000000000
0000000000000000000
0000000000000000000
0000000000000000000
0000000000000000000
0000000000000000000
0000000000000000000
0000000000000000000
0000000000000000000
0000000000000000000
0000000000000000000
0000000000000000000
0000000000000000000
0000000000000000000
0000000000000000000
0000000000000000000
0000000000000000000
0000000000000000000
0000000000000000000
0000000000000000000
0000000000000000000
0000000000000000000
0000000000000000000
0000000000000000000
0000000000000000000
0000000000000000000
0000000000000000000
0000000000000000000
0000000000000000000
0000000000000000000
0000000000000000000
0000000000000000000
0000000000000000000
0000000000000000000
0000000000000000000
0000000000000000000
0000000000000000000
0000000000000000000
0000000000000000000
0000000000000000000
0000000000000000000
0000000000000000000
0000000000000000000
0000000000000000000
0000000000000000000
0000000000000000000
0000000000000000000
0000000000000000000
0000000000000000000
0000000000000000000
0000000000000000000
0000000000000000000
0000000000000000000
0000000000000000000
0000000000000000000
0000000000000000000
0000000000000000000
0000000000000000000
0000000000000000000
0000000000000000000
0000000000000000000
0000000000000000000
0000000000000000000
0000000000000000000
0000000000000000000
0000000000000000000
0000000000000000000
0000000000000000000
0000000000000000000
0000000000000000000
0000000000000000000
0000000000000000000
0000000000000000000
0000000000000000000
0000000000000000000
0000000000000000000
0000000000000000000
0000000000000000000
0000000000000000000
0000000000000000000
0000000000000000000
0000000000000000000
0000000000000000000
0000000000000000000
0000000000000000000
0000000000000000000
0000000000000000000
0000000000000000000
0000000000000000000
0000000000000000000
0000000000000000000
0000000000000000000
0000000000000000000
0000000000000000000
0000000000000000000
0000000000000000000
0000000000000000000
0000000000000000000
0000000000000000000
0000000000000000000
0000000000000000000
0000000000000000000
0000000000000000000
0000000000000000000
0000000000000000000
0000000000000000000
0000000000000000000
0000000000000000000
0000000000000000000
0000000000000000000
0000000000000000000
0000000000000000000
0000000000000000000
0000000000000000000
0000000000000000000
0000000000000000000
0000000000000000000
0000000000000000000
0000000000000000000
0000000000000000000
0000000000000000000
0000000000000000000
0000000000000000000
0000000000000000000
0000000000000000000
0000000000000000000
0000000000000000000
0000000000000000000
0000000000000000000
0000000000000000000
0000000000000000000
0000000000000000000
0000000000000000000
0000000000000000000
0000000000000000000
0000000000000000000
0000000000000000000
0000000000000000000
0000000000000000000
0000000000000000000
0000000000000000000
0000000000000000000
0000000000000000000
0000000000000000000
0000000000000000000
0000000000000000000
0000000000000000000
0000000000000000000
0000000000000000000
0000000000000000000
0000000000000000000
0000000000000000000
0000000000000000000
0000000000000000000
0000000000000000000
0000000000000000000
0000000000000000000
0000000000000000000
0000000000000000000
0000000000000000000
0000000000000000000
0000000000000000000
0000000000000000000
0000000000000000000
0000000000000000000
0000000000000000000
0000000000000000000
0000000000000000000
0000000000000000000
0000000000000000000
0000000000000000000
0000000000000000000
0000000000000000000
0000000000000000000
0000000000000000000
0000000000000000000
0000000000000000000
0000000000000000000
0000000000000000000
0000000000000000000
0000000000000000000
0000000000000000000
0000000000000000000
0000000000000000000
0000000000000000000
0000000000000000000
0000000000000000000
0000000000000000000
0000000000000000000
0000000000000000000
0000000000000000000
0000000000000000000
0000000000000000000
0000000000000000000
0000000000000000000
0000000000000000000
0000000000000000000
0000000000000000000
0000000000000000000
0000000000000000000
0000000000000000000
0000000000000000000
0000000000000000000
0000000000000000000
0000000000000000000
0000000000000000000
0000000000000000000
0000000000000000000
0000000000000000000
0000000000000000000
0000000000000000000
0000000000000000000
0000000000000000000
0000000000000000000
0000000000000000000
0000000000000000000
0000000000000000000
0000000000000000000
0000000000000000000
0000000000000000000
0000000000000000000
0000000000000000000
0000000000000000000
0000000000000000000
0000000000000000000
0000000000000000000
0000000000000000000
0000000000000000000
0000000000000000000
0000000000000000000
0000000000000000000
0000000000000000000
0000000000000000000
0000000000000000000
0000000000000000000
0000000000000000000
0000000000000000000
0000000000000000000
0000000000000000000
0000000000000000000
0000000000000000000
0000000000000000000
0000000000000000000
0000000000000000000
0000000000000000000
0000000000000000000
0000000000000000000
0000000000000000000
0000000000000000000
0000000000000000000
0000000000000000000
0000000000000000000
0000000000000000000
0000000000000000000
0000000000000000000
0000000000000000000
0000000000000000000
0000000000000000000
0000000000000000000
0000000000000000000
0000000000000000000
0000000000000000000
0000000000000000000
0000000000000000000
0000000000000000000
0000000000000000000
0000000000000000000
0000000000000000000
0000000000000000000
0000000000000000000
0000000000000000000
0000000000000000000
0000000000000000000
0000000000000000000
0000000000000000000
0000000000000000000
0000000000000000000
0000000000000000000
0000000000000000000
0000000000000000000
0000000000000000000
0000000000000000000
0000000000000000000
0000000000000000000
0000000000000000000
0000000000000000000
0000000000000000000
0000000000000000000
0000000000000000000
0000000000000000000
0000000000000000000
0000000000000000000
0000000000000000000
0000000000000000000
0000000000000000000
0000000000000000000
0000000000000000000
0000000000000000000
0000000000000000000
0000000000000000000
0000000000000000000
0000000000000000000
0000000000000000000
0000000000000000000
0000000000000000000
0000000000000000000
0000000000000000000
0000000000000000000
0000000000000000000
0000000000000000000
0000000000000000000
0000000000000000000
0000000000000000000
0000000000000000000
0000000000000000000
0000000000000000000
0000000000000000000
0000000000000000000
0000000000000000000
0000000000000000000
0000000000000000000
0000000000000000000
0000000000000000000
0000000000000000000
0000000000000000000
0000000000000000000
0000000000000000000
0000000000000000000
0000000000000000000
0000000000000000000
0000000000000000000
0000000000000000000
0000000000000000000
0000000000000000000
0000000000000000000
0000000000000000000
0000000000000000000
0000000000000000000
0000000000000000000
0000000000000000000
0000000000000000000
0000000000000000000
0000000000000000000
0000000000000000000
0000000000000000000
0000000000000000000
0000000000000000000
0000000000000000000
0000000000000000000
0000000000000000000
0000000000000000000
0000000000000000000
0000000000000000000
0000000000000000000
0000000000000000000
0000000000000000000
0000000000000000000
0000000000000000000
0000000000000000000
0000000000000000000
0000000000000000000
0000000000000000000
0000000000000000000
0000000000000000000
0000000000000000000
0000000000000000000
0000000000000000000
0000000000000000000
0000000000000000000
0000000000000000000
0000000000000000000
0000000000000000000
0000000000000000000
0000000000000000000
0000000000000000000
0000000000000000000
0000000000000000000
0000000000000000000
0000000000000000000
0000000000000000000
0000000000000000000
0000000000000000000
0000000000000000000
0000000000000000000
0000000000000000000
0000000000000000000
0000000000000000000
0000000000000000000
0000000000000000000
0000000000000000000
0000000000000000000
0000000000000000000
0000000000000000000
0000000000000000000
0000000000000000000
0000000000000000000
0000000000000000000
0000000000000000000
0000000000000000000
0000000000000000000
0000000000000000000
0000000000000000000
0000000000000000000
0000000000000000000
0000000000000000000
0000000000000000000
0000000000000000000
0000000000000000000
0000000000000000000
0000000000000000000
0000000000000000000
0000000000000000000
0000000000000000000
0000000000000000000
0000000000000000000
0000000000000000000
0000000000000000000
0000000000000000000
0000000000000000000
0000000000000000000
0000000000000000000
0000000000000000000
0000000000000000000
0000000000000000000
0000000000000000000
0000000000000000000
0000000000000000000
0000000000000000000
0000000000000000000
0000000000000000000
0000000000000000000
0000000000000000000
0000000000000000000
0000000000000000000
0000000000000000000
0000000000000000000
0000000000000000000
0000000000000000000
0000000000000000000
0000000000000000000
0000000000000000000
0000000000000000000
0000000000000000000
0000000000000000000
0000000000000000000
0000000000000000000
0000000000000000000
0000000000000000000
0000000000000000000
0000000000000000000
0000000000000000000
0000000000000000000
0000000000000000000
0000000000000000000
0000000000000000000
0000000000000000000
0000000000000000000
0000000000000000000
0000000000000000000
0000000000000000000
0000000000000000000
0000000000000000000
0000000000000000000
0000000000000000000
0000000000000000000
0000000000000000000
0000000000000000000
0000000000000000000
0000000000000000000
0000000000000000000
0000000000000000000
0000000000000000000
0000000000000000000
0000000000000000000
0000000000000000000
0000000000000000000
0000000000000000000
0000000000000000000
0000000000000000000
0000000000000000000
0000000000000000000
0000000000000000000
0000000000000000000
0000000000000000000
0000000000000000000
0000000000000000000
0000000000000000000
0000000000000000000
0000000000000000000
0000000000000000000
0000000000000000000
0000000000000000000
0000000000000000000
0000000000000000000
0000000000000000000
0000000000000000000
0000000000000000000
0000000000000000000
0000000000000000000
0000000000000000000
0000000000000000000
0000000000000000000
0000000000000000000
0000000000000000000
0000000000000000000
0000000000000000000
0000000000000000000
0000000000000000000
0000000000000000000
0000000000000000000
0000000000000000000
0000000000000000000
0000000000000000000
0000000000000000000
0000000000000000000
0000000000000000000
0000000000000000000
0000000000000000000
0000000000000000000
0000000000000000000
0000000000000000000
0000000000000000000
0000000000000000000
0000000000000000000
0000000000000000000
0000000000000000000
0000000000000000000
0000000000000000000
0000000000000000000
0000000000000000000
0000000000000000000
0000000000000000000
0000000000000000000
0000000000000000000
0000000000000000000
0000000000000000000
0000000000000000000
0000000000000000000
0000000000000000000
0000000000000000000
0000000000000000000
0000000000000000000
0000000000000000000
0000000000000000000
0000000000000000000
0000000000000000000
0000000000000000000
0000000000000000000
0000000000000000000
0000000000000000000
0000000000000000000
0000000000000000000
0000000000000000000
0000000000000000000
0000000000000000000
0000000000000000000
0000000000000000000
0000000000000000000
0000000000000000000
0000000000000000000
0000000000000000000
0000000000000000000
0000000000000000000
0000000000000000000
0000000000000000000
0000000000000000000
0000000000000000000
0000000000000000000
0000000000000000000
0000000000000000000
0000000000000000000
0000000000000000000
0000000000000000000
0000000000000000000
0000000000000000000
0000000000000000000
0000000000000000000
0000000000000000000
0000000000000000000
0000000000000000000
0000000000000000000
0000000000000000000
0000000000000000000
0000000000000000000
0000000000000000000
0000000000000000000
0000000000000000000
0000000000000000000
0000000000000000000
0000000000000000000
0000000000000000000
0000000000000000000
0000000000000000000
0000000000000000000
0000000000000000000
0000000000000000000
0000000000000000000
0000000000000000000
0000000000000000000
0000000000000000000
0000000000000000000
0000000000000000000
0000000000000000000
0000000000000000000
0000000000000000000
0000000000000000000
0000000000000000000
0000000000000000000
0000000000000000000
0000000000000000000
0000000000000000000
0000000000000000000
0000000000000000000
0000000000000000000
0000000000000000000
0000000000000000000
0000000000000000000
0000000000000000000
0000000000000000000
0000000000000000000
0000000000000000000
0000000000000000000
0000000000000000000
0000000000000000000
0000000000000000000
0000000000000000000
0000000000000000000
0000000000000000000
0000000000000000000
0000000000000000000
0000000000000000000
0000000000000000000
0000000000000000000
0000000000000000000
0000000000000000000
0000000000000000000
0000000000000000000
0000000000000000000
0000000000000000000
0000000000000000000
0000000000000000000
0000000000000000000
0000000000000000000
0000000000000000000
0000000000000000000
0000000000000000000
0000000000000000000
0000000000000000000
0000000000000000000
0000000000000000000
0000000000000000000
0000000000000000000
0000000000000000000
0000000000000000000
0000000000000000000
0000000000000000000
0000000000000000000
0000000000000000000
0000000000000000000
0000000000000000000
0000000000000000000
0000000000000000000
0000000000000000000
0000000000000000000
0000000000000000000
0000000000000000000
0000000000000000000
0000000000000000000
0000000000000000000
0000000000000000000
0000000000000000000
0000000000000000000
0000000000000000000
0000000000000000000
0000000000000000000
0000000000000000000
0000000000000000000
0000000000000000000
0000000000000000000
0000000000000000000
0000000000000000000
0000000000000000000
0000000000000000000
0000000000000000000
0000000000000000000
0000000000000000000
0000000000000000000
0000000000000000000
0000000000000000000
0000000000000000000
0000000000000000000
0000000000000000000
0000000000000000000
0000000000000000000
0000000000000000000
0000000000000000000
0000000000000000000
0000000000000000000
0000000000000000000
0000000000000000000
0000000000000000000
0000000000000000000
0000000000000000000
0000000000000000000
0000000000000000000
0000000000000000000
0000000000000000000
0000000000000000000
0000000000000000000
0000000000000000000
0000000000000000000
0000000000000000000
0000000000000000000
0000000000000000000
0000000000000000000
0000000000000000000
0000000000000000000
0000000000000000000
0000000000000000000
0000000000000000000
0000000000000000000
0000000000000000000
0000000000000000000
0000000000000000000
0000000000000000000
0000000000000000000
0000000000000000000
0000000000000000000
0000000000000000000
0000000000000000000
0000000000000000000
0000000000000000000
0000000000000000000
0000000000000000000
0000000000000000000
0000000000000000000
0000000000000000000
0000000000000000000
0000000000000000000
0000000000000000000
0000000000000000000
0000000000000000000
0000000000000000000
0000000000000000000
0000000000000000000
0000000000000000000
0000000000000000000
0000000000000000000
0000000000000000000
0000000000000000000
0000000000000000000
0000000000000000000
0000000000000000000
0000000000000000000
0000000000000000000
0000000000000000000
0000000000000000000
0000000000000000000
0000000000000000000
0000000000000000000
0000000000000000000
0000000000000000000
0000000000000000000
0000000000000000000
0000000000000000000
0000000000000000000
0000000000000000000
0000000000000000000
0000000000000000000
0000000000000000000
0000000000000000000
0000000000000000000
0000000000000000000
0000000000000000000
0000000000000000000
0000000000000000000
0000000000000000000
0000000000000000000
0000000000000000000
0000000000000000000
0000000000000000000
0000000000000000000
0000000000000000000
0000000000000000000
0000000000000000000
0000000000000000000
0000000000000000000
0000000000000000000
0000000000000000000
0000000000000000000
0000000000000000000
0000000000000000000
0000000000000000000
0000000000000000000
0000000000000000000
0000000000000000000
0000000000000000000
0000000000000000000
0000000000000000000
0000000000000000000
0000000000000000000
0000000000000000000
0000000000000000000
0000000000000000000
0000000000000000000
0000000000000000000
0000000000000000000
0000000000000000000
0000000000000000000
0000000000000000000
0000000000000000000
0000000000000000000
0000000000000000000
0000000000000000000
0000000000000000000
0000000000000000000
0000000000000000000
0000000000000000000
0000000000000000000
0000000000000000000
0000000000000000000
0000000000000000000
0000000000000000000
0000000000000000000
0000000000000000000
0000000000000000000
0000000000000000000
0000000000000000000
0000000000000000000
0000000000000000000
0000000000000000000
0000000000000000000
0000000000000000000
0000000000000000000
0000000000000000000
0000000000000000000
0000000000000000000
0000000000000000000
0000000000000000000
0000000000000000000
0000000000000000000
0000000000000000000
0000000000000000000
0000000000000000000
0000000000000000000
0000000000000000000
0000000000000000000
0000000000000000000
0000000000000000000
0000000000000000000
0000000000000000000
0000000000000000000
0000000000000000000
0000000000000000000
0000000000000000000
0000000000000000000
0000000000000000000
0000000000000000000
0000000000000000000
0000000000000000000
0000000000000000000
0000000000000000000
0000000000000000000
0000000000000000000
0000000000000000000
0000000000000000000
0000000000000000000
0000000000000000000
0000000000000000000
0000000000000000000
0000000000000000000
0000000000000000000
0000000000000000000
0000000000000000000
0000000000000000000
0000000000000000000
0000000000000000000
0000000000000000000
0000000000000000000
0000000000000000000
0000000000000000000
0000000000000000000
0000000000000000000
0000000000000000000
0000000000000000000
0000000000000000000
0000000000000000000
0000000000000000000
0000000000000000000
0000000000000000000
0000000000000000000
0000000000000000000
0000000000000000000
0000000000000000000
0000000000000000000
0000000000000000000
0000000000000000000
0000000000000000000
0000000000000000000
0000000000000000000
0000000000000000000
0000000000000000000
0000000000000000000
0000000000000000000
0000000000000000000
0000000000000000000
0000000000000000000
0000000000000000000
0000000000000000000
0000000000000000000
0000000000000000000
0000000000000000000
0000000000000000000
0000000000000000000
0000000000000000000
0000000000000000000
0000000000000000000
0000000000000000000
0000000000000000000
0000000000000000000
0000000000000000000
0000000000000000000
0000000000000000000
0000000000000000000
0000000000000000000
0000000000000000000
0000000000000000000
0000000000000000000
0000000000000000000
0000000000000000000
0000000000000000000
0000000000000000000
0000000000000000000
0000000000000000000
0000000000000000000
0000000000000000000
0000000000000000000
0000000000000000000
0000000000000000000
0000000000000000000
0000000000000000000
0000000000000000000
0000000000000000000
0000000000000000000
0000000000000000000
0000000000000000000
0000000000000000000
0000000000000000000
0000000000000000000
0000000000000000000
0000000000000000000
0000000000000000000
0000000000000000000
0000000000000000000
0000000000000000000
0000000000000000000
0000000000000000000
0000000000000000000
0000000000000000000
0000000000000000000
0000000000000000000
0000000000000000000
0000000000000000000
0000000000000000000
0000000000000000000
0000000000000000000
0000000000000000000
0000000000000000000
0000000000000000000
0000000000000000000
0000000000000000000
0000000000000000000
0000000000000000000
0000000000000000000
0000000000000000000
0000000000000000000
0000000000000000000
0000000000000000000
0000000000000000000
0000000000000000000
0000000000000000000
0000000000000000000
0000000000000000000
0000000000000000000
0000000000000000000
0000000000000000000
0000000000000000000
0000000000000000000
0000000000000000000
0000000000000000000
0000000000000000000
0000000000000000000
0000000000000000000
0000000000000000000
0000000000000000000
0000000000000000000
0000000000000000000
0000000000000000000
0000000000000000000
0000000000000000000
0000000000000000000
0000000000000000000
0000000000000000000
0000000000000000000
0000000000000000000
0000000000000000000
0000000000000000000
0000000000000000000
0000000000000000000
0000000000000000000
0000000000000000000
0000000000000000000
0000000000000000000
0000000000000000000
0000000000000000000
0000000000000000000
0000000000000000000
0000000000000000000
0000000000000000000
0000000000000000000
0000000000000000000
0000000000000000000
0000000000000000000
0000000000000000000
0000000000000000000
0000000000000000000
0000000000000000000
0000000000000000000
0000000000000000000
0000000000000000000
0000000000000000000
0000000000000000000
0000000000000000000
0000000000000000000
0000000000000000000
0000000000000000000
0000000000000000000
0000000000000000000
0000000000000000000
0000000000000000000
0000000000000000000
0000000000000000000
0000000000000000000
0000000000000000000
0000000000000000000
0000000000000000000
0000000000000000000
0000000000000000000
0000000000000000000
0000000000000000000
0000000000000000000
0000000000000000000
0000000000000000000
0000000000000000000
0000000000000000000
0000000000000000000
0000000000000000000
0000000000000000000
0000000000000000000
0000000000000000000
0000000000000000000
0000000000000000000
0000000000000000000
0000000000000000000
0000000000000000000
0000000000000000000
0000000000000000000
0000000000000000000
0000000000000000000
0000000000000000000
0000000000000000000
0000000000000000000
0000000000000000000
0000000000000000000
0000000000000000000
0000000000000000000
0000000000000000000
0000000000000000000
0000000000000000000
0000000000000000000
0000000000000000000
0000000000000000000
0000000000000000000
0000000000000000000
0000000000000000000
0000000000000000000
0000000000000000000
0000000000000000000
0000000000000000000
0000000000000000000
0000000000000000000
0000000000000000000
0000000000000000000
0000000000000000000
0000000000000000000
0000000000000000000
0000000000000000000
0000000000000000000
0000000000000000000
0000000000000000000
0000000000000000000
0000000000000000000
0000000000000000000
0000000000000000000
0000000000000000000
0000000000000000000
0000000000000000000
0000000000000000000
0000000000000000000
0000000000000000000
0000000000000000000
0000000000000000000
0000000000000000000
0000000000000000000
0000000000000000000
0000000000000000000
0000000000000000000
0000000000000000000
0000000000000000000
0000000000000000000
0000000000000000000
0000000000000000000
0000000000000000000
0000000000000000000
0000000000000000000
0000000000000000000
0000000000000000000
0000000000000000000
0000000000000000000
0000000000000000000
0000000000000000000
0000000000000000000
0000000000000000000
0000000000000000000
0000000000000000000
0000000000000000000
0000000000000000000
0000000000000000000
0000000000000000000
0000000000000000000
0000000000000000000
0000000000000000000
0000000000000000000
0000000000000000000
0000000000000000000
0000000000000000000
0000000000000000000
0000000000000000000
0000000000000000000
0000000000000000000
0000000000000000000
0000000000000000000
0000000000000000000
0000000000000000000
0000000000000000000
0000000000000000000
0000000000000000000
0000000000000000000
0000000000000000000
0000000000000000000
0000000000000000000
0000000000000000000
0000000000000000000
0000000000000000000
0000000000000000000
0000000000000000000
0000000000000000000
0000000000000000000
0000000000000000000
0000000000000000000
0000000000000000000
0000000000000000000
0000000000000000000
0000000000000000000
0000000000000000000
0000000000000000000
0000000000000000000
0000000000000000000
0000000000000000000
0000000000000000000
0000000000000000000
0000000000000000000
0000000000000000000
0000000000000000000
0000000000000000000
0000000000000000000
0000000000000000000
0000000000000000000
0000000000000000000
0000000000000000000
0000000000000000000
0000000000000000000
0000000000000000000
0000000000000000000
0000000000000000000
0000000000000000000
0000000000000000000
0000000000000000000
0000000000000000000
0000000000000000000
0000000000000000000
0000000000000000000
0000000000000000000
0000000000000000000
0000000000000000000
0000000000000000000
0000000000000000000
0000000000000000000
0000000000000000000
0000000000000000000
0000000000000000000
0000000000000000000
0000000000000000000
0000000000000000000
0000000000000000000
0000000000000000000
0000000000000000000
0000000000000000000
0000000000000000000
0000000000000000000
0000000000000000000
0000000000000000000
0000000000000000000
0000000000000000000
0000000000000000000
0000000000000000000
0000000000000000000
0000000000000000000
0000000000000000000
0000000000000000000
0000000000000000000
0000000000000000000
0000000000000000000
0000000000000000000
0000000000000000000
0000000000000000000
0000000000000000000
0000000000000000000
0000000000000000000
0000000000000000000
0000000000000000000
0000000000000000000
0000000000000000000
0000000000000000000
0000000000000000000
0000000000000000000
0000000000000000000
0000000000000000000
0000000000000000000
0000000000000000000
0000000000000000000
0000000000000000000
0000000000000000000
0000000000000000000
0000000000000000000
0000000000000000000
0000000000000000000
0000000000000000000
0000000000000000000
0000000000000000000
0000000000000000000
0000000000000000000
0000000000000000000
0000000000000000000
0000000000000000000
0000000000000000000
0000000000000000000
0000000000000000000
0000000000000000000
0000000000000000000
0000000000000000000
0000000000000000000
0000000000000000000
0000000000000000000
0000000000000000000
0000000000000000000
0000000000000000000
0000000000000000000
0000000000000000000
0000000000000000000
0000000000000000000
0000000000000000000
0000000000000000000
0000000000000000000
0000000000000000000
0000000000000000000
0000000000000000000
0000000000000000000
0000000000000000000
0000000000000000000
0000000000000000000
0000000000000000000
0000000000000000000
0000000000000000000
0000000000000000000
0000000000000000000
0000000000000000000
0000000000000000000
0000000000000000000
0000000000000000000
0000000000000000000
0000000000000000000
0000000000000000000
0000000000000000000
0000000000000000000
0000000000000000000
0000000000000000000
0000000000000000000
0000000000000000000
0000000000000000000
0000000000000000000
0000000000000000000
0000000000000000000
0000000000000000000
0000000000000000000
0000000000000000000
0000000000000000000
0000000000000000000
0000000000000000000
0000000000000000000
0000000000000000000
0000000000000000000
0000000000000000000
0000000000000000000
0000000000000000000
0000000000000000000
0000000000000000000
0000000000000000000
0000000000000000000
0000000000000000000
0000000000000000000
0000000000000000000
0000000000000000000
0000000000000000000
0000000000000000000
0000000000000000000
0000000000000000000
0000000000000000000
0000000000000000000
0000000000000000000
0000000000000000000
0000000000000000000
0000000000000000000
0000000000000000000
0000000000000000000
0000000000000000000
0000000000000000000
0000000000000000000
0000000000000000000
0000000000000000000
0000000000000000000
0000000000000000000
0000000000000000000
0000000000000000000
0000000000000000000
0000000000000000000
0000000000000000000
0000000000000000000
0000000000000000000
0000000000000000000
0000000000000000000
0000000000000000000
0000000000000000000
0000000000000000000
0000000000000000000
0000000000000000000
0000000000000000000
0000000000000000000
0000000000000000000
0000000000000000000
0000000000000000000
0000000000000000000
0000000000000000000
0000000000000000000
0000000000000000000
0000000000000000000
0000000000000000000
0000000000000000000
0000000000000000000
0000000000000000000
0000000000000000000
0000000000000000000
0000000000000000000
0000000000000000000
0000000000000000000
0000000000000000000
0000000000000000000
0000000000000000000
0000000000000000000
0000000000000000000
0000000000000000000
0000000000000000000
0000000000000000000
0000000000000000000
0000000000000000000
0000000000000000000
0000000000000000000
0000000000000000000
0000000000000000000
0000000000000000000
0000000000000000000
0000000000000000000
0000000000000000000
0000000000000000000
0000000000000000000
0000000000000000000
0000000000000000000
0000000000000000000
0000000000000000000
0000000000000000000
0000000000000000000
0000000000000000000
0000000000000000000
0000000000000000000
0000000000000000000
0000000000000000000
0000000000000000000
0000000000000000000
0000000000000000000
0000000000000000000
0000000000000000000
0000000000000000000
0000000000000000000
0000000000000000000
0000000000000000000
0000000000000000000
0000000000000000000
0000000000000000000
0000000000000000000
0000000000000000000
0000000000000000000
0000000000000000000
0000000000000000000
0000000000000000000
0000000000000000000
0000000000000000000
0000000000000000000
0000000000000000000
0000000000000000000
0000000000000000000
0000000000000000000
0000000000000000000
0000000000000000000
0000000000000000000
0000000000000000000
0000000000000000000
0000000000000000000
0000000000000000000
0000000000000000000
0000000000000000000
0000000000000000000
0000000000000000000
0000000000000000000
0000000000000000000
0000000000000000000
0000000000000000000
0000000000000000000
0000000000000000000
0000000000000000000
0000000000000000000
0000000000000000000
0000000000000000000
0000000000000000000
0000000000000000000
0000000000000000000
0000000000000000000
0000000000000000000
0000000000000000000
0000000000000000000
0000000000000000000
0000000000000000000
0000000000000000000
0000000000000000000
0000000000000000000
0000000000000000000
0000000000000000000
0000000000000000000
0000000000000000000
0000000000000000000
0000000000000000000
0000000000000000000
0000000000000000000
0000000000000000000
0000000000000000000
0000000000000000000
0000000000000000000
0000000000000000000
0000000000000000000
0000000000000000000
0000000000000000000
0000000000000000000
0000000000000000000
0000000000000000000
0000000000000000000
0000000000000000000
0000000000000000000
0000000000000000000
0000000000000000000
0000000000000000000
0000000000000000000
0000000000000000000
0000000000000000000
0000000000000000000
0000000000000000000
0000000000000000000
0000000000000000000
0000000000000000000
0000000000000000000
0000000000000000000
0000000000000000000
0000000000000000000
0000000000000000000
0000000000000000000
0000000000000000000
0000000000000000000
0000000000000000000
0000000000000000000
0000000000000000000
0000000000000000000
0000000000000000000
0000000000000000000
0000000000000000000
0000000000000000000
0000000000000000000
0000000000000000000
0000000000000000000
0000000000000000000
0000000000000000000
0000000000000000000
0000000000000000000
0000000000000000000
0000000000000000000
0000000000000000000
0000000000000000000
0000000000000000000
0000000000000000000
0000000000000000000
0000000000000000000
0000000000000000000
0000000000000000000
0000000000000000000
0000000000000000000
0000000000000000000
0000000000000000000
0000000000000000000
0000000000000000000
0000000000000000000
0000000000000000000
0000000000000000000
0000000000000000000
0000000000000000000
0000000000000000000
0000000000000000000
0000000000000000000
0000000000000000000
0000000000000000000
0000000000000000000
0000000000000000000
0000000000000000000
0000000000000000000
0000000000000000000
0000000000000000000
0000000000000000000
0000000000000000000
0000000000000000000
0000000000000000000
0000000000000000000
0000000000000000000
0000000000000000000
0000000000000000000
0000000000000000000
0000000000000000000
0000000000000000000
0000000000000000000
0000000000000000000
0000000000000000000
0000000000000000000
0000000000000000000
0000000000000000000
0000000000000000000
0000000000000000000
0000000000000000000
0000000000000000000
0000000000000000000
0000000000000000000
0000000000000000000
0000000000000000000
0000000000000000000
0000000000000000000
0000000000000000000
0000000000000000000
0000000000000000000
0000000000000000000
0000000000000000000
0000000000000000000
0000000000000000000
0000000000000000000
0000000000000000000
0000000000000000000
0000000000000000000
0000000000000000000
0000000000000000000
0000000000000000000
0000000000000000000
0000000000000000000
0000000000000000000
0000000000000000000
0000000000000000000
0000000000000000000
0000000000000000000
0000000000000000000
0000000000000000000
0000000000000000000
0000000000000000000
0000000000000000000
0000000000000000000
0000000000000000000
0000000000000000000
0000000000000000000
0000000000000000000
0000000000000000000
0000000000000000000
0000000000000000000
0000000000000000000
0000000000000000000
0000000000000000000
0000000000000000000
0000000000000000000
0000000000000000000
0000000000000000000
0000000000000000000
0000000000000000000
0000000000000000000
0000000000000000000
0000000000000000000
0000000000000000000
0000000000000000000
0000000000000000000
0000000000000000000
0000000000000000000
0000000000000000000
0000000000000000000
0000000000000000000
0000000000000000000
0000000000000000000
0000000000000000000
0000000000000000000
0000000000000000000
0000000000000000000
0000000000000000000
0000000000000000000
0000000000000000000
0000000000000000000
0000000000000000000
0000000000000000000
0000000000000000000
0000000000000000000
0000000000000000000
0000000000000000000
0000000000000000000
0000000000000000000
0000000000000000000
0000000000000000000
0000000000000000000
0000000000000000000
0000000000000000000
0000000000000000000
0000000000000000000
0000000000000000000
0000000000000000000
0000000000000000000
0000000000000000000
0000000000000000000
0000000000000000000
0000000000000000000
0000000000000000000
0000000000000000000
0000000000000000000
0000000000000000000
0000000000000000000
0000000000000000000
0000000000000000000
0000000000000000000
0000000000000000000
0000000000000000000
0000000000000000000
0000000000000000000
0000000000000000000
0000000000000000000
0000000000000000000
0000000000000000000
0000000000000000000
0000000000000000000
0000000000000000000
0000000000000000000
0000000000000000000
0000000000000000000
0000000000000000000
0000000000000000000
0000000000000000000
0000000000000000000
0000000000000000000
0000000000000000000
0000000000000000000
0000000000000000000
0000000000000000000
0000000000000000000
0000000000000000000
0000000000000000000
0000000000000000000
0000000000000000000
0000000000000000000
0000000000000000000
0000000000000000000
0000000000000000000
0000000000000000000
0000000000000000000
0000000000000000000
0000000000000000000
0000000000000000000
0000000000000000000
0000000000000000000
0000000000000000000
0000000000000000000
0000000000000000000
0000000000000000000
0000000000000000000
0000000000000000000
0000000000000000000
0000000000000000000
0000000000000000000
0000000000000000000
0000000000000000000
0000000000000000000
0000000000000000000
0000000000000000000
0000000000000000000
0000000000000000000
0000000000000000000
0000000000000000000
0000000000000000000
0000000000000000000
0000000000000000000
0000000000000000000
0000000000000000000
0000000000000000000
0000000000000000000
0000000000000000000
0000000000000000000
0000000000000000000
0000000000000000000
0000000000000000000
0000000000000000000
0000000000000000000
0000000000000000000
0000000000000000000
0000000000000000000
0000000000000000000
0000000000000000000
0000000000000000000
0000000000000000000
0000000000000000000
0000000000000000000
0000000000000000000
0000000000000000000
0000000000000000000
0000000000000000000
0000000000000000000
0000000000000000000
0000000000000000000
0000000000000000000
0000000000000000000
0000000000000000000
0000000000000000000
0000000000000000000
0000000000000000000
0000000000000000000
0000000000000000000
0000000000000000000
0000000000000000000
0000000000000000000
0000000000000000000
0000000000000000000
0000000000000000000
0000000000000000000
0000000000000000000
0000000000000000000
0000000000000000000
0000000000000000000
0000000000000000000
0000000000000000000
0000000000000000000
0000000000000000000
0000000000000000000
0000000000000000000
0000000000000000000
0000000000000000000
0000000000000000000
0000000000000000000
0000000000000000000
0000000000000000000
0000000000000000000
0000000000000000000
0000000000000000000
0000000000000000000
0000000000000000000
0000000000000000000
0000000000000000000
0000000000000000000
0000000000000000000
0000000000000000000
0000000000000000000
0000000000000000000
0000000000000000000
0000000000000000000
0000000000000000000
0000000000000000000
0000000000000000000
0000000000000000000
0000000000000000000
0000000000000000000
0000000000000000000
0000000000000000000
0000000000000000000
0000000000000000000
0000000000000000000
0000000000000000000
0000000000000000000
0000000000000000000
0000000000000000000
0000000000000000000
0000000000000000000
0000000000000000000
0000000000000000000
0000000000000000000
0000000000000000000
0000000000000000000
0000000000000000000
0000000000000000000
0000000000000000000
0000000000000000000
0000000000000000000
0000000000000000000
0000000000000000000
0000000000000000000
0000000000000000000
0000000000000000000
0000000000000000000
0000000000000000000
0000000000000000000
0000000000000000000
0000000000000000000
0000000000000000000
0000000000000000000
0000000000000000000
0000000000000000000
0000000000000000000
0000000000000000000
0000000000000000000
0000000000000000000
0000000000000000000
0000000000000000000
0000000000000000000
0000000000000000000
0000000000000000000
0000000000000000000
0000000000000000000
0000000000000000000
0000000000000000000
0000000000000000000
0000000000000000000
0000000000000000000
0000000000000000000
0000000000000000000
0000000000000000000
0000000000000000000
0000000000000000000
0000000000000000000
0000000000000000000
0000000000000000000
0000000000000000000
0000000000000000000
0000000000000000000
0000000000000000000
0000000000000000000
0000000000000000000
0000000000000000000
0000000000000000000
0000000000000000000
0000000000000000000
0000000000000000000
0000000000000000000
0000000000000000000
0000000000000000000
0000000000000000000
0000000000000000000
0000000000000000000
0000000000000000000
0000000000000000000
0000000000000000000
0000000000000000000
0000000000000000000
0000000000000000000
0000000000000000000
0000000000000000000
0000000000000000000
0000000000000000000
0000000000000000000
0000000000000000000
0000000000000000000
0000000000000000000
0000000000000000000
0000000000000000000
0000000000000000000
0000000000000000000
0000000000000000000
0000000000000000000
0000000000000000000
0000000000000000000
0000000000000000000
0000000000000000000
0000000000000000000
0000000000000000000
0000000000000000000
0000000000000000000
0000000000000000000
0000000000000000000
0000000000000000000
0000000000000000000
0000000000000000000
0000000000000000000
0000000000000000000
0000000000000000000
0000000000000000000
0000000000000000000
0000000000000000000
0000000000000000000
0000000000000000000
0000000000000000000
0000000000000000000
0000000000000000000
0000000000000000000
0000000000000000000
0000000000000000000
0000000000000000000
0000000000000000000
0000000000000000000
0000000000000000000
0000000000000000000
0000000000000000000
0000000000000000000
0000000000000000000
0000000000000000000
0000000000000000000
0000000000000000000
0000000000000000000
0000000000000000000
0000000000000000000
0000000000000000000
0000000000000000000
0000000000000000000
0000000000000000000
0000000000000000000
0000000000000000000
0000000000000000000
0000000000000000000
0000000000000000000
0000000000000000000
0000000000000000000
0000000000000000000
0000000000000000000
0000000000000000000
0000000000000000000
0000000000000000000
0000000000000000000
0000000000000000000
0000000000000000000
0000000000000000000
0000000000000000000
0000000000000000000
0000000000000000000
0000000000000000000
0000000000000000000
0000000000000000000
0000000000000000000
0000000000000000000
0000000000000000000
0000000000000000000
0000000000000000000
0000000000000000000
0000000000000000000
0000000000000000000
0000000000000000000
0000000000000000000
0000000000000000000
0000000000000000000
0000000000000000000
0000000000000000000
0000000000000000000
0000000000000000000
0000000000000000000
0000000000000000000
0000000000000000000
0000000000000000000
0000000000000000000
0000000000000000000
0000000000000000000
0000000000000000000
0000000000000000000
0000000000000000000
0000000000000000000
0000000000000000000
0000000000000000000
0000000000000000000
0000000000000000000
0000000000000000000
0000000000000000000
0000000000000000000
0000000000000000000
0000000000000000000
0000000000000000000
0000000000000000000
0000000000000000000
0000000000000000000
0000000000000000000
0000000000000000000
0000000000000000000
0000000000000000000
0000000000000000000
0000000000000000000
0000000000000000000
0000000000000000000
0000000000000000000
0000000000000000000
0000000000000000000
0000000000000000000
0000000000000000000
0000000000000000000
0000000000000000000
0000000000000000000
0000000000000000000
0000000000000000000
0000000000000000000
0000000000000000000
0000000000000000000
0000000000000000000
0000000000000000000
0000000000000000000
0000000000000000000
0000000000000000000
0000000000000000000
0000000000000000000
0000000000000000000
0000000000000000000
0000000000000000000
0000000000000000000
0000000000000000000
0000000000000000000
0000000000000000000
0000000000000000000
0000000000000000000
0000000000000000000
0000000000000000000
0000000000000000000
0000000000000000000
0000000000000000000
0000000000000000000
0000000000000000000
0000000000000000000
0000000000000000000
0000000000000000000
0000000000000000000
0000000000000000000
0000000000000000000
0000000000000000000
0000000000000000000
0000000000000000000
0000000000000000000
0000000000000000000
0000000000000000000
0000000000000000000
0000000000000000000
0000000000000000000
0000000000000000000
0000000000000000000
0000000000000000000
0000000000000000000
0000000000000000000
0000000000000000000
0000000000000000000
0000000000000000000
0000000000000000000
0000000000000000000
0000000000000000000
0000000000000000000
0000000000000000000
0000000000000000000
0000000000000000000
0000000000000000000
0000000000000000000
0000000000000000000
0000000000000000000
0000000000000000000
0000000000000000000
0000000000000000000
0000000000000000000
0000000000000000000
0000000000000000000
0000000000000000000
0000000000000000000
0000000000000000000
0000000000000000000
0000000000000000000
0000000000000000000
0000000000000000000
0000000000000000000
0000000000000000000
0000000000000000000
0000000000000000000
0000000000000000000
0000000000000000000
0000000000000000000
0000000000000000000
0000000000000000000
0000000000000000000
0000000000000000000
0000000000000000000
0000000000000000000
0000000000000000000
0000000000000000000
0000000000000000000
0000000000000000000
0000000000000000000
0000000000000000000
0000000000000000000
0000000000000000000
0000000000000000000
0000000000000000000
0000000000000000000
0000000000000000000
0000000000000000000
0000000000000000000
0000000000000000000
0000000000000000000
0000000000000000000
0000000000000000000
0000000000000000000
0000000000000000000
0000000000000000000
0000000000000000000
0000000000000000000
0000000000000000000
0000000000000000000
0000000000000000000
0000000000000000000
0000000000000000000
0000000000000000000
0000000000000000000
0000000000000000000
0000000000000000000
0000000000000000000
0000000000000000000
0000000000000000000
0000000000000000000
0000000000000000000
0000000000000000000
0000000000000000000
0000000000000000000
0000000000000000000
0000000000000000000
0000000000000000000
0000000000000000000
0000000000000000000
0000000000000000000
0000000000000000000
0000000000000000000
0000000000000000000
0000000000000000000
0000000000000000000
0000000000000000000
0000000000000000000
0000000000000000000
0000000000000000000
0000000000000000000
0000000000000000000
0000000000000000000
0000000000000000000
0000000000000000000
0000000000000000000
0000000000000000000
0000000000000000000
0000000000000000000
0000000000000000000
0000000000000000000
0000000000000000000
0000000000000000000
0000000000000000000
0000000000000000000
0000000000000000000
0000000000000000000
0000000000000000000
0000000000000000000
0000000000000000000
0000000000000000000
0000000000000000000
0000000000000000000
0000000000000000000
0000000000000000000
0000000000000000000
0000000000000000000
0000000000000000000
0000000000000000000
0000000000000000000
0000000000000000000
0000000000000000000
0000000000000000000
0000000000000000000
0000000000000000000
0000000000000000000
0000000000000000000
0000000000000000000
0000000000000000000
0000000000000000000
0000000000000000000
0000000000000000000
0000000000000000000
0000000000000000000
0000000000000000000
0000000000000000000
0000000000000000000
0000000000000000000
0000000000000000000
0000000000000000000
0000000000000000000
0000000000000000000
0000000000000000000
0000000000000000000
0000000000000000000
0000000000000000000
0000000000000000000
0000000000000000000
0000000000000000000
0000000000000000000
0000000000000000000
0000000000000000000
0000000000000000000
0000000000000000000
0000000000000000000
0000000000000000000
0000000000000000000
0000000000000000000
0000000000000000000
0000000000000000000
0000000000000000000
0000000000000000000
0000000000000000000
0000000000000000000
0000000000000000000
0000000000000000000
0000000000000000000
0000000000000000000
0000000000000000000
0000000000000000000
0000000000000000000
0000000000000000000
0000000000000000000
0000000000000000000
0000000000000000000
0000000000000000000
0000000000000000000
0000000000000000000
0000000000000000000
0000000000000000000
0000000000000000000
0000000000000000000
0000000000000000000
0000000000000000000
0000000000000000000
0000000000000000000
0000000000000000000
0000000000000000000
0000000000000000000
0000000000000000000
0000000000000000000
0000000000000000000
0000000000000000000
0000000000000000000
0000000000000000000
0000000000000000000
0000000000000000000
0000000000000000000
0000000000000000000
0000000000000000000
0000000000000000000
0000000000000000000
0000000000000000000
0000000000000000000
0000000000000000000
0000000000000000000
0000000000000000000
0000000000000000000
0000000000000000000
0000000000000000000
0000000000000000000
0000000000000000000
0000000000000000000
0000000000000000000
0000000000000000000
0000000000000000000
0000000000000000000
0000000000000000000
0000000000000000000
0000000000000000000
0000000000000000000
0000000000000000000
0000000000000000000
0000000000000000000
0000000000000000000
0000000000000000000
0000000000000000000
0000000000000000000
0000000000000000000
0000000000000000000
0000000000000000000
0000000000000000000
0000000000000000000
0000000000000000000
0000000000000000000
0000000000000000000
0000000000000000000
0000000000000000000
0000000000000000000
0000000000000000000
0000000000000000000
0000000000000000000
0000000000000000000
0000000000000000000
0000000000000000000
0000000000000000000
0000000000000000000
0000000000000000000
0000000000000000000
0000000000000000000
0000000000000000000
0000000000000000000
0000000000000000000
0000000000000000000
0000000000000000000
0000000000000000000
0000000000000000000
0000000000000000000
0000000000000000000
0000000000000000000
0000000000000000000
0000000000000000000
0000000000000000000
0000000000000000000
0000000000000000000
0000000000000000000
0000000000000000000
0000000000000000000
0000000000000000000
0000000000000000000
0000000000000000000
0000000000000000000
0000000000000000000
0000000000000000000
0000000000000000000
0000000000000000000
0000000000000000000
0000000000000000000
0000000000000000000
0000000000000000000
0000000000000000000
0000000000000000000
0000000000000000000
0000000000000000000
0000000000000000000
0000000000000000000
0000000000000000000
0000000000000000000
0000000000000000000
0000000000000000000
0000000000000000000
0000000000000000000
0000000000000000000
0000000000000000000
0000000000000000000
0000000000000000000
0000000000000000000
0000000000000000000
0000000000000000000
0000000000000000000
0000000000000000000
0000000000000000000
0000000000000000000
0000000000000000000
0000000000000000000
0000000000000000000
0000000000000000000
0000000000000000000
0000000000000000000
0000000000000000000
0000000000000000000
0000000000000000000
0000000000000000000
0000000000000000000
0000000000000000000
0000000000000000000
0000000000000000000
0000000000000000000
0000000000000000000
0000000000000000000
0000000000000000000
0000000000000000000
0000000000000000000
0000000000000000000
0000000000000000000
0000000000000000000
0000000000000000000
0000000000000000000
0000000000000000000
0000000000000000000
0000000000000000000
0000000000000000000
0000000000000000000
0000000000000000000
0000000000000000000
0000000000000000000
0000000000000000000
0000000000000000000
0000000000000000000
0000000000000000000
0000000000000000000
0000000000000000000
0000000000000000000
0000000000000000000
0000000000000000000
0000000000000000000
0000000000000000000
0000000000000000000
0000000000000000000
0000000000000000000
0000000000000000000
0000000000000000000
0000000000000000000
0000000000000000000
0000000000000000000
0000000000000000000
0000000000000000000
0000000000000000000
0000000000000000000
0000000000000000000
0000000000000000000
0000000000000000000
0000000000000000000
0000000000000000000
0000000000000000000
0000000000000000000
0000000000000000000
0000000000000000000
0000000000000000000
0000000000000000000
0000000000000000000
0000000000000000000
0000000000000000000
0000000000000000000
0000000000000000000
0000000000000000000
0000000000000000000
0000000000000000000
0000000000000000000
0000000000000000000
0000000000000000000
0000000000000000000
0000000000000000000
0000000000000000000
0000000000000000000
0000000000000000000
0000000000000000000
0000000000000000000
0000000000000000000
0000000000000000000
0000000000000000000
0000000000000000000
0000000000000000000
0000000000000000000
0000000000000000000
0000000000000000000
0000000000000000000
0000000000000000000
0000000000000000000
0000000000000000000
0000000000000000000
0000000000000000000
0000000000000000000
0000000000000000000
0000000000000000000
0000000000000000000
0000000000000000000
0000000000000000000
0000000000000000000
0000000000000000000
0000000000000000000
0000000000000000000
0000000000000000000
0000000000000000000
0000000000000000000
0000000000000000000
0000000000000000000
0000000000000000000
0000000000000000000
0000000000000000000
0000000000000000000
0000000000000000000
0000000000000000000
0000000000000000000
0000000000000000000
0000000000000000000
0000000000000000000
0000000000000000000
0000000000000000000
0000000000000000000
0000000000000000000
0000000000000000000
0000000000000000000
0000000000000000000
0000000000000000000
0000000000000000000
0000000000000000000
0000000000000000000
0000000000000000000
0000000000000000000
0000000000000000000
0000000000000000000
0000000000000000000
0000000000000000000
0000000000000000000
0000000000000000000
0000000000000000000
0000000000000000000
0000000000000000000
0000000000000000000
0000000000000000000
0000000000000000000
0000000000000000000
0000000000000000000
0000000000000000000
0000000000000000000
0000000000000000000
0000000000000000000
0000000000000000000
0000000000000000000
0000000000000000000
0000000000000000000
0000000000000000000
0000000000000000000
0000000000000000000
0000000000000000000
0000000000000000000
0000000000000000000
0000000000000000000
0000000000000000000
0000000000000000000
0000000000000000000
0000000000000000000
0000000000000000000
0000000000000000000
0000000000000000000
0000000000000000000
0000000000000000000
0000000000000000000
0000000000000000000
0000000000000000000
0000000000000000000
0000000000000000000
0000000000000000000
0000000000000000000
0000000000000000000
0000000000000000000
0000000000000000000
0000000000000000000
0000000000000000000
0000000000000000000
0000000000000000000
0000000000000000000
0000000000000000000
0000000000000000000
0000000000000000000
0000000000000000000
0000000000000000000
0000000000000000000
0000000000000000000
0000000000000000000
0000000000000000000
0000000000000000000
0000000000000000000
0000000000000000000
0000000000000000000
0000000000000000000
0000000000000000000
0000000000000000000
0000000000000000000
0000000000000000000
0000000000000000000
0000000000000000000
0000000000000000000
0000000000000000000
0000000000000000000
0000000000000000000
0000000000000000000
0000000000000000000
0000000000000000000
0000000000000000000
0000000000000000000
0000000000000000000
0000000000000000000
0000000000000000000
0000000000000000000
0000000000000000000
0000000000000000000
0000000000000000000
0000000000000000000
0000000000000000000
0000000000000000000
0000000000000000000
0000000000000000000
0000000000000000000
0000000000000000000
0000000000000000000
0000000000000000000
0000000000000000000
0000000000000000000
0000000000000000000
0000000000000000000
0000000000000000000
0000000000000000000
0000000000000000000
0000000000000000000
0000000000000000000
0000000000000000000
0000000000000000000
0000000000000000000
0000000000000000000
0000000000000000000
0000000000000000000
0000000000000000000
0000000000000000000
0000000000000000000
0000000000000000000
0000000000000000000
0000000000000000000
0000000000000000000
0000000000000000000
0000000000000000000
0000000000000000000
0000000000000000000
0000000000000000000
0000000000000000000
0000000000000000000
0000000000000000000
0000000000000000000
0000000000000000000
0000000000000000000
0000000000000000000
0000000000000000000
0000000000000000000
0000000000000000000
0000000000000000000
0000000000000000000
0000000000000000000
0000000000000000000
0000000000000000000
0000000000000000000
0000000000000000000
0000000000000000000
0000000000000000000
0000000000000000000
0000000000000000000
0000000000000000000
0000000000000000000
0000000000000000000
0000000000000000000
0000000000000000000
0000000000000000000
0000000000000000000
0000000000000000000
0000000000000000000
0000000000000000000
0000000000000000000
0000000000000000000
0000000000000000000
0000000000000000000
0000000000000000000
0000000000000000000
0000000000000000000
0000000000000000000
0000000000000000000
0000000000000000000
0000000000000000000
0000000000000000000
0000000000000000000
0000000000000000000
0000000000000000000
0000000000000000000
0000000000000000000
0000000000000000000
0000000000000000000
0000000000000000000
0000000000000000000
0000000000000000000
0000000000000000000
0000000000000000000
0000000000000000000
0000000000000000000
0000000000000000000
0000000000000000000
0000000000000000000
0000000000000000000
0000000000000000000
0000000000000000000
0000000000000000000
0000000000000000000
0000000000000000000
0000000000000000000
0000000000000000000
0000000000000000000
0000000000000000000
0000000000000000000
0000000000000000000
0000000000000000000
0000000000000000000
0000000000000000000
0000000000000000000
0000000000000000000
0000000000000000000
0000000000000000000
0000000000000000000
0000000000000000000
0000000000000000000
0000000000000000000
0000000000000000000
0000000000000000000
0000000000000000000
0000000000000000000
0000000000000000000
0000000000000000000
0000000000000000000
0000000000000000000
0000000000000000000
0000000000000000000
0000000000000000000
0000000000000000000
0000000000000000000
0000000000000000000
0000000000000000000
0000000000000000000
0000000000000000000
0000000000000000000
0000000000000000000
0000000000000000000
0000000000000000000
0000000000000000000
0000000000000000000
0000000000000000000
0000000000000000000
0000000000000000000
0000000000000000000
0000000000000000000
0000000000000000000
0000000000000000000
0000000000000000000
0000000000000000000
0000000000000000000
0000000000000000000
0000000000000000000
0000000000000000000
0000000000000000000
0000000000000000000
0000000000000000000
0000000000000000000
0000000000000000000
0000000000000000000
0000000000000000000
0000000000000000000
0000000000000000000
0000000000000000000
0000000000000000000
0000000000000000000
0000000000000000000
0000000000000000000
0000000000000000000
0000000000000000000
0000000000000000000
0000000000000000000
0000000000000000000
0000000000000000000
0000000000000000000
0000000000000000000
0000000000000000000
0000000000000000000
0000000000000000000
0000000000000000000
0000000000000000000
0000000000000000000
0000000000000000000
0000000000000000000
0000000000000000000
0000000000000000000
0000000000000000000
0000000000000000000
0000000000000000000
0000000000000000000
0000000000000000000
0000000000000000000
0000000000000000000
0000000000000000000
0000000000000000000
0000000000000000000
0000000000000000000
0000000000000000000
0000000000000000000
0000000000000000000
0000000000000000000
0000000000000000000
0000000000000000000
0000000000000000000
0000000000000000000
0000000000000000000
0000000000000000000
0000000000000000000
0000000000000000000
0000000000000000000
0000000000000000000
0000000000000000000
0000000000000000000
0000000000000000000
0000000000000000000
0000000000000000000
0000000000000000000
0000000000000000000
0000000000000000000
0000000000000000000
0000000000000000000
0000000000000000000
0000000000000000000
0000000000000000000
0000000000000000000
0000000000000000000
0000000000000000000
0000000000000000000
0000000000000000000
0000000000000000000
0000000000000000000
0000000000000000000
0000000000000000000
0000000000000000000
0000000000000000000
0000000000000000000
0000000000000000000
0000000000000000000
0000000000000000000
0000000000000000000
0000000000000000000
0000000000000000000
0000000000000000000
0000000000000000000
0000000000000000000
0000000000000000000
0000000000000000000
0000000000000000000
0000000000000000000
0000000000000000000
0000000000000000000
0000000000000000000
0000000000000000000
0000000000000000000
0000000000000000000
0000000000000000000
0000000000000000000
0000000000000000000
0000000000000000000
0000000000000000000
0000000000000000000
0000000000000000000
0000000000000000000
0000000000000000000
0000000000000000000
0000000000000000000
0000000000000000000
0000000000000000000
0000000000000000000
0000000000000000000
0000000000000000000
0000000000000000000
0000000000000000000
0000000000000000000
0000000000000000000
0000000000000000000
0000000000000000000
0000000000000000000
0000000000000000000
0000000000000000000
0000000000000000000
0000000000000000000
0000000000000000000
0000000000000000000
0000000000000000000
0000000000000000000
0000000000000000000
0000000000000000000
0000000000000000000
0000000000000000000
0000000000000000000
0000000000000000000
0000000000000000000
0000000000000000000
0000000000000000000
0000000000000000000
0000000000000000000
0000000000000000000
0000000000000000000
0000000000000000000
0000000000000000000
0000000000000000000
0000000000000000000
0000000000000000000
0000000000000000000
0000000000000000000
0000000000000000000
0000000000000000000
0000000000000000000
0000000000000000000
0000000000000000000
0000000000000000000
0000000000000000000
0000000000000000000
0000000000000000000
0000000000000000000
0000000000000000000
0000000000000000000
0000000000000000000
0000000000000000000
0000000000000000000
0000000000000000000
0000000000000000000
0000000000000000000
0000000000000000000
0000000000000000000
0000000000000000000
0000000000000000000
0000000000000000000
0000000000000000000
0000000000000000000
0000000000000000000
0000000000000000000
0000000000000000000
0000000000000000000
0000000000000000000
0000000000000000000
0000000000000000000
0000000000000000000
0000000000000000000
0000000000000000000
0000000000000000000
0000000000000000000
0000000000000000000
0000000000000000000
0000000000000000000
0000000000000000000
0000000000000000000
0000000000000000000
0000000000000000000
0000000000000000000
0000000000000000000
0000000000000000000
0000000000000000000
0000000000000000000
0000000000000000000
0000000000000000000
0000000000000000000
0000000000000000000
0000000000000000000
0000000000000000000
0000000000000000000
0000000000000000000
0000000000000000000
0000000000000000000
0000000000000000000
0000000000000000000
0000000000000000000
0000000000000000000
0000000000000000000
0000000000000000000
0000000000000000000
0000000000000000000
0000000000000000000
0000000000000000000
0000000000000000000
0000000000000000000
0000000000000000000
0000000000000000000
0000000000000000000
0000000000000000000
0000000000000000000
0000000000000000000
0000000000000000000
0000000000000000000
0000000000000000000
0000000000000000000
0000000000000000000
0000000000000000000
0000000000000000000
0000000000000000000
0000000000000000000
0000000000000000000
0000000000000000000
0000000000000000000
0000000000000000000
0000000000000000000
0000000000000000000
0000000000000000000
0000000000000000000
0000000000000000000
0000000000000000000
0000000000000000000
0000000000000000000
0000000000000000000
0000000000000000000
0000000000000000000
0000000000000000000
0000000000000000000
0000000000000000000
0000000000000000000
0000000000000000000
0000000000000000000
0000000000000000000
0000000000000000000
0000000000000000000
0000000000000000000
0000000000000000000
0000000000000000000
0000000000000000000
0000000000000000000
0000000000000000000
0000000000000000000
0000000000000000000
0000000000000000000
0000000000000000000
0000000000000000000
0000000000000000000
0000000000000000000
0000000000000000000
0000000000000000000
0000000000000000000
0000000000000000000
0000000000000000000
0000000000000000000
0000000000000000000
0000000000000000000
0000000000000000000
0000000000000000000
0000000000000000000
0000000000000000000
0000000000000000000
0000000000000000000
0000000000000000000
0000000000000000000
0000000000000000000
0000000000000000000
0000000000000000000
0000000000000000000
0000000000000000000
0000000000000000000
0000000000000000000
0000000000000000000
0000000000000000000
0000000000000000000
0000000000000000000
0000000000000000000
0000000000000000000
0000000000000000000
0000000000000000000
0000000000000000000
0000000000000000000
0000000000000000000
0000000000000000000
0000000000000000000
0000000000000000000
0000000000000000000
0000000000000000000
0000000000000000000
0000000000000000000
0000000000000000000
0000000000000000000
0000000000000000000
0000000000000000000
0000000000000000000
0000000000000000000
0000000000000000000
0000000000000000000
0000000000000000000
0000000000000000000
0000000000000000000
0000000000000000000
0000000000000000000
0000000000000000000
0000000000000000000
0000000000000000000
0000000000000000000
0000000000000000000
0000000000000000000
0000000000000000000
0000000000000000000
0000000000000000000
0000000000000000000
0000000000000000000
0000000000000000000
0000000000000000000
0000000000000000000
0000000000000000000
0000000000000000000
0000000000000000000
0000000000000000000
0000000000000000000
0000000000000000000
0000000000000000000
0000000000000000000
0000000000000000000
0000000000000000000
0000000000000000000
0000000000000000000
0000000000000000000
0000000000000000000
0000000000000000000
0000000000000000000
0000000000000000000
0000000000000000000
0000000000000000000
0000000000000000000
0000000000000000000
0000000000000000000
0000000000000000000
0000000000000000000
0000000000000000000
0000000000000000000
0000000000000000000
0000000000000000000
0000000000000000000
0000000000000000000
0000000000000000000
0000000000000000000
0000000000000000000
0000000000000000000
0000000000000000000
0000000000000000000
0000000000000000000
0000000000000000000
0000000000000000000
0000000000000000000
0000000000000000000
0000000000000000000
0000000000000000000
0000000000000000000
0000000000000000000
0000000000000000000
0000000000000000000
0000000000000000000
0000000000000000000
0000000000000000000
0000000000000000000
0000000000000000000
0000000000000000000
0000000000000000000
0000000000000000000
0000000000000000000
0000000000000000000
0000000000000000000
0000000000000000000
0000000000000000000
0000000000000000000
0000000000000000000
0000000000000000000
0000000000000000000
0000000000000000000
0000000000000000000
0000000000000000000
0000000000000000000
0000000000000000000
0000000000000000000
0000000000000000000
0000000000000000000
0000000000000000000
0000000000000000000
0000000000000000000
0000000000000000000
0000000000000000000
0000000000000000000
0000000000000000000
0000000000000000000
0000000000000000000
0000000000000000000
0000000000000000000
0000000000000000000
0000000000000000000
0000000000000000000
0000000000000000000
0000000000000000000
0000000000000000000
0000000000000000000
0000000000000000000
0000000000000000000
0000000000000000000
0000000000000000000
0000000000000000000
0000000000000000000
0000000000000000000
0000000000000000000
0000000000000000000
0000000000000000000
0000000000000000000
0000000000000000000
0000000000000000000
0000000000000000000
0000000000000000000
0000000000000000000
0000000000000000000
0000000000000000000
0000000000000000000
0000000000000000000
0000000000000000000
0000000000000000000
0000000000000000000
0000000000000000000
0000000000000000000
0000000000000000000
0000000000000000000
0000000000000000000
0000000000000000000
0000000000000000000
0000000000000000000
0000000000000000000
0000000000000000000
0000000000000000000
0000000000000000000
0000000000000000000
0000000000000000000
0000000000000000000
0000000000000000000
0000000000000000000
0000000000000000000
0000000000000000000
0000000000000000000
0000000000000000000
0000000000000000000
0000000000000000000
0000000000000000000
0000000000000000000
0000000000000000000
0000000000000000000
0000000000000000000
0000000000000000000
0000000000000000000
0000000000000000000
0000000000000000000
0000000000000000000
0000000000000000000
0000000000000000000
0000000000000000000
0000000000000000000
0000000000000000000
0000000000000000000
0000000000000000000
0000000000000000000
0000000000000000000
0000000000000000000
0000000000000000000
0000000000000000000
0000000000000000000
0000000000000000000
0000000000000000000
0000000000000000000
0000000000000000000
0000000000000000000
0000000000000000000
0000000000000000000
0000000000000000000
0000000000000000000
0000000000000000000
0000000000000000000
0000000000000000000
0000000000000000000
0000000000000000000
0000000000000000000
0000000000000000000
0000000000000000000
0000000000000000000
0000000000000000000
0000000000000000000
0000000000000000000
0000000000000000000
0000000000000000000
0000000000000000000
0000000000000000000
0000000000000000000
0000000000000000000
0000000000000000000
0000000000000000000
0000000000000000000
0000000000000000000
0000000000000000000
0000000000000000000
0000000000000000000
0000000000000000000
0000000000000000000
0000000000000000000
0000000000000000000
0000000000000000000
0000000000000000000
0000000000000000000
0000000000000000000
0000000000000000000
0000000000000000000
0000000000000000000
0000000000000000000
0000000000000000000
0000000000000000000
0000000000000000000
0000000000000000000
0000000000000000000
0000000000000000000
0000000000000000000
0000000000000000000
0000000000000000000
0000000000000000000
0000000000000000000
0000000000000000000
0000000000000000000
0000000000000000000
0000000000000000000
0000000000000000000
0000000000000000000
0000000000000000000
0000000000000000000
0000000000000000000
0000000000000000000
0000000000000000000
0000000000000000000
0000000000000000000
0000000000000000000
0000000000000000000
0000000000000000000
0000000000000000000
0000000000000000000
0000000000000000000
0000000000000000000
0000000000000000000
0000000000000000000
0000000000000000000
0000000000000000000
0000000000000000000
0000000000000000000
0000000000000000000
0000000000000000000
0000000000000000000
0000000000000000000
0000000000000000000
0000000000000000000
0000000000000000000
0000000000000000000
0000000000000000000
0000000000000000000
0000000000000000000
0000000000000000000
0000000000000000000
0000000000000000000
0000000000000000000
0000000000000000000
0000000000000000000
0000000000000000000
0000000000000000000
0000000000000000000
0000000000000000000
0000000000000000000
0000000000000000000
0000000000000000000
0000000000000000000
0000000000000000000
0000000000000000000
0000000000000000000
0000000000000000000
0000000000000000000
0000000000000000000
0000000000000000000
0000000000000000000
0000000000000000000
0000000000000000000
0000000000000000000
0000000000000000000
0000000000000000000
0000000000000000000
0000000000000000000
0000000000000000000
0000000000000000000
0000000000000000000
0000000000000000000
0000000000000000000
0000000000000000000
0000000000000000000
0000000000000000000
0000000000000000000
0000000000000000000
0000000000000000000
0000000000000000000
0000000000000000000
0000000000000000000
0000000000000000000
0000000000000000000
0000000000000000000
0000000000000000000
0000000000000000000
0000000000000000000
0000000000000000000
0000000000000000000
0000000000000000000
0000000000000000000
0000000000000000000
0000000000000000000
0000000000000000000
0000000000000000000
0000000000000000000
0000000000000000000
0000000000000000000
0000000000000000000
0000000000000000000
0000000000000000000
0000000000000000000
0000000000000000000
0000000000000000000
0000000000000000000
0000000000000000000
0000000000000000000
0000000000000000000
0000000000000000000
0000000000000000000
0000000000000000000
0000000000000000000
0000000000000000000
0000000000000000000
0000000000000000000
0000000000000000000
0000000000000000000
0000000000000000000
0000000000000000000
0000000000000000000
0000000000000000000
0000000000000000000
0000000000000000000
0000000000000000000
0000000000000000000
0000000000000000000
0000000000000000000
0000000000000000000
0000000000000000000
0000000000000000000
0000000000000000000
0000000000000000000
0000000000000000000
0000000000000000000
0000000000000000000
0000000000000000000
0000000000000000000
0000000000000000000
0000000000000000000
0000000000000000000
0000000000000000000
0000000000000000000
0000000000000000000
0000000000000000000
0000000000000000000
0000000000000000000
0000000000000000000
0000000000000000000
0000000000000000000
0000000000000000000
0000000000000000000
0000000000000000000
0000000000000000000
0000000000000000000
0000000000000000000
0000000000000000000
0000000000000000000
0000000000000000000
0000000000000000000
0000000000000000000
0000000000000000000
0000000000000000000
0000000000000000000
0000000000000000000
0000000000000000000
0000000000000000000
0000000000000000000
0000000000000000000
0000000000000000000
0000000000000000000
0000000000000000000
0000000000000000000
0000000000000000000
0000000000000000000
0000000000000000000
0000000000000000000
0000000000000000000
0000000000000000000
0000000000000000000
0000000000000000000
0000000000000000000
0000000000000000000
0000000000000000000
0000000000000000000
0000000000000000000
0000000000000000000
0000000000000000000
0000000000000000000
0000000000000000000
0000000000000000000
0000000000000000000
0000000000000000000
0000000000000000000
0000000000000000000
0000000000000000000
0000000000000000000
0000000000000000000
0000000000000000000
0000000000000000000
0000000000000000000
0000000000000000000
0000000000000000000
0000000000000000000
0000000000000000000
0000000000000000000
0000000000000000000
0000000000000000000
0000000000000000000
0000000000000000000
0000000000000000000
0000000000000000000
0000000000000000000
0000000000000000000
0000000000000000000
0000000000000000000
0000000000000000000
0000000000000000000
0000000000000000000
0000000000000000000
0000000000000000000
0000000000000000000
0000000000000000000
0000000000000000000
0000000000000000000
0000000000000000000
0000000000000000000
0000000000000000000
0000000000000000000
0000000000000000000
0000000000000000000
0000000000000000000
0000000000000000000
0000000000000000000
0000000000000000000
0000000000000000000
0000000000000000000
0000000000000000000
0000000000000000000
0000000000000000000
0000000000000000000
0000000000000000000
0000000000000000000
0000000000000000000
0000000000000000000
0000000000000000000
0000000000000000000
0000000000000000000
0000000000000000000
0000000000000000000
0000000000000000000
0000000000000000000
0000000000000000000
0000000000000000000
0000000000000000000
0000000000000000000
0000000000000000000
0000000000000000000
0000000000000000000
0000000000000000000
0000000000000000000
0000000000000000000
0000000000000000000
0000000000000000000
0000000000000000000
0000000000000000000
0000000000000000000
0000000000000000000
0000000000000000000
0000000000000000000
0000000000000000000
0000000000000000000
0000000000000000000
0000000000000000000
0000000000000000000
0000000000000000000
0000000000000000000
0000000000000000000
0000000000000000000
0000000000000000000
0000000000000000000
0000000000000000000
0000000000000000000
0000000000000000000
0000000000000000000
0000000000000000000
0000000000000000000
0000000000000000000
0000000000000000000
0000000000000000000
0000000000000000000
0000000000000000000
0000000000000000000
0000000000000000000
0000000000000000000
0000000000000000000
0000000000000000000
0000000000000000000
0000000000000000000
0000000000000000000
0000000000000000000
0000000000000000000
0000000000000000000
0000000000000000000
0000000000000000000
0000000000000000000
0000000000000000000
0000000000000000000
0000000000000000000
0000000000000000000
0000000000000000000
0000000000000000000
0000000000000000000
0000000000000000000
0000000000000000000
0000000000000000000
0000000000000000000
0000000000000000000
0000000000000000000
0000000000000000000
0000000000000000000
0000000000000000000
0000000000000000000
0000000000000000000
0000000000000000000
0000000000000000000
0000000000000000000
0000000000000000000
0000000000000000000
0000000000000000000
0000000000000000000
0000000000000000000
0000000000000000000
0000000000000000000
0000000000000000000
0000000000000000000
0000000000000000000
0000000000000000000
0000000000000000000
0000000000000000000
0000000000000000000
0000000000000000000
0000000000000000000
0000000000000000000
0000000000000000000
0000000000000000000
0000000000000000000
0000000000000000000
0000000000000000000
0000000000000000000
0000000000000000000
0000000000000000000
0000000000000000000
0000000000000000000
0000000000000000000
0000000000000000000
0000000000000000000
0000000000000000000
0000000000000000000
0000000000000000000
0000000000000000000
0000000000000000000
0000000000000000000
0000000000000000000
0000000000000000000
0000000000000000000
0000000000000000000
0000000000000000000
0000000000000000000
0000000000000000000
0000000000000000000
0000000000000000000
0000000000000000000
0000000000000000000
0000000000000000000
0000000000000000000
0000000000000000000
0000000000000000000
0000000000000000000
0000000000000000000
0000000000000000000
0000000000000000000
0000000000000000000
0000000000000000000
0000000000000000000
0000000000000000000
0000000000000000000
0000000000000000000
0000000000000000000
0000000000000000000
0000000000000000000
0000000000000000000
0000000000000000000
0000000000000000000
0000000000000000000
0000000000000000000
0000000000000000000
0000000000000000000
0000000000000000000
0000000000000000000
0000000000000000000
0000000000000000000
0000000000000000000
0000000000000000000
0000000000000000000
0000000000000000000
0000000000000000000
0000000000000000000
0000000000000000000
0000000000000000000
0000000000000000000
0000000000000000000
0000000000000000000
0000000000000000000
0000000000000000000
0000000000000000000
0000000000000000000
0000000000000000000
0000000000000000000
0000000000000000000
0000000000000000000
0000000000000000000
0000000000000000000
0000000000000000000
0000000000000000000
0000000000000000000
0000000000000000000
0000000000000000000
0000000000000000000
0000000000000000000
0000000000000000000
0000000000000000000
0000000000000000000
0000000000000000000
0000000000000000000
0000000000000000000
0000000000000000000
0000000000000000000
0000000000000000000
0000000000000000000
0000000000000000000
0000000000000000000
0000000000000000000
0000000000000000000
0000000000000000000
0000000000000000000
0000000000000000000
0000000000000000000
0000000000000000000
0000000000000000000
0000000000000000000
0000000000000000000
0000000000000000000
0000000000000000000
0000000000000000000
0000000000000000000
0000000000000000000
0000000000000000000
