// Softplus LUT: P_table + N_table
// K1=7, K2=6, K3=6, Range=[-16.0, 16.0]

// P_table (128 x 64):
000000000000000
000000000000000
000000000000000
000000000000000
000000000000000
000000000000000
000000000000000
000000000000000
000000000000000
000000000000000
000000000000000
000000000000000
000000000000000
000000000000000
000000000000000
000000000000000
000000000000000
000000000000000
000000000000000
000000000000000
000000000000000
000000000000000
000000000000000
000000000000000
000000000000000
000000000000000
000000000000000
000000000000000
000000000000000
000000000000000
000000000000000
000000000000000
000000000000000
000000000000000
000000000000000
000000000000000
000000000000000
000000000000000
000000000000000
000000000000000
000000000000000
000000000000000
000000000000000
000000000000000
000000000000000
000000000000000
000000000000000
000000000000000
000000000000000
000000000000000
000000000000000
000000000000000
000000000000000
000000000000000
000000000000000
000000000000000
000000000000000
000000000000000
000000000000000
000000000000000
000000000000000
000000000000000
000000000000000
000000000000000
000000000000000
000000000000000
000000000000000
000000000000000
000000000000000
000000000000000
000000000000000
000000000000000
000000000000000
000000000000000
000000000000000
000000000000000
000000000000000
000000000000000
000000000000000
000000000000000
000000000000000
000000000000000
000000000000000
000000000000000
000000000000000
000000000000000
000000000000000
000000000000000
000000000000000
000000000000000
000000000000000
000000000000000
000000000000000
000000000000000
000000000000000
000000000000000
000000000000000
000000000000000
000000000000000
000000000000000
000000000000000
000000000000000
000000000000000
000000000000000
000000000000000
000000000000000
000000000000000
000000000000000
000000000000000
000000000000000
000000000000000
000000000000000
000000000000000
000000000000000
000000000000000
000000000000000
000000000000000
000000000000000
000000000000000
000000000000000
000000000000000
000000000000000
000000000000000
000000000000000
000000000000000
000000000000000
000000000000000
000000000000000
000000000000000
000000000000000
000000000000000
000000000000000
000000000000000
000000000000000
000000000000000
000000000000000
000000000000000
000000000000000
000000000000000
000000000000000
000000000000000
000000000000000
000000000000000
000000000000000
000000000000000
000000000000000
000000000000000
000000000000000
000000000000000
000000000000000
000000000000000
000000000000000
000000000000000
000000000000000
000000000000000
000000000000000
000000000000000
000000000000000
000000000000000
000000000000000
000000000000000
000000000000000
000000000000000
000000000000000
000000000000000
000000000000000
000000000000000
000000000000000
000000000000000
000000000000000
000000000000000
000000000000000
000000000000000
000000000000000
000000000000000
000000000000000
000000000000000
000000000000000
000000000000000
000000000000000
000000000000000
000000000000000
000000000000000
000000000000000
000000000000000
000000000000000
000000000000000
000000000000000
000000000000000
000000000000000
000000000000000
000000000000000
000000000000000
000000000000000
000000000000000
000000000000000
000000000000000
000000000000000
000000000000000
000000000000000
000000000000000
000000000000000
000000000000000
000000000000000
000000000000000
000000000000000
000000000000000
000000000000000
000000000000000
000000000000000
000000000000000
000000000000000
000000000000000
000000000000000
000000000000000
000000000000000
000000000000000
000000000000000
000000000000000
000000000000000
000000000000000
000000000000000
000000000000000
000000000000000
000000000000000
000000000000000
000000000000000
000000000000000
000000000000000
000000000000000
000000000000000
000000000000000
000000000000000
000000000000000
000000000000000
000000000000000
000000000000000
000000000000000
000000000000000
000000000000000
000000000000000
000000000000000
000000000000000
000000000000000
000000000000000
000000000000000
000000000000000
000000000000000
000000000000000
000000000000000
000000000000000
000000000000000
000000000000000
000000000000000
000000000000000
000000000000000
000000000000000
000000000000000
000000000000000
000000000000000
000000000000000
000000000000000
000000000000000
000000000000000
000000000000000
000000000000000
000000000000000
000000000000000
000000000000000
000000000000000
000000000000000
000000000000000
000000000000000
000000000000000
000000000000000
000000000000000
000000000000000
000000000000000
000000000000000
000000000000000
000000000000000
000000000000000
000000000000000
000000000000000
000000000000000
000000000000000
000000000000000
000000000000000
000000000000000
000000000000000
000000000000000
000000000000000
000000000000000
000000000000000
000000000000000
000000000000000
000000000000000
000000000000000
000000000000000
000000000000000
000000000000000
000000000000000
000000000000000
000000000000000
000000000000000
000000000000000
000000000000000
000000000000000
000000000000000
000000000000000
000000000000000
000000000000000
000000000000000
000000000000000
000000000000000
000000000000000
000000000000000
000000000000000
000000000000000
000000000000000
000000000000000
000000000000000
000000000000000
000000000000000
000000000000000
000000000000000
000000000000000
000000000000000
000000000000000
000000000000000
000000000000000
000000000000000
000000000000000
000000000000000
000000000000000
000000000000000
000000000000000
000000000000000
000000000000000
000000000000000
000000000000000
000000000000000
000000000000000
000000000000000
000000000000000
000000000000000
000000000000000
000000000000000
000000000000000
000000000000000
000000000000000
000000000000000
000000000000000
000000000000000
000000000000000
000000000000000
000000000000000
000000000000000
000000000000000
000000000000000
000000000000000
000000000000000
000000000000000
000000000000000
000000000000000
000000000000000
000000000000000
000000000000000
000000000000000
000000000000000
000000000000000
000000000000000
000000000000000
000000000000000
000000000000000
000000000000000
000000000000000
000000000000000
000000000000000
000000000000000
000000000000000
000000000000000
000000000000000
000000000000000
000000000000000
000000000000000
000000000000000
000000000000000
000000000000000
000000000000000
000000000000000
000000000000000
000000000000000
000000000000000
000000000000000
000000000000000
000000000000000
000000000000000
000000000000000
000000000000000
000000000000000
000000000000000
000000000000000
000000000000000
000000000000000
000000000000000
000000000000000
000000000000000
000000000000000
000000000000000
000000000000000
000000000000000
000000000000000
000000000000000
000000000000000
000000000000000
000000000000000
000000000000000
000000000000000
000000000000000
000000000000000
000000000000000
000000000000000
000000000000000
000000000000000
000000000000000
000000000000000
000000000000000
000000000000000
000000000000000
000000000000000
000000000000000
000000000000000
000000000000000
000000000000000
000000000000000
000000000000000
000000000000000
000000000000000
000000000000000
000000000000000
000000000000000
000000000000000
000000000000000
000000000000000
000000000000000
000000000000000
000000000000000
000000000000000
000000000000000
000000000000000
000000000000000
000000000000000
000000000000000
000000000000000
000000000000000
000000000000000
000000000000000
000000000000000
000000000000000
000000000000000
000000000000000
000000000000000
000000000000000
000000000000000
000000000000000
000000000000000
000000000000000
000000000000000
000000000000000
000000000000000
000000000000000
000000000000000
000000000000000
000000000000000
000000000000000
000000000000000
000000000000000
000000000000000
000000000000000
000000000000000
000000000000000
000000000000000
000000000000000
000000000000000
000000000000000
000000000000000
000000000000000
000000000000000
000000000000000
000000000000000
000000000000000
000000000000000
000000000000000
000000000000000
000000000000000
000000000000000
000000000000000
000000000000000
000000000000000
000000000000000
000000000000000
000000000000000
000000000000000
000000000000000
000000000000000
000000000000000
000000000000000
000000000000000
000000000000000
000000000000000
000000000000000
000000000000000
000000000000000
000000000000000
000000000000000
000000000000000
000000000000000
000000000000000
000000000000000
000000000000000
000000000000000
000000000000000
000000000000000
000000000000000
000000000000000
000000000000000
000000000000000
000000000000000
000000000000000
000000000000000
000000000000000
000000000000000
000000000000000
000000000000000
000000000000000
000000000000000
000000000000000
000000000000000
000000000000000
000000000000000
000000000000000
000000000000000
000000000000000
000000000000000
000000000000000
000000000000000
000000000000000
000000000000000
000000000000000
000000000000000
000000000000000
000000000000000
000000000000000
000000000000000
000000000000000
000000000000000
000000000000000
000000000000000
000000000000000
000000000000000
000000000000000
000000000000000
000000000000000
000000000000000
000000000000000
000000000000000
000000000000000
000000000000000
000000000000000
000000000000000
000000000000000
000000000000000
000000000000000
000000000000000
000000000000000
000000000000000
000000000000000
000000000000000
000000000000000
000000000000000
000000000000000
000000000000000
000000000000000
000000000000000
000000000000000
000000000000000
000000000000000
000000000000000
000000000000000
000000000000000
000000000000000
000000000000000
000000000000000
000000000000000
000000000000000
000000000000000
000000000000000
000000000000000
000000000000000
000000000000000
000000000000000
000000000000000
000000000000000
000000000000000
000000000000000
000000000000000
000000000000000
000000000000000
000000000000000
000000000000000
000000000000000
000000000000000
000000000000000
000000000000000
000000000000000
000000000000000
000000000000000
000000000000000
000000000000000
000000000000000
000000000000000
000000000000000
000000000000000
000000000000000
000000000000000
000000000000000
000000000000000
000000000000000
000000000000000
000000000000000
000000000000000
000000000000000
000000000000000
000000000000000
000000000000000
000000000000000
000000000000000
000000000000000
000000000000000
000000000000000
000000000000000
000000000000000
000000000000000
000000000000000
000000000000000
000000000000000
000000000000000
000000000000000
000000000000000
000000000000000
000000000000000
000000000000000
000000000000000
000000000000000
000000000000000
000000000000000
000000000000000
000000000000000
000000000000000
000000000000000
000000000000000
000000000000000
000000000000000
000000000000000
000000000000000
000000000000000
000000000000000
000000000000000
000000000000000
000000000000000
000000000000000
000000000000000
000000000000000
000000000000000
000000000000000
000000000000000
000000000000000
000000000000000
000000000000000
000000000000000
000000000000000
000000000000000
000000000000000
000000000000000
000000000000000
000000000000000
000000000000000
000000000000000
000000000000000
000000000000000
000000000000000
000000000000000
000000000000000
000000000000000
000000000000000
000000000000000
000000000000000
000000000000000
000000000000000
000000000000000
000000000000000
000000000000000
000000000000000
000000000000000
000000000000000
000000000000000
000000000000000
000000000000000
000000000000000
000000000000000
000000000000000
000000000000000
000000000000000
000000000000000
000000000000000
000000000000000
000000000000000
000000000000000
000000000000000
000000000000000
000000000000000
000000000000000
000000000000000
000000000000000
000000000000000
000000000000000
000000000000000
000000000000000
000000000000000
000000000000000
000000000000000
000000000000000
000000000000000
000000000000000
000000000000000
000000000000000
000000000000000
000000000000000
000000000000000
000000000000000
000000000000000
000000000000000
000000000000000
000000000000000
000000000000000
000000000000000
000000000000000
000000000000000
000000000000000
000000000000000
000000000000000
000000000000000
000000000000000
000000000000000
000000000000000
000000000000000
000000000000000
000000000000000
000000000000000
000000000000000
000000000000000
000000000000000
000000000000000
000000000000000
000000000000000
000000000000000
000000000000000
000000000000000
000000000000000
000000000000000
000000000000000
000000000000000
000000000000000
000000000000000
000000000000000
000000000000000
000000000000000
000000000000000
000000000000000
000000000000000
000000000000000
000000000000000
000000000000000
000000000000000
000000000000000
000000000000000
000000000000000
000000000000000
000000000000000
000000000000000
000000000000000
000000000000000
000000000000000
000000000000000
000000000000000
000000000000000
000000000000000
000000000000000
000000000000000
000000000000000
000000000000000
000000000000000
000000000000000
000000000000000
000000000000000
000000000000000
000000000000000
000000000000000
000000000000000
000000000000000
000000000000000
000000000000000
000000000000000
000000000000000
000000000000000
000000000000000
000000000000000
000000000000000
000000000000000
000000000000000
000000000000000
000000000000000
000000000000000
000000000000000
000000000000000
000000000000000
000000000000000
000000000000000
000000000000000
000000000000000
000000000000000
000000000000000
000000000000000
000000000000000
000000000000000
000000000000000
000000000000000
000000000000000
000000000000000
000000000000000
000000000000000
000000000000000
000000000000000
000000000000000
000000000000000
000000000000000
000000000000000
000000000000000
000000000000000
000000000000000
000000000000000
000000000000000
000000000000000
000000000000000
000000000000000
000000000000000
000000000000000
000000000000000
000000000000000
000000000000000
000000000000000
000000000000000
000000000000000
000000000000000
000000000000000
000000000000000
000000000000000
000000000000000
000000000000000
000000000000000
000000000000000
000000000000000
000000000000000
000000000000000
000000000000000
000000000000000
000000000000000
000000000000000
000000000000000
000000000000000
000000000000000
000000000000000
000000000000000
000000000000000
000000000000000
000000000000000
000000000000000
000000000000000
000000000000000
000000000000000
000000000000000
000000000000000
000000000000000
000000000000000
000000000000000
000000000000000
000000000000000
000000000000000
000000000000000
000000000000000
000000000000000
000000000000000
000000000000000
000000000000000
000000000000000
000000000000000
000000000000000
000000000000000
000000000000000
000000000000000
000000000000000
000000000000000
000000000000000
000000000000000
000000000000000
000000000000000
000000000000000
000000000000000
000000000000000
000000000000000
000000000000000
000000000000000
000000000000000
000000000000000
000000000000000
000000000000000
000000000000000
000000000000000
000000000000000
000000000000000
000000000000000
000000000000000
000000000000000
000000000000000
000000000000000
000000000000000
000000000000000
000000000000000
000000000000000
000000000000000
000000000000000
000000000000000
000000000000000
000000000000000
000000000000000
000000000000000
000000000000000
000000000000000
000000000000000
000000000000000
000000000000000
000000000000000
000000000000000
000000000000000
000000000000000
000000000000000
000000000000000
000000000000000
000000000000000
000000000000000
000000000000000
000000000000000
000000000000000
000000000000000
000000000000000
000000000000000
000000000000000
000000000000000
000000000000000
000000000000000
000000000000000
000000000000000
000000000000000
000000000000000
000000000000000
000000000000000
000000000000000
000000000000000
000000000000000
000000000000000
000000000000000
000000000000000
000000000000000
000000000000000
000000000000000
000000000000000
000000000000000
000000000000000
000000000000000
000000000000000
000000000000000
000000000000000
000000000000000
000000000000000
000000000000000
000000000000000
000000000000000
000000000000000
000000000000000
000000000000000
000000000000000
000000000000000
000000000000000
000000000000000
000000000000000
000000000000000
000000000000000
000000000000000
000000000000000
000000000000000
000000000000000
000000000000000
000000000000000
000000000000000
000000000000000
000000000000000
000000000000000
000000000000000
000000000000000
000000000000000
000000000000000
000000000000000
000000000000000
000000000000000
000000000000000
000000000000000
000000000000000
000000000000000
000000000000000
000000000000000
000000000000000
000000000000000
000000000000000
000000000000000
000000000000000
000000000000000
000000000000000
000000000000000
000000000000000
000000000000000
000000000000000
000000000000000
000000000000000
000000000000000
000000000000000
000000000000000
000000000000000
000000000000000
000000000000000
000000000000000
000000000000000
000000000000000
000000000000000
000000000000000
000000000000000
000000000000000
000000000000000
000000000000000
000000000000000
000000000000000
000000000000000
000000000000000
000000000000000
000000000000000
000000000000000
000000000000000
000000000000000
000000000000000
000000000000000
000000000000000
000000000000000
000000000000000
000000000000000
000000000000000
000000000000000
000000000000000
000000000000000
000000000000000
000000000000000
000000000000000
000000000000000
000000000000000
000000000000000
000000000000000
000000000000000
000000000000000
000000000000000
000000000000000
000000000000000
000000000000000
000000000000000
000000000000000
000000000000000
000000000000000
000000000000000
000000000000000
000000000000000
000000000000000
000000000000000
000000000000000
000000000000000
000000000000000
000000000000000
000000000000000
000000000000000
000000000000000
000000000000000
000000000000000
000000000000000
000000000000000
000000000000000
000000000000000
000000000000000
000000000000000
000000000000000
000000000000000
000000000000000
000000000000000
000000000000000
000000000000000
000000000000000
000000000000000
000000000000000
000000000000000
000000000000000
000000000000000
000000000000000
000000000000000
000000000000000
000000000000000
000000000000000
000000000000000
000000000000000
000000000000000
000000000000000
000000000000000
000000000000000
000000000000000
000000000000000
000000000000000
000000000000000
000000000000000
000000000000000
000000000000000
000000000000000
000000000000000
000000000000000
000000000000000
000000000000000
000000000000000
000000000000000
000000000000000
000000000000000
000000000000000
000000000000000
000000000000000
000000000000000
000000000000000
000000000000000
000000000000000
000000000000000
000000000000000
000000000000000
000000000000000
000000000000000
000000000000000
000000000000000
000000000000000
000000000000000
000000000000000
000000000000000
000000000000000
000000000000000
000000000000000
000000000000000
000000000000000
000000000000000
000000000000000
000000000000000
000000000000000
000000000000000
000000000000000
000000000000000
000000000000000
000000000000000
000000000000000
000000000000000
000000000000000
000000000000000
000000000000000
000000000000000
000000000000000
000000000000000
000000000000000
000000000000000
000000000000000
000000000000000
000000000000000
000000000000000
000000000000000
000000000000000
000000000000000
000000000000000
000000000000000
000000000000000
000000000000000
000000000000000
000000000000000
000000000000000
000000000000000
000000000000000
000000000000000
000000000000000
000000000000000
000000000000000
000000000000000
000000000000000
000000000000000
000000000000000
000000000000000
000000000000000
000000000000000
000000000000000
000000000000000
000000000000000
000000000000000
000000000000000
000000000000000
000000000000000
000000000000000
000000000000000
000000000000000
000000000000000
000000000000000
000000000000000
000000000000000
000000000000000
000000000000000
000000000000000
000000000000000
000000000000000
000000000000000
000000000000000
000000000000000
000000000000000
000000000000000
000000000000000
000000000000000
000000000000000
000000000000000
000000000000000
000000000000000
000000000000000
000000000000000
000000000000000
000000000000000
000000000000000
000000000000000
000000000000000
000000000000000
000000000000000
000000000000000
000000000000000
000000000000000
000000000000000
000000000000000
000000000000000
000000000000000
000000000000000
000000000000000
000000000000000
000000000000000
000000000000000
000000000000000
000000000000000
000000000000000
000000000000000
000000000000000
000000000000000
000000000000000
000000000000000
000000000000000
000000000000000
000000000000000
000000000000000
000000000000000
000000000000000
000000000000000
000000000000000
000000000000000
000000000000000
000000000000000
000000000000000
000000000000000
000000000000000
000000000000000
000000000000000
000000000000000
000000000000000
000000000000000
000000000000000
000000000000000
000000000000000
000000000000000
000000000000000
000000000000000
000000000000000
000000000000000
000000000000000
000000000000000
000000000000000
000000000000000
000000000000000
000000000000000
000000000000000
000000000000000
000000000000000
000000000000000
000000000000000
000000000000000
000000000000000
000000000000000
000000000000000
000000000000000
000000000000000
000000000000000
000000000000000
000000000000000
000000000000000
000000000000000
000000000000000
000000000000000
000000000000000
000000000000000
000000000000000
000000000000000
000000000000000
000000000000000
000000000000000
000000000000000
000000000000000
000000000000000
000000000000000
000000000000000
000000000000000
000000000000000
000000000000000
000000000000000
000000000000000
000000000000000
000000000000000
000000000000000
000000000000000
000000000000000
000000000000000
000000000000000
000000000000000
000000000000000
000000000000000
000000000000000
000000000000000
000000000000000
000000000000000
000000000000000
000000000000000
000000000000000
000000000000000
000000000000000
000000000000000
000000000000000
000000000000000
000000000000000
000000000000000
000000000000000
000000000000000
000000000000000
000000000000000
000000000000000
000000000000000
000000000000000
000000000000000
000000000000000
000000000000000
000000000000000
000000000000000
000000000000000
000000000000000
000000000000000
000000000000000
000000000000000
000000000000000
000000000000000
000000000000000
000000000000000
000000000000000
000000000000000
000000000000000
000000000000000
000000000000000
000000000000000
000000000000000
000000000000000
000000000000000
000000000000000
000000000000000
000000000000000
000000000000000
000000000000000
000000000000000
000000000000000
000000000000000
000000000000000
000000000000000
000000000000000
000000000000000
000000000000000
000000000000000
000000000000000
000000000000000
000000000000000
000000000000000
000000000000000
000000000000000
000000000000000
000000000000000
000000000000000
000000000000000
000000000000000
000000000000000
000000000000000
000000000000000
000000000000000
000000000000000
000000000000000
000000000000000
000000000000000
000000000000000
000000000000000
000000000000000
000000000000000
000000000000000
000000000000000
000000000000000
000000000000000
000000000000000
000000000000000
000000000000000
000000000000000
000000000000000
000000000000000
000000000000000
000000000000000
000000000000000
000000000000000
000000000000000
000000000000000
000000000000000
000000000000000
000000000000000
000000000000000
000000000000000
000000000000000
000000000000000
000000000000000
000000000000000
000000000000000
000000000000000
000000000000000
000000000000000
000000000000000
000000000000000
000000000000000
000000000000000
000000000000000
000000000000000
000000000000000
000000000000000
000000000000000
000000000000000
000000000000000
000000000000000
000000000000000
000000000000000
000000000000000
000000000000000
000000000000000
000000000000000
000000000000000
000000000000000
000000000000000
000000000000000
000000000000000
000000000000000
000000000000000
000000000000000
000000000000000
000000000000000
000000000000000
000000000000000
000000000000000
000000000000000
000000000000000
000000000000000
000000000000000
000000000000000
000000000000000
000000000000000
000000000000000
000000000000000
000000000000000
000000000000000
000000000000000
000000000000000
000000000000000
000000000000000
000000000000000
000000000000000
000000000000000
000000000000000
000000000000000
000000000000000
000000000000000
000000000000000
000000000000000
000000000000000
000000000000000
000000000000000
000000000000000
000000000000000
000000000000000
000000000000000
000000000000000
000000000000000
000000000000000
000000000000000
000000000000000
000000000000000
000000000000000
000000000000000
000000000000000
000000000000000
000000000000000
000000000000000
000000000000000
000000000000000
000000000000000
000000000000000
000000000000000
000000000000000
000000000000000
000000000000000
000000000000000
000000000000000
000000000000000
000000000000000
000000000000000
000000000000000
000000000000000
000000000000000
000000000000000
000000000000000
000000000000000
000000000000000
000000000000000
000000000000000
000000000000000
000000000000000
000000000000000
000000000000000
000000000000000
000000000000000
000000000000000
000000000000000
000000000000000
000000000000000
000000000000000
000000000000000
000000000000000
000000000000000
000000000000000
000000000000000
000000000000000
000000000000000
000000000000000
000000000000000
000000000000000
000000000000000
000000000000000
000000000000000
000000000000000
000000000000000
000000000000000
000000000000000
000000000000000
000000000000000
000000000000000
000000000000000
000000000000000
000000000000000
000000000000000
000000000000000
000000000000000
000000000000000
000000000000000
000000000000000
000000000000000
000000000000000
000000000000000
000000000000000
000000000000000
000000000000000
000000000000000
000000000000000
000000000000000
000000000000000
000000000000000
000000000000000
000000000000000
000000000000000
000000000000000
000000000000000
000000000000000
000000000000000
000000000000000
000000000000000
000000000000000
000000000000000
000000000000000
000000000000000
000000000000000
000000000000000
000000000000000
000000000000000
000000000000000
000000000000000
000000000000000
000000000000000
000000000000000
000000000000000
000000000000000
000000000000000
000000000000000
000000000000000
000000000000000
000000000000000
000000000000000
000000000000000
000000000000000
000000000000000
000000000000000
000000000000000
000000000000000
000000000000000
000000000000000
000000000000000
000000000000000
000000000000000
000000000000000
000000000000000
000000000000000
000000000000000
000000000000000
000000000000000
000000000000000
000000000000000
000000000000000
000000000000000
000000000000000
000000000000000
000000000000000
000000000000000
000000000000000
000000000000000
000000000000000
000000000000000
000000000000000
000000000000000
000000000000000
000000000000000
000000000000000
000000000000000
000000000000000
000000000000000
000000000000000
000000000000000
000000000000000
000000000000000
000000000000000
000000000000000
000000000000000
000000000000000
000000000000000
000000000000000
000000000000000
000000000000000
000000000000000
000000000000000
000000000000000
000000000000000
000000000000000
000000000000000
000000000000000
000000000000000
000000000000000
000000000000000
000000000000000
000000000000000
000000000000000
000000000000000
000000000000000
000000000000000
000000000000000
000000000000000
000000000000000
000000000000000
000000000000000
000000000000000
000000000000000
000000000000000
000000000000000
000000000000000
000000000000000
000000000000000
000000000000000
000000000000000
000000000000000
000000000000000
000000000000000
000000000000000
000000000000000
000000000000000
000000000000000
000000000000000
000000000000000
000000000000000
000000000000000
000000000000000
000000000000000
000000000000000
000000000000000
000000000000000
000000000000000
000000000000000
000000000000000
000000000000000
000000000000000
000000000000000
000000000000000
000000000000000
000000000000000
000000000000000
000000000000000
000000000000000
000000000000000
000000000000000
000000000000000
000000000000000
000000000000000
000000000000000
000000000000000
000000000000000
000000000000000
000000000000000
000000000000000
000000000000000
000000000000000
000000000000000
000000000000000
000000000000000
000000000000000
000000000000000
000000000000000
000000000000000
000000000000000
000000000000000
000000000000000
000000000000000
000000000000000
000000000000000
000000000000000
000000000000000
000000000000000
000000000000000
000000000000000
000000000000000
000000000000000
000000000000000
000000000000000
000000000000000
000000000000000
000000000000000
000000000000000
000000000000000
000000000000000
000000000000000
000000000000000
000000000000000
000000000000000
000000000000000
000000000000000
000000000000000
000000000000000
000000000000000
000000000000000
000000000000000
000000000000000
000000000000000
000000000000000
000000000000000
000000000000000
000000000000000
000000000000000
000000000000000
000000000000000
000000000000000
000000000000000
000000000000000
000000000000000
000000000000000
000000000000000
000000000000000
000000000000000
000000000000000
000000000000000
000000000000000
000000000000000
000000000000000
000000000000000
000000000000000
000000000000000
000000000000000
000000000000000
000000000000000
000000000000000
000000000000000
000000000000000
000000000000000
000000000000000
000000000000000
000000000000000
000000000000000
000000000000000
000000000000000
000000000000000
000000000000000
000000000000000
000000000000000
000000000000000
000000000000000
000000000000000
000000000000000
000000000000000
000000000000000
000000000000000
000000000000000
000000000000000
000000000000000
000000000000000
000000000000000
000000000000000
000000000000000
000000000000000
000000000000000
000000000000000
000000000000000
000000000000000
000000000000000
000000000000000
000000000000000
000000000000000
000000000000000
000000000000000
000000000000000
000000000000000
000000000000000
000000000000000
000000000000000
000000000000000
000000000000000
000000000000000
000000000000000
000000000000000
000000000000000
000000000000000
000000000000000
000000000000000
000000000000000
000000000000000
000000000000000
000000000000000
000000000000000
000000000000000
000000000000000
000000000000000
000000000000000
000000000000000
000000000000000
000000000000000
000000000000000
000000000000000
000000000000000
000000000000000
000000000000000
000000000000000
000000000000000
000000000000000
000000000000000
000000000000000
000000000000000
000000000000000
000000000000000
000000000000000
000000000000000
000000000000000
000000000000000
000000000000000
000000000000000
000000000000000
000000000000000
000000000000000
000000000000000
000000000000000
000000000000000
000000000000000
000000000000000
000000000000000
000000000000000
000000000000000
000000000000000
000000000000000
000000000000000
000000000000000
000000000000000
000000000000000
000000000000000
000000000000000
000000000000000
000000000000000
000000000000000
000000000000000
000000000000000
000000000000000
000000000000000
000000000000000
000000000000000
000000000000000
000000000000000
000000000000000
000000000000000
000000000000000
000000000000000
000000000000000
000000000000000
000000000000000
000000000000000
000000000000000
000000000000000
000000000000000
000000000000000
000000000000000
000000000000000
000000000000000
000000000000000
000000000000000
000000000000000
000000000000000
000000000000000
000000000000000
000000000000000
000000000000000
000000000000000
000000000000000
000000000000000
000000000000000
000000000000000
000000000000000
000000000000000
000000000000000
000000000000000
000000000000000
000000000000000
000000000000000
000000000000000
000000000000000
000000000000000
000000000000000
000000000000000
000000000000000
000000000000000
000000000000000
000000000000000
000000000000000
000000000000000
000000000000000
000000000000000
000000000000000
000000000000000
000000000000000
000000000000000
000000000000000
000000000000000
000000000000000
000000000000000
000000000000000
000000000000000
000000000000000
000000000000000
000000000000000
000000000000000
000000000000000
000000000000000
000000000000000
000000000000000
000000000000000
000000000000000
000000000000000
000000000000000
000000000000000
000000000000000
000000000000000
000000000000000
000000000000000
000000000000000
000000000000000
000000000000000
000000000000000
000000000000000
000000000000000
000000000000000
000000000000000
000000000000000
000000000000000
000000000000000
000000000000000
000000000000000
000000000000000
000000000000000
000000000000000
000000000000000
000000000000000
000000000000000
000000000000000
000000000000000
000000000000000
000000000000000
000000000000000
000000000000000
000000000000000
000000000000000
000000000000000
000000000000000
000000000000000
000000000000000
000000000000000
000000000000000
000000000000000
000000000000000
000000000000000
000000000000000
000000000000000
000000000000000
000000000000000
000000000000000
000000000000000
000000000000000
000000000000000
000000000000000
000000000000000
000000000000000
000000000000000
000000000000000
000000000000000
000000000000000
000000000000000
000000000000000
000000000000000
000000000000000
000000000000000
000000000000000
000000000000000
000000000000000
000000000000000
000000000000000
000000000000000
000000000000000
000000000000000
000000000000000
000000000000000
000000000000000
000000000000000
000000000000000
000000000000000
000000000000000
000000000000000
000000000000000
000000000000000
000000000000000
000000000000000
000000000000000
000000000000000
000000000000000
000000000000000
000000000000000
000000000000000
000000000000000
000000000000000
000000000000000
000000000000000
000000000000000
000000000000000
000000000000000
000000000000000
000000000000000
000000000000000
000000000000000
000000000000000
000000000000000
000000000000000
000000000000000
000000000000000
000000000000000
000000000000000
000000000000000
000000000000000
000000000000000
000000000000000
000000000000000
000000000000000
000000000000000
000000000000000
000000000000000
000000000000000
000000000000000
000000000000000
000000000000000
000000000000000
000000000000000
000000000000000
000000000000000
000000000000000
000000000000000
000000000000000
000000000000000
000000000000000
000000000000001
000000000000001
000000000000001
000000000000001
000000000000001
000000000000001
000000000000001
000000000000001
000000000000001
000000000000001
000000000000001
000000000000001
000000000000001
000000000000001
000000000000001
000000000000001
000000000000001
000000000000001
000000000000001
000000000000001
000000000000001
000000000000001
000000000000001
000000000000001
000000000000001
000000000000001
000000000000001
000000000000001
000000000000001
000000000000001
000000000000001
000000000000001
000000000000001
000000000000001
000000000000001
000000000000001
000000000000001
000000000000001
000000000000001
000000000000001
000000000000001
000000000000001
000000000000001
000000000000001
000000000000001
000000000000001
000000000000001
000000000000001
000000000000001
000000000000001
000000000000001
000000000000001
000000000000001
000000000000001
000000000000001
000000000000001
000000000000001
000000000000001
000000000000001
000000000000001
000000000000001
000000000000001
000000000000001
000000000000001
000000000000001
000000000000001
000000000000001
000000000000001
000000000000001
000000000000001
000000000000001
000000000000001
000000000000001
000000000000001
000000000000001
000000000000001
000000000000001
000000000000001
000000000000001
000000000000001
000000000000001
000000000000001
000000000000001
000000000000001
000000000000001
000000000000001
000000000000001
000000000000001
000000000000001
000000000000001
000000000000001
000000000000001
000000000000001
000000000000001
000000000000001
000000000000001
000000000000001
000000000000001
000000000000001
000000000000001
000000000000001
000000000000001
000000000000001
000000000000001
000000000000001
000000000000001
000000000000001
000000000000001
000000000000001
000000000000001
000000000000001
000000000000001
000000000000001
000000000000001
000000000000001
000000000000001
000000000000001
000000000000001
000000000000001
000000000000001
000000000000001
000000000000001
000000000000001
000000000000001
000000000000001
000000000000001
000000000000001
000000000000001
000000000000001
000000000000001
000000000000001
000000000000001
000000000000001
000000000000001
000000000000001
000000000000001
000000000000001
000000000000001
000000000000001
000000000000001
000000000000001
000000000000001
000000000000001
000000000000001
000000000000001
000000000000001
000000000000001
000000000000001
000000000000001
000000000000001
000000000000001
000000000000001
000000000000001
000000000000001
000000000000001
000000000000001
000000000000001
000000000000001
000000000000001
000000000000001
000000000000001
000000000000001
000000000000001
000000000000001
000000000000001
000000000000001
000000000000001
000000000000001
000000000000001
000000000000001
000000000000001
000000000000001
000000000000001
000000000000001
000000000000001
000000000000001
000000000000001
000000000000001
000000000000001
000000000000001
000000000000001
000000000000001
000000000000001
000000000000001
000000000000001
000000000000001
000000000000001
000000000000001
000000000000001
000000000000001
000000000000001
000000000000001
000000000000001
000000000000001
000000000000001
000000000000001
000000000000001
000000000000001
000000000000001
000000000000001
000000000000001
000000000000001
000000000000001
000000000000001
000000000000001
000000000000001
000000000000001
000000000000001
000000000000001
000000000000001
000000000000001
000000000000001
000000000000001
000000000000001
000000000000001
000000000000001
000000000000001
000000000000001
000000000000001
000000000000001
000000000000001
000000000000001
000000000000001
000000000000001
000000000000001
000000000000001
000000000000001
000000000000001
000000000000001
000000000000001
000000000000001
000000000000001
000000000000001
000000000000001
000000000000001
000000000000001
000000000000001
000000000000001
000000000000001
000000000000001
000000000000001
000000000000001
000000000000001
000000000000001
000000000000001
000000000000001
000000000000001
000000000000001
000000000000001
000000000000001
000000000000001
000000000000001
000000000000001
000000000000001
000000000000001
000000000000001
000000000000001
000000000000001
000000000000001
000000000000001
000000000000001
000000000000001
000000000000001
000000000000001
000000000000001
000000000000001
000000000000001
000000000000001
000000000000001
000000000000001
000000000000001
000000000000001
000000000000001
000000000000001
000000000000001
000000000000001
000000000000001
000000000000001
000000000000001
000000000000001
000000000000001
000000000000010
000000000000010
000000000000010
000000000000010
000000000000010
000000000000010
000000000000010
000000000000010
000000000000010
000000000000010
000000000000010
000000000000010
000000000000010
000000000000010
000000000000010
000000000000010
000000000000010
000000000000010
000000000000010
000000000000010
000000000000010
000000000000010
000000000000010
000000000000010
000000000000010
000000000000010
000000000000010
000000000000010
000000000000010
000000000000010
000000000000010
000000000000010
000000000000010
000000000000010
000000000000010
000000000000010
000000000000010
000000000000010
000000000000010
000000000000010
000000000000010
000000000000010
000000000000010
000000000000010
000000000000010
000000000000010
000000000000010
000000000000010
000000000000010
000000000000010
000000000000010
000000000000010
000000000000010
000000000000010
000000000000010
000000000000010
000000000000010
000000000000010
000000000000010
000000000000010
000000000000010
000000000000010
000000000000010
000000000000010
000000000000010
000000000000010
000000000000010
000000000000010
000000000000010
000000000000010
000000000000010
000000000000010
000000000000010
000000000000010
000000000000010
000000000000010
000000000000010
000000000000010
000000000000010
000000000000010
000000000000010
000000000000010
000000000000010
000000000000010
000000000000010
000000000000010
000000000000010
000000000000010
000000000000010
000000000000010
000000000000010
000000000000010
000000000000010
000000000000010
000000000000010
000000000000010
000000000000010
000000000000010
000000000000010
000000000000010
000000000000010
000000000000010
000000000000010
000000000000010
000000000000010
000000000000010
000000000000010
000000000000010
000000000000010
000000000000010
000000000000010
000000000000010
000000000000010
000000000000010
000000000000010
000000000000010
000000000000010
000000000000010
000000000000010
000000000000010
000000000000010
000000000000010
000000000000010
000000000000010
000000000000010
000000000000010
000000000000010
000000000000010
000000000000010
000000000000010
000000000000010
000000000000011
000000000000011
000000000000011
000000000000011
000000000000011
000000000000011
000000000000011
000000000000011
000000000000011
000000000000011
000000000000011
000000000000011
000000000000011
000000000000011
000000000000011
000000000000011
000000000000011
000000000000011
000000000000011
000000000000011
000000000000011
000000000000011
000000000000011
000000000000011
000000000000011
000000000000011
000000000000011
000000000000011
000000000000011
000000000000011
000000000000011
000000000000011
000000000000011
000000000000011
000000000000011
000000000000011
000000000000011
000000000000011
000000000000011
000000000000011
000000000000011
000000000000011
000000000000011
000000000000011
000000000000011
000000000000011
000000000000011
000000000000011
000000000000011
000000000000011
000000000000011
000000000000011
000000000000011
000000000000011
000000000000011
000000000000011
000000000000011
000000000000011
000000000000011
000000000000011
000000000000011
000000000000011
000000000000011
000000000000011
000000000000011
000000000000011
000000000000011
000000000000011
000000000000011
000000000000011
000000000000011
000000000000011
000000000000011
000000000000011
000000000000011
000000000000011
000000000000011
000000000000011
000000000000011
000000000000011
000000000000011
000000000000011
000000000000011
000000000000011
000000000000011
000000000000011
000000000000100
000000000000100
000000000000100
000000000000100
000000000000100
000000000000100
000000000000100
000000000000100
000000000000100
000000000000100
000000000000100
000000000000100
000000000000100
000000000000100
000000000000100
000000000000100
000000000000100
000000000000100
000000000000100
000000000000100
000000000000100
000000000000100
000000000000100
000000000000100
000000000000100
000000000000100
000000000000100
000000000000100
000000000000100
000000000000100
000000000000100
000000000000100
000000000000100
000000000000100
000000000000100
000000000000100
000000000000100
000000000000100
000000000000100
000000000000100
000000000000100
000000000000100
000000000000100
000000000000100
000000000000100
000000000000100
000000000000100
000000000000100
000000000000100
000000000000100
000000000000100
000000000000100
000000000000100
000000000000100
000000000000100
000000000000100
000000000000100
000000000000100
000000000000100
000000000000100
000000000000100
000000000000100
000000000000100
000000000000100
000000000000100
000000000000101
000000000000101
000000000000101
000000000000101
000000000000101
000000000000101
000000000000101
000000000000101
000000000000101
000000000000101
000000000000101
000000000000101
000000000000101
000000000000101
000000000000101
000000000000101
000000000000101
000000000000101
000000000000101
000000000000101
000000000000101
000000000000101
000000000000101
000000000000101
000000000000101
000000000000101
000000000000101
000000000000101
000000000000101
000000000000101
000000000000101
000000000000101
000000000000101
000000000000101
000000000000101
000000000000101
000000000000101
000000000000101
000000000000101
000000000000101
000000000000101
000000000000101
000000000000101
000000000000101
000000000000101
000000000000101
000000000000101
000000000000101
000000000000101
000000000000101
000000000000101
000000000000110
000000000000110
000000000000110
000000000000110
000000000000110
000000000000110
000000000000110
000000000000110
000000000000110
000000000000110
000000000000110
000000000000110
000000000000110
000000000000110
000000000000110
000000000000110
000000000000110
000000000000110
000000000000110
000000000000110
000000000000110
000000000000110
000000000000110
000000000000110
000000000000110
000000000000110
000000000000110
000000000000110
000000000000110
000000000000110
000000000000110
000000000000110
000000000000110
000000000000110
000000000000110
000000000000110
000000000000110
000000000000110
000000000000110
000000000000110
000000000000110
000000000000110
000000000000110
000000000000111
000000000000111
000000000000111
000000000000111
000000000000111
000000000000111
000000000000111
000000000000111
000000000000111
000000000000111
000000000000111
000000000000111
000000000000111
000000000000111
000000000000111
000000000000111
000000000000111
000000000000111
000000000000111
000000000000111
000000000000111
000000000000111
000000000000111
000000000000111
000000000000111
000000000000111
000000000000111
000000000000111
000000000000111
000000000000111
000000000000111
000000000000111
000000000000111
000000000000111
000000000000111
000000000000111
000000000000111
000000000001000
000000000001000
000000000001000
000000000001000
000000000001000
000000000001000
000000000001000
000000000001000
000000000001000
000000000001000
000000000001000
000000000001000
000000000001000
000000000001000
000000000001000
000000000001000
000000000001000
000000000001000
000000000001000
000000000001000
000000000001000
000000000001000
000000000001000
000000000001000
000000000001000
000000000001000
000000000001000
000000000001000
000000000001000
000000000001000
000000000001000
000000000001000
000000000001001
000000000001001
000000000001001
000000000001001
000000000001001
000000000001001
000000000001001
000000000001001
000000000001001
000000000001001
000000000001001
000000000001001
000000000001001
000000000001001
000000000001001
000000000001001
000000000001001
000000000001001
000000000001001
000000000001001
000000000001001
000000000001001
000000000001001
000000000001001
000000000001001
000000000001001
000000000001001
000000000001001
000000000001001
000000000001010
000000000001010
000000000001010
000000000001010
000000000001010
000000000001010
000000000001010
000000000001010
000000000001010
000000000001010
000000000001010
000000000001010
000000000001010
000000000001010
000000000001010
000000000001010
000000000001010
000000000001010
000000000001010
000000000001010
000000000001010
000000000001010
000000000001010
000000000001010
000000000001010
000000000001011
000000000001011
000000000001011
000000000001011
000000000001011
000000000001011
000000000001011
000000000001011
000000000001011
000000000001011
000000000001011
000000000001011
000000000001011
000000000001011
000000000001011
000000000001011
000000000001011
000000000001011
000000000001011
000000000001011
000000000001011
000000000001011
000000000001011
000000000001011
000000000001100
000000000001100
000000000001100
000000000001100
000000000001100
000000000001100
000000000001100
000000000001100
000000000001100
000000000001100
000000000001100
000000000001100
000000000001100
000000000001100
000000000001100
000000000001100
000000000001100
000000000001100
000000000001100
000000000001100
000000000001100
000000000001101
000000000001101
000000000001101
000000000001101
000000000001101
000000000001101
000000000001101
000000000001101
000000000001101
000000000001101
000000000001101
000000000001101
000000000001101
000000000001101
000000000001101
000000000001101
000000000001101
000000000001101
000000000001101
000000000001101
000000000001110
000000000001110
000000000001110
000000000001110
000000000001110
000000000001110
000000000001110
000000000001110
000000000001110
000000000001110
000000000001110
000000000001110
000000000001110
000000000001110
000000000001110
000000000001110
000000000001110
000000000001110
000000000001110
000000000001111
000000000001111
000000000001111
000000000001111
000000000001111
000000000001111
000000000001111
000000000001111
000000000001111
000000000001111
000000000001111
000000000001111
000000000001111
000000000001111
000000000001111
000000000001111
000000000001111
000000000010000
000000000010000
000000000010000
000000000010000
000000000010000
000000000010000
000000000010000
000000000010000
000000000010000
000000000010000
000000000010000
000000000010000
000000000010000
000000000010000
000000000010000
000000000010000
000000000010001
000000000010001
000000000010001
000000000010001
000000000010001
000000000010001
000000000010001
000000000010001
000000000010001
000000000010001
000000000010001
000000000010001
000000000010001
000000000010001
000000000010001
000000000010010
000000000010010
000000000010010
000000000010010
000000000010010
000000000010010
000000000010010
000000000010010
000000000010010
000000000010010
000000000010010
000000000010010
000000000010010
000000000010010
000000000010011
000000000010011
000000000010011
000000000010011
000000000010011
000000000010011
000000000010011
000000000010011
000000000010011
000000000010011
000000000010011
000000000010011
000000000010011
000000000010011
000000000010100
000000000010100
000000000010100
000000000010100
000000000010100
000000000010100
000000000010100
000000000010100
000000000010100
000000000010100
000000000010100
000000000010100
000000000010100
000000000010101
000000000010101
000000000010101
000000000010101
000000000010101
000000000010101
000000000010101
000000000010101
000000000010101
000000000010101
000000000010101
000000000010101
000000000010110
000000000010110
000000000010110
000000000010110
000000000010110
000000000010110
000000000010110
000000000010110
000000000010110
000000000010110
000000000010110
000000000010110
000000000010111
000000000010111
000000000010111
000000000010111
000000000010111
000000000010111
000000000010111
000000000010111
000000000010111
000000000010111
000000000010111
000000000011000
000000000011000
000000000011000
000000000011000
000000000011000
000000000011000
000000000011000
000000000011000
000000000011000
000000000011000
000000000011000
000000000011001
000000000011001
000000000011001
000000000011001
000000000011001
000000000011001
000000000011001
000000000011001
000000000011001
000000000011001
000000000011010
000000000011010
000000000011010
000000000011010
000000000011010
000000000011010
000000000011010
000000000011010
000000000011010
000000000011010
000000000011011
000000000011011
000000000011011
000000000011011
000000000011011
000000000011011
000000000011011
000000000011011
000000000011011
000000000011011
000000000011100
000000000011100
000000000011100
000000000011100
000000000011100
000000000011100
000000000011100
000000000011100
000000000011100
000000000011101
000000000011101
000000000011101
000000000011101
000000000011101
000000000011101
000000000011101
000000000011101
000000000011101
000000000011110
000000000011110
000000000011110
000000000011110
000000000011110
000000000011110
000000000011110
000000000011110
000000000011110
000000000011111
000000000011111
000000000011111
000000000011111
000000000011111
000000000011111
000000000011111
000000000011111
000000000100000
000000000100000
000000000100000
000000000100000
000000000100000
000000000100000
000000000100000
000000000100000
000000000100001
000000000100001
000000000100001
000000000100001
000000000100001
000000000100001
000000000100001
000000000100001
000000000100010
000000000100010
000000000100010
000000000100010
000000000100010
000000000100010
000000000100010
000000000100010
000000000100011
000000000100011
000000000100011
000000000100011
000000000100011
000000000100011
000000000100011
000000000100100
000000000100100
000000000100100
000000000100100
000000000100100
000000000100100
000000000100100
000000000100100
000000000100101
000000000100101
000000000100101
000000000100101
000000000100101
000000000100101
000000000100101
000000000100110
000000000100110
000000000100110
000000000100110
000000000100110
000000000100110
000000000100111
000000000100111
000000000100111
000000000100111
000000000100111
000000000100111
000000000100111
000000000101000
000000000101000
000000000101000
000000000101000
000000000101000
000000000101000
000000000101000
000000000101001
000000000101001
000000000101001
000000000101001
000000000101001
000000000101001
000000000101010
000000000101010
000000000101010
000000000101010
000000000101010
000000000101010
000000000101011
000000000101011
000000000101011
000000000101011
000000000101011
000000000101011
000000000101100
000000000101100
000000000101100
000000000101100
000000000101100
000000000101100
000000000101101
000000000101101
000000000101101
000000000101101
000000000101101
000000000101101
000000000101110
000000000101110
000000000101110
000000000101110
000000000101110
000000000101110
000000000101111
000000000101111
000000000101111
000000000101111
000000000101111
000000000110000
000000000110000
000000000110000
000000000110000
000000000110000
000000000110000
000000000110001
000000000110001
000000000110001
000000000110001
000000000110001
000000000110010
000000000110010
000000000110010
000000000110010
000000000110010
000000000110011
000000000110011
000000000110011
000000000110011
000000000110011
000000000110011
000000000110100
000000000110100
000000000110100
000000000110100
000000000110100
000000000110101
000000000110101
000000000110101
000000000110101
000000000110101
000000000110110
000000000110110
000000000110110
000000000110110
000000000110111
000000000110111
000000000110111
000000000110111
000000000110111
000000000111000
000000000111000
000000000111000
000000000111000
000000000111000
000000000111001
000000000111001
000000000111001
000000000111001
000000000111001
000000000111010
000000000111010
000000000111010
000000000111010
000000000111011
000000000111011
000000000111011
000000000111011
000000000111100
000000000111100
000000000111100
000000000111100
000000000111100
000000000111101
000000000111101
000000000111101
000000000111101
000000000111110
000000000111110
000000000111110
000000000111110
000000000111111
000000000111111
000000000111111
000000000111111
000000000111111
000000001000000
000000001000000
000000001000000
000000001000000
000000001000001
000000001000001
000000001000001
000000001000001
000000001000010
000000001000010
000000001000010
000000001000010
000000001000011
000000001000011
000000001000011
000000001000011
000000001000100
000000001000100
000000001000100
000000001000100
000000001000101
000000001000101
000000001000101
000000001000101
000000001000110
000000001000110
000000001000110
000000001000111
000000001000111
000000001000111
000000001000111
000000001001000
000000001001000
000000001001000
000000001001000
000000001001001
000000001001001
000000001001001
000000001001010
000000001001010
000000001001010
000000001001010
000000001001011
000000001001011
000000001001011
000000001001100
000000001001100
000000001001100
000000001001100
000000001001101
000000001001101
000000001001101
000000001001110
000000001001110
000000001001110
000000001001110
000000001001111
000000001001111
000000001001111
000000001010000
000000001010000
000000001010000
000000001010000
000000001010001
000000001010001
000000001010001
000000001010010
000000001010010
000000001010010
000000001010011
000000001010011
000000001010011
000000001010100
000000001010100
000000001010100
000000001010100
000000001010101
000000001010101
000000001010101
000000001010110
000000001010110
000000001010110
000000001010111
000000001010111
000000001010111
000000001011000
000000001011000
000000001011000
000000001011001
000000001011001
000000001011001
000000001011010
000000001011010
000000001011010
000000001011011
000000001011011
000000001011011
000000001011100
000000001011100
000000001011100
000000001011101
000000001011101
000000001011101
000000001011110
000000001011110
000000001011111
000000001011111
000000001011111
000000001100000
000000001100000
000000001100000
000000001100001
000000001100001
000000001100001
000000001100010
000000001100010
000000001100011
000000001100011
000000001100011
000000001100100
000000001100100
000000001100100
000000001100101
000000001100101
000000001100101
000000001100110
000000001100110
000000001100111
000000001100111
000000001100111
000000001101000
000000001101000
000000001101001
000000001101001
000000001101001
000000001101010
000000001101010
000000001101010
000000001101011
000000001101011
000000001101100
000000001101100
000000001101100
000000001101101
000000001101101
000000001101110
000000001101110
000000001101111
000000001101111
000000001101111
000000001110000
000000001110000
000000001110001
000000001110001
000000001110001
000000001110010
000000001110010
000000001110011
000000001110011
000000001110100
000000001110100
000000001110100
000000001110101
000000001110101
000000001110110
000000001110110
000000001110111
000000001110111
000000001110111
000000001111000
000000001111000
000000001111001
000000001111001
000000001111010
000000001111010
000000001111011
000000001111011
000000001111011
000000001111100
000000001111100
000000001111101
000000001111101
000000001111110
000000001111110
000000001111111
000000001111111
000000010000000
000000010000000
000000010000001
000000010000001
000000010000010
000000010000010
000000010000010
000000010000011
000000010000011
000000010000100
000000010000100
000000010000101
000000010000101
000000010000110
000000010000110
000000010000111
000000010000111
000000010001000
000000010001000
000000010001001
000000010001001
000000010001010
000000010001010
000000010001011
000000010001011
000000010001100
000000010001100
000000010001101
000000010001101
000000010001110
000000010001110
000000010001111
000000010001111
000000010010000
000000010010001
000000010010001
000000010010010
000000010010010
000000010010011
000000010010011
000000010010100
000000010010100
000000010010101
000000010010101
000000010010110
000000010010110
000000010010111
000000010011000
000000010011000
000000010011001
000000010011001
000000010011010
000000010011010
000000010011011
000000010011011
000000010011100
000000010011101
000000010011101
000000010011110
000000010011110
000000010011111
000000010011111
000000010100000
000000010100001
000000010100001
000000010100010
000000010100010
000000010100011
000000010100100
000000010100100
000000010100101
000000010100101
000000010100110
000000010100110
000000010100111
000000010101000
000000010101000
000000010101001
000000010101001
000000010101010
000000010101011
000000010101011
000000010101100
000000010101101
000000010101101
000000010101110
000000010101110
000000010101111
000000010110000
000000010110000
000000010110001
000000010110010
000000010110010
000000010110011
000000010110100
000000010110100
000000010110101
000000010110101
000000010110110
000000010110111
000000010110111
000000010111000
000000010111001
000000010111001
000000010111010
000000010111011
000000010111011
000000010111100
000000010111101
000000010111101
000000010111110
000000010111111
000000010111111
000000011000000
000000011000001
000000011000010
000000011000010
000000011000011
000000011000100
000000011000100
000000011000101
000000011000110
000000011000110
000000011000111
000000011001000
000000011001001
000000011001001
000000011001010
000000011001011
000000011001011
000000011001100
000000011001101
000000011001110
000000011001110
000000011001111
000000011010000
000000011010000
000000011010001
000000011010010
000000011010011
000000011010011
000000011010100
000000011010101
000000011010110
000000011010110
000000011010111
000000011011000
000000011011001
000000011011001
000000011011010
000000011011011
000000011011100
000000011011101
000000011011101
000000011011110
000000011011111
000000011100000
000000011100000
000000011100001
000000011100010
000000011100011
000000011100100
000000011100100
000000011100101
000000011100110
000000011100111
000000011101000
000000011101000
000000011101001
000000011101010
000000011101011
000000011101100
000000011101101
000000011101101
000000011101110
000000011101111
000000011110000
000000011110001
000000011110010
000000011110010
000000011110011
000000011110100
000000011110101
000000011110110
000000011110111
000000011111000
000000011111000
000000011111001
000000011111010
000000011111011
000000011111100
000000011111101
000000011111110
000000011111110
000000011111111
000000100000000
000000100000001
000000100000010
000000100000011
000000100000100
000000100000101
000000100000110
000000100000110
000000100000111
000000100001000
000000100001001
000000100001010
000000100001011
000000100001100
000000100001101
000000100001110
000000100001111
000000100010000
000000100010001
000000100010001
000000100010010
000000100010011
000000100010100
000000100010101
000000100010110
000000100010111
000000100011000
000000100011001
000000100011010
000000100011011
000000100011100
000000100011101
000000100011110
000000100011111
000000100100000
000000100100001
000000100100010
000000100100011
000000100100100
000000100100101
000000100100110
000000100100111
000000100101000
000000100101001
000000100101010
000000100101011
000000100101100
000000100101101
000000100101110
000000100101111
000000100110000
000000100110001
000000100110010
000000100110011
000000100110100
000000100110101
000000100110110
000000100110111
000000100111000
000000100111001
000000100111010
000000100111011
000000100111101
000000100111110
000000100111111
000000101000000
000000101000001
000000101000010
000000101000011
000000101000100
000000101000101
000000101000110
000000101000111
000000101001000
000000101001001
000000101001011
000000101001100
000000101001101
000000101001110
000000101001111
000000101010000
000000101010001
000000101010010
000000101010100
000000101010101
000000101010110
000000101010111
000000101011000
000000101011001
000000101011010
000000101011011
000000101011101
000000101011110
000000101011111
000000101100000
000000101100001
000000101100010
000000101100100
000000101100101
000000101100110
000000101100111
000000101101000
000000101101010
000000101101011
000000101101100
000000101101101
000000101101110
000000101110000
000000101110001
000000101110010
000000101110011
000000101110100
000000101110110
000000101110111
000000101111000
000000101111001
000000101111011
000000101111100
000000101111101
000000101111110
000000110000000
000000110000001
000000110000010
000000110000011
000000110000101
000000110000110
000000110000111
000000110001000
000000110001010
000000110001011
000000110001100
000000110001101
000000110001111
000000110010000
000000110010001
000000110010011
000000110010100
000000110010101
000000110010110
000000110011000
000000110011001
000000110011010
000000110011100
000000110011101
000000110011110
000000110100000
000000110100001
000000110100010
000000110100100
000000110100101
000000110100110
000000110101000
000000110101001
000000110101011
000000110101100
000000110101101
000000110101111
000000110110000
000000110110001
000000110110011
000000110110100
000000110110110
000000110110111
000000110111000
000000110111010
000000110111011
000000110111101
000000110111110
000000110111111
000000111000001
000000111000010
000000111000100
000000111000101
000000111000111
000000111001000
000000111001001
000000111001011
000000111001100
000000111001110
000000111001111
000000111010001
000000111010010
000000111010100
000000111010101
000000111010111
000000111011000
000000111011010
000000111011011
000000111011101
000000111011110
000000111100000
000000111100001
000000111100011
000000111100100
000000111100101
000000111100111
000000111101000
000000111101010
000000111101011
000000111101101
000000111101111
000000111110000
000000111110010
000000111110011
000000111110101
000000111110110
000000111111000
000000111111001
000000111111011
000000111111101
000000111111110
000001000000000
000001000000001
000001000000011
000001000000100
000001000000110
000001000001000
000001000001001
000001000001011
000001000001100
000001000001110
000001000010000
000001000010001
000001000010011
000001000010100
000001000010110
000001000011000
000001000011001
000001000011011
000001000011101
000001000011110
000001000100000
000001000100010
000001000100011
000001000100101
000001000100111
000001000101000
000001000101010
000001000101100
000001000101101
000001000101111
000001000110001
000001000110010
000001000110100
000001000110110
000001000110111
000001000111001
000001000111011
000001000111100
000001000111110
000001001000000
000001001000010
000001001000011
000001001000101
000001001000111
000001001001001
000001001001010
000001001001100
000001001001110
000001001001111
000001001010001
000001001010011
000001001010101
000001001010111
000001001011000
000001001011010
000001001011100
000001001011110
000001001011111
000001001100001
000001001100011
000001001100101
000001001100111
000001001101000
000001001101010
000001001101100
000001001101110
000001001110000
000001001110010
000001001110011
000001001110101
000001001110111
000001001111001
000001001111011
000001001111101
000001001111110
000001010000000
000001010000010
000001010000100
000001010000110
000001010001000
000001010001010
000001010001100
000001010001101
000001010001111
000001010010001
000001010010011
000001010010101
000001010010111
000001010011001
000001010011011
000001010011101
000001010011111
000001010100001
000001010100010
000001010100100
000001010100110
000001010101000
000001010101010
000001010101100
000001010101110
000001010110000
000001010110010
000001010110100
000001010110110
000001010111000
000001010111010
000001010111100
000001010111110
000001011000000
000001011000010
000001011000100
000001011000110
000001011001000
000001011001010
000001011001100
000001011001110
000001011010000
000001011010010
000001011010100
000001011010110
000001011011000
000001011011010
000001011011100
000001011011110
000001011100000
000001011100010
000001011100100
000001011100110
000001011101000
000001011101010
000001011101100
000001011101111
000001011110001
000001011110011
000001011110101
000001011110111
000001011111001
000001011111011
000001011111101
000001011111111
000001100000001
000001100000100
000001100000110
000001100001000
000001100001010
000001100001100
000001100001110
000001100010000
000001100010010
000001100010101
000001100010111
000001100011001
000001100011011
000001100011101
000001100011111
000001100100010
000001100100100
000001100100110
000001100101000
000001100101010
000001100101101
000001100101111
000001100110001
000001100110011
000001100110101
000001100111000
000001100111010
000001100111100
000001100111110
000001101000000
000001101000011
000001101000101
000001101000111
000001101001001
000001101001100
000001101001110
000001101010000
000001101010010
000001101010100
000001101010111
000001101011001
000001101011011
000001101011110
000001101100000
000001101100010
000001101100100
000001101100111
000001101101001
000001101101011
000001101101110
000001101110000
000001101110010
000001101110101
000001101110111
000001101111001
000001101111100
000001101111110
000001110000000
000001110000010
000001110000101
000001110000111
000001110001010
000001110001100
000001110001110
000001110010001
000001110010011
000001110010101
000001110011000
000001110011010
000001110011100
000001110011111
000001110100001
000001110100100
000001110100110
000001110101000
000001110101011
000001110101101
000001110110000
000001110110010
000001110110100
000001110110111
000001110111001
000001110111100
000001110111110
000001111000001
000001111000011
000001111000101
000001111001000
000001111001010
000001111001101
000001111001111
000001111010010
000001111010100
000001111010111
000001111011001
000001111011100
000001111011110
000001111100001
000001111100011
000001111100101
000001111101000
000001111101010
000001111101101
000001111101111
000001111110010
000001111110100
000001111110111
000001111111001
000001111111100
000001111111111
000010000000001
000010000000100
000010000000110
000010000001001
000010000001011
000010000001110
000010000010000
000010000010011
000010000010101
000010000011000
000010000011011
000010000011101
000010000100000
000010000100010
000010000100101
000010000100111
000010000101010
000010000101101
000010000101111
000010000110010
000010000110100
000010000110111
000010000111010
000010000111100
000010000111111
000010001000001
000010001000100
000010001000111
000010001001001
000010001001100
000010001001111
000010001010001
000010001010100
000010001010111
000010001011001
000010001011100
000010001011111
000010001100001
000010001100100
000010001100111
000010001101001
000010001101100
000010001101111
000010001110001
000010001110100
000010001110111
000010001111001
000010001111100
000010001111111
000010010000001
000010010000100
000010010000111
000010010001010
000010010001100
000010010001111
000010010010010
000010010010100
000010010010111
000010010011010
000010010011100
000010010011111
000010010100010
000010010100101
000010010100111
000010010101010
000010010101101
000010010110000
000010010110011
000010010110101
000010010111000
000010010111011
000010010111110
000010011000000
000010011000011
000010011000110
000010011001001
000010011001100
000010011001110
000010011010001
000010011010100
000010011010111
000010011011010
000010011011100
000010011011111
000010011100010
000010011100101
000010011101000
000010011101010
000010011101101
000010011110000
000010011110011
000010011110110
000010011111001
000010011111100
000010011111110
000010100000001
000010100000100
000010100000111
000010100001010
000010100001101
000010100010000
000010100010010
000010100010101
000010100011000
000010100011011
000010100011110
000010100100001
000010100100100
000010100100111
000010100101010
000010100101100
000010100101111
000010100110010
000010100110101
000010100111000
000010100111011
000010100111110
000010101000001
000010101000100
000010101000111
000010101001010
000010101001100
000010101001111
000010101010010
000010101010101
000010101011000
000010101011011
000010101011110
000010101100001
000010101100100
000010101100111
000010101101010
000010101101101
000010101110000
000010101110011
000010101110110
000010101111001
000010101111100
000010101111111
000010110000010
000010110000101
000010110001000
000010110001011
000010110001110
000010110010001
000010110010100
000010110010111
000010110011010
000010110011101
000010110100000
000010110100011
000010110100110
000010110101001
000010110101100
000010110101111
000010110110010
000010110110101
000010110111000
000010110111011
000010110111110
000010111000001
000010111000100
000010111000111
000010111001011
000010111001110
000010111010001
000010111010100
000010111010111
000010111011010
000010111011101
000010111100000
000010111100011
000010111100110
000010111101001
000010111101100
000010111101111
000010111110011
000010111110110
000010111111001
000010111111100
000010111111111
000011000000010
000011000000101
000011000001000
000011000001011
000011000001110
000011000010010
000011000010101
000011000011000
000011000011011
000011000011110
000011000100001
000011000100100
000011000100111
000011000101011
000011000101110
000011000110001
000011000110100
000011000110111
000011000111010
000011000111110
000011001000001
000011001000100
000011001000111
000011001001010
000011001001101
000011001010001
000011001010100
000011001010111
000011001011010
000011001011101
000011001100000
000011001100100
000011001100111
000011001101010
000011001101101
000011001110000
000011001110100
000011001110111
000011001111010
000011001111101
000011010000000
000011010000100
000011010000111
000011010001010
000011010001101
000011010010001
000011010010100
000011010010111
000011010011010
000011010011110
000011010100001
000011010100100
000011010100111
000011010101010
000011010101110
000011010110001
000011010110100
000011010110111
000011010111011
000011010111110
000011011000001
000011011000101
000011011001000
000011011001011
000011011001110
000011011010010
000011011010101
000011011011000
000011011011011
000011011011111
000011011100010
000011011100101
000011011101000
000011011101100
000011011101111
000011011110010
000011011110110
000011011111001
000011011111100
000011100000000
000011100000011
000011100000110
000011100001001
000011100001101
000011100010000
000011100010011
000011100010111
000011100011010
000011100011101
000011100100001
000011100100100
000011100100111
000011100101011
000011100101110
000011100110001
000011100110101
000011100111000
000011100111011
000011100111111
000011101000010
000011101000101
000011101001001
000011101001100
000011101010000
000011101010011
000011101010110
000011101011010
000011101011101
000011101100000
000011101100100
000011101100111
000011101101010
000011101101110
000011101110001
000011101110101
000011101111000
000011101111011
000011101111111
000011110000010
000011110000110
000011110001001
000011110001100
000011110010000
000011110010011
000011110010111
000011110011010
000011110011101
000011110100001
000011110100100
000011110100111
000011110101011
000011110101110
000011110110010
000011110110101
000011110111001
000011110111100
000011110111111
000011111000011
000011111000110
000011111001010
000011111001101
000011111010001
000011111010100
000011111010111
000011111011011
000011111011110
000011111100010
000011111100101
000011111101001
000011111101100
000011111110000
000011111110011
000011111110110
000011111111010
000011111111101
000100000000001
000100000000100
000100000001000
000100000001011
000100000001111
000100000010010
000100000010110
000100000011001
000100000011101
000100000100000
000100000100011
000100000100111
000100000101010
000100000101110
000100000110001
000100000110101
000100000111000
000100000111100
000100000111111
000100001000011
000100001000110
000100001001010
000100001001101
000100001010001
000100001010100
000100001011000
000100001011011
000100001011111
000100001100010
000100001100110
000100001101001
000100001101101
000100001110000
000100001110100
000100001110111
000100001111011
000100001111111
000100010000010
000100010000110
000100010001001
000100010001101
000100010010000
000100010010100
000100010010111
000100010011011
000100010011110
000100010100010
000100010100101
000100010101001
000100010101100
000100010110000
000100010110011
000100010110111
000100010111011
000100010111110
000100011000010
000100011000101
000100011001001
000100011001100
000100011010000
000100011010011
000100011010111
000100011011011
000100011011110
000100011100010
000100011100101
000100011101001
000100011101100
000100011110000
000100011110100
000100011110111
000100011111011
000100011111110
000100100000010
000100100000101
000100100001001
000100100001101
000100100010000
000100100010100
000100100010111
000100100011011
000100100011111
000100100100010
000100100100110
000100100101001
000100100101101
000100100110001
000100100110100
000100100111000
000100100111011
000100100111111
000100101000011
000100101000110
000100101001010
000100101001101
000100101010001
000100101010101
000100101011000
000100101011100
000100101011111
000100101100011
000100101100111
000100101101010
000100101101110
000100101110001
000100101110101
000100101111001
000100101111100
000100110000000
000100110000100
000100110000111
000100110001011
000100110001111
000100110010010
000100110010110
000100110011001
000100110011101
000100110100001
000100110100100
000100110101000
000100110101100
000100110101111
000100110110011
000100110110111
000100110111010
000100110111110
000100111000010
000100111000101
000100111001001
000100111001100
000100111010000
000100111010100
000100111010111
000100111011011
000100111011111
000100111100010
000100111100110
000100111101010
000100111101101
000100111110001
000100111110101
000100111111000
000100111111100
000101000000000
000101000000011
000101000000111
000101000001011
000101000001110
000101000010010
000101000010110
000101000011010
000101000011101
000101000100001
000101000100101
000101000101000
000101000101100
000101000110000
000101000110011
000101000110111
000101000111011
000101000111110
000101001000010
000101001000110
000101001001001
000101001001101
000101001010001
000101001010100
000101001011000
000101001011100
000101001100000
000101001100011
000101001100111
000101001101011
000101001101110
000101001110010
000101001110110
000101001111010
000101001111101
000101010000001
000101010000101
000101010001000
000101010001100
000101010010000
000101010010100
000101010010111
000101010011011
000101010011111
000101010100010
000101010100110
000101010101010
000101010101110
000101010110001
000101010110101
000101010111001
000101010111100
000101011000000
000101011000100
000101011001000
000101011001011
000101011001111
000101011010011
000101011010111
000101011011010
000101011011110
000101011100010
000101011100110
000101011101001
000101011101101
000101011110001
000101011110100
000101011111000
000101011111100
000101100000000
000101100000011
000101100000111
000101100001011
000101100001111
000101100010010
000101100010110
000101100011010
000101100011110
000101100100001
000101100100101
000101100101001
000101100101101
000101100110000
000101100110100
000101100111000
000101100111100
000101100111111
000101101000011
000101101000111
000101101001011
000101101001111
000101101010010
000101101010110
000101101011010
000101101011110
000101101100001
000101101100101
000101101101001
000101101101101
000101101110000
000101101110100
000101101111000
000101101111100
000101110000000
000101110000011
000101110000111
000101110001011
000101110001111
000101110010010
000101110010110
000101110011010
000101110011110
000101110100010
000101110100101
000101110101001
000101110101101
000101110110001
000101110110100
000101110111000
000101110111100
000101111000000
000101111000100
000101111000111
000101111001011
000101111001111
000101111010011
000101111010111
000101111011010
000101111011110
000101111100010
000101111100110
000101111101010
000101111101101
000101111110001
000101111110101
000101111111001
000101111111101
000110000000000
000110000000100
000110000001000
000110000001100
000110000010000
000110000010011
000110000010111
000110000011011
000110000011111
000110000100011
000110000100110
000110000101010
000110000101110
000110000110010
000110000110110
000110000111001
000110000111101
000110001000001
000110001000101
000110001001001
000110001001100
000110001010000
000110001010100
000110001011000
000110001011100
000110001100000
000110001100011
000110001100111
000110001101011
000110001101111
000110001110011
000110001110110
000110001111010
000110001111110
000110010000010
000110010000110
000110010001010
000110010001101
000110010010001
000110010010101
000110010011001
000110010011101
000110010100001
000110010100100
000110010101000
000110010101100
000110010110000
000110010110100
000110010111000
000110010111011
000110010111111
000110011000011
000110011000111
000110011001011
000110011001111
000110011010010
000110011010110
000110011011010
000110011011110
000110011100010
000110011100110
000110011101001
000110011101101
000110011110001
000110011110101
000110011111001
000110011111101
000110100000001
000110100000100
000110100001000
000110100001100
000110100010000
000110100010100
000110100011000
000110100011011
000110100011111
000110100100011
000110100100111
000110100101011
000110100101111
000110100110011
000110100110110
000110100111010
000110100111110
000110101000010
000110101000110
000110101001010
000110101001110
000110101010001
000110101010101
000110101011001
000110101011101
000110101100001
000110101100101
000110101101001
000110101101100
000110101110000
000110101110100
000110101111000
000110101111100
000110110000000
000110110000100
000110110000111
000110110001011
000110110001111
000110110010011
000110110010111
000110110011011
000110110011111
000110110100010
000110110100110
000110110101010
000110110101110
000110110110010
000110110110110
000110110111010
000110110111110
000110111000001
000110111000101
000110111001001
000110111001101
000110111010001
000110111010101
000110111011001
000110111011101
000110111100000
000110111100100
000110111101000
000110111101100
000110111110000
000110111110100
000110111111000
000110111111100
000110111111111
000111000000011
000111000000111
000111000001011
000111000001111
000111000010011
000111000010111
000111000011011
000111000011110
000111000100010
000111000100110
000111000101010
000111000101110
000111000110010
000111000110110
000111000111010
000111000111110
000111001000001
000111001000101
000111001001001
000111001001101
000111001010001
000111001010101
000111001011001
000111001011101
000111001100001
000111001100100
000111001101000
000111001101100
000111001110000
000111001110100
000111001111000
000111001111100
000111010000000
000111010000100
000111010000111
000111010001011
000111010001111
000111010010011
000111010010111
000111010011011
000111010011111
000111010100011
000111010100111
000111010101011
000111010101110
000111010110010
000111010110110
000111010111010
000111010111110
000111011000010
000111011000110
000111011001010
000111011001110
000111011010010
000111011010101
000111011011001
000111011011101
000111011100001
000111011100101
000111011101001
000111011101101
000111011110001
000111011110101
000111011111001
000111011111100
000111100000000
000111100000100
000111100001000
000111100001100
000111100010000
000111100010100
000111100011000
000111100011100
000111100100000
000111100100100
000111100100111
000111100101011
000111100101111
000111100110011
000111100110111
000111100111011
000111100111111
000111101000011
000111101000111
000111101001011
000111101001111
000111101010010
000111101010110
000111101011010
000111101011110
000111101100010
000111101100110
000111101101010
000111101101110
000111101110010
000111101110110
000111101111010
000111101111110
000111110000001
000111110000101
000111110001001
000111110001101
000111110010001
000111110010101
000111110011001
000111110011101
000111110100001
000111110100101
000111110101001
000111110101101
000111110110001
000111110110100
000111110111000
000111110111100
000111111000000
000111111000100
000111111001000
000111111001100
000111111010000
000111111010100
000111111011000
000111111011100
000111111100000
000111111100100
000111111100111
000111111101011
000111111101111
000111111110011
000111111110111
000111111111011
000111111111111
001000000000011
001000000000111
001000000001011
001000000001111
001000000010011
001000000010111
001000000011010
001000000011110
001000000100010
001000000100110
001000000101010
001000000101110
001000000110010
001000000110110
001000000111010
001000000111110
001000001000010
001000001000110
001000001001010
001000001001110
001000001010010
001000001010101
001000001011001
001000001011101
001000001100001
001000001100101
001000001101001
001000001101101
001000001110001
001000001110101
001000001111001
001000001111101
001000010000001
001000010000101
001000010001001
001000010001101
001000010010000
001000010010100
001000010011000
001000010011100
001000010100000
001000010100100
001000010101000
001000010101100
001000010110000
001000010110100
001000010111000
001000010111100
001000011000000
001000011000100
001000011001000
001000011001100
001000011001111
001000011010011
001000011010111
001000011011011
001000011011111
001000011100011
001000011100111
001000011101011
001000011101111
001000011110011
001000011110111
001000011111011
001000011111111
001000100000011
001000100000111
001000100001011
001000100001111
001000100010010
001000100010110
001000100011010
001000100011110
001000100100010
001000100100110
001000100101010
001000100101110
001000100110010
001000100110110
001000100111010
001000100111110
001000101000010
001000101000110
001000101001010
001000101001110
001000101010010
001000101010110
001000101011010
001000101011101
001000101100001
001000101100101
001000101101001
001000101101101
001000101110001
001000101110101
001000101111001
001000101111101
001000110000001
001000110000101
001000110001001
001000110001101
001000110010001
001000110010101
001000110011001
001000110011101
001000110100001
001000110100101
001000110101001
001000110101100
001000110110000
001000110110100
001000110111000
001000110111100
001000111000000
001000111000100
001000111001000
001000111001100
001000111010000
001000111010100
001000111011000
001000111011100
001000111100000
001000111100100
001000111101000
001000111101100
001000111110000
001000111110100
001000111111000
001000111111100
001000111111111
001001000000011
001001000000111
001001000001011
001001000001111
001001000010011
001001000010111
001001000011011
001001000011111
001001000100011
001001000100111
001001000101011
001001000101111
001001000110011
001001000110111
001001000111011
001001000111111
001001001000011
001001001000111
001001001001011
001001001001111
001001001010011
001001001010111
001001001011011
001001001011110
001001001100010
001001001100110
001001001101010
001001001101110
001001001110010
001001001110110
001001001111010
001001001111110
001001010000010
001001010000110
001001010001010
001001010001110
001001010010010
001001010010110
001001010011010
001001010011110
001001010100010
001001010100110
001001010101010
001001010101110
001001010110010
001001010110110
001001010111010
001001010111110
001001011000010
001001011000101
001001011001001
001001011001101
001001011010001
001001011010101
001001011011001
001001011011101
001001011100001
001001011100101
001001011101001
001001011101101
001001011110001
001001011110101
001001011111001
001001011111101
001001100000001
001001100000101
001001100001001
001001100001101
001001100010001
001001100010101
001001100011001
001001100011101
001001100100001
001001100100101
001001100101001
001001100101101
001001100110001
001001100110100
001001100111000
001001100111100
001001101000000
001001101000100
001001101001000
001001101001100
001001101010000
001001101010100
001001101011000
001001101011100
001001101100000
001001101100100
001001101101000
001001101101100
001001101110000
001001101110100
001001101111000
001001101111100
001001110000000
001001110000100
001001110001000
001001110001100
001001110010000
001001110010100
001001110011000
001001110011100
001001110100000
001001110100100
001001110101000
001001110101100
001001110110000
001001110110100
001001110110111
001001110111011
001001110111111
001001111000011
001001111000111
001001111001011
001001111001111
001001111010011
001001111010111
001001111011011
001001111011111
001001111100011
001001111100111
001001111101011
001001111101111
001001111110011
001001111110111
001001111111011
001001111111111
001010000000011
001010000000111
001010000001011
001010000001111
001010000010011
001010000010111
001010000011011
001010000011111
001010000100011
001010000100111
001010000101011
001010000101111
001010000110011
001010000110111
001010000111011
001010000111111
001010001000011
001010001000111
001010001001010
001010001001110
001010001010010
001010001010110
001010001011010
001010001011110
001010001100010
001010001100110
001010001101010
001010001101110
001010001110010
001010001110110
001010001111010
001010001111110
001010010000010
001010010000110
001010010001010
001010010001110
001010010010010
001010010010110
001010010011010
001010010011110
001010010100010
001010010100110
001010010101010
001010010101110
001010010110010
001010010110110
001010010111010
001010010111110
001010011000010
001010011000110
001010011001010
001010011001110
001010011010010
001010011010110
001010011011010
001010011011110
001010011100010
001010011100110
001010011101010
001010011101110
001010011110010
001010011110101
001010011111001
001010011111101
001010100000001
001010100000101
001010100001001
001010100001101
001010100010001
001010100010101
001010100011001
001010100011101
001010100100001
001010100100101
001010100101001
001010100101101
001010100110001
001010100110101
001010100111001
001010100111101
001010101000001
001010101000101
001010101001001
001010101001101
001010101010001
001010101010101
001010101011001
001010101011101
001010101100001
001010101100101
001010101101001
001010101101101
001010101110001
001010101110101
001010101111001
001010101111101
001010110000001
001010110000101
001010110001001
001010110001101
001010110010001
001010110010101
001010110011001
001010110011101
001010110100001
001010110100101
001010110101001
001010110101101
001010110110001
001010110110101
001010110111001
001010110111101
001010111000001
001010111000100
001010111001000
001010111001100
001010111010000
001010111010100
001010111011000
001010111011100
001010111100000
001010111100100
001010111101000
001010111101100
001010111110000
001010111110100
001010111111000
001010111111100
001011000000000
001011000000100
001011000001000
001011000001100
001011000010000
001011000010100
001011000011000
001011000011100
001011000100000
001011000100100
001011000101000
001011000101100
001011000110000
001011000110100
001011000111000
001011000111100
001011001000000
001011001000100
001011001001000
001011001001100
001011001010000
001011001010100
001011001011000
001011001011100
001011001100000
001011001100100
001011001101000
001011001101100
001011001110000
001011001110100
001011001111000
001011001111100
001011010000000
001011010000100
001011010001000
001011010001100
001011010010000
001011010010100
001011010011000
001011010011100
001011010100000
001011010100100
001011010101000
001011010101100
001011010110000
001011010110100
001011010111000
001011010111100
001011011000000
001011011000100
001011011000111
001011011001011
001011011001111
001011011010011
001011011010111
001011011011011
001011011011111
001011011100011
001011011100111
001011011101011
001011011101111
001011011110011
001011011110111
001011011111011
001011011111111
001011100000011
001011100000111
001011100001011
001011100001111
001011100010011
001011100010111
001011100011011
001011100011111
001011100100011
001011100100111
001011100101011
001011100101111
001011100110011
001011100110111
001011100111011
001011100111111
001011101000011
001011101000111
001011101001011
001011101001111
001011101010011
001011101010111
001011101011011
001011101011111
001011101100011
001011101100111
001011101101011
001011101101111
001011101110011
001011101110111
001011101111011
001011101111111
001011110000011
001011110000111
001011110001011
001011110001111
001011110010011
001011110010111
001011110011011
001011110011111
001011110100011
001011110100111
001011110101011
001011110101111
001011110110011
001011110110111
001011110111011
001011110111111
001011111000011
001011111000111
001011111001011
001011111001111
001011111010011
001011111010111
001011111011011
001011111011111
001011111100011
001011111100111
001011111101011
001011111101111
001011111110011
001011111110111
001011111111011
001011111111111
001100000000011
001100000000111
001100000001011
001100000001111
001100000010011
001100000010111
001100000011011
001100000011111
001100000100010
001100000100110
001100000101010
001100000101110
001100000110010
001100000110110
001100000111010
001100000111110
001100001000010
001100001000110
001100001001010
001100001001110
001100001010010
001100001010110
001100001011010
001100001011110
001100001100010
001100001100110
001100001101010
001100001101110
001100001110010
001100001110110
001100001111010
001100001111110
001100010000010
001100010000110
001100010001010
001100010001110
001100010010010
001100010010110
001100010011010
001100010011110
001100010100010
001100010100110
001100010101010
001100010101110
001100010110010
001100010110110
001100010111010
001100010111110
001100011000010
001100011000110
001100011001010
001100011001110
001100011010010
001100011010110
001100011011010
001100011011110
001100011100010
001100011100110
001100011101010
001100011101110
001100011110010
001100011110110
001100011111010
001100011111110
001100100000010
001100100000110
001100100001010
001100100001110
001100100010010
001100100010110
001100100011010
001100100011110
001100100100010
001100100100110
001100100101010
001100100101110
001100100110010
001100100110110
001100100111010
001100100111110
001100101000010
001100101000110
001100101001010
001100101001110
001100101010010
001100101010110
001100101011010
001100101011110
001100101100010
001100101100110
001100101101010
001100101101110
001100101110010
001100101110110
001100101111010
001100101111110
001100110000010
001100110000110
001100110001010
001100110001110
001100110010010
001100110010110
001100110011010
001100110011110
001100110100010
001100110100110
001100110101010
001100110101110
001100110110010
001100110110110
001100110111010
001100110111110
001100111000010
001100111000110
001100111001010
001100111001110
001100111010010
001100111010110
001100111011010
001100111011110
001100111100010
001100111100110
001100111101010
001100111101110
001100111110010
001100111110110
001100111111010
001100111111110
001101000000010
001101000000110
001101000001010
001101000001110
001101000010010
001101000010110
001101000011010
001101000011110
001101000100010
001101000100110
001101000101010
001101000101110
001101000110010
001101000110110
001101000111010
001101000111101
001101001000001
001101001000101
001101001001001
001101001001101
001101001010001
001101001010101
001101001011001
001101001011101
001101001100001
001101001100101
001101001101001
001101001101101
001101001110001
001101001110101
001101001111001
001101001111101
001101010000001
001101010000101
001101010001001
001101010001101
001101010010001
001101010010101
001101010011001
001101010011101
001101010100001
001101010100101
001101010101001
001101010101101
001101010110001
001101010110101
001101010111001
001101010111101
001101011000001
001101011000101
001101011001001
001101011001101
001101011010001
001101011010101
001101011011001
001101011011101
001101011100001
001101011100101
001101011101001
001101011101101
001101011110001
001101011110101
001101011111001
001101011111101
001101100000001
001101100000101
001101100001001
001101100001101
001101100010001
001101100010101
001101100011001
001101100011101
001101100100001
001101100100101
001101100101001
001101100101101
001101100110001
001101100110101
001101100111001
001101100111101
001101101000001
001101101000101
001101101001001
001101101001101
001101101010001
001101101010101
001101101011001
001101101011101
001101101100001
001101101100101
001101101101001
001101101101101
001101101110001
001101101110101
001101101111001
001101101111101
001101110000001
001101110000101
001101110001001
001101110001101
001101110010001
001101110010101
001101110011001
001101110011101
001101110100001
001101110100101
001101110101001
001101110101101
001101110110001
001101110110101
001101110111001
001101110111101
001101111000001
001101111000101
001101111001001
001101111001101
001101111010001
001101111010101
001101111011001
001101111011101
001101111100001
001101111100101
001101111101001
001101111101101
001101111110001
001101111110101
001101111111001
001101111111101
001110000000001
001110000000101
001110000001001
001110000001101
001110000010001
001110000010101
001110000011001
001110000011101
001110000100001
001110000100101
001110000101001
001110000101101
001110000110001
001110000110101
001110000111001
001110000111101
001110001000001
001110001000101
001110001001001
001110001001101
001110001010001
001110001010101
001110001011001
001110001011101
001110001100001
001110001100101
001110001101001
001110001101101
001110001110001
001110001110101
001110001111001
001110001111101
001110010000001
001110010000101
001110010001001
001110010001101
001110010010001
001110010010101
001110010011001
001110010011101
001110010100001
001110010100101
001110010101001
001110010101101
001110010110001
001110010110101
001110010111001
001110010111101
001110011000001
001110011000101
001110011001001
001110011001101
001110011010001
001110011010101
001110011011001
001110011011101
001110011100001
001110011100101
001110011101001
001110011101101
001110011110001
001110011110101
001110011111001
001110011111101
001110100000001
001110100000101
001110100001001
001110100001101
001110100010001
001110100010101
001110100011001
001110100011101
001110100100001
001110100100101
001110100101001
001110100101101
001110100110001
001110100110101
001110100111001
001110100111101
001110101000001
001110101000101
001110101001001
001110101001101
001110101010001
001110101010101
001110101011001
001110101011101
001110101100001
001110101100101
001110101101001
001110101101101
001110101110001
001110101110101
001110101111001
001110101111101
001110110000001
001110110000101
001110110001001
001110110001101
001110110010001
001110110010101
001110110011001
001110110011101
001110110100001
001110110100101
001110110101001
001110110101101
001110110110001
001110110110101
001110110111001
001110110111101
001110111000001
001110111000101
001110111001001
001110111001101
001110111010001
001110111010101
001110111011001
001110111011101
001110111100001
001110111100101
001110111101001
001110111101101
001110111110001
001110111110101
001110111111001
001110111111101
001111000000001
001111000000101
001111000001001
001111000001101
001111000010001
001111000010101
001111000011001
001111000011101
001111000100001
001111000100101
001111000101001
001111000101101
001111000110001
001111000110101
001111000111001
001111000111101
001111001000001
001111001000101
001111001001001
001111001001101
001111001010001
001111001010101
001111001011001
001111001011101
001111001100001
001111001100101
001111001101001
001111001101101
001111001110001
001111001110101
001111001111001
001111001111101
001111010000001
001111010000101
001111010001001
001111010001101
001111010010001
001111010010101
001111010011001
001111010011101
001111010100001
001111010100101
001111010101001
001111010101101
001111010110001
001111010110101
001111010111001
001111010111101
001111011000001
001111011000101
001111011001001
001111011001101
001111011010001
001111011010101
001111011011001
001111011011101
001111011100001
001111011100100
001111011101000
001111011101100
001111011110000
001111011110100
001111011111000
001111011111100
001111100000000
001111100000100
001111100001000
001111100001100
001111100010000
001111100010100
001111100011000
001111100011100
001111100100000
001111100100100
001111100101000
001111100101100
001111100110000
001111100110100
001111100111000
001111100111100
001111101000000
001111101000100
001111101001000
001111101001100
001111101010000
001111101010100
001111101011000
001111101011100
001111101100000
001111101100100
001111101101000
001111101101100
001111101110000
001111101110100
001111101111000
001111101111100
001111110000000
001111110000100
001111110001000
001111110001100
001111110010000
001111110010100
001111110011000
001111110011100
001111110100000
001111110100100
001111110101000
001111110101100
001111110110000
001111110110100
001111110111000
001111110111100
001111111000000
001111111000100
001111111001000
001111111001100
001111111010000
001111111010100
001111111011000
001111111011100
001111111100000
001111111100100
001111111101000
001111111101100
001111111110000
001111111110100
001111111111000
001111111111100
010000000000000
010000000000100
010000000001000
010000000001100
010000000010000
010000000010100
010000000011000
010000000011100
010000000100000
010000000100100
010000000101000
010000000101100
010000000110000
010000000110100
010000000111000
010000000111100
010000001000000
010000001000100
010000001001000
010000001001100
010000001010000
010000001010100
010000001011000
010000001011100
010000001100000
010000001100100
010000001101000
010000001101100
010000001110000
010000001110100
010000001111000
010000001111100
010000010000000
010000010000100
010000010001000
010000010001100
010000010010000
010000010010100
010000010011000
010000010011100
010000010100000
010000010100100
010000010101000
010000010101100
010000010110000
010000010110100
010000010111000
010000010111100
010000011000000
010000011000100
010000011001000
010000011001100
010000011010000
010000011010100
010000011011000
010000011011100
010000011100000
010000011100100
010000011101000
010000011101100
010000011110000
010000011110100
010000011111000
010000011111100
010000100000000
010000100000100
010000100001000
010000100001100
010000100010000
010000100010100
010000100011000
010000100011100
010000100100000
010000100100100
010000100101000
010000100101100
010000100110000
010000100110100
010000100111000
010000100111100
010000101000000
010000101000100
010000101001000
010000101001100
010000101010000
010000101010100
010000101011000
010000101011100
010000101100000
010000101100100
010000101101000
010000101101100
010000101110000
010000101110100
010000101111000
010000101111100
010000110000000
010000110000100
010000110001000
010000110001100
010000110010000
010000110010100
010000110011000
010000110011100
010000110100000
010000110100100
010000110101000
010000110101100
010000110110000
010000110110100
010000110111000
010000110111100
010000111000000
010000111000100
010000111001000
010000111001100
010000111010000
010000111010100
010000111011000
010000111011100
010000111100000
010000111100100
010000111101000
010000111101100
010000111110000
010000111110100
010000111111000
010000111111100
010001000000000
010001000000100
010001000001000
010001000001100
010001000010000
010001000010100
010001000011000
010001000011100
010001000100000
010001000100100
010001000101000
010001000101100
010001000110000
010001000110100
010001000111000
010001000111100
010001001000000
010001001000100
010001001001000
010001001001100
010001001010000
010001001010100
010001001011000
010001001011100
010001001100000
010001001100100
010001001101000
010001001101100
010001001110000
010001001110100
010001001111000
010001001111100
010001010000000
010001010000100
010001010001000
010001010001100
010001010010000
010001010010100
010001010011000
010001010011100
010001010100000
010001010100100
010001010101000
010001010101100
010001010110000
010001010110100
010001010111000
010001010111100
010001011000000
010001011000100
010001011001000
010001011001100
010001011010000
010001011010100
010001011011000
010001011011100
010001011100000
010001011100100
010001011101000
010001011101100
010001011110000
010001011110100
010001011111000
010001011111100
010001100000000
010001100000100
010001100001000
010001100001100
010001100010000
010001100010100
010001100011000
010001100011100
010001100100000
010001100100100
010001100101000
010001100101100
010001100110000
010001100110100
010001100111000
010001100111100
010001101000000
010001101000100
010001101001000
010001101001100
010001101010000
010001101010100
010001101011000
010001101011100
010001101100000
010001101100100
010001101101000
010001101101100
010001101110000
010001101110100
010001101111000
010001101111100
010001110000000
010001110000100
010001110001000
010001110001100
010001110010000
010001110010100
010001110011000
010001110011100
010001110100000
010001110100100
010001110101000
010001110101100
010001110110000
010001110110100
010001110111000
010001110111100
010001111000000
010001111000100
010001111001000
010001111001100
010001111010000
010001111010100
010001111011000
010001111011100
010001111100000
010001111100100
010001111101000
010001111101100
010001111110000
010001111110100
010001111111000
010001111111100
010010000000000
010010000000100
010010000001000
010010000001100
010010000010000
010010000010100
010010000011000
010010000011100
010010000100000
010010000100100
010010000101000
010010000101100
010010000110000
010010000110100
010010000111000
010010000111100
010010001000000
010010001000100
010010001001000
010010001001100
010010001010000
010010001010100
010010001011000
010010001011100
010010001100000
010010001100100
010010001101000
010010001101100
010010001110000
010010001110100
010010001111000
010010001111100
010010010000000
010010010000100
010010010001000
010010010001100
010010010010000
010010010010100
010010010011000
010010010011100
010010010100000
010010010100100
010010010101000
010010010101100
010010010110000
010010010110100
010010010111000
010010010111100
010010011000000
010010011000100
010010011001000
010010011001100
010010011010000
010010011010100
010010011011000
010010011011100
010010011100000
010010011100100
010010011101000
010010011101100
010010011110000
010010011110100
010010011111000
010010011111100
010010100000000
010010100000100
010010100001000
010010100001100
010010100010000
010010100010100
010010100011000
010010100011100
010010100100000
010010100100100
010010100101000
010010100101100
010010100110000
010010100110100
010010100111000
010010100111100
010010101000000
010010101000100
010010101001000
010010101001100
010010101010000
010010101010100
010010101011000
010010101011100
010010101100000
010010101100100
010010101101000
010010101101100
010010101110000
010010101110100
010010101111000
010010101111100
010010110000000
010010110000100
010010110001000
010010110001100
010010110010000
010010110010100
010010110011000
010010110011100
010010110100000
010010110100100
010010110101000
010010110101100
010010110110000
010010110110100
010010110111000
010010110111100
010010111000000
010010111000100
010010111001000
010010111001100
010010111010000
010010111010100
010010111011000
010010111011100
010010111100000
010010111100100
010010111101000
010010111101100
010010111110000
010010111110100
010010111111000
010010111111100
010011000000000
010011000000100
010011000001000
010011000001100
010011000010000
010011000010100
010011000011000
010011000011100
010011000100000
010011000100100
010011000101000
010011000101100
010011000110000
010011000110100
010011000111000
010011000111100
010011001000000
010011001000100
010011001001000
010011001001100
010011001010000
010011001010100
010011001011000
010011001011100
010011001100000
010011001100100
010011001101000
010011001101100
010011001110000
010011001110100
010011001111000
010011001111100
010011010000000
010011010000100
010011010001000
010011010001100
010011010010000
010011010010100
010011010011000
010011010011100
010011010100000
010011010100100
010011010101000
010011010101100
010011010110000
010011010110100
010011010111000
010011010111100
010011011000000
010011011000100
010011011001000
010011011001100
010011011010000
010011011010100
010011011011000
010011011011100
010011011100000
010011011100100
010011011101000
010011011101100
010011011110000
010011011110100
010011011111000
010011011111100
010011100000000
010011100000100
010011100001000
010011100001100
010011100010000
010011100010100
010011100011000
010011100011100
010011100100000
010011100100100
010011100101000
010011100101100
010011100110000
010011100110100
010011100111000
010011100111100
010011101000000
010011101000100
010011101001000
010011101001100
010011101010000
010011101010100
010011101011000
010011101011100
010011101100000
010011101100100
010011101101000
010011101101100
010011101110000
010011101110100
010011101111000
010011101111100
010011110000000
010011110000100
010011110001000
010011110001100
010011110010000
010011110010100
010011110011000
010011110011100
010011110100000
010011110100100
010011110101000
010011110101100
010011110110000
010011110110100
010011110111000
010011110111100
010011111000000
010011111000100
010011111001000
010011111001100
010011111010000
010011111010100
010011111011000
010011111011100
010011111100000
010011111100100
010011111101000
010011111101100
010011111110000
010011111110100
010011111111000
010011111111100
010100000000000
010100000000100
010100000001000
010100000001100
010100000010000
010100000010100
010100000011000
010100000011100
010100000100000
010100000100100
010100000101000
010100000101100
010100000110000
010100000110100
010100000111000
010100000111100
010100001000000
010100001000100
010100001001000
010100001001100
010100001010000
010100001010100
010100001011000
010100001011100
010100001100000
010100001100100
010100001101000
010100001101100
010100001110000
010100001110100
010100001111000
010100001111100
010100010000000
010100010000100
010100010001000
010100010001100
010100010010000
010100010010100
010100010011000
010100010011100
010100010100000
010100010100100
010100010101000
010100010101100
010100010110000
010100010110100
010100010111000
010100010111100
010100011000000
010100011000100
010100011001000
010100011001100
010100011010000
010100011010100
010100011011000
010100011011100
010100011100000
010100011100100
010100011101000
010100011101100
010100011110000
010100011110100
010100011111000
010100011111100
010100100000000
010100100000100
010100100001000
010100100001100
010100100010000
010100100010100
010100100011000
010100100011100
010100100100000
010100100100100
010100100101000
010100100101100
010100100110000
010100100110100
010100100111000
010100100111100
010100101000000
010100101000100
010100101001000
010100101001100
010100101010000
010100101010100
010100101011000
010100101011100
010100101100000
010100101100100
010100101101000
010100101101100
010100101110000
010100101110100
010100101111000
010100101111100
010100110000000
010100110000100
010100110001000
010100110001100
010100110010000
010100110010100
010100110011000
010100110011100
010100110100000
010100110100100
010100110101000
010100110101100
010100110110000
010100110110100
010100110111000
010100110111100
010100111000000
010100111000100
010100111001000
010100111001100
010100111010000
010100111010100
010100111011000
010100111011100
010100111100000
010100111100100
010100111101000
010100111101100
010100111110000
010100111110100
010100111111000
010100111111100
010101000000000
010101000000100
010101000001000
010101000001100
010101000010000
010101000010100
010101000011000
010101000011100
010101000100000
010101000100100
010101000101000
010101000101100
010101000110000
010101000110100
010101000111000
010101000111100
010101001000000
010101001000100
010101001001000
010101001001100
010101001010000
010101001010100
010101001011000
010101001011100
010101001100000
010101001100100
010101001101000
010101001101100
010101001110000
010101001110100
010101001111000
010101001111100
010101010000000
010101010000100
010101010001000
010101010001100
010101010010000
010101010010100
010101010011000
010101010011100
010101010100000
010101010100100
010101010101000
010101010101100
010101010110000
010101010110100
010101010111000
010101010111100
010101011000000
010101011000100
010101011001000
010101011001100
010101011010000
010101011010100
010101011011000
010101011011100
010101011100000
010101011100100
010101011101000
010101011101100
010101011110000
010101011110100
010101011111000
010101011111100
010101100000000
010101100000100
010101100001000
010101100001100
010101100010000
010101100010100
010101100011000
010101100011100
010101100100000
010101100100100
010101100101000
010101100101100
010101100110000
010101100110100
010101100111000
010101100111100
010101101000000
010101101000100
010101101001000
010101101001100
010101101010000
010101101010100
010101101011000
010101101011100
010101101100000
010101101100100
010101101101000
010101101101100
010101101110000
010101101110100
010101101111000
010101101111100
010101110000000
010101110000100
010101110001000
010101110001100
010101110010000
010101110010100
010101110011000
010101110011100
010101110100000
010101110100100
010101110101000
010101110101100
010101110110000
010101110110100
010101110111000
010101110111100
010101111000000
010101111000100
010101111001000
010101111001100
010101111010000
010101111010100
010101111011000
010101111011100
010101111100000
010101111100100
010101111101000
010101111101100
010101111110000
010101111110100
010101111111000
010101111111100
010110000000000
010110000000100
010110000001000
010110000001100
010110000010000
010110000010100
010110000011000
010110000011100
010110000100000
010110000100100
010110000101000
010110000101100
010110000110000
010110000110100
010110000111000
010110000111100
010110001000000
010110001000100
010110001001000
010110001001100
010110001010000
010110001010100
010110001011000
010110001011100
010110001100000
010110001100100
010110001101000
010110001101100
010110001110000
010110001110100
010110001111000
010110001111100
010110010000000
010110010000100
010110010001000
010110010001100
010110010010000
010110010010100
010110010011000
010110010011100
010110010100000
010110010100100
010110010101000
010110010101100
010110010110000
010110010110100
010110010111000
010110010111100
010110011000000
010110011000100
010110011001000
010110011001100
010110011010000
010110011010100
010110011011000
010110011011100
010110011100000
010110011100100
010110011101000
010110011101100
010110011110000
010110011110100
010110011111000
010110011111100
010110100000000
010110100000100
010110100001000
010110100001100
010110100010000
010110100010100
010110100011000
010110100011100
010110100100000
010110100100100
010110100101000
010110100101100
010110100110000
010110100110100
010110100111000
010110100111100
010110101000000
010110101000100
010110101001000
010110101001100
010110101010000
010110101010100
010110101011000
010110101011100
010110101100000
010110101100100
010110101101000
010110101101100
010110101110000
010110101110100
010110101111000
010110101111100
010110110000000
010110110000100
010110110001000
010110110001100
010110110010000
010110110010100
010110110011000
010110110011100
010110110100000
010110110100100
010110110101000
010110110101100
010110110110000
010110110110100
010110110111000
010110110111100
010110111000000
010110111000100
010110111001000
010110111001100
010110111010000
010110111010100
010110111011000
010110111011100
010110111100000
010110111100100
010110111101000
010110111101100
010110111110000
010110111110100
010110111111000
010110111111100
010111000000000
010111000000100
010111000001000
010111000001100
010111000010000
010111000010100
010111000011000
010111000011100
010111000100000
010111000100100
010111000101000
010111000101100
010111000110000
010111000110100
010111000111000
010111000111100
010111001000000
010111001000100
010111001001000
010111001001100
010111001010000
010111001010100
010111001011000
010111001011100
010111001100000
010111001100100
010111001101000
010111001101100
010111001110000
010111001110100
010111001111000
010111001111100
010111010000000
010111010000100
010111010001000
010111010001100
010111010010000
010111010010100
010111010011000
010111010011100
010111010100000
010111010100100
010111010101000
010111010101100
010111010110000
010111010110100
010111010111000
010111010111100
010111011000000
010111011000100
010111011001000
010111011001100
010111011010000
010111011010100
010111011011000
010111011011100
010111011100000
010111011100100
010111011101000
010111011101100
010111011110000
010111011110100
010111011111000
010111011111100
010111100000000
010111100000100
010111100001000
010111100001100
010111100010000
010111100010100
010111100011000
010111100011100
010111100100000
010111100100100
010111100101000
010111100101100
010111100110000
010111100110100
010111100111000
010111100111100
010111101000000
010111101000100
010111101001000
010111101001100
010111101010000
010111101010100
010111101011000
010111101011100
010111101100000
010111101100100
010111101101000
010111101101100
010111101110000
010111101110100
010111101111000
010111101111100
010111110000000
010111110000100
010111110001000
010111110001100
010111110010000
010111110010100
010111110011000
010111110011100
010111110100000
010111110100100
010111110101000
010111110101100
010111110110000
010111110110100
010111110111000
010111110111100
010111111000000
010111111000100
010111111001000
010111111001100
010111111010000
010111111010100
010111111011000
010111111011100
010111111100000
010111111100100
010111111101000
010111111101100
010111111110000
010111111110100
010111111111000
010111111111100
011000000000000
011000000000100
011000000001000
011000000001100
011000000010000
011000000010100
011000000011000
011000000011100
011000000100000
011000000100100
011000000101000
011000000101100
011000000110000
011000000110100
011000000111000
011000000111100
011000001000000
011000001000100
011000001001000
011000001001100
011000001010000
011000001010100
011000001011000
011000001011100
011000001100000
011000001100100
011000001101000
011000001101100
011000001110000
011000001110100
011000001111000
011000001111100
011000010000000
011000010000100
011000010001000
011000010001100
011000010010000
011000010010100
011000010011000
011000010011100
011000010100000
011000010100100
011000010101000
011000010101100
011000010110000
011000010110100
011000010111000
011000010111100
011000011000000
011000011000100
011000011001000
011000011001100
011000011010000
011000011010100
011000011011000
011000011011100
011000011100000
011000011100100
011000011101000
011000011101100
011000011110000
011000011110100
011000011111000
011000011111100
011000100000000
011000100000100
011000100001000
011000100001100
011000100010000
011000100010100
011000100011000
011000100011100
011000100100000
011000100100100
011000100101000
011000100101100
011000100110000
011000100110100
011000100111000
011000100111100
011000101000000
011000101000100
011000101001000
011000101001100
011000101010000
011000101010100
011000101011000
011000101011100
011000101100000
011000101100100
011000101101000
011000101101100
011000101110000
011000101110100
011000101111000
011000101111100
011000110000000
011000110000100
011000110001000
011000110001100
011000110010000
011000110010100
011000110011000
011000110011100
011000110100000
011000110100100
011000110101000
011000110101100
011000110110000
011000110110100
011000110111000
011000110111100
011000111000000
011000111000100
011000111001000
011000111001100
011000111010000
011000111010100
011000111011000
011000111011100
011000111100000
011000111100100
011000111101000
011000111101100
011000111110000
011000111110100
011000111111000
011000111111100
011001000000000
011001000000100
011001000001000
011001000001100
011001000010000
011001000010100
011001000011000
011001000011100
011001000100000
011001000100100
011001000101000
011001000101100
011001000110000
011001000110100
011001000111000
011001000111100
011001001000000
011001001000100
011001001001000
011001001001100
011001001010000
011001001010100
011001001011000
011001001011100
011001001100000
011001001100100
011001001101000
011001001101100
011001001110000
011001001110100
011001001111000
011001001111100
011001010000000
011001010000100
011001010001000
011001010001100
011001010010000
011001010010100
011001010011000
011001010011100
011001010100000
011001010100100
011001010101000
011001010101100
011001010110000
011001010110100
011001010111000
011001010111100
011001011000000
011001011000100
011001011001000
011001011001100
011001011010000
011001011010100
011001011011000
011001011011100
011001011100000
011001011100100
011001011101000
011001011101100
011001011110000
011001011110100
011001011111000
011001011111100
011001100000000
011001100000100
011001100001000
011001100001100
011001100010000
011001100010100
011001100011000
011001100011100
011001100100000
011001100100100
011001100101000
011001100101100
011001100110000
011001100110100
011001100111000
011001100111100
011001101000000
011001101000100
011001101001000
011001101001100
011001101010000
011001101010100
011001101011000
011001101011100
011001101100000
011001101100100
011001101101000
011001101101100
011001101110000
011001101110100
011001101111000
011001101111100
011001110000000
011001110000100
011001110001000
011001110001100
011001110010000
011001110010100
011001110011000
011001110011100
011001110100000
011001110100100
011001110101000
011001110101100
011001110110000
011001110110100
011001110111000
011001110111100
011001111000000
011001111000100
011001111001000
011001111001100
011001111010000
011001111010100
011001111011000
011001111011100
011001111100000
011001111100100
011001111101000
011001111101100
011001111110000
011001111110100
011001111111000
011001111111100
011010000000000
011010000000100
011010000001000
011010000001100
011010000010000
011010000010100
011010000011000
011010000011100
011010000100000
011010000100100
011010000101000
011010000101100
011010000110000
011010000110100
011010000111000
011010000111100
011010001000000
011010001000100
011010001001000
011010001001100
011010001010000
011010001010100
011010001011000
011010001011100
011010001100000
011010001100100
011010001101000
011010001101100
011010001110000
011010001110100
011010001111000
011010001111100
011010010000000
011010010000100
011010010001000
011010010001100
011010010010000
011010010010100
011010010011000
011010010011100
011010010100000
011010010100100
011010010101000
011010010101100
011010010110000
011010010110100
011010010111000
011010010111100
011010011000000
011010011000100
011010011001000
011010011001100
011010011010000
011010011010100
011010011011000
011010011011100
011010011100000
011010011100100
011010011101000
011010011101100
011010011110000
011010011110100
011010011111000
011010011111100
011010100000000
011010100000100
011010100001000
011010100001100
011010100010000
011010100010100
011010100011000
011010100011100
011010100100000
011010100100100
011010100101000
011010100101100
011010100110000
011010100110100
011010100111000
011010100111100
011010101000000
011010101000100
011010101001000
011010101001100
011010101010000
011010101010100
011010101011000
011010101011100
011010101100000
011010101100100
011010101101000
011010101101100
011010101110000
011010101110100
011010101111000
011010101111100
011010110000000
011010110000100
011010110001000
011010110001100
011010110010000
011010110010100
011010110011000
011010110011100
011010110100000
011010110100100
011010110101000
011010110101100
011010110110000
011010110110100
011010110111000
011010110111100
011010111000000
011010111000100
011010111001000
011010111001100
011010111010000
011010111010100
011010111011000
011010111011100
011010111100000
011010111100100
011010111101000
011010111101100
011010111110000
011010111110100
011010111111000
011010111111100
011011000000000
011011000000100
011011000001000
011011000001100
011011000010000
011011000010100
011011000011000
011011000011100
011011000100000
011011000100100
011011000101000
011011000101100
011011000110000
011011000110100
011011000111000
011011000111100
011011001000000
011011001000100
011011001001000
011011001001100
011011001010000
011011001010100
011011001011000
011011001011100
011011001100000
011011001100100
011011001101000
011011001101100
011011001110000
011011001110100
011011001111000
011011001111100
011011010000000
011011010000100
011011010001000
011011010001100
011011010010000
011011010010100
011011010011000
011011010011100
011011010100000
011011010100100
011011010101000
011011010101100
011011010110000
011011010110100
011011010111000
011011010111100
011011011000000
011011011000100
011011011001000
011011011001100
011011011010000
011011011010100
011011011011000
011011011011100
011011011100000
011011011100100
011011011101000
011011011101100
011011011110000
011011011110100
011011011111000
011011011111100
011011100000000
011011100000100
011011100001000
011011100001100
011011100010000
011011100010100
011011100011000
011011100011100
011011100100000
011011100100100
011011100101000
011011100101100
011011100110000
011011100110100
011011100111000
011011100111100
011011101000000
011011101000100
011011101001000
011011101001100
011011101010000
011011101010100
011011101011000
011011101011100
011011101100000
011011101100100
011011101101000
011011101101100
011011101110000
011011101110100
011011101111000
011011101111100
011011110000000
011011110000100
011011110001000
011011110001100
011011110010000
011011110010100
011011110011000
011011110011100
011011110100000
011011110100100
011011110101000
011011110101100
011011110110000
011011110110100
011011110111000
011011110111100
011011111000000
011011111000100
011011111001000
011011111001100
011011111010000
011011111010100
011011111011000
011011111011100
011011111100000
011011111100100
011011111101000
011011111101100
011011111110000
011011111110100
011011111111000
011011111111100
011100000000000
011100000000100
011100000001000
011100000001100
011100000010000
011100000010100
011100000011000
011100000011100
011100000100000
011100000100100
011100000101000
011100000101100
011100000110000
011100000110100
011100000111000
011100000111100
011100001000000
011100001000100
011100001001000
011100001001100
011100001010000
011100001010100
011100001011000
011100001011100
011100001100000
011100001100100
011100001101000
011100001101100
011100001110000
011100001110100
011100001111000
011100001111100
011100010000000
011100010000100
011100010001000
011100010001100
011100010010000
011100010010100
011100010011000
011100010011100
011100010100000
011100010100100
011100010101000
011100010101100
011100010110000
011100010110100
011100010111000
011100010111100
011100011000000
011100011000100
011100011001000
011100011001100
011100011010000
011100011010100
011100011011000
011100011011100
011100011100000
011100011100100
011100011101000
011100011101100
011100011110000
011100011110100
011100011111000
011100011111100
011100100000000
011100100000100
011100100001000
011100100001100
011100100010000
011100100010100
011100100011000
011100100011100
011100100100000
011100100100100
011100100101000
011100100101100
011100100110000
011100100110100
011100100111000
011100100111100
011100101000000
011100101000100
011100101001000
011100101001100
011100101010000
011100101010100
011100101011000
011100101011100
011100101100000
011100101100100
011100101101000
011100101101100
011100101110000
011100101110100
011100101111000
011100101111100
011100110000000
011100110000100
011100110001000
011100110001100
011100110010000
011100110010100
011100110011000
011100110011100
011100110100000
011100110100100
011100110101000
011100110101100
011100110110000
011100110110100
011100110111000
011100110111100
011100111000000
011100111000100
011100111001000
011100111001100
011100111010000
011100111010100
011100111011000
011100111011100
011100111100000
011100111100100
011100111101000
011100111101100
011100111110000
011100111110100
011100111111000
011100111111100
011101000000000
011101000000100
011101000001000
011101000001100
011101000010000
011101000010100
011101000011000
011101000011100
011101000100000
011101000100100
011101000101000
011101000101100
011101000110000
011101000110100
011101000111000
011101000111100
011101001000000
011101001000100
011101001001000
011101001001100
011101001010000
011101001010100
011101001011000
011101001011100
011101001100000
011101001100100
011101001101000
011101001101100
011101001110000
011101001110100
011101001111000
011101001111100
011101010000000
011101010000100
011101010001000
011101010001100
011101010010000
011101010010100
011101010011000
011101010011100
011101010100000
011101010100100
011101010101000
011101010101100
011101010110000
011101010110100
011101010111000
011101010111100
011101011000000
011101011000100
011101011001000
011101011001100
011101011010000
011101011010100
011101011011000
011101011011100
011101011100000
011101011100100
011101011101000
011101011101100
011101011110000
011101011110100
011101011111000
011101011111100
011101100000000
011101100000100
011101100001000
011101100001100
011101100010000
011101100010100
011101100011000
011101100011100
011101100100000
011101100100100
011101100101000
011101100101100
011101100110000
011101100110100
011101100111000
011101100111100
011101101000000
011101101000100
011101101001000
011101101001100
011101101010000
011101101010100
011101101011000
011101101011100
011101101100000
011101101100100
011101101101000
011101101101100
011101101110000
011101101110100
011101101111000
011101101111100
011101110000000
011101110000100
011101110001000
011101110001100
011101110010000
011101110010100
011101110011000
011101110011100
011101110100000
011101110100100
011101110101000
011101110101100
011101110110000
011101110110100
011101110111000
011101110111100
011101111000000
011101111000100
011101111001000
011101111001100
011101111010000
011101111010100
011101111011000
011101111011100
011101111100000
011101111100100
011101111101000
011101111101100
011101111110000
011101111110100
011101111111000
011101111111100
011110000000000
011110000000100
011110000001000
011110000001100
011110000010000
011110000010100
011110000011000
011110000011100
011110000100000
011110000100100
011110000101000
011110000101100
011110000110000
011110000110100
011110000111000
011110000111100
011110001000000
011110001000100
011110001001000
011110001001100
011110001010000
011110001010100
011110001011000
011110001011100
011110001100000
011110001100100
011110001101000
011110001101100
011110001110000
011110001110100
011110001111000
011110001111100
011110010000000
011110010000100
011110010001000
011110010001100
011110010010000
011110010010100
011110010011000
011110010011100
011110010100000
011110010100100
011110010101000
011110010101100
011110010110000
011110010110100
011110010111000
011110010111100
011110011000000
011110011000100
011110011001000
011110011001100
011110011010000
011110011010100
011110011011000
011110011011100
011110011100000
011110011100100
011110011101000
011110011101100
011110011110000
011110011110100
011110011111000
011110011111100
011110100000000
011110100000100
011110100001000
011110100001100
011110100010000
011110100010100
011110100011000
011110100011100
011110100100000
011110100100100
011110100101000
011110100101100
011110100110000
011110100110100
011110100111000
011110100111100
011110101000000
011110101000100
011110101001000
011110101001100
011110101010000
011110101010100
011110101011000
011110101011100
011110101100000
011110101100100
011110101101000
011110101101100
011110101110000
011110101110100
011110101111000
011110101111100
011110110000000
011110110000100
011110110001000
011110110001100
011110110010000
011110110010100
011110110011000
011110110011100
011110110100000
011110110100100
011110110101000
011110110101100
011110110110000
011110110110100
011110110111000
011110110111100
011110111000000
011110111000100
011110111001000
011110111001100
011110111010000
011110111010100
011110111011000
011110111011100
011110111100000
011110111100100
011110111101000
011110111101100
011110111110000
011110111110100
011110111111000
011110111111100
011111000000000
011111000000100
011111000001000
011111000001100
011111000010000
011111000010100
011111000011000
011111000011100
011111000100000
011111000100100
011111000101000
011111000101100
011111000110000
011111000110100
011111000111000
011111000111100
011111001000000
011111001000100
011111001001000
011111001001100
011111001010000
011111001010100
011111001011000
011111001011100
011111001100000
011111001100100
011111001101000
011111001101100
011111001110000
011111001110100
011111001111000
011111001111100
011111010000000
011111010000100
011111010001000
011111010001100
011111010010000
011111010010100
011111010011000
011111010011100
011111010100000
011111010100100
011111010101000
011111010101100
011111010110000
011111010110100
011111010111000
011111010111100
011111011000000
011111011000100
011111011001000
011111011001100
011111011010000
011111011010100
011111011011000
011111011011100
011111011100000
011111011100100
011111011101000
011111011101100
011111011110000
011111011110100
011111011111000
011111011111100
011111100000000
011111100000100
011111100001000
011111100001100
011111100010000
011111100010100
011111100011000
011111100011100
011111100100000
011111100100100
011111100101000
011111100101100
011111100110000
011111100110100
011111100111000
011111100111100
011111101000000
011111101000100
011111101001000
011111101001100
011111101010000
011111101010100
011111101011000
011111101011100
011111101100000
011111101100100
011111101101000
011111101101100
011111101110000
011111101110100
011111101111000
011111101111100
011111110000000
011111110000100
011111110001000
011111110001100
011111110010000
011111110010100
011111110011000
011111110011100
011111110100000
011111110100100
011111110101000
011111110101100
011111110110000
011111110110100
011111110111000
011111110111100
011111111000000
011111111000100
011111111001000
011111111001100
011111111010000
011111111010100
011111111011000
011111111011100
011111111100000
011111111100100
011111111101000
011111111101100
011111111110000
011111111110100
011111111111000
011111111111100

// N_table (128 x 64):
0000000000000000
0000000000000000
0000000000000000
0000000000000000
0000000000000000
0000000000000000
0000000000000000
0000000000000000
0000000000000000
0000000000000000
0000000000000000
0000000000000000
0000000000000000
0000000000000000
0000000000000000
0000000000000000
0000000000000000
0000000000000000
0000000000000000
0000000000000000
0000000000000000
0000000000000000
0000000000000000
0000000000000000
0000000000000000
0000000000000000
0000000000000000
0000000000000000
0000000000000000
0000000000000000
0000000000000000
0000000000000000
0000000000000000
0000000000000000
0000000000000000
0000000000000000
0000000000000000
0000000000000000
0000000000000000
0000000000000000
0000000000000000
0000000000000000
0000000000000000
0000000000000000
0000000000000000
0000000000000000
0000000000000000
0000000000000000
0000000000000000
0000000000000000
0000000000000000
0000000000000000
0000000000000000
0000000000000000
0000000000000000
0000000000000000
0000000000000000
0000000000000000
0000000000000000
0000000000000000
0000000000000000
0000000000000000
0000000000000000
0000000000000000
0000000000000000
0000000000000000
0000000000000000
0000000000000000
0000000000000000
0000000000000000
0000000000000000
0000000000000000
0000000000000000
0000000000000000
0000000000000000
0000000000000000
0000000000000000
0000000000000000
0000000000000000
0000000000000000
0000000000000000
0000000000000000
0000000000000000
0000000000000000
0000000000000000
0000000000000000
0000000000000000
0000000000000000
0000000000000000
0000000000000000
0000000000000000
0000000000000000
0000000000000000
0000000000000000
0000000000000000
0000000000000000
0000000000000000
0000000000000000
0000000000000000
0000000000000000
0000000000000000
0000000000000000
0000000000000000
0000000000000000
0000000000000000
0000000000000000
0000000000000000
0000000000000000
0000000000000000
0000000000000000
0000000000000000
0000000000000000
0000000000000000
0000000000000000
0000000000000000
0000000000000000
0000000000000000
0000000000000000
0000000000000000
0000000000000000
0000000000000000
0000000000000000
0000000000000000
0000000000000000
0000000000000000
0000000000000000
0000000000000000
0000000000000000
0000000000000000
0000000000000000
0000000000000000
0000000000000000
0000000000000000
0000000000000000
0000000000000000
0000000000000000
0000000000000000
0000000000000000
0000000000000000
0000000000000000
0000000000000000
0000000000000000
0000000000000000
0000000000000000
0000000000000000
0000000000000000
0000000000000000
0000000000000000
0000000000000000
0000000000000000
0000000000000000
0000000000000000
0000000000000000
0000000000000000
0000000000000000
0000000000000000
0000000000000000
0000000000000000
0000000000000000
0000000000000000
0000000000000000
0000000000000000
0000000000000000
0000000000000000
0000000000000000
0000000000000000
0000000000000000
0000000000000000
0000000000000000
0000000000000000
0000000000000000
0000000000000000
0000000000000000
0000000000000000
0000000000000000
0000000000000000
0000000000000000
0000000000000000
0000000000000000
0000000000000000
0000000000000000
0000000000000000
0000000000000000
0000000000000000
0000000000000000
0000000000000000
0000000000000000
0000000000000000
0000000000000000
0000000000000000
0000000000000000
0000000000000000
0000000000000000
0000000000000000
0000000000000000
0000000000000000
0000000000000000
0000000000000000
0000000000000000
0000000000000000
0000000000000000
0000000000000000
0000000000000000
0000000000000000
0000000000000000
0000000000000000
0000000000000000
0000000000000000
0000000000000000
0000000000000000
0000000000000000
0000000000000000
0000000000000000
0000000000000000
0000000000000000
0000000000000000
0000000000000000
0000000000000000
0000000000000000
0000000000000000
0000000000000000
0000000000000000
0000000000000000
0000000000000000
0000000000000000
0000000000000000
0000000000000000
0000000000000000
0000000000000000
0000000000000000
0000000000000000
0000000000000000
0000000000000000
0000000000000000
0000000000000000
0000000000000000
0000000000000000
0000000000000000
0000000000000000
0000000000000000
0000000000000000
0000000000000000
0000000000000000
0000000000000000
0000000000000000
0000000000000000
0000000000000000
0000000000000000
0000000000000000
0000000000000000
0000000000000000
0000000000000000
0000000000000000
0000000000000000
0000000000000000
0000000000000000
0000000000000000
0000000000000000
0000000000000000
0000000000000000
0000000000000000
0000000000000000
0000000000000000
0000000000000000
0000000000000000
0000000000000000
0000000000000000
0000000000000000
0000000000000000
0000000000000000
0000000000000000
0000000000000000
0000000000000000
0000000000000000
0000000000000000
0000000000000000
0000000000000000
0000000000000000
0000000000000000
0000000000000000
0000000000000000
0000000000000000
0000000000000000
0000000000000000
0000000000000000
0000000000000000
0000000000000000
0000000000000000
0000000000000000
0000000000000000
0000000000000000
0000000000000000
0000000000000000
0000000000000000
0000000000000000
0000000000000000
0000000000000000
0000000000000000
0000000000000000
0000000000000000
0000000000000000
0000000000000000
0000000000000000
0000000000000000
0000000000000000
0000000000000000
0000000000000000
0000000000000000
0000000000000000
0000000000000000
0000000000000000
0000000000000000
0000000000000000
0000000000000000
0000000000000000
0000000000000000
0000000000000000
0000000000000000
0000000000000000
0000000000000000
0000000000000000
0000000000000000
0000000000000000
0000000000000000
0000000000000000
0000000000000000
0000000000000000
0000000000000000
0000000000000000
0000000000000000
0000000000000000
0000000000000000
0000000000000000
0000000000000000
0000000000000000
0000000000000000
0000000000000000
0000000000000000
0000000000000000
0000000000000000
0000000000000000
0000000000000000
0000000000000000
0000000000000000
0000000000000000
0000000000000000
0000000000000000
0000000000000000
0000000000000000
0000000000000000
0000000000000000
0000000000000000
0000000000000000
0000000000000000
0000000000000000
0000000000000000
0000000000000000
0000000000000000
0000000000000000
0000000000000000
0000000000000000
0000000000000000
0000000000000000
0000000000000000
0000000000000000
0000000000000000
0000000000000000
0000000000000000
0000000000000000
0000000000000000
0000000000000000
0000000000000000
0000000000000000
0000000000000000
0000000000000000
0000000000000000
0000000000000000
0000000000000000
0000000000000000
0000000000000000
0000000000000000
0000000000000000
0000000000000000
0000000000000000
0000000000000000
0000000000000000
0000000000000000
0000000000000000
0000000000000000
0000000000000000
0000000000000000
0000000000000000
0000000000000000
0000000000000000
0000000000000000
0000000000000000
0000000000000000
0000000000000000
0000000000000000
0000000000000000
0000000000000000
0000000000000000
0000000000000000
0000000000000000
0000000000000000
0000000000000000
0000000000000000
0000000000000000
0000000000000000
0000000000000000
0000000000000000
0000000000000000
0000000000000000
0000000000000000
0000000000000000
0000000000000000
0000000000000000
0000000000000000
0000000000000000
0000000000000000
0000000000000000
0000000000000000
0000000000000000
0000000000000000
0000000000000000
0000000000000000
0000000000000000
0000000000000000
0000000000000000
0000000000000000
0000000000000000
0000000000000000
0000000000000000
0000000000000000
0000000000000000
0000000000000000
0000000000000000
0000000000000000
0000000000000000
0000000000000000
0000000000000000
0000000000000000
0000000000000000
0000000000000000
0000000000000000
0000000000000000
0000000000000000
0000000000000000
0000000000000000
0000000000000000
0000000000000000
0000000000000000
0000000000000000
0000000000000000
0000000000000000
0000000000000000
0000000000000000
0000000000000000
0000000000000000
0000000000000000
0000000000000000
0000000000000000
0000000000000000
0000000000000000
0000000000000000
0000000000000000
0000000000000000
0000000000000000
0000000000000000
0000000000000000
0000000000000000
0000000000000000
0000000000000000
0000000000000000
0000000000000000
0000000000000000
0000000000000000
0000000000000000
0000000000000000
0000000000000000
0000000000000000
0000000000000000
0000000000000000
0000000000000000
0000000000000000
0000000000000000
0000000000000000
0000000000000000
0000000000000000
0000000000000000
0000000000000000
0000000000000000
0000000000000000
0000000000000000
0000000000000000
0000000000000000
0000000000000000
0000000000000000
0000000000000000
0000000000000000
0000000000000000
0000000000000000
0000000000000000
0000000000000000
0000000000000000
0000000000000000
0000000000000000
0000000000000000
0000000000000000
0000000000000000
0000000000000000
0000000000000000
0000000000000000
0000000000000000
0000000000000000
0000000000000000
0000000000000000
0000000000000000
0000000000000000
0000000000000000
0000000000000000
0000000000000000
0000000000000000
0000000000000000
0000000000000000
0000000000000000
0000000000000000
0000000000000000
0000000000000000
0000000000000000
0000000000000000
0000000000000000
0000000000000000
0000000000000000
0000000000000000
0000000000000000
0000000000000000
0000000000000000
0000000000000000
0000000000000000
0000000000000000
0000000000000000
0000000000000000
0000000000000000
0000000000000000
0000000000000000
0000000000000000
0000000000000000
0000000000000000
0000000000000000
0000000000000000
0000000000000000
0000000000000000
0000000000000000
0000000000000000
0000000000000000
0000000000000000
0000000000000000
0000000000000000
0000000000000000
0000000000000000
0000000000000000
0000000000000000
0000000000000000
0000000000000000
0000000000000000
0000000000000000
0000000000000000
0000000000000000
0000000000000000
0000000000000000
0000000000000000
0000000000000000
0000000000000000
0000000000000000
0000000000000000
0000000000000000
0000000000000000
0000000000000000
0000000000000000
0000000000000000
0000000000000000
0000000000000000
0000000000000000
0000000000000000
0000000000000000
0000000000000000
0000000000000000
0000000000000000
0000000000000000
0000000000000000
0000000000000000
0000000000000000
0000000000000000
0000000000000000
0000000000000000
0000000000000000
0000000000000000
0000000000000000
0000000000000000
0000000000000000
0000000000000000
0000000000000000
0000000000000000
0000000000000000
0000000000000000
0000000000000000
0000000000000000
0000000000000000
0000000000000000
0000000000000000
0000000000000000
0000000000000000
0000000000000000
0000000000000000
0000000000000000
0000000000000000
0000000000000000
0000000000000000
0000000000000000
0000000000000000
0000000000000000
0000000000000000
0000000000000000
0000000000000000
0000000000000000
0000000000000000
0000000000000000
0000000000000000
0000000000000000
0000000000000000
0000000000000000
0000000000000000
0000000000000000
0000000000000000
0000000000000000
0000000000000000
0000000000000000
0000000000000000
0000000000000000
0000000000000000
0000000000000000
0000000000000000
0000000000000000
0000000000000000
0000000000000000
0000000000000000
0000000000000000
0000000000000000
0000000000000000
0000000000000000
0000000000000000
0000000000000000
0000000000000000
0000000000000000
0000000000000000
0000000000000000
0000000000000000
0000000000000000
0000000000000000
0000000000000000
0000000000000000
0000000000000000
0000000000000000
0000000000000000
0000000000000000
0000000000000000
0000000000000000
0000000000000000
0000000000000000
0000000000000000
0000000000000000
0000000000000000
0000000000000000
0000000000000000
0000000000000000
0000000000000000
0000000000000000
0000000000000000
0000000000000000
0000000000000000
0000000000000000
0000000000000000
0000000000000000
0000000000000000
0000000000000000
0000000000000000
0000000000000000
0000000000000000
0000000000000000
0000000000000000
0000000000000000
0000000000000000
0000000000000000
0000000000000000
0000000000000000
0000000000000000
0000000000000000
0000000000000000
0000000000000000
0000000000000000
0000000000000000
0000000000000000
0000000000000000
0000000000000000
0000000000000000
0000000000000000
0000000000000000
0000000000000000
0000000000000000
0000000000000000
0000000000000000
0000000000000000
0000000000000000
0000000000000000
0000000000000000
0000000000000000
0000000000000000
0000000000000000
0000000000000000
0000000000000000
0000000000000000
0000000000000000
0000000000000000
0000000000000000
0000000000000000
0000000000000000
0000000000000000
0000000000000000
0000000000000000
0000000000000000
0000000000000000
0000000000000000
0000000000000000
0000000000000000
0000000000000000
0000000000000000
0000000000000000
0000000000000000
0000000000000000
0000000000000000
0000000000000000
0000000000000000
0000000000000000
0000000000000000
0000000000000000
0000000000000000
0000000000000000
0000000000000000
0000000000000000
0000000000000000
0000000000000000
0000000000000000
0000000000000000
0000000000000000
0000000000000000
0000000000000000
0000000000000000
0000000000000000
0000000000000000
0000000000000000
0000000000000000
0000000000000000
0000000000000000
0000000000000000
0000000000000000
0000000000000000
0000000000000000
0000000000000000
0000000000000000
0000000000000000
0000000000000000
0000000000000000
0000000000000000
0000000000000000
0000000000000000
0000000000000000
0000000000000000
0000000000000000
0000000000000000
0000000000000000
0000000000000000
0000000000000000
0000000000000000
0000000000000000
0000000000000000
0000000000000000
0000000000000000
0000000000000000
0000000000000000
0000000000000000
0000000000000000
0000000000000000
0000000000000000
0000000000000000
0000000000000000
0000000000000000
0000000000000000
0000000000000000
0000000000000000
0000000000000000
0000000000000000
0000000000000000
0000000000000000
0000000000000000
0000000000000000
0000000000000000
0000000000000000
0000000000000000
0000000000000000
0000000000000000
0000000000000000
0000000000000000
0000000000000000
0000000000000000
0000000000000000
0000000000000000
0000000000000000
0000000000000000
0000000000000000
0000000000000000
0000000000000000
0000000000000000
0000000000000000
0000000000000000
0000000000000000
0000000000000000
0000000000000000
0000000000000000
0000000000000000
0000000000000000
0000000000000000
0000000000000000
0000000000000000
0000000000000000
0000000000000000
0000000000000000
0000000000000000
0000000000000000
0000000000000000
0000000000000000
0000000000000000
0000000000000000
0000000000000000
0000000000000000
0000000000000000
0000000000000000
0000000000000000
0000000000000000
0000000000000000
0000000000000000
0000000000000000
0000000000000000
0000000000000000
0000000000000000
0000000000000000
0000000000000000
0000000000000000
0000000000000000
0000000000000000
0000000000000000
0000000000000000
0000000000000000
0000000000000000
0000000000000000
0000000000000000
0000000000000000
0000000000000000
0000000000000000
0000000000000000
0000000000000000
0000000000000000
0000000000000000
0000000000000000
0000000000000000
0000000000000000
0000000000000000
0000000000000000
0000000000000000
0000000000000000
0000000000000000
0000000000000000
0000000000000000
0000000000000000
0000000000000000
0000000000000000
0000000000000000
0000000000000000
0000000000000000
0000000000000000
0000000000000000
0000000000000000
0000000000000000
0000000000000000
0000000000000000
0000000000000000
0000000000000000
0000000000000000
0000000000000000
0000000000000000
0000000000000000
0000000000000000
0000000000000000
0000000000000000
0000000000000000
0000000000000000
0000000000000000
0000000000000000
0000000000000000
0000000000000000
0000000000000000
0000000000000000
0000000000000000
0000000000000000
0000000000000000
0000000000000000
0000000000000000
0000000000000000
0000000000000000
0000000000000000
0000000000000000
0000000000000000
0000000000000000
0000000000000000
0000000000000000
0000000000000000
0000000000000000
0000000000000000
0000000000000000
0000000000000000
0000000000000000
0000000000000000
0000000000000000
0000000000000000
0000000000000000
0000000000000000
0000000000000000
0000000000000000
0000000000000000
0000000000000000
0000000000000000
0000000000000000
0000000000000000
0000000000000000
0000000000000000
0000000000000000
0000000000000000
0000000000000000
0000000000000000
0000000000000000
0000000000000000
0000000000000000
0000000000000000
0000000000000000
0000000000000000
0000000000000000
0000000000000000
0000000000000000
0000000000000000
0000000000000000
0000000000000000
0000000000000000
0000000000000000
0000000000000000
0000000000000000
0000000000000000
0000000000000000
0000000000000000
0000000000000000
0000000000000000
0000000000000000
0000000000000000
0000000000000000
0000000000000000
0000000000000000
0000000000000000
0000000000000000
0000000000000000
0000000000000000
0000000000000000
0000000000000000
0000000000000000
0000000000000000
0000000000000000
0000000000000000
0000000000000000
0000000000000000
0000000000000000
0000000000000000
0000000000000000
0000000000000000
0000000000000000
0000000000000000
0000000000000000
0000000000000000
0000000000000000
0000000000000000
0000000000000000
0000000000000000
0000000000000000
0000000000000000
0000000000000000
0000000000000000
0000000000000000
0000000000000000
0000000000000000
0000000000000000
0000000000000000
0000000000000000
0000000000000000
0000000000000000
0000000000000000
0000000000000000
0000000000000000
0000000000000000
0000000000000000
0000000000000000
0000000000000000
0000000000000000
0000000000000000
0000000000000000
0000000000000000
0000000000000000
0000000000000000
0000000000000000
0000000000000000
0000000000000000
0000000000000000
0000000000000000
0000000000000000
0000000000000000
0000000000000000
0000000000000000
0000000000000000
0000000000000000
0000000000000000
0000000000000000
0000000000000000
0000000000000000
0000000000000000
0000000000000000
0000000000000000
0000000000000000
0000000000000000
0000000000000000
0000000000000000
0000000000000000
0000000000000000
0000000000000000
0000000000000000
0000000000000000
0000000000000000
0000000000000000
0000000000000000
0000000000000000
0000000000000000
0000000000000000
0000000000000000
0000000000000000
0000000000000000
0000000000000000
0000000000000000
0000000000000000
0000000000000000
0000000000000000
0000000000000000
0000000000000000
0000000000000000
0000000000000000
0000000000000000
0000000000000000
0000000000000000
0000000000000000
0000000000000000
0000000000000000
0000000000000000
0000000000000000
0000000000000000
0000000000000000
0000000000000000
0000000000000000
0000000000000000
0000000000000000
0000000000000000
0000000000000000
0000000000000000
0000000000000000
0000000000000000
0000000000000000
0000000000000000
0000000000000000
0000000000000000
0000000000000000
0000000000000000
0000000000000000
0000000000000000
0000000000000000
0000000000000000
0000000000000000
0000000000000000
0000000000000000
0000000000000000
0000000000000000
0000000000000000
0000000000000000
0000000000000000
0000000000000000
0000000000000000
0000000000000000
0000000000000000
0000000000000000
0000000000000000
0000000000000000
0000000000000000
0000000000000000
0000000000000000
0000000000000000
0000000000000000
0000000000000000
0000000000000000
0000000000000000
0000000000000000
0000000000000000
0000000000000000
0000000000000000
0000000000000000
0000000000000000
0000000000000000
0000000000000000
0000000000000000
0000000000000000
0000000000000000
0000000000000000
0000000000000000
0000000000000000
0000000000000000
0000000000000000
0000000000000000
0000000000000000
0000000000000000
0000000000000000
0000000000000000
0000000000000000
0000000000000000
0000000000000000
0000000000000000
0000000000000000
0000000000000000
0000000000000000
0000000000000000
0000000000000000
0000000000000000
0000000000000000
0000000000000000
0000000000000000
0000000000000000
0000000000000000
0000000000000000
0000000000000000
0000000000000000
0000000000000000
0000000000000000
0000000000000000
0000000000000000
0000000000000000
0000000000000000
0000000000000000
0000000000000000
0000000000000000
0000000000000000
0000000000000000
0000000000000000
0000000000000000
0000000000000000
0000000000000000
0000000000000000
0000000000000000
0000000000000000
0000000000000000
0000000000000000
0000000000000000
0000000000000000
0000000000000000
0000000000000000
0000000000000000
0000000000000000
0000000000000000
0000000000000000
0000000000000000
0000000000000000
0000000000000000
0000000000000000
0000000000000000
0000000000000000
0000000000000000
0000000000000000
0000000000000000
0000000000000000
0000000000000000
0000000000000000
0000000000000000
0000000000000000
0000000000000000
0000000000000000
0000000000000000
0000000000000000
0000000000000000
0000000000000000
0000000000000000
0000000000000000
0000000000000000
0000000000000000
0000000000000000
0000000000000000
0000000000000000
0000000000000000
0000000000000000
0000000000000000
0000000000000000
0000000000000000
0000000000000000
0000000000000000
0000000000000000
0000000000000000
0000000000000000
0000000000000000
0000000000000000
0000000000000000
0000000000000000
0000000000000000
0000000000000000
0000000000000000
0000000000000000
0000000000000000
0000000000000000
0000000000000000
0000000000000000
0000000000000000
0000000000000000
0000000000000000
0000000000000000
0000000000000000
0000000000000000
0000000000000000
0000000000000000
0000000000000000
0000000000000000
0000000000000000
0000000000000000
0000000000000000
0000000000000000
0000000000000000
0000000000000000
0000000000000000
0000000000000000
0000000000000000
0000000000000000
0000000000000000
0000000000000000
0000000000000000
0000000000000000
0000000000000000
0000000000000000
0000000000000000
0000000000000000
0000000000000000
0000000000000000
0000000000000000
0000000000000000
0000000000000000
0000000000000000
0000000000000000
0000000000000000
0000000000000000
0000000000000000
0000000000000000
0000000000000000
0000000000000000
0000000000000000
0000000000000000
0000000000000000
0000000000000000
0000000000000000
0000000000000000
0000000000000000
0000000000000000
0000000000000000
0000000000000000
0000000000000000
0000000000000000
0000000000000000
0000000000000000
0000000000000000
0000000000000000
0000000000000000
0000000000000000
0000000000000000
0000000000000000
0000000000000000
0000000000000000
0000000000000000
0000000000000000
0000000000000000
0000000000000000
0000000000000000
0000000000000000
0000000000000000
0000000000000000
0000000000000000
0000000000000000
0000000000000000
0000000000000000
0000000000000000
0000000000000000
0000000000000000
0000000000000000
0000000000000000
0000000000000000
0000000000000000
0000000000000000
0000000000000000
0000000000000000
0000000000000000
0000000000000000
0000000000000000
0000000000000000
0000000000000000
0000000000000000
0000000000000000
0000000000000000
0000000000000000
0000000000000000
0000000000000000
0000000000000000
0000000000000000
0000000000000000
0000000000000000
0000000000000000
0000000000000000
0000000000000000
0000000000000000
0000000000000000
0000000000000000
0000000000000000
0000000000000000
0000000000000000
0000000000000000
0000000000000000
0000000000000000
0000000000000000
0000000000000000
0000000000000000
0000000000000000
0000000000000000
0000000000000000
0000000000000000
0000000000000000
0000000000000000
0000000000000000
0000000000000000
0000000000000000
0000000000000000
0000000000000000
0000000000000000
0000000000000000
0000000000000000
0000000000000000
0000000000000000
0000000000000000
0000000000000000
0000000000000000
0000000000000000
0000000000000000
0000000000000000
0000000000000000
0000000000000000
0000000000000000
0000000000000000
0000000000000000
0000000000000000
0000000000000000
0000000000000000
0000000000000000
0000000000000000
0000000000000000
0000000000000000
0000000000000000
0000000000000000
0000000000000000
0000000000000000
0000000000000000
0000000000000000
0000000000000000
0000000000000000
0000000000000000
0000000000000000
0000000000000000
0000000000000000
0000000000000000
0000000000000000
0000000000000000
0000000000000000
0000000000000000
0000000000000000
0000000000000000
0000000000000000
0000000000000000
0000000000000000
0000000000000000
0000000000000000
0000000000000000
0000000000000000
0000000000000000
0000000000000000
0000000000000000
0000000000000000
0000000000000000
0000000000000000
0000000000000000
0000000000000000
0000000000000000
0000000000000000
0000000000000000
0000000000000000
0000000000000000
0000000000000000
0000000000000000
0000000000000000
0000000000000000
0000000000000000
0000000000000000
0000000000000000
0000000000000000
0000000000000000
0000000000000000
0000000000000000
0000000000000000
0000000000000000
0000000000000000
0000000000000000
0000000000000000
0000000000000000
0000000000000000
0000000000000000
0000000000000000
0000000000000000
0000000000000000
0000000000000000
0000000000000000
0000000000000000
0000000000000000
0000000000000000
0000000000000000
0000000000000000
0000000000000000
0000000000000000
0000000000000000
0000000000000000
0000000000000000
0000000000000000
0000000000000000
0000000000000000
0000000000000000
0000000000000000
0000000000000000
0000000000000000
0000000000000000
0000000000000000
0000000000000000
0000000000000000
0000000000000000
0000000000000000
0000000000000000
0000000000000000
0000000000000000
0000000000000000
0000000000000000
0000000000000000
0000000000000000
0000000000000000
0000000000000000
0000000000000000
0000000000000000
0000000000000000
0000000000000000
0000000000000000
0000000000000000
0000000000000000
0000000000000000
0000000000000000
0000000000000000
0000000000000000
0000000000000000
0000000000000000
0000000000000000
0000000000000000
0000000000000000
0000000000000000
0000000000000000
0000000000000000
0000000000000000
0000000000000000
0000000000000000
0000000000000000
0000000000000000
0000000000000000
0000000000000000
0000000000000000
0000000000000000
0000000000000000
0000000000000000
0000000000000000
0000000000000000
0000000000000000
0000000000000000
0000000000000000
0000000000000000
0000000000000000
0000000000000000
0000000000000000
0000000000000000
0000000000000000
0000000000000000
0000000000000000
0000000000000000
0000000000000000
0000000000000000
0000000000000000
0000000000000000
0000000000000000
0000000000000000
0000000000000000
0000000000000000
0000000000000000
0000000000000000
0000000000000000
0000000000000000
0000000000000000
0000000000000000
0000000000000000
0000000000000000
0000000000000000
0000000000000000
0000000000000000
0000000000000000
0000000000000000
0000000000000000
0000000000000000
0000000000000000
0000000000000000
0000000000000000
0000000000000000
0000000000000000
0000000000000000
0000000000000000
0000000000000000
0000000000000000
0000000000000000
0000000000000000
0000000000000000
0000000000000000
0000000000000000
0000000000000000
0000000000000000
0000000000000000
0000000000000000
0000000000000000
0000000000000000
0000000000000000
0000000000000000
0000000000000000
0000000000000000
0000000000000000
0000000000000000
0000000000000000
0000000000000000
0000000000000000
0000000000000000
0000000000000000
0000000000000000
0000000000000000
0000000000000000
0000000000000000
0000000000000000
0000000000000000
0000000000000000
0000000000000000
0000000000000000
0000000000000000
0000000000000000
0000000000000000
0000000000000000
0000000000000000
0000000000000000
0000000000000000
0000000000000000
0000000000000000
0000000000000000
0000000000000000
0000000000000000
0000000000000000
0000000000000000
0000000000000000
0000000000000000
0000000000000000
0000000000000000
0000000000000000
0000000000000000
0000000000000000
0000000000000000
0000000000000000
0000000000000000
0000000000000000
0000000000000000
0000000000000000
0000000000000000
0000000000000000
0000000000000000
0000000000000000
0000000000000000
0000000000000000
0000000000000000
0000000000000000
0000000000000000
0000000000000000
0000000000000000
0000000000000000
0000000000000000
0000000000000000
0000000000000000
0000000000000000
0000000000000000
0000000000000000
0000000000000000
0000000000000000
0000000000000000
0000000000000000
0000000000000000
0000000000000000
0000000000000000
0000000000000000
0000000000000000
0000000000000000
0000000000000000
0000000000000000
0000000000000000
0000000000000000
0000000000000000
0000000000000000
0000000000000000
0000000000000000
0000000000000000
0000000000000000
0000000000000000
0000000000000000
0000000000000000
0000000000000000
0000000000000000
0000000000000000
0000000000000000
0000000000000000
0000000000000000
0000000000000000
0000000000000000
0000000000000000
0000000000000000
0000000000000000
0000000000000000
0000000000000000
0000000000000000
0000000000000000
0000000000000000
0000000000000000
0000000000000000
0000000000000000
0000000000000000
0000000000000000
0000000000000000
0000000000000000
0000000000000000
0000000000000000
0000000000000000
0000000000000000
0000000000000000
0000000000000000
0000000000000000
0000000000000000
0000000000000000
0000000000000000
0000000000000000
0000000000000000
0000000000000000
0000000000000000
0000000000000000
0000000000000000
0000000000000000
0000000000000000
0000000000000000
0000000000000000
0000000000000000
0000000000000000
0000000000000000
0000000000000000
0000000000000000
0000000000000000
0000000000000000
0000000000000000
0000000000000000
0000000000000000
0000000000000000
0000000000000000
0000000000000000
0000000000000000
0000000000000000
0000000000000000
0000000000000000
0000000000000000
0000000000000000
0000000000000000
0000000000000000
0000000000000000
0000000000000000
0000000000000000
0000000000000000
0000000000000000
0000000000000000
0000000000000000
0000000000000000
0000000000000000
0000000000000000
0000000000000000
0000000000000000
0000000000000000
0000000000000000
0000000000000000
0000000000000000
0000000000000000
0000000000000000
0000000000000000
0000000000000000
0000000000000000
0000000000000000
0000000000000000
0000000000000000
0000000000000000
0000000000000000
0000000000000000
0000000000000000
0000000000000000
0000000000000000
0000000000000000
0000000000000000
0000000000000000
0000000000000000
0000000000000000
0000000000000000
0000000000000000
0000000000000000
0000000000000000
0000000000000000
0000000000000000
0000000000000000
0000000000000000
0000000000000000
0000000000000000
0000000000000000
0000000000000000
0000000000000000
0000000000000000
0000000000000000
0000000000000000
0000000000000000
0000000000000000
0000000000000000
0000000000000000
0000000000000000
0000000000000000
0000000000000000
0000000000000000
0000000000000000
0000000000000000
0000000000000000
0000000000000000
0000000000000000
0000000000000000
0000000000000000
0000000000000000
0000000000000000
0000000000000000
0000000000000000
0000000000000000
0000000000000000
0000000000000000
0000000000000000
0000000000000000
0000000000000000
0000000000000000
0000000000000000
0000000000000000
0000000000000000
0000000000000000
0000000000000000
0000000000000000
0000000000000000
0000000000000000
0000000000000000
0000000000000000
0000000000000000
0000000000000000
0000000000000000
0000000000000000
0000000000000000
0000000000000000
0000000000000000
0000000000000000
0000000000000000
0000000000000000
0000000000000000
0000000000000000
0000000000000000
0000000000000000
0000000000000000
0000000000000000
0000000000000000
0000000000000000
0000000000000000
0000000000000000
0000000000000000
0000000000000000
0000000000000000
0000000000000000
0000000000000000
0000000000000000
0000000000000000
0000000000000000
0000000000000000
0000000000000000
0000000000000000
0000000000000000
0000000000000000
0000000000000000
0000000000000000
0000000000000000
0000000000000000
0000000000000000
0000000000000000
0000000000000000
0000000000000000
0000000000000000
0000000000000000
0000000000000000
0000000000000000
0000000000000000
0000000000000000
0000000000000000
0000000000000000
0000000000000000
0000000000000000
0000000000000000
0000000000000000
0000000000000000
0000000000000000
0000000000000000
0000000000000000
0000000000000000
0000000000000000
0000000000000000
0000000000000000
0000000000000000
0000000000000000
0000000000000000
0000000000000000
0000000000000000
0000000000000000
0000000000000000
0000000000000000
0000000000000000
0000000000000000
0000000000000000
0000000000000000
0000000000000000
0000000000000000
0000000000000000
0000000000000000
0000000000000000
0000000000000000
0000000000000000
0000000000000000
0000000000000000
0000000000000000
0000000000000000
0000000000000000
0000000000000000
0000000000000000
0000000000000000
0000000000000000
0000000000000000
0000000000000000
0000000000000000
0000000000000000
0000000000000000
0000000000000000
0000000000000000
0000000000000000
0000000000000000
0000000000000000
0000000000000000
0000000000000000
0000000000000000
0000000000000000
0000000000000000
0000000000000000
0000000000000000
0000000000000000
0000000000000000
0000000000000000
0000000000000000
0000000000000000
0000000000000000
0000000000000000
0000000000000000
0000000000000000
0000000000000000
0000000000000000
0000000000000000
0000000000000000
0000000000000000
0000000000000000
0000000000000000
0000000000000000
0000000000000000
0000000000000000
0000000000000000
0000000000000000
0000000000000000
0000000000000000
0000000000000000
0000000000000000
0000000000000000
0000000000000000
0000000000000000
0000000000000000
0000000000000000
0000000000000000
0000000000000000
0000000000000000
0000000000000000
0000000000000000
0000000000000000
0000000000000000
0000000000000000
0000000000000000
0000000000000000
0000000000000000
0000000000000000
0000000000000000
0000000000000000
0000000000000000
0000000000000000
0000000000000000
0000000000000000
0000000000000000
0000000000000000
0000000000000000
0000000000000000
0000000000000000
0000000000000000
0000000000000000
0000000000000000
0000000000000000
0000000000000000
0000000000000000
0000000000000000
0000000000000000
0000000000000000
0000000000000000
0000000000000000
0000000000000000
0000000000000000
0000000000000000
0000000000000000
0000000000000000
0000000000000000
0000000000000000
0000000000000000
0000000000000000
0000000000000000
0000000000000000
0000000000000000
0000000000000000
0000000000000000
0000000000000000
0000000000000000
0000000000000000
0000000000000000
0000000000000000
0000000000000000
0000000000000000
0000000000000000
0000000000000000
0000000000000000
0000000000000000
0000000000000000
0000000000000000
0000000000000000
0000000000000000
0000000000000000
0000000000000000
0000000000000000
0000000000000000
0000000000000000
0000000000000000
0000000000000000
0000000000000000
0000000000000000
0000000000000000
0000000000000000
0000000000000000
0000000000000000
0000000000000000
0000000000000000
0000000000000000
0000000000000000
0000000000000000
0000000000000000
0000000000000000
0000000000000000
0000000000000000
0000000000000000
0000000000000000
0000000000000000
0000000000000000
0000000000000000
0000000000000000
0000000000000000
0000000000000000
0000000000000000
0000000000000000
0000000000000000
0000000000000000
0000000000000000
0000000000000000
0000000000000000
0000000000000000
0000000000000000
0000000000000000
0000000000000000
0000000000000000
0000000000000000
0000000000000000
0000000000000000
0000000000000000
0000000000000000
0000000000000000
0000000000000000
0000000000000000
0000000000000000
0000000000000000
0000000000000000
0000000000000000
0000000000000000
0000000000000000
0000000000000000
0000000000000000
0000000000000000
0000000000000000
0000000000000000
0000000000000000
0000000000000000
0000000000000000
0000000000000000
0000000000000000
0000000000000000
0000000000000000
0000000000000000
0000000000000000
0000000000000000
0000000000000000
0000000000000000
0000000000000000
0000000000000000
0000000000000000
0000000000000000
0000000000000000
0000000000000000
0000000000000000
0000000000000000
0000000000000000
0000000000000000
0000000000000000
0000000000000000
0000000000000000
0000000000000000
0000000000000000
0000000000000000
0000000000000000
0000000000000000
0000000000000000
0000000000000000
0000000000000000
0000000000000000
0000000000000000
0000000000000000
0000000000000000
0000000000000000
0000000000000000
0000000000000000
0000000000000000
0000000000000000
0000000000000000
0000000000000000
0000000000000000
0000000000000000
0000000000000000
0000000000000000
0000000000000000
0000000000000000
0000000000000000
0000000000000000
0000000000000000
0000000000000000
0000000000000000
0000000000000000
0000000000000000
0000000000000000
0000000000000000
0000000000000000
0000000000000000
0000000000000000
0000000000000000
0000000000000000
0000000000000000
0000000000000000
0000000000000000
0000000000000000
0000000000000000
0000000000000000
0000000000000000
0000000000000000
0000000000000000
0000000000000000
0000000000000000
0000000000000000
0000000000000000
0000000000000000
0000000000000000
0000000000000000
0000000000000000
0000000000000000
0000000000000000
0000000000000000
0000000000000000
0000000000000000
0000000000000000
0000000000000000
0000000000000000
0000000000000000
0000000000000000
0000000000000000
0000000000000000
0000000000000000
0000000000000000
0000000000000000
0000000000000000
0000000000000000
0000000000000000
0000000000000000
0000000000000000
0000000000000000
0000000000000000
0000000000000000
0000000000000000
0000000000000000
0000000000000000
0000000000000000
0000000000000000
0000000000000000
0000000000000000
0000000000000000
0000000000000000
0000000000000000
0000000000000000
0000000000000000
0000000000000000
0000000000000000
0000000000000000
0000000000000000
0000000000000000
0000000000000000
0000000000000000
0000000000000000
0000000000000000
0000000000000000
0000000000000000
0000000000000000
0000000000000000
0000000000000000
0000000000000000
0000000000000000
0000000000000000
0000000000000000
0000000000000000
0000000000000000
0000000000000000
0000000000000000
0000000000000000
0000000000000000
0000000000000000
0000000000000000
0000000000000000
0000000000000000
0000000000000000
0000000000000000
0000000000000000
0000000000000000
0000000000000000
0000000000000000
0000000000000000
0000000000000000
0000000000000000
0000000000000000
0000000000000000
0000000000000000
0000000000000000
0000000000000000
0000000000000000
0000000000000000
0000000000000000
0000000000000000
0000000000000000
0000000000000000
0000000000000000
0000000000000000
0000000000000000
0000000000000000
0000000000000000
0000000000000000
0000000000000000
0000000000000000
0000000000000000
0000000000000000
0000000000000000
0000000000000000
0000000000000000
0000000000000000
0000000000000000
0000000000000000
0000000000000000
0000000000000000
0000000000000000
0000000000000000
0000000000000000
0000000000000000
0000000000000000
0000000000000000
0000000000000000
0000000000000000
0000000000000000
0000000000000000
0000000000000000
0000000000000000
0000000000000000
0000000000000000
0000000000000000
0000000000000000
0000000000000000
0000000000000000
0000000000000000
0000000000000000
0000000000000000
0000000000000000
0000000000000000
0000000000000000
0000000000000000
0000000000000000
0000000000000000
0000000000000000
0000000000000000
0000000000000000
0000000000000000
0000000000000000
0000000000000000
0000000000000000
0000000000000000
0000000000000000
0000000000000000
0000000000000000
0000000000000000
0000000000000000
0000000000000000
0000000000000000
0000000000000000
0000000000000000
0000000000000000
0000000000000000
0000000000000000
0000000000000000
0000000000000000
0000000000000000
0000000000000000
0000000000000000
0000000000000000
0000000000000000
0000000000000000
0000000000000000
0000000000000000
0000000000000000
0000000000000000
0000000000000000
0000000000000000
0000000000000000
0000000000000000
0000000000000000
0000000000000000
0000000000000000
0000000000000000
0000000000000000
0000000000000000
0000000000000000
0000000000000000
0000000000000000
0000000000000000
0000000000000000
0000000000000000
0000000000000000
0000000000000000
0000000000000000
0000000000000000
0000000000000000
0000000000000000
0000000000000000
0000000000000000
0000000000000000
0000000000000000
0000000000000000
0000000000000000
0000000000000000
0000000000000000
0000000000000000
0000000000000000
0000000000000000
0000000000000000
0000000000000000
0000000000000000
0000000000000000
0000000000000000
0000000000000000
0000000000000000
0000000000000000
0000000000000000
0000000000000000
0000000000000000
0000000000000000
0000000000000000
0000000000000000
0000000000000000
0000000000000000
0000000000000000
0000000000000000
0000000000000000
0000000000000000
0000000000000000
0000000000000000
0000000000000000
0000000000000000
0000000000000000
0000000000000000
0000000000000000
0000000000000000
0000000000000000
0000000000000000
0000000000000000
0000000000000000
0000000000000000
0000000000000000
0000000000000000
0000000000000000
0000000000000000
0000000000000000
0000000000000000
0000000000000000
0000000000000000
0000000000000000
0000000000000000
0000000000000000
0000000000000000
0000000000000000
0000000000000000
0000000000000000
0000000000000000
0000000000000000
0000000000000000
0000000000000000
0000000000000000
0000000000000000
0000000000000000
0000000000000000
0000000000000000
0000000000000000
0000000000000000
0000000000000000
0000000000000000
0000000000000000
0000000000000000
0000000000000000
0000000000000000
0000000000000000
0000000000000000
0000000000000000
0000000000000000
0000000000000000
0000000000000000
0000000000000000
0000000000000000
0000000000000000
0000000000000000
0000000000000000
0000000000000000
0000000000000000
0000000000000000
0000000000000000
0000000000000000
0000000000000000
0000000000000000
0000000000000000
0000000000000000
0000000000000000
0000000000000000
0000000000000000
0000000000000000
0000000000000000
0000000000000000
0000000000000000
0000000000000000
0000000000000000
0000000000000000
0000000000000000
0000000000000000
0000000000000000
0000000000000000
0000000000000000
0000000000000000
0000000000000000
0000000000000000
0000000000000000
0000000000000000
0000000000000000
0000000000000000
0000000000000000
0000000000000000
0000000000000000
0000000000000000
0000000000000000
0000000000000000
0000000000000000
0000000000000000
0000000000000000
0000000000000000
0000000000000000
0000000000000000
0000000000000000
0000000000000000
0000000000000000
0000000000000000
0000000000000000
0000000000000000
0000000000000000
0000000000000000
0000000000000000
0000000000000000
0000000000000000
0000000000000000
0000000000000000
0000000000000000
0000000000000000
0000000000000000
0000000000000000
0000000000000000
0000000000000000
0000000000000000
0000000000000000
0000000000000000
0000000000000000
0000000000000000
0000000000000000
0000000000000000
0000000000000000
0000000000000000
0000000000000000
0000000000000000
0000000000000000
0000000000000000
0000000000000000
0000000000000000
0000000000000000
0000000000000000
0000000000000000
0000000000000000
0000000000000000
0000000000000000
0000000000000000
0000000000000000
0000000000000000
0000000000000000
0000000000000000
0000000000000000
0000000000000000
0000000000000000
0000000000000000
0000000000000000
0000000000000000
0000000000000000
0000000000000000
0000000000000000
0000000000000000
0000000000000000
0000000000000000
0000000000000000
0000000000000000
0000000000000000
0000000000000000
0000000000000000
0000000000000000
0000000000000000
0000000000000000
0000000000000000
0000000000000000
0000000000000000
0000000000000000
0000000000000000
0000000000000000
0000000000000000
0000000000000000
0000000000000000
0000000000000000
0000000000000000
0000000000000000
0000000000000000
0000000000000000
0000000000000000
0000000000000000
0000000000000000
0000000000000000
0000000000000000
0000000000000000
0000000000000000
0000000000000000
0000000000000000
0000000000000000
0000000000000000
0000000000000000
0000000000000000
0000000000000000
0000000000000000
0000000000000000
0000000000000000
0000000000000000
0000000000000000
0000000000000000
0000000000000000
0000000000000000
0000000000000000
0000000000000000
0000000000000000
0000000000000000
0000000000000000
0000000000000000
0000000000000000
0000000000000000
0000000000000000
0000000000000000
0000000000000000
0000000000000000
0000000000000000
0000000000000000
0000000000000000
0000000000000000
0000000000000000
0000000000000000
0000000000000000
0000000000000000
0000000000000000
0000000000000000
0000000000000000
0000000000000000
0000000000000000
0000000000000000
0000000000000000
0000000000000000
0000000000000000
0000000000000000
0000000000000000
0000000000000000
0000000000000000
0000000000000000
0000000000000000
0000000000000000
0000000000000000
0000000000000000
0000000000000000
0000000000000000
0000000000000000
0000000000000000
0000000000000000
0000000000000000
0000000000000000
0000000000000000
0000000000000000
0000000000000000
0000000000000000
0000000000000000
0000000000000000
0000000000000000
0000000000000000
0000000000000000
0000000000000000
0000000000000000
0000000000000000
0000000000000000
0000000000000000
0000000000000000
0000000000000000
0000000000000000
0000000000000000
0000000000000000
0000000000000000
0000000000000000
0000000000000000
0000000000000000
0000000000000000
0000000000000000
0000000000000000
0000000000000000
0000000000000000
0000000000000000
0000000000000000
0000000000000000
0000000000000000
0000000000000000
0000000000000000
0000000000000000
0000000000000000
0000000000000000
0000000000000000
0000000000000000
0000000000000000
0000000000000000
0000000000000000
0000000000000000
0000000000000000
0000000000000000
0000000000000000
0000000000000000
0000000000000000
0000000000000000
0000000000000000
0000000000000000
0000000000000000
0000000000000000
0000000000000000
0000000000000000
0000000000000000
0000000000000000
0000000000000000
0000000000000000
0000000000000000
0000000000000000
0000000000000000
0000000000000000
0000000000000000
0000000000000000
0000000000000000
0000000000000000
0000000000000000
0000000000000000
0000000000000000
0000000000000000
0000000000000000
0000000000000000
0000000000000000
0000000000000000
0000000000000000
0000000000000000
0000000000000000
0000000000000000
0000000000000000
0000000000000000
0000000000000000
0000000000000000
0000000000000000
0000000000000000
0000000000000000
0000000000000000
0000000000000000
0000000000000000
0000000000000000
0000000000000000
0000000000000000
0000000000000000
0000000000000000
0000000000000000
0000000000000000
0000000000000000
0000000000000000
0000000000000000
0000000000000000
0000000000000000
0000000000000000
0000000000000000
0000000000000000
0000000000000000
0000000000000000
0000000000000000
0000000000000000
0000000000000000
0000000000000000
0000000000000000
0000000000000000
0000000000000000
0000000000000000
0000000000000000
0000000000000000
0000000000000000
0000000000000000
0000000000000000
0000000000000000
0000000000000000
0000000000000000
0000000000000000
0000000000000000
0000000000000000
0000000000000000
0000000000000000
0000000000000000
0000000000000000
0000000000000000
0000000000000000
0000000000000000
0000000000000000
0000000000000000
0000000000000000
0000000000000000
0000000000000001
0000000000000001
0000000000000001
0000000000000001
0000000000000001
0000000000000001
0000000000000001
0000000000000001
0000000000000001
0000000000000001
0000000000000000
0000000000000000
0000000000000000
0000000000000000
0000000000000000
0000000000000000
0000000000000000
0000000000000000
0000000000000000
0000000000000000
0000000000000000
0000000000000000
0000000000000000
0000000000000000
0000000000000000
0000000000000000
0000000000000000
0000000000000000
0000000000000000
0000000000000000
0000000000000000
0000000000000000
0000000000000000
0000000000000000
0000000000000000
0000000000000000
0000000000000000
0000000000000000
0000000000000000
0000000000000000
0000000000000000
0000000000000000
0000000000000000
0000000000000000
0000000000000000
0000000000000000
0000000000000000
0000000000000000
0000000000000000
0000000000000000
0000000000000000
0000000000000000
0000000000000000
0000000000000001
0000000000000001
0000000000000001
0000000000000001
0000000000000001
0000000000000001
0000000000000001
0000000000000001
0000000000000001
0000000000000001
0000000000000001
0000000000000001
0000000000000001
0000000000000001
0000000000000001
0000000000000001
0000000000000001
0000000000000001
0000000000000001
0000000000000001
0000000000000001
0000000000000000
0000000000000000
0000000000000000
0000000000000000
0000000000000000
0000000000000000
0000000000000000
0000000000000000
0000000000000000
0000000000000000
0000000000000000
0000000000000000
0000000000000000
0000000000000000
0000000000000000
0000000000000000
0000000000000000
0000000000000000
0000000000000000
0000000000000000
0000000000000000
0000000000000000
0000000000000000
0000000000000000
0000000000000000
0000000000000000
0000000000000000
0000000000000000
0000000000000000
0000000000000000
0000000000000000
0000000000000000
0000000000000000
0000000000000001
0000000000000001
0000000000000001
0000000000000001
0000000000000001
0000000000000001
0000000000000001
0000000000000001
0000000000000001
0000000000000001
0000000000000001
0000000000000001
0000000000000001
0000000000000001
0000000000000001
0000000000000001
0000000000000001
0000000000000001
0000000000000001
0000000000000001
0000000000000001
0000000000000001
0000000000000001
0000000000000001
0000000000000001
0000000000000001
0000000000000001
0000000000000001
0000000000000001
0000000000000001
0000000000000001
0000000000000000
0000000000000000
0000000000000000
0000000000000000
0000000000000000
0000000000000000
0000000000000000
0000000000000000
0000000000000000
0000000000000000
0000000000000000
0000000000000000
0000000000000000
0000000000000000
0000000000000000
0000000000000000
0000000000000000
0000000000000000
0000000000000000
0000000000000000
0000000000000000
0000000000000000
0000000000000000
0000000000000000
0000000000000000
0000000000000000
0000000000000001
0000000000000001
0000000000000001
0000000000000001
0000000000000001
0000000000000001
0000000000000001
0000000000000001
0000000000000001
0000000000000001
0000000000000001
0000000000000001
0000000000000001
0000000000000001
0000000000000001
0000000000000001
0000000000000001
0000000000000001
0000000000000001
0000000000000001
0000000000000001
0000000000000001
0000000000000001
0000000000000001
0000000000000001
0000000000000001
0000000000000001
0000000000000001
0000000000000001
0000000000000001
0000000000000001
0000000000000001
0000000000000001
0000000000000001
0000000000000001
0000000000000001
0000000000000001
0000000000000001
0000000000000000
0000000000000000
0000000000000000
0000000000000000
0000000000000000
0000000000000000
0000000000000000
0000000000000000
0000000000000000
0000000000000000
0000000000000000
0000000000000000
0000000000000000
0000000000000000
0000000000000000
0000000000000000
0000000000000000
0000000000000000
0000000000000000
0000000000000000
0000000000000001
0000000000000001
0000000000000001
0000000000000001
0000000000000001
0000000000000001
0000000000000001
0000000000000001
0000000000000001
0000000000000001
0000000000000001
0000000000000001
0000000000000001
0000000000000001
0000000000000001
0000000000000001
0000000000000001
0000000000000001
0000000000000001
0000000000000001
0000000000000001
0000000000000001
0000000000000001
0000000000000001
0000000000000001
0000000000000001
0000000000000001
0000000000000001
0000000000000001
0000000000000001
0000000000000001
0000000000000001
0000000000000001
0000000000000001
0000000000000001
0000000000000001
0000000000000001
0000000000000001
0000000000000001
0000000000000001
0000000000000010
0000000000000010
0000000000000010
0000000000000010
0000000000000000
0000000000000000
0000000000000000
0000000000000000
0000000000000000
0000000000000000
0000000000000000
0000000000000000
0000000000000000
0000000000000000
0000000000000000
0000000000000000
0000000000000000
0000000000000000
0000000000000000
0000000000000000
0000000000000001
0000000000000001
0000000000000001
0000000000000001
0000000000000001
0000000000000001
0000000000000001
0000000000000001
0000000000000001
0000000000000001
0000000000000001
0000000000000001
0000000000000001
0000000000000001
0000000000000001
0000000000000001
0000000000000001
0000000000000001
0000000000000001
0000000000000001
0000000000000001
0000000000000001
0000000000000001
0000000000000001
0000000000000001
0000000000000001
0000000000000001
0000000000000001
0000000000000001
0000000000000001
0000000000000001
0000000000000010
0000000000000010
0000000000000010
0000000000000010
0000000000000010
0000000000000010
0000000000000010
0000000000000010
0000000000000010
0000000000000010
0000000000000010
0000000000000010
0000000000000010
0000000000000010
0000000000000010
0000000000000010
0000000000000010
0000000000000000
0000000000000000
0000000000000000
0000000000000000
0000000000000000
0000000000000000
0000000000000000
0000000000000000
0000000000000000
0000000000000000
0000000000000000
0000000000000000
0000000000000000
0000000000000001
0000000000000001
0000000000000001
0000000000000001
0000000000000001
0000000000000001
0000000000000001
0000000000000001
0000000000000001
0000000000000001
0000000000000001
0000000000000001
0000000000000001
0000000000000001
0000000000000001
0000000000000001
0000000000000001
0000000000000001
0000000000000001
0000000000000001
0000000000000001
0000000000000001
0000000000000001
0000000000000001
0000000000000010
0000000000000010
0000000000000010
0000000000000010
0000000000000010
0000000000000010
0000000000000010
0000000000000010
0000000000000010
0000000000000010
0000000000000010
0000000000000010
0000000000000010
0000000000000010
0000000000000010
0000000000000010
0000000000000010
0000000000000010
0000000000000010
0000000000000010
0000000000000010
0000000000000010
0000000000000010
0000000000000010
0000000000000010
0000000000000011
0000000000000011
0000000000000000
0000000000000000
0000000000000000
0000000000000000
0000000000000000
0000000000000000
0000000000000000
0000000000000000
0000000000000000
0000000000000000
0000000000000001
0000000000000001
0000000000000001
0000000000000001
0000000000000001
0000000000000001
0000000000000001
0000000000000001
0000000000000001
0000000000000001
0000000000000001
0000000000000001
0000000000000001
0000000000000001
0000000000000001
0000000000000001
0000000000000001
0000000000000001
0000000000000001
0000000000000010
0000000000000010
0000000000000010
0000000000000010
0000000000000010
0000000000000010
0000000000000010
0000000000000010
0000000000000010
0000000000000010
0000000000000010
0000000000000010
0000000000000010
0000000000000010
0000000000000010
0000000000000010
0000000000000010
0000000000000010
0000000000000010
0000000000000011
0000000000000011
0000000000000011
0000000000000011
0000000000000011
0000000000000011
0000000000000011
0000000000000011
0000000000000011
0000000000000011
0000000000000011
0000000000000011
0000000000000011
0000000000000011
0000000000000011
0000000000000011
0000000000000000
0000000000000000
0000000000000000
0000000000000000
0000000000000000
0000000000000000
0000000000000000
0000000000000000
0000000000000001
0000000000000001
0000000000000001
0000000000000001
0000000000000001
0000000000000001
0000000000000001
0000000000000001
0000000000000001
0000000000000001
0000000000000001
0000000000000001
0000000000000001
0000000000000001
0000000000000001
0000000000000010
0000000000000010
0000000000000010
0000000000000010
0000000000000010
0000000000000010
0000000000000010
0000000000000010
0000000000000010
0000000000000010
0000000000000010
0000000000000010
0000000000000010
0000000000000010
0000000000000010
0000000000000011
0000000000000011
0000000000000011
0000000000000011
0000000000000011
0000000000000011
0000000000000011
0000000000000011
0000000000000011
0000000000000011
0000000000000011
0000000000000011
0000000000000011
0000000000000011
0000000000000011
0000000000000100
0000000000000100
0000000000000100
0000000000000100
0000000000000100
0000000000000100
0000000000000100
0000000000000100
0000000000000100
0000000000000100
0000000000000100
0000000000000000
0000000000000000
0000000000000000
0000000000000000
0000000000000000
0000000000000000
0000000000000001
0000000000000001
0000000000000001
0000000000000001
0000000000000001
0000000000000001
0000000000000001
0000000000000001
0000000000000001
0000000000000001
0000000000000001
0000000000000001
0000000000000010
0000000000000010
0000000000000010
0000000000000010
0000000000000010
0000000000000010
0000000000000010
0000000000000010
0000000000000010
0000000000000010
0000000000000010
0000000000000010
0000000000000011
0000000000000011
0000000000000011
0000000000000011
0000000000000011
0000000000000011
0000000000000011
0000000000000011
0000000000000011
0000000000000011
0000000000000011
0000000000000011
0000000000000100
0000000000000100
0000000000000100
0000000000000100
0000000000000100
0000000000000100
0000000000000100
0000000000000100
0000000000000100
0000000000000100
0000000000000100
0000000000000100
0000000000000101
0000000000000101
0000000000000101
0000000000000101
0000000000000101
0000000000000101
0000000000000101
0000000000000101
0000000000000101
0000000000000101
0000000000000000
0000000000000000
0000000000000000
0000000000000000
0000000000000000
0000000000000001
0000000000000001
0000000000000001
0000000000000001
0000000000000001
0000000000000001
0000000000000001
0000000000000001
0000000000000001
0000000000000010
0000000000000010
0000000000000010
0000000000000010
0000000000000010
0000000000000010
0000000000000010
0000000000000010
0000000000000010
0000000000000010
0000000000000011
0000000000000011
0000000000000011
0000000000000011
0000000000000011
0000000000000011
0000000000000011
0000000000000011
0000000000000011
0000000000000100
0000000000000100
0000000000000100
0000000000000100
0000000000000100
0000000000000100
0000000000000100
0000000000000100
0000000000000100
0000000000000101
0000000000000101
0000000000000101
0000000000000101
0000000000000101
0000000000000101
0000000000000101
0000000000000101
0000000000000101
0000000000000101
0000000000000110
0000000000000110
0000000000000110
0000000000000110
0000000000000110
0000000000000110
0000000000000110
0000000000000110
0000000000000110
0000000000000111
0000000000000111
0000000000000111
0000000000000000
0000000000000000
0000000000000000
0000000000000000
0000000000000001
0000000000000001
0000000000000001
0000000000000001
0000000000000001
0000000000000001
0000000000000001
0000000000000001
0000000000000010
0000000000000010
0000000000000010
0000000000000010
0000000000000010
0000000000000010
0000000000000010
0000000000000011
0000000000000011
0000000000000011
0000000000000011
0000000000000011
0000000000000011
0000000000000011
0000000000000100
0000000000000100
0000000000000100
0000000000000100
0000000000000100
0000000000000100
0000000000000100
0000000000000100
0000000000000101
0000000000000101
0000000000000101
0000000000000101
0000000000000101
0000000000000101
0000000000000101
0000000000000110
0000000000000110
0000000000000110
0000000000000110
0000000000000110
0000000000000110
0000000000000110
0000000000000111
0000000000000111
0000000000000111
0000000000000111
0000000000000111
0000000000000111
0000000000000111
0000000000000111
0000000000001000
0000000000001000
0000000000001000
0000000000001000
0000000000001000
0000000000001000
0000000000001000
0000000000001001
0000000000000000
0000000000000000
0000000000000000
0000000000000001
0000000000000001
0000000000000001
0000000000000001
0000000000000001
0000000000000001
0000000000000010
0000000000000010
0000000000000010
0000000000000010
0000000000000010
0000000000000010
0000000000000011
0000000000000011
0000000000000011
0000000000000011
0000000000000011
0000000000000011
0000000000000100
0000000000000100
0000000000000100
0000000000000100
0000000000000100
0000000000000100
0000000000000101
0000000000000101
0000000000000101
0000000000000101
0000000000000101
0000000000000101
0000000000000110
0000000000000110
0000000000000110
0000000000000110
0000000000000110
0000000000000111
0000000000000111
0000000000000111
0000000000000111
0000000000000111
0000000000000111
0000000000001000
0000000000001000
0000000000001000
0000000000001000
0000000000001000
0000000000001000
0000000000001001
0000000000001001
0000000000001001
0000000000001001
0000000000001001
0000000000001001
0000000000001010
0000000000001010
0000000000001010
0000000000001010
0000000000001010
0000000000001010
0000000000001011
0000000000001011
0000000000000000
0000000000000000
0000000000000000
0000000000000001
0000000000000001
0000000000000001
0000000000000001
0000000000000001
0000000000000010
0000000000000010
0000000000000010
0000000000000010
0000000000000011
0000000000000011
0000000000000011
0000000000000011
0000000000000011
0000000000000100
0000000000000100
0000000000000100
0000000000000100
0000000000000100
0000000000000101
0000000000000101
0000000000000101
0000000000000101
0000000000000110
0000000000000110
0000000000000110
0000000000000110
0000000000000110
0000000000000111
0000000000000111
0000000000000111
0000000000000111
0000000000001000
0000000000001000
0000000000001000
0000000000001000
0000000000001000
0000000000001001
0000000000001001
0000000000001001
0000000000001001
0000000000001001
0000000000001010
0000000000001010
0000000000001010
0000000000001010
0000000000001011
0000000000001011
0000000000001011
0000000000001011
0000000000001011
0000000000001100
0000000000001100
0000000000001100
0000000000001100
0000000000001100
0000000000001101
0000000000001101
0000000000001101
0000000000001101
0000000000001110
0000000000000000
0000000000000000
0000000000000001
0000000000000001
0000000000000001
0000000000000001
0000000000000010
0000000000000010
0000000000000010
0000000000000010
0000000000000011
0000000000000011
0000000000000011
0000000000000011
0000000000000100
0000000000000100
0000000000000100
0000000000000101
0000000000000101
0000000000000101
0000000000000101
0000000000000110
0000000000000110
0000000000000110
0000000000000110
0000000000000111
0000000000000111
0000000000000111
0000000000000111
0000000000001000
0000000000001000
0000000000001000
0000000000001001
0000000000001001
0000000000001001
0000000000001001
0000000000001010
0000000000001010
0000000000001010
0000000000001010
0000000000001011
0000000000001011
0000000000001011
0000000000001011
0000000000001100
0000000000001100
0000000000001100
0000000000001101
0000000000001101
0000000000001101
0000000000001101
0000000000001110
0000000000001110
0000000000001110
0000000000001110
0000000000001111
0000000000001111
0000000000001111
0000000000001111
0000000000010000
0000000000010000
0000000000010000
0000000000010001
0000000000010001
0000000000000000
0000000000000000
0000000000000001
0000000000000001
0000000000000001
0000000000000010
0000000000000010
0000000000000010
0000000000000011
0000000000000011
0000000000000011
0000000000000100
0000000000000100
0000000000000100
0000000000000101
0000000000000101
0000000000000101
0000000000000110
0000000000000110
0000000000000110
0000000000000111
0000000000000111
0000000000000111
0000000000001000
0000000000001000
0000000000001000
0000000000001001
0000000000001001
0000000000001001
0000000000001010
0000000000001010
0000000000001010
0000000000001011
0000000000001011
0000000000001011
0000000000001100
0000000000001100
0000000000001100
0000000000001101
0000000000001101
0000000000001101
0000000000001110
0000000000001110
0000000000001110
0000000000001111
0000000000001111
0000000000001111
0000000000010000
0000000000010000
0000000000010000
0000000000010001
0000000000010001
0000000000010001
0000000000010010
0000000000010010
0000000000010010
0000000000010011
0000000000010011
0000000000010011
0000000000010011
0000000000010100
0000000000010100
0000000000010100
0000000000010101
0000000000000000
0000000000000000
0000000000000001
0000000000000001
0000000000000010
0000000000000010
0000000000000010
0000000000000011
0000000000000011
0000000000000100
0000000000000100
0000000000000100
0000000000000101
0000000000000101
0000000000000110
0000000000000110
0000000000000110
0000000000000111
0000000000000111
0000000000001000
0000000000001000
0000000000001000
0000000000001001
0000000000001001
0000000000001010
0000000000001010
0000000000001011
0000000000001011
0000000000001011
0000000000001100
0000000000001100
0000000000001101
0000000000001101
0000000000001101
0000000000001110
0000000000001110
0000000000001111
0000000000001111
0000000000001111
0000000000010000
0000000000010000
0000000000010001
0000000000010001
0000000000010001
0000000000010010
0000000000010010
0000000000010011
0000000000010011
0000000000010011
0000000000010100
0000000000010100
0000000000010101
0000000000010101
0000000000010101
0000000000010110
0000000000010110
0000000000010111
0000000000010111
0000000000010111
0000000000011000
0000000000011000
0000000000011001
0000000000011001
0000000000011010
0000000000000000
0000000000000000
0000000000000001
0000000000000001
0000000000000010
0000000000000010
0000000000000011
0000000000000011
0000000000000100
0000000000000100
0000000000000101
0000000000000101
0000000000000110
0000000000000110
0000000000000111
0000000000000111
0000000000001000
0000000000001000
0000000000001001
0000000000001001
0000000000001010
0000000000001010
0000000000001011
0000000000001011
0000000000001100
0000000000001100
0000000000001101
0000000000001101
0000000000001110
0000000000001110
0000000000001111
0000000000001111
0000000000010000
0000000000010000
0000000000010001
0000000000010001
0000000000010010
0000000000010010
0000000000010011
0000000000010011
0000000000010100
0000000000010100
0000000000010101
0000000000010101
0000000000010110
0000000000010110
0000000000010111
0000000000010111
0000000000011000
0000000000011000
0000000000011001
0000000000011001
0000000000011010
0000000000011010
0000000000011011
0000000000011011
0000000000011100
0000000000011100
0000000000011101
0000000000011101
0000000000011101
0000000000011110
0000000000011110
0000000000011111
0000000000000000
0000000000000001
0000000000000001
0000000000000010
0000000000000010
0000000000000011
0000000000000100
0000000000000100
0000000000000101
0000000000000101
0000000000000110
0000000000000110
0000000000000111
0000000000001000
0000000000001000
0000000000001001
0000000000001001
0000000000001010
0000000000001011
0000000000001011
0000000000001100
0000000000001100
0000000000001101
0000000000001110
0000000000001110
0000000000001111
0000000000001111
0000000000010000
0000000000010000
0000000000010001
0000000000010010
0000000000010010
0000000000010011
0000000000010011
0000000000010100
0000000000010101
0000000000010101
0000000000010110
0000000000010110
0000000000010111
0000000000011000
0000000000011000
0000000000011001
0000000000011001
0000000000011010
0000000000011011
0000000000011011
0000000000011100
0000000000011100
0000000000011101
0000000000011101
0000000000011110
0000000000011111
0000000000011111
0000000000100000
0000000000100000
0000000000100001
0000000000100010
0000000000100010
0000000000100011
0000000000100011
0000000000100100
0000000000100101
0000000000100101
0000000000000000
0000000000000001
0000000000000001
0000000000000010
0000000000000011
0000000000000011
0000000000000100
0000000000000101
0000000000000110
0000000000000110
0000000000000111
0000000000001000
0000000000001000
0000000000001001
0000000000001010
0000000000001010
0000000000001011
0000000000001100
0000000000001101
0000000000001101
0000000000001110
0000000000001111
0000000000001111
0000000000010000
0000000000010001
0000000000010001
0000000000010010
0000000000010011
0000000000010100
0000000000010100
0000000000010101
0000000000010110
0000000000010110
0000000000010111
0000000000011000
0000000000011000
0000000000011001
0000000000011010
0000000000011011
0000000000011011
0000000000011100
0000000000011101
0000000000011101
0000000000011110
0000000000011111
0000000000011111
0000000000100000
0000000000100001
0000000000100010
0000000000100010
0000000000100011
0000000000100100
0000000000100100
0000000000100101
0000000000100110
0000000000100110
0000000000100111
0000000000101000
0000000000101000
0000000000101001
0000000000101010
0000000000101011
0000000000101011
0000000000101100
0000000000000000
0000000000000001
0000000000000010
0000000000000010
0000000000000011
0000000000000100
0000000000000101
0000000000000110
0000000000000111
0000000000000111
0000000000001000
0000000000001001
0000000000001010
0000000000001011
0000000000001011
0000000000001100
0000000000001101
0000000000001110
0000000000001111
0000000000001111
0000000000010000
0000000000010001
0000000000010010
0000000000010011
0000000000010100
0000000000010100
0000000000010101
0000000000010110
0000000000010111
0000000000011000
0000000000011000
0000000000011001
0000000000011010
0000000000011011
0000000000011100
0000000000011101
0000000000011101
0000000000011110
0000000000011111
0000000000100000
0000000000100001
0000000000100001
0000000000100010
0000000000100011
0000000000100100
0000000000100101
0000000000100101
0000000000100110
0000000000100111
0000000000101000
0000000000101001
0000000000101010
0000000000101010
0000000000101011
0000000000101100
0000000000101101
0000000000101110
0000000000101110
0000000000101111
0000000000110000
0000000000110001
0000000000110010
0000000000110011
0000000000110011
0000000000000000
0000000000000001
0000000000000010
0000000000000011
0000000000000100
0000000000000101
0000000000000110
0000000000000111
0000000000000111
0000000000001000
0000000000001001
0000000000001010
0000000000001011
0000000000001100
0000000000001101
0000000000001110
0000000000001111
0000000000010000
0000000000010001
0000000000010010
0000000000010011
0000000000010100
0000000000010101
0000000000010110
0000000000010110
0000000000010111
0000000000011000
0000000000011001
0000000000011010
0000000000011011
0000000000011100
0000000000011101
0000000000011110
0000000000011111
0000000000100000
0000000000100001
0000000000100010
0000000000100011
0000000000100100
0000000000100101
0000000000100101
0000000000100110
0000000000100111
0000000000101000
0000000000101001
0000000000101010
0000000000101011
0000000000101100
0000000000101101
0000000000101110
0000000000101111
0000000000110000
0000000000110001
0000000000110010
0000000000110011
0000000000110100
0000000000110101
0000000000110101
0000000000110110
0000000000110111
0000000000111000
0000000000111001
0000000000111010
0000000000111011
0000000000000000
0000000000000001
0000000000000010
0000000000000011
0000000000000100
0000000000000101
0000000000000110
0000000000000111
0000000000001000
0000000000001010
0000000000001011
0000000000001100
0000000000001101
0000000000001110
0000000000001111
0000000000010000
0000000000010001
0000000000010010
0000000000010011
0000000000010100
0000000000010101
0000000000010110
0000000000010111
0000000000011000
0000000000011001
0000000000011011
0000000000011100
0000000000011101
0000000000011110
0000000000011111
0000000000100000
0000000000100001
0000000000100010
0000000000100011
0000000000100100
0000000000100101
0000000000100110
0000000000100111
0000000000101000
0000000000101001
0000000000101010
0000000000101100
0000000000101101
0000000000101110
0000000000101111
0000000000110000
0000000000110001
0000000000110010
0000000000110011
0000000000110100
0000000000110101
0000000000110110
0000000000110111
0000000000111000
0000000000111001
0000000000111010
0000000000111011
0000000000111101
0000000000111110
0000000000111111
0000000001000000
0000000001000001
0000000001000010
0000000001000011
0000000000000000
0000000000000001
0000000000000010
0000000000000100
0000000000000101
0000000000000110
0000000000000111
0000000000001000
0000000000001001
0000000000001011
0000000000001100
0000000000001101
0000000000001110
0000000000001111
0000000000010001
0000000000010010
0000000000010011
0000000000010100
0000000000010101
0000000000010110
0000000000011000
0000000000011001
0000000000011010
0000000000011011
0000000000011100
0000000000011110
0000000000011111
0000000000100000
0000000000100001
0000000000100010
0000000000100100
0000000000100101
0000000000100110
0000000000100111
0000000000101000
0000000000101001
0000000000101011
0000000000101100
0000000000101101
0000000000101110
0000000000101111
0000000000110001
0000000000110010
0000000000110011
0000000000110100
0000000000110101
0000000000110110
0000000000111000
0000000000111001
0000000000111010
0000000000111011
0000000000111100
0000000000111110
0000000000111111
0000000001000000
0000000001000001
0000000001000010
0000000001000100
0000000001000101
0000000001000110
0000000001000111
0000000001001000
0000000001001001
0000000001001011
0000000000000000
0000000000000001
0000000000000011
0000000000000100
0000000000000101
0000000000000111
0000000000001000
0000000000001001
0000000000001010
0000000000001100
0000000000001101
0000000000001110
0000000000010000
0000000000010001
0000000000010010
0000000000010100
0000000000010101
0000000000010110
0000000000010111
0000000000011001
0000000000011010
0000000000011011
0000000000011101
0000000000011110
0000000000011111
0000000000100001
0000000000100010
0000000000100011
0000000000100100
0000000000100110
0000000000100111
0000000000101000
0000000000101010
0000000000101011
0000000000101100
0000000000101110
0000000000101111
0000000000110000
0000000000110001
0000000000110011
0000000000110100
0000000000110101
0000000000110111
0000000000111000
0000000000111001
0000000000111011
0000000000111100
0000000000111101
0000000000111110
0000000001000000
0000000001000001
0000000001000010
0000000001000100
0000000001000101
0000000001000110
0000000001001000
0000000001001001
0000000001001010
0000000001001011
0000000001001101
0000000001001110
0000000001001111
0000000001010001
0000000001010010
0000000000000000
0000000000000001
0000000000000011
0000000000000100
0000000000000110
0000000000000111
0000000000001000
0000000000001010
0000000000001011
0000000000001101
0000000000001110
0000000000010000
0000000000010001
0000000000010010
0000000000010100
0000000000010101
0000000000010111
0000000000011000
0000000000011001
0000000000011011
0000000000011100
0000000000011110
0000000000011111
0000000000100000
0000000000100010
0000000000100011
0000000000100101
0000000000100110
0000000000100111
0000000000101001
0000000000101010
0000000000101100
0000000000101101
0000000000101111
0000000000110000
0000000000110001
0000000000110011
0000000000110100
0000000000110110
0000000000110111
0000000000111000
0000000000111010
0000000000111011
0000000000111101
0000000000111110
0000000000111111
0000000001000001
0000000001000010
0000000001000100
0000000001000101
0000000001000111
0000000001001000
0000000001001001
0000000001001011
0000000001001100
0000000001001110
0000000001001111
0000000001010000
0000000001010010
0000000001010011
0000000001010101
0000000001010110
0000000001010111
0000000001011001
0000000000000000
0000000000000010
0000000000000011
0000000000000101
0000000000000110
0000000000001000
0000000000001001
0000000000001011
0000000000001100
0000000000001110
0000000000001111
0000000000010001
0000000000010010
0000000000010100
0000000000010101
0000000000010111
0000000000011000
0000000000011010
0000000000011011
0000000000011101
0000000000011110
0000000000100000
0000000000100001
0000000000100011
0000000000100100
0000000000100110
0000000000100111
0000000000101001
0000000000101010
0000000000101100
0000000000101101
0000000000101111
0000000000110000
0000000000110010
0000000000110011
0000000000110101
0000000000110110
0000000000111000
0000000000111001
0000000000111011
0000000000111100
0000000000111110
0000000000111111
0000000001000001
0000000001000010
0000000001000100
0000000001000101
0000000001000111
0000000001001000
0000000001001010
0000000001001011
0000000001001101
0000000001001110
0000000001010000
0000000001010001
0000000001010011
0000000001010100
0000000001010110
0000000001010111
0000000001011001
0000000001011011
0000000001011100
0000000001011110
0000000001011111
0000000000000000
0000000000000010
0000000000000011
0000000000000101
0000000000000110
0000000000001000
0000000000001010
0000000000001011
0000000000001101
0000000000001110
0000000000010000
0000000000010010
0000000000010011
0000000000010101
0000000000010110
0000000000011000
0000000000011010
0000000000011011
0000000000011101
0000000000011110
0000000000100000
0000000000100001
0000000000100011
0000000000100101
0000000000100110
0000000000101000
0000000000101001
0000000000101011
0000000000101101
0000000000101110
0000000000110000
0000000000110001
0000000000110011
0000000000110101
0000000000110110
0000000000111000
0000000000111001
0000000000111011
0000000000111101
0000000000111110
0000000001000000
0000000001000001
0000000001000011
0000000001000101
0000000001000110
0000000001001000
0000000001001001
0000000001001011
0000000001001101
0000000001001110
0000000001010000
0000000001010001
0000000001010011
0000000001010101
0000000001010110
0000000001011000
0000000001011001
0000000001011011
0000000001011101
0000000001011110
0000000001100000
0000000001100001
0000000001100011
0000000001100100
0000000000000000
0000000000000010
0000000000000011
0000000000000101
0000000000000111
0000000000001000
0000000000001010
0000000000001100
0000000000001101
0000000000001111
0000000000010001
0000000000010010
0000000000010100
0000000000010110
0000000000010111
0000000000011001
0000000000011011
0000000000011100
0000000000011110
0000000000100000
0000000000100001
0000000000100011
0000000000100101
0000000000100110
0000000000101000
0000000000101010
0000000000101011
0000000000101101
0000000000101111
0000000000110000
0000000000110010
0000000000110100
0000000000110101
0000000000110111
0000000000111001
0000000000111010
0000000000111100
0000000000111110
0000000000111111
0000000001000001
0000000001000011
0000000001000100
0000000001000110
0000000001001000
0000000001001001
0000000001001011
0000000001001101
0000000001001110
0000000001010000
0000000001010010
0000000001010011
0000000001010101
0000000001010111
0000000001011000
0000000001011010
0000000001011100
0000000001011101
0000000001011111
0000000001100001
0000000001100011
0000000001100100
0000000001100110
0000000001101000
0000000001101001
0000000000000000
0000000000000010
0000000000000011
0000000000000101
0000000000000111
0000000000001001
0000000000001010
0000000000001100
0000000000001110
0000000000010000
0000000000010001
0000000000010011
0000000000010101
0000000000010111
0000000000011000
0000000000011010
0000000000011100
0000000000011101
0000000000011111
0000000000100001
0000000000100011
0000000000100100
0000000000100110
0000000000101000
0000000000101010
0000000000101011
0000000000101101
0000000000101111
0000000000110001
0000000000110010
0000000000110100
0000000000110110
0000000000110111
0000000000111001
0000000000111011
0000000000111101
0000000000111110
0000000001000000
0000000001000010
0000000001000100
0000000001000101
0000000001000111
0000000001001001
0000000001001011
0000000001001100
0000000001001110
0000000001010000
0000000001010001
0000000001010011
0000000001010101
0000000001010111
0000000001011000
0000000001011010
0000000001011100
0000000001011110
0000000001011111
0000000001100001
0000000001100011
0000000001100101
0000000001100110
0000000001101000
0000000001101010
0000000001101011
0000000001101101
0000000000000000
0000000000000010
0000000000000100
0000000000000101
0000000000000111
0000000000001001
0000000000001011
0000000000001100
0000000000001110
0000000000010000
0000000000010010
0000000000010100
0000000000010101
0000000000010111
0000000000011001
0000000000011011
0000000000011101
0000000000011110
0000000000100000
0000000000100010
0000000000100100
0000000000100101
0000000000100111
0000000000101001
0000000000101011
0000000000101101
0000000000101110
0000000000110000
0000000000110010
0000000000110100
0000000000110110
0000000000110111
0000000000111001
0000000000111011
0000000000111101
0000000000111110
0000000001000000
0000000001000010
0000000001000100
0000000001000110
0000000001000111
0000000001001001
0000000001001011
0000000001001101
0000000001001111
0000000001010000
0000000001010010
0000000001010100
0000000001010110
0000000001010111
0000000001011001
0000000001011011
0000000001011101
0000000001011111
0000000001100000
0000000001100010
0000000001100100
0000000001100110
0000000001101000
0000000001101001
0000000001101011
0000000001101101
0000000001101111
0000000001110000
0000000000000000
0000000000000010
0000000000000100
0000000000000101
0000000000000111
0000000000001001
0000000000001011
0000000000001101
0000000000001111
0000000000010000
0000000000010010
0000000000010100
0000000000010110
0000000000011000
0000000000011010
0000000000011011
0000000000011101
0000000000011111
0000000000100001
0000000000100011
0000000000100101
0000000000100110
0000000000101000
0000000000101010
0000000000101100
0000000000101110
0000000000110000
0000000000110001
0000000000110011
0000000000110101
0000000000110111
0000000000111001
0000000000111011
0000000000111100
0000000000111110
0000000001000000
0000000001000010
0000000001000100
0000000001000101
0000000001000111
0000000001001001
0000000001001011
0000000001001101
0000000001001111
0000000001010000
0000000001010010
0000000001010100
0000000001010110
0000000001011000
0000000001011010
0000000001011011
0000000001011101
0000000001011111
0000000001100001
0000000001100011
0000000001100101
0000000001100110
0000000001101000
0000000001101010
0000000001101100
0000000001101110
0000000001110000
0000000001110001
0000000001110011
0000000000000000
0000000000000010
0000000000000100
0000000000000110
0000000000000111
0000000000001001
0000000000001011
0000000000001101
0000000000001111
0000000000010001
0000000000010011
0000000000010101
0000000000010110
0000000000011000
0000000000011010
0000000000011100
0000000000011110
0000000000100000
0000000000100010
0000000000100011
0000000000100101
0000000000100111
0000000000101001
0000000000101011
0000000000101101
0000000000101111
0000000000110000
0000000000110010
0000000000110100
0000000000110110
0000000000111000
0000000000111010
0000000000111100
0000000000111110
0000000000111111
0000000001000001
0000000001000011
0000000001000101
0000000001000111
0000000001001001
0000000001001011
0000000001001100
0000000001001110
0000000001010000
0000000001010010
0000000001010100
0000000001010110
0000000001011000
0000000001011001
0000000001011011
0000000001011101
0000000001011111
0000000001100001
0000000001100011
0000000001100101
0000000001100111
0000000001101000
0000000001101010
0000000001101100
0000000001101110
0000000001110000
0000000001110010
0000000001110100
0000000001110101
0000000000000000
0000000000000010
0000000000000100
0000000000000110
0000000000001000
0000000000001001
0000000000001011
0000000000001101
0000000000001111
0000000000010001
0000000000010011
0000000000010101
0000000000010111
0000000000011001
0000000000011010
0000000000011100
0000000000011110
0000000000100000
0000000000100010
0000000000100100
0000000000100110
0000000000101000
0000000000101010
0000000000101100
0000000000101101
0000000000101111
0000000000110001
0000000000110011
0000000000110101
0000000000110111
0000000000111001
0000000000111011
0000000000111101
0000000000111110
0000000001000000
0000000001000010
0000000001000100
0000000001000110
0000000001001000
0000000001001010
0000000001001100
0000000001001110
0000000001001111
0000000001010001
0000000001010011
0000000001010101
0000000001010111
0000000001011001
0000000001011011
0000000001011101
0000000001011111
0000000001100001
0000000001100010
0000000001100100
0000000001100110
0000000001101000
0000000001101010
0000000001101100
0000000001101110
0000000001110000
0000000001110010
0000000001110011
0000000001110101
0000000001110111
0000000000000000
0000000000000010
0000000000000100
0000000000000110
0000000000001000
0000000000001010
0000000000001011
0000000000001101
0000000000001111
0000000000010001
0000000000010011
0000000000010101
0000000000010111
0000000000011001
0000000000011011
0000000000011101
0000000000011111
0000000000100001
0000000000100010
0000000000100100
0000000000100110
0000000000101000
0000000000101010
0000000000101100
0000000000101110
0000000000110000
0000000000110010
0000000000110100
0000000000110110
0000000000111000
0000000000111001
0000000000111011
0000000000111101
0000000000111111
0000000001000001
0000000001000011
0000000001000101
0000000001000111
0000000001001001
0000000001001011
0000000001001101
0000000001001111
0000000001010000
0000000001010010
0000000001010100
0000000001010110
0000000001011000
0000000001011010
0000000001011100
0000000001011110
0000000001100000
0000000001100010
0000000001100100
0000000001100110
0000000001100111
0000000001101001
0000000001101011
0000000001101101
0000000001101111
0000000001110001
0000000001110011
0000000001110101
0000000001110111
0000000001111001
0000000000000000
0000000000000010
0000000000000100
0000000000000110
0000000000001000
0000000000001010
0000000000001100
0000000000001110
0000000000001111
0000000000010001
0000000000010011
0000000000010101
0000000000010111
0000000000011001
0000000000011011
0000000000011101
0000000000011111
0000000000100001
0000000000100011
0000000000100101
0000000000100111
0000000000101001
0000000000101011
0000000000101100
0000000000101110
0000000000110000
0000000000110010
0000000000110100
0000000000110110
0000000000111000
0000000000111010
0000000000111100
0000000000111110
0000000001000000
0000000001000010
0000000001000100
0000000001000110
0000000001001000
0000000001001001
0000000001001011
0000000001001101
0000000001001111
0000000001010001
0000000001010011
0000000001010101
0000000001010111
0000000001011001
0000000001011011
0000000001011101
0000000001011111
0000000001100001
0000000001100011
0000000001100101
0000000001100110
0000000001101000
0000000001101010
0000000001101100
0000000001101110
0000000001110000
0000000001110010
0000000001110100
0000000001110110
0000000001111000
0000000001111010
0000000000000000
0000000000000010
0000000000000100
0000000000000110
0000000000001000
0000000000001010
0000000000001100
0000000000001110
0000000000010000
0000000000010010
0000000000010011
0000000000010101
0000000000010111
0000000000011001
0000000000011011
0000000000011101
0000000000011111
0000000000100001
0000000000100011
0000000000100101
0000000000100111
0000000000101001
0000000000101011
0000000000101101
0000000000101111
0000000000110001
0000000000110011
0000000000110101
0000000000110111
0000000000111000
0000000000111010
0000000000111100
0000000000111110
0000000001000000
0000000001000010
0000000001000100
0000000001000110
0000000001001000
0000000001001010
0000000001001100
0000000001001110
0000000001010000
0000000001010010
0000000001010100
0000000001010110
0000000001011000
0000000001011010
0000000001011100
0000000001011101
0000000001011111
0000000001100001
0000000001100011
0000000001100101
0000000001100111
0000000001101001
0000000001101011
0000000001101101
0000000001101111
0000000001110001
0000000001110011
0000000001110101
0000000001110111
0000000001111001
0000000001111011
0000000000000000
0000000000000010
0000000000000100
0000000000000110
0000000000001000
0000000000001010
0000000000001100
0000000000001110
0000000000010000
0000000000010010
0000000000010100
0000000000010110
0000000000011000
0000000000011001
0000000000011011
0000000000011101
0000000000011111
0000000000100001
0000000000100011
0000000000100101
0000000000100111
0000000000101001
0000000000101011
0000000000101101
0000000000101111
0000000000110001
0000000000110011
0000000000110101
0000000000110111
0000000000111001
0000000000111011
0000000000111101
0000000000111111
0000000001000001
0000000001000011
0000000001000101
0000000001000111
0000000001001000
0000000001001010
0000000001001100
0000000001001110
0000000001010000
0000000001010010
0000000001010100
0000000001010110
0000000001011000
0000000001011010
0000000001011100
0000000001011110
0000000001100000
0000000001100010
0000000001100100
0000000001100110
0000000001101000
0000000001101010
0000000001101100
0000000001101110
0000000001110000
0000000001110010
0000000001110100
0000000001110110
0000000001111000
0000000001111001
0000000001111011
0000000000000000
0000000000000010
0000000000000100
0000000000000110
0000000000001000
0000000000001010
0000000000001100
0000000000001110
0000000000010000
0000000000010010
0000000000010100
0000000000010110
0000000000011000
0000000000011010
0000000000011100
0000000000011110
0000000000011111
0000000000100001
0000000000100011
0000000000100101
0000000000100111
0000000000101001
0000000000101011
0000000000101101
0000000000101111
0000000000110001
0000000000110011
0000000000110101
0000000000110111
0000000000111001
0000000000111011
0000000000111101
0000000000111111
0000000001000001
0000000001000011
0000000001000101
0000000001000111
0000000001001001
0000000001001011
0000000001001101
0000000001001111
0000000001010001
0000000001010011
0000000001010101
0000000001010111
0000000001011001
0000000001011011
0000000001011100
0000000001011110
0000000001100000
0000000001100010
0000000001100100
0000000001100110
0000000001101000
0000000001101010
0000000001101100
0000000001101110
0000000001110000
0000000001110010
0000000001110100
0000000001110110
0000000001111000
0000000001111010
0000000001111100
0000000000000000
0000000000000010
0000000000000100
0000000000000110
0000000000001000
0000000000001010
0000000000001100
0000000000001110
0000000000010000
0000000000010010
0000000000010100
0000000000010110
0000000000011000
0000000000011010
0000000000011100
0000000000011110
0000000000100000
0000000000100010
0000000000100100
0000000000100110
0000000000100111
0000000000101001
0000000000101011
0000000000101101
0000000000101111
0000000000110001
0000000000110011
0000000000110101
0000000000110111
0000000000111001
0000000000111011
0000000000111101
0000000000111111
0000000001000001
0000000001000011
0000000001000101
0000000001000111
0000000001001001
0000000001001011
0000000001001101
0000000001001111
0000000001010001
0000000001010011
0000000001010101
0000000001010111
0000000001011001
0000000001011011
0000000001011101
0000000001011111
0000000001100001
0000000001100011
0000000001100101
0000000001100111
0000000001101001
0000000001101011
0000000001101101
0000000001101111
0000000001110001
0000000001110011
0000000001110101
0000000001110110
0000000001111000
0000000001111010
0000000001111100
0000000000000000
0000000000000010
0000000000000100
0000000000000110
0000000000001000
0000000000001010
0000000000001100
0000000000001110
0000000000010000
0000000000010010
0000000000010100
0000000000010110
0000000000011000
0000000000011010
0000000000011100
0000000000011110
0000000000100000
0000000000100010
0000000000100100
0000000000100110
0000000000101000
0000000000101010
0000000000101100
0000000000101110
0000000000110000
0000000000110010
0000000000110011
0000000000110101
0000000000110111
0000000000111001
0000000000111011
0000000000111101
0000000000111111
0000000001000001
0000000001000011
0000000001000101
0000000001000111
0000000001001001
0000000001001011
0000000001001101
0000000001001111
0000000001010001
0000000001010011
0000000001010101
0000000001010111
0000000001011001
0000000001011011
0000000001011101
0000000001011111
0000000001100001
0000000001100011
0000000001100101
0000000001100111
0000000001101001
0000000001101011
0000000001101101
0000000001101111
0000000001110001
0000000001110011
0000000001110101
0000000001110111
0000000001111001
0000000001111011
0000000001111101
0000000000000000
0000000000000010
0000000000000100
0000000000000110
0000000000001000
0000000000001010
0000000000001100
0000000000001110
0000000000010000
0000000000010010
0000000000010100
0000000000010110
0000000000011000
0000000000011010
0000000000011100
0000000000011110
0000000000100000
0000000000100010
0000000000100100
0000000000100110
0000000000101000
0000000000101010
0000000000101100
0000000000101110
0000000000110000
0000000000110010
0000000000110100
0000000000110110
0000000000111000
0000000000111010
0000000000111100
0000000000111110
0000000001000000
0000000001000001
0000000001000011
0000000001000101
0000000001000111
0000000001001001
0000000001001011
0000000001001101
0000000001001111
0000000001010001
0000000001010011
0000000001010101
0000000001010111
0000000001011001
0000000001011011
0000000001011101
0000000001011111
0000000001100001
0000000001100011
0000000001100101
0000000001100111
0000000001101001
0000000001101011
0000000001101101
0000000001101111
0000000001110001
0000000001110011
0000000001110101
0000000001110111
0000000001111001
0000000001111011
0000000001111101
0000000000000000
0000000000000010
0000000000000100
0000000000000110
0000000000001000
0000000000001010
0000000000001100
0000000000001110
0000000000010000
0000000000010010
0000000000010100
0000000000010110
0000000000011000
0000000000011010
0000000000011100
0000000000011110
0000000000100000
0000000000100010
0000000000100100
0000000000100110
0000000000101000
0000000000101010
0000000000101100
0000000000101110
0000000000110000
0000000000110010
0000000000110100
0000000000110110
0000000000111000
0000000000111010
0000000000111100
0000000000111110
0000000001000000
0000000001000010
0000000001000100
0000000001000110
0000000001001000
0000000001001010
0000000001001100
0000000001001110
0000000001010000
0000000001010010
0000000001010011
0000000001010101
0000000001010111
0000000001011001
0000000001011011
0000000001011101
0000000001011111
0000000001100001
0000000001100011
0000000001100101
0000000001100111
0000000001101001
0000000001101011
0000000001101101
0000000001101111
0000000001110001
0000000001110011
0000000001110101
0000000001110111
0000000001111001
0000000001111011
0000000001111101
0000000000000000
0000000000000010
0000000000000100
0000000000000110
0000000000001000
0000000000001010
0000000000001100
0000000000001110
0000000000010000
0000000000010010
0000000000010100
0000000000010110
0000000000011000
0000000000011010
0000000000011100
0000000000011110
0000000000100000
0000000000100010
0000000000100100
0000000000100110
0000000000101000
0000000000101010
0000000000101100
0000000000101110
0000000000110000
0000000000110010
0000000000110100
0000000000110110
0000000000111000
0000000000111010
0000000000111100
0000000000111110
0000000001000000
0000000001000010
0000000001000100
0000000001000110
0000000001001000
0000000001001010
0000000001001100
0000000001001110
0000000001010000
0000000001010010
0000000001010100
0000000001010110
0000000001011000
0000000001011010
0000000001011100
0000000001011110
0000000001100000
0000000001100010
0000000001100100
0000000001100110
0000000001101000
0000000001101010
0000000001101011
0000000001101101
0000000001101111
0000000001110001
0000000001110011
0000000001110101
0000000001110111
0000000001111001
0000000001111011
0000000001111101
0000000000000000
0000000000000010
0000000000000100
0000000000000110
0000000000001000
0000000000001010
0000000000001100
0000000000001110
0000000000010000
0000000000010010
0000000000010100
0000000000010110
0000000000011000
0000000000011010
0000000000011100
0000000000011110
0000000000100000
0000000000100010
0000000000100100
0000000000100110
0000000000101000
0000000000101010
0000000000101100
0000000000101110
0000000000110000
0000000000110010
0000000000110100
0000000000110110
0000000000111000
0000000000111010
0000000000111100
0000000000111110
0000000001000000
0000000001000010
0000000001000100
0000000001000110
0000000001001000
0000000001001010
0000000001001100
0000000001001110
0000000001010000
0000000001010010
0000000001010100
0000000001010110
0000000001011000
0000000001011010
0000000001011100
0000000001011110
0000000001100000
0000000001100010
0000000001100100
0000000001100110
0000000001101000
0000000001101010
0000000001101100
0000000001101110
0000000001110000
0000000001110010
0000000001110100
0000000001110110
0000000001111000
0000000001111010
0000000001111100
0000000001111110
0000000000000000
0000000000000010
0000000000000100
0000000000000110
0000000000001000
0000000000001010
0000000000001100
0000000000001110
0000000000010000
0000000000010010
0000000000010100
0000000000010110
0000000000011000
0000000000011010
0000000000011100
0000000000011110
0000000000100000
0000000000100010
0000000000100100
0000000000100110
0000000000101000
0000000000101010
0000000000101100
0000000000101110
0000000000110000
0000000000110010
0000000000110100
0000000000110110
0000000000111000
0000000000111010
0000000000111100
0000000000111110
0000000001000000
0000000001000010
0000000001000100
0000000001000110
0000000001001000
0000000001001010
0000000001001100
0000000001001110
0000000001010000
0000000001010010
0000000001010100
0000000001010110
0000000001011000
0000000001011010
0000000001011100
0000000001011110
0000000001100000
0000000001100010
0000000001100100
0000000001100110
0000000001101000
0000000001101010
0000000001101100
0000000001101110
0000000001110000
0000000001110010
0000000001110100
0000000001110110
0000000001111000
0000000001111010
0000000001111100
0000000001111110
0000000000000000
0000000000000010
0000000000000100
0000000000000110
0000000000001000
0000000000001010
0000000000001100
0000000000001110
0000000000010000
0000000000010010
0000000000010100
0000000000010110
0000000000011000
0000000000011010
0000000000011100
0000000000011110
0000000000100000
0000000000100010
0000000000100100
0000000000100110
0000000000101000
0000000000101010
0000000000101100
0000000000101110
0000000000110000
0000000000110010
0000000000110100
0000000000110110
0000000000111000
0000000000111010
0000000000111100
0000000000111110
0000000001000000
0000000001000010
0000000001000100
0000000001000110
0000000001001000
0000000001001010
0000000001001100
0000000001001110
0000000001010000
0000000001010010
0000000001010100
0000000001010110
0000000001011000
0000000001011010
0000000001011100
0000000001011110
0000000001100000
0000000001100010
0000000001100100
0000000001100110
0000000001101000
0000000001101010
0000000001101100
0000000001101110
0000000001110000
0000000001110010
0000000001110100
0000000001110110
0000000001111000
0000000001111010
0000000001111100
0000000001111110
0000000000000000
0000000000000010
0000000000000100
0000000000000110
0000000000001000
0000000000001010
0000000000001100
0000000000001110
0000000000010000
0000000000010010
0000000000010100
0000000000010110
0000000000011000
0000000000011010
0000000000011100
0000000000011110
0000000000100000
0000000000100010
0000000000100100
0000000000100110
0000000000101000
0000000000101010
0000000000101100
0000000000101110
0000000000110000
0000000000110010
0000000000110100
0000000000110110
0000000000111000
0000000000111010
0000000000111100
0000000000111110
0000000001000000
0000000001000010
0000000001000100
0000000001000110
0000000001001000
0000000001001010
0000000001001100
0000000001001110
0000000001010000
0000000001010010
0000000001010100
0000000001010110
0000000001011000
0000000001011010
0000000001011100
0000000001011110
0000000001100000
0000000001100010
0000000001100100
0000000001100110
0000000001101000
0000000001101010
0000000001101100
0000000001101110
0000000001110000
0000000001110010
0000000001110100
0000000001110110
0000000001111000
0000000001111010
0000000001111100
0000000001111110
0000000000000000
0000000000000010
0000000000000100
0000000000000110
0000000000001000
0000000000001010
0000000000001100
0000000000001110
0000000000010000
0000000000010010
0000000000010100
0000000000010110
0000000000011000
0000000000011010
0000000000011100
0000000000011110
0000000000100000
0000000000100010
0000000000100100
0000000000100110
0000000000101000
0000000000101010
0000000000101100
0000000000101110
0000000000110000
0000000000110010
0000000000110100
0000000000110110
0000000000111000
0000000000111010
0000000000111100
0000000000111110
0000000001000000
0000000001000010
0000000001000100
0000000001000110
0000000001001000
0000000001001010
0000000001001100
0000000001001110
0000000001010000
0000000001010010
0000000001010100
0000000001010110
0000000001011000
0000000001011010
0000000001011100
0000000001011110
0000000001100000
0000000001100010
0000000001100100
0000000001100110
0000000001101000
0000000001101010
0000000001101100
0000000001101110
0000000001110000
0000000001110010
0000000001110100
0000000001110110
0000000001111000
0000000001111010
0000000001111100
0000000001111110
0000000000000000
0000000000000010
0000000000000100
0000000000000110
0000000000001000
0000000000001010
0000000000001100
0000000000001110
0000000000010000
0000000000010010
0000000000010100
0000000000010110
0000000000011000
0000000000011010
0000000000011100
0000000000011110
0000000000100000
0000000000100010
0000000000100100
0000000000100110
0000000000101000
0000000000101010
0000000000101100
0000000000101110
0000000000110000
0000000000110010
0000000000110100
0000000000110110
0000000000111000
0000000000111010
0000000000111100
0000000000111110
0000000001000000
0000000001000010
0000000001000100
0000000001000110
0000000001001000
0000000001001010
0000000001001100
0000000001001110
0000000001010000
0000000001010010
0000000001010100
0000000001010110
0000000001011000
0000000001011010
0000000001011100
0000000001011110
0000000001100000
0000000001100010
0000000001100100
0000000001100110
0000000001101000
0000000001101010
0000000001101100
0000000001101110
0000000001110000
0000000001110010
0000000001110100
0000000001110110
0000000001111000
0000000001111010
0000000001111100
0000000001111110
0000000000000000
0000000000000010
0000000000000100
0000000000000110
0000000000001000
0000000000001010
0000000000001100
0000000000001110
0000000000010000
0000000000010010
0000000000010100
0000000000010110
0000000000011000
0000000000011010
0000000000011100
0000000000011110
0000000000100000
0000000000100010
0000000000100100
0000000000100110
0000000000101000
0000000000101010
0000000000101100
0000000000101110
0000000000110000
0000000000110010
0000000000110100
0000000000110110
0000000000111000
0000000000111010
0000000000111100
0000000000111110
0000000001000000
0000000001000010
0000000001000100
0000000001000110
0000000001001000
0000000001001010
0000000001001100
0000000001001110
0000000001010000
0000000001010010
0000000001010100
0000000001010110
0000000001011000
0000000001011010
0000000001011100
0000000001011110
0000000001100000
0000000001100010
0000000001100100
0000000001100110
0000000001101000
0000000001101010
0000000001101100
0000000001101110
0000000001110000
0000000001110010
0000000001110100
0000000001110110
0000000001111000
0000000001111010
0000000001111100
0000000001111110
0000000000000000
0000000000000010
0000000000000100
0000000000000110
0000000000001000
0000000000001010
0000000000001100
0000000000001110
0000000000010000
0000000000010010
0000000000010100
0000000000010110
0000000000011000
0000000000011010
0000000000011100
0000000000011110
0000000000100000
0000000000100010
0000000000100100
0000000000100110
0000000000101000
0000000000101010
0000000000101100
0000000000101110
0000000000110000
0000000000110010
0000000000110100
0000000000110110
0000000000111000
0000000000111010
0000000000111100
0000000000111110
0000000001000000
0000000001000010
0000000001000100
0000000001000110
0000000001001000
0000000001001010
0000000001001100
0000000001001110
0000000001010000
0000000001010010
0000000001010100
0000000001010110
0000000001011000
0000000001011010
0000000001011100
0000000001011110
0000000001100000
0000000001100010
0000000001100100
0000000001100110
0000000001101000
0000000001101010
0000000001101100
0000000001101110
0000000001110000
0000000001110010
0000000001110100
0000000001110110
0000000001111000
0000000001111010
0000000001111100
0000000001111110
0000000000000000
0000000000000010
0000000000000100
0000000000000110
0000000000001000
0000000000001010
0000000000001100
0000000000001110
0000000000010000
0000000000010010
0000000000010100
0000000000010110
0000000000011000
0000000000011010
0000000000011100
0000000000011110
0000000000100000
0000000000100010
0000000000100100
0000000000100110
0000000000101000
0000000000101010
0000000000101100
0000000000101110
0000000000110000
0000000000110010
0000000000110100
0000000000110110
0000000000111000
0000000000111010
0000000000111100
0000000000111110
0000000001000000
0000000001000010
0000000001000100
0000000001000110
0000000001001000
0000000001001010
0000000001001100
0000000001001110
0000000001010000
0000000001010010
0000000001010100
0000000001010110
0000000001011000
0000000001011010
0000000001011100
0000000001011110
0000000001100000
0000000001100010
0000000001100100
0000000001100110
0000000001101000
0000000001101010
0000000001101100
0000000001101110
0000000001110000
0000000001110010
0000000001110100
0000000001110110
0000000001111000
0000000001111010
0000000001111100
0000000001111110
0000000000000000
0000000000000010
0000000000000100
0000000000000110
0000000000001000
0000000000001010
0000000000001100
0000000000001110
0000000000010000
0000000000010010
0000000000010100
0000000000010110
0000000000011000
0000000000011010
0000000000011100
0000000000011110
0000000000100000
0000000000100010
0000000000100100
0000000000100110
0000000000101000
0000000000101010
0000000000101100
0000000000101110
0000000000110000
0000000000110010
0000000000110100
0000000000110110
0000000000111000
0000000000111010
0000000000111100
0000000000111110
0000000001000000
0000000001000010
0000000001000100
0000000001000110
0000000001001000
0000000001001010
0000000001001100
0000000001001110
0000000001010000
0000000001010010
0000000001010100
0000000001010110
0000000001011000
0000000001011010
0000000001011100
0000000001011110
0000000001100000
0000000001100010
0000000001100100
0000000001100110
0000000001101000
0000000001101010
0000000001101100
0000000001101110
0000000001110000
0000000001110010
0000000001110100
0000000001110110
0000000001111000
0000000001111010
0000000001111100
0000000001111110
0000000000000000
0000000000000010
0000000000000100
0000000000000110
0000000000001000
0000000000001010
0000000000001100
0000000000001110
0000000000010000
0000000000010010
0000000000010100
0000000000010110
0000000000011000
0000000000011010
0000000000011100
0000000000011110
0000000000100000
0000000000100010
0000000000100100
0000000000100110
0000000000101000
0000000000101010
0000000000101100
0000000000101110
0000000000110000
0000000000110010
0000000000110100
0000000000110110
0000000000111000
0000000000111010
0000000000111100
0000000000111110
0000000001000000
0000000001000010
0000000001000100
0000000001000110
0000000001001000
0000000001001010
0000000001001100
0000000001001110
0000000001010000
0000000001010010
0000000001010100
0000000001010110
0000000001011000
0000000001011010
0000000001011100
0000000001011110
0000000001100000
0000000001100010
0000000001100100
0000000001100110
0000000001101000
0000000001101010
0000000001101100
0000000001101110
0000000001110000
0000000001110010
0000000001110100
0000000001110110
0000000001111000
0000000001111010
0000000001111100
0000000001111110
0000000000000000
0000000000000010
0000000000000100
0000000000000110
0000000000001000
0000000000001010
0000000000001100
0000000000001110
0000000000010000
0000000000010010
0000000000010100
0000000000010110
0000000000011000
0000000000011010
0000000000011100
0000000000011110
0000000000100000
0000000000100010
0000000000100100
0000000000100110
0000000000101000
0000000000101010
0000000000101100
0000000000101110
0000000000110000
0000000000110010
0000000000110100
0000000000110110
0000000000111000
0000000000111010
0000000000111100
0000000000111110
0000000001000000
0000000001000010
0000000001000100
0000000001000110
0000000001001000
0000000001001010
0000000001001100
0000000001001110
0000000001010000
0000000001010010
0000000001010100
0000000001010110
0000000001011000
0000000001011010
0000000001011100
0000000001011110
0000000001100000
0000000001100010
0000000001100100
0000000001100110
0000000001101000
0000000001101010
0000000001101100
0000000001101110
0000000001110000
0000000001110010
0000000001110100
0000000001110110
0000000001111000
0000000001111010
0000000001111100
0000000001111110
0000000000000000
0000000000000010
0000000000000100
0000000000000110
0000000000001000
0000000000001010
0000000000001100
0000000000001110
0000000000010000
0000000000010010
0000000000010100
0000000000010110
0000000000011000
0000000000011010
0000000000011100
0000000000011110
0000000000100000
0000000000100010
0000000000100100
0000000000100110
0000000000101000
0000000000101010
0000000000101100
0000000000101110
0000000000110000
0000000000110010
0000000000110100
0000000000110110
0000000000111000
0000000000111010
0000000000111100
0000000000111110
0000000001000000
0000000001000010
0000000001000100
0000000001000110
0000000001001000
0000000001001010
0000000001001100
0000000001001110
0000000001010000
0000000001010010
0000000001010100
0000000001010110
0000000001011000
0000000001011010
0000000001011100
0000000001011110
0000000001100000
0000000001100010
0000000001100100
0000000001100110
0000000001101000
0000000001101010
0000000001101100
0000000001101110
0000000001110000
0000000001110010
0000000001110100
0000000001110110
0000000001111000
0000000001111010
0000000001111100
0000000001111110
0000000000000000
0000000000000010
0000000000000100
0000000000000110
0000000000001000
0000000000001010
0000000000001100
0000000000001110
0000000000010000
0000000000010010
0000000000010100
0000000000010110
0000000000011000
0000000000011010
0000000000011100
0000000000011110
0000000000100000
0000000000100010
0000000000100100
0000000000100110
0000000000101000
0000000000101010
0000000000101100
0000000000101110
0000000000110000
0000000000110010
0000000000110100
0000000000110110
0000000000111000
0000000000111010
0000000000111100
0000000000111110
0000000001000000
0000000001000010
0000000001000100
0000000001000110
0000000001001000
0000000001001010
0000000001001100
0000000001001110
0000000001010000
0000000001010010
0000000001010100
0000000001010110
0000000001011000
0000000001011010
0000000001011100
0000000001011110
0000000001100000
0000000001100010
0000000001100100
0000000001100110
0000000001101000
0000000001101010
0000000001101100
0000000001101110
0000000001110000
0000000001110010
0000000001110100
0000000001110110
0000000001111000
0000000001111010
0000000001111100
0000000001111110
0000000000000000
0000000000000010
0000000000000100
0000000000000110
0000000000001000
0000000000001010
0000000000001100
0000000000001110
0000000000010000
0000000000010010
0000000000010100
0000000000010110
0000000000011000
0000000000011010
0000000000011100
0000000000011110
0000000000100000
0000000000100010
0000000000100100
0000000000100110
0000000000101000
0000000000101010
0000000000101100
0000000000101110
0000000000110000
0000000000110010
0000000000110100
0000000000110110
0000000000111000
0000000000111010
0000000000111100
0000000000111110
0000000001000000
0000000001000010
0000000001000100
0000000001000110
0000000001001000
0000000001001010
0000000001001100
0000000001001110
0000000001010000
0000000001010010
0000000001010100
0000000001010110
0000000001011000
0000000001011010
0000000001011100
0000000001011110
0000000001100000
0000000001100010
0000000001100100
0000000001100110
0000000001101000
0000000001101010
0000000001101100
0000000001101110
0000000001110000
0000000001110010
0000000001110100
0000000001110110
0000000001111000
0000000001111010
0000000001111100
0000000001111110
0000000000000000
0000000000000010
0000000000000100
0000000000000110
0000000000001000
0000000000001010
0000000000001100
0000000000001110
0000000000010000
0000000000010010
0000000000010100
0000000000010110
0000000000011000
0000000000011010
0000000000011100
0000000000011110
0000000000100000
0000000000100010
0000000000100100
0000000000100110
0000000000101000
0000000000101010
0000000000101100
0000000000101110
0000000000110000
0000000000110010
0000000000110100
0000000000110110
0000000000111000
0000000000111010
0000000000111100
0000000000111110
0000000001000000
0000000001000010
0000000001000100
0000000001000110
0000000001001000
0000000001001010
0000000001001100
0000000001001110
0000000001010000
0000000001010010
0000000001010100
0000000001010110
0000000001011000
0000000001011010
0000000001011100
0000000001011110
0000000001100000
0000000001100010
0000000001100100
0000000001100110
0000000001101000
0000000001101010
0000000001101100
0000000001101110
0000000001110000
0000000001110010
0000000001110100
0000000001110110
0000000001111000
0000000001111010
0000000001111100
0000000001111110
0000000000000000
0000000000000010
0000000000000100
0000000000000110
0000000000001000
0000000000001010
0000000000001100
0000000000001110
0000000000010000
0000000000010010
0000000000010100
0000000000010110
0000000000011000
0000000000011010
0000000000011100
0000000000011110
0000000000100000
0000000000100010
0000000000100100
0000000000100110
0000000000101000
0000000000101010
0000000000101100
0000000000101110
0000000000110000
0000000000110010
0000000000110100
0000000000110110
0000000000111000
0000000000111010
0000000000111100
0000000000111110
0000000001000000
0000000001000010
0000000001000100
0000000001000110
0000000001001000
0000000001001010
0000000001001100
0000000001001110
0000000001010000
0000000001010010
0000000001010100
0000000001010110
0000000001011000
0000000001011010
0000000001011100
0000000001011110
0000000001100000
0000000001100010
0000000001100100
0000000001100110
0000000001101000
0000000001101010
0000000001101100
0000000001101110
0000000001110000
0000000001110010
0000000001110100
0000000001110110
0000000001111000
0000000001111010
0000000001111100
0000000001111110
0000000000000000
0000000000000010
0000000000000100
0000000000000110
0000000000001000
0000000000001010
0000000000001100
0000000000001110
0000000000010000
0000000000010010
0000000000010100
0000000000010110
0000000000011000
0000000000011010
0000000000011100
0000000000011110
0000000000100000
0000000000100010
0000000000100100
0000000000100110
0000000000101000
0000000000101010
0000000000101100
0000000000101110
0000000000110000
0000000000110010
0000000000110100
0000000000110110
0000000000111000
0000000000111010
0000000000111100
0000000000111110
0000000001000000
0000000001000010
0000000001000100
0000000001000110
0000000001001000
0000000001001010
0000000001001100
0000000001001110
0000000001010000
0000000001010010
0000000001010100
0000000001010110
0000000001011000
0000000001011010
0000000001011100
0000000001011110
0000000001100000
0000000001100010
0000000001100100
0000000001100110
0000000001101000
0000000001101010
0000000001101100
0000000001101110
0000000001110000
0000000001110010
0000000001110100
0000000001110110
0000000001111000
0000000001111010
0000000001111100
0000000001111110
0000000000000000
0000000000000010
0000000000000100
0000000000000110
0000000000001000
0000000000001010
0000000000001100
0000000000001110
0000000000010000
0000000000010010
0000000000010100
0000000000010110
0000000000011000
0000000000011010
0000000000011100
0000000000011110
0000000000100000
0000000000100010
0000000000100100
0000000000100110
0000000000101000
0000000000101010
0000000000101100
0000000000101110
0000000000110000
0000000000110010
0000000000110100
0000000000110110
0000000000111000
0000000000111010
0000000000111100
0000000000111110
0000000001000000
0000000001000010
0000000001000100
0000000001000110
0000000001001000
0000000001001010
0000000001001100
0000000001001110
0000000001010000
0000000001010010
0000000001010100
0000000001010110
0000000001011000
0000000001011010
0000000001011100
0000000001011110
0000000001100000
0000000001100010
0000000001100100
0000000001100110
0000000001101000
0000000001101010
0000000001101100
0000000001101110
0000000001110000
0000000001110010
0000000001110100
0000000001110110
0000000001111000
0000000001111010
0000000001111100
0000000001111110
0000000000000000
0000000000000010
0000000000000100
0000000000000110
0000000000001000
0000000000001010
0000000000001100
0000000000001110
0000000000010000
0000000000010010
0000000000010100
0000000000010110
0000000000011000
0000000000011010
0000000000011100
0000000000011110
0000000000100000
0000000000100010
0000000000100100
0000000000100110
0000000000101000
0000000000101010
0000000000101100
0000000000101110
0000000000110000
0000000000110010
0000000000110100
0000000000110110
0000000000111000
0000000000111010
0000000000111100
0000000000111110
0000000001000000
0000000001000010
0000000001000100
0000000001000110
0000000001001000
0000000001001010
0000000001001100
0000000001001110
0000000001010000
0000000001010010
0000000001010100
0000000001010110
0000000001011000
0000000001011010
0000000001011100
0000000001011110
0000000001100000
0000000001100010
0000000001100100
0000000001100110
0000000001101000
0000000001101010
0000000001101100
0000000001101110
0000000001110000
0000000001110010
0000000001110100
0000000001110110
0000000001111000
0000000001111010
0000000001111100
0000000001111110
0000000000000000
0000000000000010
0000000000000100
0000000000000110
0000000000001000
0000000000001010
0000000000001100
0000000000001110
0000000000010000
0000000000010010
0000000000010100
0000000000010110
0000000000011000
0000000000011010
0000000000011100
0000000000011110
0000000000100000
0000000000100010
0000000000100100
0000000000100110
0000000000101000
0000000000101010
0000000000101100
0000000000101110
0000000000110000
0000000000110010
0000000000110100
0000000000110110
0000000000111000
0000000000111010
0000000000111100
0000000000111110
0000000001000000
0000000001000010
0000000001000100
0000000001000110
0000000001001000
0000000001001010
0000000001001100
0000000001001110
0000000001010000
0000000001010010
0000000001010100
0000000001010110
0000000001011000
0000000001011010
0000000001011100
0000000001011110
0000000001100000
0000000001100010
0000000001100100
0000000001100110
0000000001101000
0000000001101010
0000000001101100
0000000001101110
0000000001110000
0000000001110010
0000000001110100
0000000001110110
0000000001111000
0000000001111010
0000000001111100
0000000001111110
0000000000000000
0000000000000010
0000000000000100
0000000000000110
0000000000001000
0000000000001010
0000000000001100
0000000000001110
0000000000010000
0000000000010010
0000000000010100
0000000000010110
0000000000011000
0000000000011010
0000000000011100
0000000000011110
0000000000100000
0000000000100010
0000000000100100
0000000000100110
0000000000101000
0000000000101010
0000000000101100
0000000000101110
0000000000110000
0000000000110010
0000000000110100
0000000000110110
0000000000111000
0000000000111010
0000000000111100
0000000000111110
0000000001000000
0000000001000010
0000000001000100
0000000001000110
0000000001001000
0000000001001010
0000000001001100
0000000001001110
0000000001010000
0000000001010010
0000000001010100
0000000001010110
0000000001011000
0000000001011010
0000000001011100
0000000001011110
0000000001100000
0000000001100010
0000000001100100
0000000001100110
0000000001101000
0000000001101010
0000000001101100
0000000001101110
0000000001110000
0000000001110010
0000000001110100
0000000001110110
0000000001111000
0000000001111010
0000000001111100
0000000001111110
0000000000000000
0000000000000010
0000000000000100
0000000000000110
0000000000001000
0000000000001010
0000000000001100
0000000000001110
0000000000010000
0000000000010010
0000000000010100
0000000000010110
0000000000011000
0000000000011010
0000000000011100
0000000000011110
0000000000100000
0000000000100010
0000000000100100
0000000000100110
0000000000101000
0000000000101010
0000000000101100
0000000000101110
0000000000110000
0000000000110010
0000000000110100
0000000000110110
0000000000111000
0000000000111010
0000000000111100
0000000000111110
0000000001000000
0000000001000010
0000000001000100
0000000001000110
0000000001001000
0000000001001010
0000000001001100
0000000001001110
0000000001010000
0000000001010010
0000000001010100
0000000001010110
0000000001011000
0000000001011010
0000000001011100
0000000001011110
0000000001100000
0000000001100010
0000000001100100
0000000001100110
0000000001101000
0000000001101010
0000000001101100
0000000001101110
0000000001110000
0000000001110010
0000000001110100
0000000001110110
0000000001111000
0000000001111010
0000000001111100
0000000001111110
0000000000000000
0000000000000010
0000000000000100
0000000000000110
0000000000001000
0000000000001010
0000000000001100
0000000000001110
0000000000010000
0000000000010010
0000000000010100
0000000000010110
0000000000011000
0000000000011010
0000000000011100
0000000000011110
0000000000100000
0000000000100010
0000000000100100
0000000000100110
0000000000101000
0000000000101010
0000000000101100
0000000000101110
0000000000110000
0000000000110010
0000000000110100
0000000000110110
0000000000111000
0000000000111010
0000000000111100
0000000000111110
0000000001000000
0000000001000010
0000000001000100
0000000001000110
0000000001001000
0000000001001010
0000000001001100
0000000001001110
0000000001010000
0000000001010010
0000000001010100
0000000001010110
0000000001011000
0000000001011010
0000000001011100
0000000001011110
0000000001100000
0000000001100010
0000000001100100
0000000001100110
0000000001101000
0000000001101010
0000000001101100
0000000001101110
0000000001110000
0000000001110010
0000000001110100
0000000001110110
0000000001111000
0000000001111010
0000000001111100
0000000001111110
0000000000000000
0000000000000010
0000000000000100
0000000000000110
0000000000001000
0000000000001010
0000000000001100
0000000000001110
0000000000010000
0000000000010010
0000000000010100
0000000000010110
0000000000011000
0000000000011010
0000000000011100
0000000000011110
0000000000100000
0000000000100010
0000000000100100
0000000000100110
0000000000101000
0000000000101010
0000000000101100
0000000000101110
0000000000110000
0000000000110010
0000000000110100
0000000000110110
0000000000111000
0000000000111010
0000000000111100
0000000000111110
0000000001000000
0000000001000010
0000000001000100
0000000001000110
0000000001001000
0000000001001010
0000000001001100
0000000001001110
0000000001010000
0000000001010010
0000000001010100
0000000001010110
0000000001011000
0000000001011010
0000000001011100
0000000001011110
0000000001100000
0000000001100010
0000000001100100
0000000001100110
0000000001101000
0000000001101010
0000000001101100
0000000001101110
0000000001110000
0000000001110010
0000000001110100
0000000001110110
0000000001111000
0000000001111010
0000000001111100
0000000001111110
0000000000000000
0000000000000010
0000000000000100
0000000000000110
0000000000001000
0000000000001010
0000000000001100
0000000000001110
0000000000010000
0000000000010010
0000000000010100
0000000000010110
0000000000011000
0000000000011010
0000000000011100
0000000000011110
0000000000100000
0000000000100010
0000000000100100
0000000000100110
0000000000101000
0000000000101010
0000000000101100
0000000000101110
0000000000110000
0000000000110010
0000000000110100
0000000000110110
0000000000111000
0000000000111010
0000000000111100
0000000000111110
0000000001000000
0000000001000010
0000000001000100
0000000001000110
0000000001001000
0000000001001010
0000000001001100
0000000001001110
0000000001010000
0000000001010010
0000000001010100
0000000001010110
0000000001011000
0000000001011010
0000000001011100
0000000001011110
0000000001100000
0000000001100010
0000000001100100
0000000001100110
0000000001101000
0000000001101010
0000000001101100
0000000001101110
0000000001110000
0000000001110010
0000000001110100
0000000001110110
0000000001111000
0000000001111010
0000000001111100
0000000001111110
0000000000000000
0000000000000010
0000000000000100
0000000000000110
0000000000001000
0000000000001010
0000000000001100
0000000000001110
0000000000010000
0000000000010010
0000000000010100
0000000000010110
0000000000011000
0000000000011010
0000000000011100
0000000000011110
0000000000100000
0000000000100010
0000000000100100
0000000000100110
0000000000101000
0000000000101010
0000000000101100
0000000000101110
0000000000110000
0000000000110010
0000000000110100
0000000000110110
0000000000111000
0000000000111010
0000000000111100
0000000000111110
0000000001000000
0000000001000010
0000000001000100
0000000001000110
0000000001001000
0000000001001010
0000000001001100
0000000001001110
0000000001010000
0000000001010010
0000000001010100
0000000001010110
0000000001011000
0000000001011010
0000000001011100
0000000001011110
0000000001100000
0000000001100010
0000000001100100
0000000001100110
0000000001101000
0000000001101010
0000000001101100
0000000001101110
0000000001110000
0000000001110010
0000000001110100
0000000001110110
0000000001111000
0000000001111010
0000000001111100
0000000001111110
0000000000000000
0000000000000010
0000000000000100
0000000000000110
0000000000001000
0000000000001010
0000000000001100
0000000000001110
0000000000010000
0000000000010010
0000000000010100
0000000000010110
0000000000011000
0000000000011010
0000000000011100
0000000000011110
0000000000100000
0000000000100010
0000000000100100
0000000000100110
0000000000101000
0000000000101010
0000000000101100
0000000000101110
0000000000110000
0000000000110010
0000000000110100
0000000000110110
0000000000111000
0000000000111010
0000000000111100
0000000000111110
0000000001000000
0000000001000010
0000000001000100
0000000001000110
0000000001001000
0000000001001010
0000000001001100
0000000001001110
0000000001010000
0000000001010010
0000000001010100
0000000001010110
0000000001011000
0000000001011010
0000000001011100
0000000001011110
0000000001100000
0000000001100010
0000000001100100
0000000001100110
0000000001101000
0000000001101010
0000000001101100
0000000001101110
0000000001110000
0000000001110010
0000000001110100
0000000001110110
0000000001111000
0000000001111010
0000000001111100
0000000001111110
0000000000000000
0000000000000010
0000000000000100
0000000000000110
0000000000001000
0000000000001010
0000000000001100
0000000000001110
0000000000010000
0000000000010010
0000000000010100
0000000000010110
0000000000011000
0000000000011010
0000000000011100
0000000000011110
0000000000100000
0000000000100010
0000000000100100
0000000000100110
0000000000101000
0000000000101010
0000000000101100
0000000000101110
0000000000110000
0000000000110010
0000000000110100
0000000000110110
0000000000111000
0000000000111010
0000000000111100
0000000000111110
0000000001000000
0000000001000010
0000000001000100
0000000001000110
0000000001001000
0000000001001010
0000000001001100
0000000001001110
0000000001010000
0000000001010010
0000000001010100
0000000001010110
0000000001011000
0000000001011010
0000000001011100
0000000001011110
0000000001100000
0000000001100010
0000000001100100
0000000001100110
0000000001101000
0000000001101010
0000000001101100
0000000001101110
0000000001110000
0000000001110010
0000000001110100
0000000001110110
0000000001111000
0000000001111010
0000000001111100
0000000001111110
0000000000000000
0000000000000010
0000000000000100
0000000000000110
0000000000001000
0000000000001010
0000000000001100
0000000000001110
0000000000010000
0000000000010010
0000000000010100
0000000000010110
0000000000011000
0000000000011010
0000000000011100
0000000000011110
0000000000100000
0000000000100010
0000000000100100
0000000000100110
0000000000101000
0000000000101010
0000000000101100
0000000000101110
0000000000110000
0000000000110010
0000000000110100
0000000000110110
0000000000111000
0000000000111010
0000000000111100
0000000000111110
0000000001000000
0000000001000010
0000000001000100
0000000001000110
0000000001001000
0000000001001010
0000000001001100
0000000001001110
0000000001010000
0000000001010010
0000000001010100
0000000001010110
0000000001011000
0000000001011010
0000000001011100
0000000001011110
0000000001100000
0000000001100010
0000000001100100
0000000001100110
0000000001101000
0000000001101010
0000000001101100
0000000001101110
0000000001110000
0000000001110010
0000000001110100
0000000001110110
0000000001111000
0000000001111010
0000000001111100
0000000001111110
0000000000000000
0000000000000010
0000000000000100
0000000000000110
0000000000001000
0000000000001010
0000000000001100
0000000000001110
0000000000010000
0000000000010010
0000000000010100
0000000000010110
0000000000011000
0000000000011010
0000000000011100
0000000000011110
0000000000100000
0000000000100010
0000000000100100
0000000000100110
0000000000101000
0000000000101010
0000000000101100
0000000000101110
0000000000110000
0000000000110010
0000000000110100
0000000000110110
0000000000111000
0000000000111010
0000000000111100
0000000000111110
0000000001000000
0000000001000010
0000000001000100
0000000001000110
0000000001001000
0000000001001010
0000000001001100
0000000001001110
0000000001010000
0000000001010010
0000000001010100
0000000001010110
0000000001011000
0000000001011010
0000000001011100
0000000001011110
0000000001100000
0000000001100010
0000000001100100
0000000001100110
0000000001101000
0000000001101010
0000000001101100
0000000001101110
0000000001110000
0000000001110010
0000000001110100
0000000001110110
0000000001111000
0000000001111010
0000000001111100
0000000001111110
0000000000000000
0000000000000010
0000000000000100
0000000000000110
0000000000001000
0000000000001010
0000000000001100
0000000000001110
0000000000010000
0000000000010010
0000000000010100
0000000000010110
0000000000011000
0000000000011010
0000000000011100
0000000000011110
0000000000100000
0000000000100010
0000000000100100
0000000000100110
0000000000101000
0000000000101010
0000000000101100
0000000000101110
0000000000110000
0000000000110010
0000000000110100
0000000000110110
0000000000111000
0000000000111010
0000000000111100
0000000000111110
0000000001000000
0000000001000010
0000000001000100
0000000001000110
0000000001001000
0000000001001010
0000000001001100
0000000001001110
0000000001010000
0000000001010010
0000000001010100
0000000001010110
0000000001011000
0000000001011010
0000000001011100
0000000001011110
0000000001100000
0000000001100010
0000000001100100
0000000001100110
0000000001101000
0000000001101010
0000000001101100
0000000001101110
0000000001110000
0000000001110010
0000000001110100
0000000001110110
0000000001111000
0000000001111010
0000000001111100
0000000001111110
0000000000000000
0000000000000010
0000000000000100
0000000000000110
0000000000001000
0000000000001010
0000000000001100
0000000000001110
0000000000010000
0000000000010010
0000000000010100
0000000000010110
0000000000011000
0000000000011010
0000000000011100
0000000000011110
0000000000100000
0000000000100010
0000000000100100
0000000000100110
0000000000101000
0000000000101010
0000000000101100
0000000000101110
0000000000110000
0000000000110010
0000000000110100
0000000000110110
0000000000111000
0000000000111010
0000000000111100
0000000000111110
0000000001000000
0000000001000010
0000000001000100
0000000001000110
0000000001001000
0000000001001010
0000000001001100
0000000001001110
0000000001010000
0000000001010010
0000000001010100
0000000001010110
0000000001011000
0000000001011010
0000000001011100
0000000001011110
0000000001100000
0000000001100010
0000000001100100
0000000001100110
0000000001101000
0000000001101010
0000000001101100
0000000001101110
0000000001110000
0000000001110010
0000000001110100
0000000001110110
0000000001111000
0000000001111010
0000000001111100
0000000001111110
0000000000000000
0000000000000010
0000000000000100
0000000000000110
0000000000001000
0000000000001010
0000000000001100
0000000000001110
0000000000010000
0000000000010010
0000000000010100
0000000000010110
0000000000011000
0000000000011010
0000000000011100
0000000000011110
0000000000100000
0000000000100010
0000000000100100
0000000000100110
0000000000101000
0000000000101010
0000000000101100
0000000000101110
0000000000110000
0000000000110010
0000000000110100
0000000000110110
0000000000111000
0000000000111010
0000000000111100
0000000000111110
0000000001000000
0000000001000010
0000000001000100
0000000001000110
0000000001001000
0000000001001010
0000000001001100
0000000001001110
0000000001010000
0000000001010010
0000000001010100
0000000001010110
0000000001011000
0000000001011010
0000000001011100
0000000001011110
0000000001100000
0000000001100010
0000000001100100
0000000001100110
0000000001101000
0000000001101010
0000000001101100
0000000001101110
0000000001110000
0000000001110010
0000000001110100
0000000001110110
0000000001111000
0000000001111010
0000000001111100
0000000001111110
0000000000000000
0000000000000010
0000000000000100
0000000000000110
0000000000001000
0000000000001010
0000000000001100
0000000000001110
0000000000010000
0000000000010010
0000000000010100
0000000000010110
0000000000011000
0000000000011010
0000000000011100
0000000000011110
0000000000100000
0000000000100010
0000000000100100
0000000000100110
0000000000101000
0000000000101010
0000000000101100
0000000000101110
0000000000110000
0000000000110010
0000000000110100
0000000000110110
0000000000111000
0000000000111010
0000000000111100
0000000000111110
0000000001000000
0000000001000010
0000000001000100
0000000001000110
0000000001001000
0000000001001010
0000000001001100
0000000001001110
0000000001010000
0000000001010010
0000000001010100
0000000001010110
0000000001011000
0000000001011010
0000000001011100
0000000001011110
0000000001100000
0000000001100010
0000000001100100
0000000001100110
0000000001101000
0000000001101010
0000000001101100
0000000001101110
0000000001110000
0000000001110010
0000000001110100
0000000001110110
0000000001111000
0000000001111010
0000000001111100
0000000001111110
0000000000000000
0000000000000010
0000000000000100
0000000000000110
0000000000001000
0000000000001010
0000000000001100
0000000000001110
0000000000010000
0000000000010010
0000000000010100
0000000000010110
0000000000011000
0000000000011010
0000000000011100
0000000000011110
0000000000100000
0000000000100010
0000000000100100
0000000000100110
0000000000101000
0000000000101010
0000000000101100
0000000000101110
0000000000110000
0000000000110010
0000000000110100
0000000000110110
0000000000111000
0000000000111010
0000000000111100
0000000000111110
0000000001000000
0000000001000010
0000000001000100
0000000001000110
0000000001001000
0000000001001010
0000000001001100
0000000001001110
0000000001010000
0000000001010010
0000000001010100
0000000001010110
0000000001011000
0000000001011010
0000000001011100
0000000001011110
0000000001100000
0000000001100010
0000000001100100
0000000001100110
0000000001101000
0000000001101010
0000000001101100
0000000001101110
0000000001110000
0000000001110010
0000000001110100
0000000001110110
0000000001111000
0000000001111010
0000000001111100
0000000001111110
0000000000000000
0000000000000010
0000000000000100
0000000000000110
0000000000001000
0000000000001010
0000000000001100
0000000000001110
0000000000010000
0000000000010010
0000000000010100
0000000000010110
0000000000011000
0000000000011010
0000000000011100
0000000000011110
0000000000100000
0000000000100010
0000000000100100
0000000000100110
0000000000101000
0000000000101010
0000000000101100
0000000000101110
0000000000110000
0000000000110010
0000000000110100
0000000000110110
0000000000111000
0000000000111010
0000000000111100
0000000000111110
0000000001000000
0000000001000010
0000000001000100
0000000001000110
0000000001001000
0000000001001010
0000000001001100
0000000001001110
0000000001010000
0000000001010010
0000000001010100
0000000001010110
0000000001011000
0000000001011010
0000000001011100
0000000001011110
0000000001100000
0000000001100010
0000000001100100
0000000001100110
0000000001101000
0000000001101010
0000000001101100
0000000001101110
0000000001110000
0000000001110010
0000000001110100
0000000001110110
0000000001111000
0000000001111010
0000000001111100
0000000001111110
0000000000000000
0000000000000010
0000000000000100
0000000000000110
0000000000001000
0000000000001010
0000000000001100
0000000000001110
0000000000010000
0000000000010010
0000000000010100
0000000000010110
0000000000011000
0000000000011010
0000000000011100
0000000000011110
0000000000100000
0000000000100010
0000000000100100
0000000000100110
0000000000101000
0000000000101010
0000000000101100
0000000000101110
0000000000110000
0000000000110010
0000000000110100
0000000000110110
0000000000111000
0000000000111010
0000000000111100
0000000000111110
0000000001000000
0000000001000010
0000000001000100
0000000001000110
0000000001001000
0000000001001010
0000000001001100
0000000001001110
0000000001010000
0000000001010010
0000000001010100
0000000001010110
0000000001011000
0000000001011010
0000000001011100
0000000001011110
0000000001100000
0000000001100010
0000000001100100
0000000001100110
0000000001101000
0000000001101010
0000000001101100
0000000001101110
0000000001110000
0000000001110010
0000000001110100
0000000001110110
0000000001111000
0000000001111010
0000000001111100
0000000001111110
0000000000000000
0000000000000010
0000000000000100
0000000000000110
0000000000001000
0000000000001010
0000000000001100
0000000000001110
0000000000010000
0000000000010010
0000000000010100
0000000000010110
0000000000011000
0000000000011010
0000000000011100
0000000000011110
0000000000100000
0000000000100010
0000000000100100
0000000000100110
0000000000101000
0000000000101010
0000000000101100
0000000000101110
0000000000110000
0000000000110010
0000000000110100
0000000000110110
0000000000111000
0000000000111010
0000000000111100
0000000000111110
0000000001000000
0000000001000010
0000000001000100
0000000001000110
0000000001001000
0000000001001010
0000000001001100
0000000001001110
0000000001010000
0000000001010010
0000000001010100
0000000001010110
0000000001011000
0000000001011010
0000000001011100
0000000001011110
0000000001100000
0000000001100010
0000000001100100
0000000001100110
0000000001101000
0000000001101010
0000000001101100
0000000001101110
0000000001110000
0000000001110010
0000000001110100
0000000001110110
0000000001111000
0000000001111010
0000000001111100
0000000001111110
0000000000000000
0000000000000010
0000000000000100
0000000000000110
0000000000001000
0000000000001010
0000000000001100
0000000000001110
0000000000010000
0000000000010010
0000000000010100
0000000000010110
0000000000011000
0000000000011010
0000000000011100
0000000000011110
0000000000100000
0000000000100010
0000000000100100
0000000000100110
0000000000101000
0000000000101010
0000000000101100
0000000000101110
0000000000110000
0000000000110010
0000000000110100
0000000000110110
0000000000111000
0000000000111010
0000000000111100
0000000000111110
0000000001000000
0000000001000010
0000000001000100
0000000001000110
0000000001001000
0000000001001010
0000000001001100
0000000001001110
0000000001010000
0000000001010010
0000000001010100
0000000001010110
0000000001011000
0000000001011010
0000000001011100
0000000001011110
0000000001100000
0000000001100010
0000000001100100
0000000001100110
0000000001101000
0000000001101010
0000000001101100
0000000001101110
0000000001110000
0000000001110010
0000000001110100
0000000001110110
0000000001111000
0000000001111010
0000000001111100
0000000001111110
0000000000000000
0000000000000010
0000000000000100
0000000000000110
0000000000001000
0000000000001010
0000000000001100
0000000000001110
0000000000010000
0000000000010010
0000000000010100
0000000000010110
0000000000011000
0000000000011010
0000000000011100
0000000000011110
0000000000100000
0000000000100010
0000000000100100
0000000000100110
0000000000101000
0000000000101010
0000000000101100
0000000000101110
0000000000110000
0000000000110010
0000000000110100
0000000000110110
0000000000111000
0000000000111010
0000000000111100
0000000000111110
0000000001000000
0000000001000010
0000000001000100
0000000001000110
0000000001001000
0000000001001010
0000000001001100
0000000001001110
0000000001010000
0000000001010010
0000000001010100
0000000001010110
0000000001011000
0000000001011010
0000000001011100
0000000001011110
0000000001100000
0000000001100010
0000000001100100
0000000001100110
0000000001101000
0000000001101010
0000000001101100
0000000001101110
0000000001110000
0000000001110010
0000000001110100
0000000001110110
0000000001111000
0000000001111010
0000000001111100
0000000001111110
0000000000000000
0000000000000010
0000000000000100
0000000000000110
0000000000001000
0000000000001010
0000000000001100
0000000000001110
0000000000010000
0000000000010010
0000000000010100
0000000000010110
0000000000011000
0000000000011010
0000000000011100
0000000000011110
0000000000100000
0000000000100010
0000000000100100
0000000000100110
0000000000101000
0000000000101010
0000000000101100
0000000000101110
0000000000110000
0000000000110010
0000000000110100
0000000000110110
0000000000111000
0000000000111010
0000000000111100
0000000000111110
0000000001000000
0000000001000010
0000000001000100
0000000001000110
0000000001001000
0000000001001010
0000000001001100
0000000001001110
0000000001010000
0000000001010010
0000000001010100
0000000001010110
0000000001011000
0000000001011010
0000000001011100
0000000001011110
0000000001100000
0000000001100010
0000000001100100
0000000001100110
0000000001101000
0000000001101010
0000000001101100
0000000001101110
0000000001110000
0000000001110010
0000000001110100
0000000001110110
0000000001111000
0000000001111010
0000000001111100
0000000001111110
