2025.12.01 10:33:15 INFO  Started: Metals version 1.6.4 in folders '/root/onnx_spinal_project_new' for client Visual Studio Code 1.106.3.
2025.12.01 10:33:16 WARN  Using H2 2.4.240 which is newer than the version Flyway has been verified with. The latest verified version of H2 is 2.3.232.
2025.12.01 10:44:13 INFO  no build target found for /root/onnx_spinal_project_new/hw/spinal/AxiToStream/InstAxi4ToStream128.scala. Using presentation compiler with project's scala-library version: 3.3.6
2025.12.01 10:44:14 INFO  no build target found for /root/onnx_spinal_project_new/hw/spinal/AxiToStream/InstAxi4ToStream128.scala. Using presentation compiler with project's scala-library version: 3.3.6
2025.12.01 10:44:14 WARN  no build target for: /root/onnx_spinal_project_new/hw/spinal/AxiToStream/InstAxi4ToStream128.scala
2025.12.01 10:44:15 INFO  no build target found for /root/onnx_spinal_project_new/hw/spinal/AxiToStream/InstAxi4ToStream128.scala. Using presentation compiler with project's scala-library version: 3.3.6
2025.12.01 10:44:15 WARN  Could not find semantic tokens for: file:///root/onnx_spinal_project_new/hw/spinal/AxiToStream/InstAxi4ToStream128.scala
2025.12.01 10:44:47 INFO  no build target found for /root/onnx_spinal_project_new/hw/spinal/AxiToStream/InstAxi4ToStream128.scala. Using presentation compiler with project's scala-library version: 3.3.6
2025.12.01 10:44:48 INFO  no build target found for /root/onnx_spinal_project_new/hw/spinal/AxiToStream/InstAxi4ToStream128.scala. Using presentation compiler with project's scala-library version: 3.3.6
2025.12.01 10:44:48 INFO  no build target found for /root/onnx_spinal_project_new/hw/spinal/AxiToStream/InstAxi4ToStream128.scala. Using presentation compiler with project's scala-library version: 3.3.6
2025.12.01 10:44:48 INFO  no build target found for /root/onnx_spinal_project_new/hw/spinal/AxiToStream/InstAxi4ToStream128.scala. Using presentation compiler with project's scala-library version: 3.3.6
2025.12.01 10:44:48 INFO  no build target found for /root/onnx_spinal_project_new/hw/spinal/AxiToStream/InstAxi4ToStream128.scala. Using presentation compiler with project's scala-library version: 3.3.6
2025.12.01 10:44:48 INFO  no build target found for /root/onnx_spinal_project_new/hw/spinal/AxiToStream/InstAxi4ToStream128.scala. Using presentation compiler with project's scala-library version: 3.3.6
2025.12.01 10:44:49 WARN  no build target for: /root/onnx_spinal_project_new/hw/spinal/AxiToStream/InstAxi4ToStream128.scala
2025.12.01 10:44:49 INFO  no build target found for /root/onnx_spinal_project_new/hw/spinal/AxiToStream/InstAxi4ToStream128.scala. Using presentation compiler with project's scala-library version: 3.3.6
2025.12.01 10:44:49 INFO  no build target found for /root/onnx_spinal_project_new/hw/spinal/AxiToStream/InstAxi4ToStream128.scala. Using presentation compiler with project's scala-library version: 3.3.6
2025.12.01 10:45:09 INFO  no build target found for /root/onnx_spinal_project_new/hw/spinal/AxiToStream/InstAxi4ToStream128.scala. Using presentation compiler with project's scala-library version: 3.3.6
2025.12.01 10:45:38 INFO  no build target found for /root/onnx_spinal_project_new/hw/spinal/AxiToStream/tb_InstAxi4ToStream128.scala. Using presentation compiler with project's scala-library version: 3.3.6
2025.12.01 10:45:38 WARN  no build target for: /root/onnx_spinal_project_new/hw/spinal/AxiToStream/tb_InstAxi4ToStream128.scala
2025.12.01 10:45:38 INFO  no build target found for /root/onnx_spinal_project_new/hw/spinal/AxiToStream/tb_InstAxi4ToStream128.scala. Using presentation compiler with project's scala-library version: 3.3.6
2025.12.01 10:45:38 INFO  no build target found for /root/onnx_spinal_project_new/hw/spinal/AxiToStream/InstAxi4ToStream128.scala. Using presentation compiler with project's scala-library version: 3.3.6
2025.12.01 10:45:38 INFO  no build target found for /root/onnx_spinal_project_new/hw/spinal/AxiToStream/tb_InstAxi4ToStream128.scala. Using presentation compiler with project's scala-library version: 3.3.6
2025.12.01 10:45:38 INFO  no build target found for /root/onnx_spinal_project_new/hw/spinal/AxiToStream/tb_InstAxi4ToStream128.scala. Using presentation compiler with project's scala-library version: 3.3.6
2025.12.01 10:45:44 INFO  no build target found for /root/onnx_spinal_project_new/hw/spinal/AxiToStream/tb_InstAxi4ToStream128.scala. Using presentation compiler with project's scala-library version: 3.3.6
2025.12.01 10:45:44 INFO  no build target found for /root/onnx_spinal_project_new/hw/spinal/AxiToStream/tb_InstAxi4ToStream128.scala. Using presentation compiler with project's scala-library version: 3.3.6
2025.12.01 10:45:44 INFO  no build target found for /root/onnx_spinal_project_new/hw/spinal/AxiToStream/tb_InstAxi4ToStream128.scala. Using presentation compiler with project's scala-library version: 3.3.6
2025.12.01 10:45:45 INFO  no build target found for /root/onnx_spinal_project_new/hw/spinal/AxiToStream/tb_InstAxi4ToStream128.scala. Using presentation compiler with project's scala-library version: 3.3.6
2025.12.01 10:45:46 INFO  no build target found for /root/onnx_spinal_project_new/hw/spinal/AxiToStream/tb_InstAxi4ToStream128.scala. Using presentation compiler with project's scala-library version: 3.3.6
2025.12.01 10:45:46 INFO  no build target found for /root/onnx_spinal_project_new/hw/spinal/AxiToStream/tb_InstAxi4ToStream128.scala. Using presentation compiler with project's scala-library version: 3.3.6
2025.12.01 10:45:46 INFO  no build target found for /root/onnx_spinal_project_new/hw/spinal/AxiToStream/tb_InstAxi4ToStream128.scala. Using presentation compiler with project's scala-library version: 3.3.6
2025.12.01 10:45:46 WARN  no build target for: /root/onnx_spinal_project_new/hw/spinal/AxiToStream/tb_InstAxi4ToStream128.scala
2025.12.01 10:45:46 INFO  no build target found for /root/onnx_spinal_project_new/hw/spinal/AxiToStream/tb_InstAxi4ToStream128.scala. Using presentation compiler with project's scala-library version: 3.3.6
2025.12.01 10:45:46 INFO  no build target found for /root/onnx_spinal_project_new/hw/spinal/AxiToStream/tb_InstAxi4ToStream128.scala. Using presentation compiler with project's scala-library version: 3.3.6
2025.12.01 10:45:49 WARN  no build target for: /root/onnx_spinal_project_new/hw/spinal/AxiToStream/InstAxi4ToStream128.scala
2025.12.01 10:45:49 INFO  no build target found for /root/onnx_spinal_project_new/hw/spinal/AxiToStream/InstAxi4ToStream128.scala. Using presentation compiler with project's scala-library version: 3.3.6
2025.12.01 10:45:49 INFO  no build target found for /root/onnx_spinal_project_new/hw/spinal/AxiToStream/InstAxi4ToStream128.scala. Using presentation compiler with project's scala-library version: 3.3.6
2025.12.01 10:45:49 INFO  no build target found for /root/onnx_spinal_project_new/hw/spinal/AxiToStream/InstAxi4ToStream128.scala. Using presentation compiler with project's scala-library version: 3.3.6
2025.12.01 10:45:52 WARN  no build target for: /root/onnx_spinal_project_new/hw/spinal/AxiToStream/tb_InstAxi4ToStream128.scala
2025.12.01 10:45:52 INFO  no build target found for /root/onnx_spinal_project_new/hw/spinal/AxiToStream/tb_InstAxi4ToStream128.scala. Using presentation compiler with project's scala-library version: 3.3.6
2025.12.01 10:45:52 INFO  no build target found for /root/onnx_spinal_project_new/hw/spinal/AxiToStream/tb_InstAxi4ToStream128.scala. Using presentation compiler with project's scala-library version: 3.3.6
2025.12.01 10:45:52 INFO  no build target found for /root/onnx_spinal_project_new/hw/spinal/AxiToStream/tb_InstAxi4ToStream128.scala. Using presentation compiler with project's scala-library version: 3.3.6
2025.12.01 10:45:52 INFO  no build target found for /root/onnx_spinal_project_new/hw/spinal/AxiToStream/tb_InstAxi4ToStream128.scala. Using presentation compiler with project's scala-library version: 3.3.6
2025.12.01 10:45:52 INFO  no build target found for /root/onnx_spinal_project_new/hw/spinal/AxiToStream/tb_InstAxi4ToStream128.scala. Using presentation compiler with project's scala-library version: 3.3.6
2025.12.01 10:45:52 INFO  no build target found for /root/onnx_spinal_project_new/hw/spinal/AxiToStream/tb_InstAxi4ToStream128.scala. Using presentation compiler with project's scala-library version: 3.3.6
Dec 01, 2025 10:45:56 AM org.eclipse.lsp4j.jsonrpc.services.GenericEndpoint notify
INFO: Unsupported notification method: $/setTrace
Dec 01, 2025 10:45:57 AM org.eclipse.lsp4j.jsonrpc.services.GenericEndpoint notify
INFO: Unsupported notification method: $/setTrace
2025.12.01 10:46:35 INFO  no build target found for /root/onnx_spinal_project_new/hw/spinal/ReLUFunction/ReLU_function.scala. Using presentation compiler with project's scala-library version: 3.3.6
2025.12.01 10:46:35 INFO  no build target found for /root/onnx_spinal_project_new/hw/spinal/ReLUFunction/ReLU_function.scala. Using presentation compiler with project's scala-library version: 3.3.6
2025.12.01 10:46:37 INFO  no build target found for /root/onnx_spinal_project_new/hw/spinal/ReLUFunction/ReLU_function.scala. Using presentation compiler with project's scala-library version: 3.3.6
2025.12.01 10:46:37 INFO  no build target found for /root/onnx_spinal_project_new/hw/spinal/ReLUFunction/ReLU_function.scala. Using presentation compiler with project's scala-library version: 3.3.6
2025.12.01 10:46:37 INFO  no build target found for /root/onnx_spinal_project_new/hw/spinal/ReLUFunction/ReLUFunctionTest.scala. Using presentation compiler with project's scala-library version: 3.3.6
2025.12.01 10:46:38 INFO  no build target found for /root/onnx_spinal_project_new/hw/spinal/ReLUFunction/ReLUFunctionTest.scala. Using presentation compiler with project's scala-library version: 3.3.6
2025.12.01 10:46:42 INFO  no build target found for /root/onnx_spinal_project_new/hw/spinal/ReLUFunction/ReLUFunctionTest.scala. Using presentation compiler with project's scala-library version: 3.3.6
2025.12.01 10:46:43 INFO  no build target found for /root/onnx_spinal_project_new/hw/spinal/ReLUFunction/ReLUFunctionTest.scala. Using presentation compiler with project's scala-library version: 3.3.6
2025.12.01 10:46:43 WARN  no build target for: /root/onnx_spinal_project_new/hw/spinal/AxiToStream/tb_InstAxi4ToStream128.scala
2025.12.01 10:46:43 INFO  no build target found for /root/onnx_spinal_project_new/hw/spinal/AxiToStream/tb_InstAxi4ToStream128.scala. Using presentation compiler with project's scala-library version: 3.3.6
2025.12.01 10:46:43 INFO  no build target found for /root/onnx_spinal_project_new/hw/spinal/AxiToStream/tb_InstAxi4ToStream128.scala. Using presentation compiler with project's scala-library version: 3.3.6
2025.12.01 10:46:43 INFO  no build target found for /root/onnx_spinal_project_new/hw/spinal/AxiToStream/tb_InstAxi4ToStream128.scala. Using presentation compiler with project's scala-library version: 3.3.6
2025.12.01 10:46:44 INFO  no build target found for /root/onnx_spinal_project_new/hw/spinal/AxiToStream/tb_InstAxi4ToStream128.scala. Using presentation compiler with project's scala-library version: 3.3.6
2025.12.01 10:46:44 INFO  no build target found for /root/onnx_spinal_project_new/hw/spinal/AxiToStream/tb_InstAxi4ToStream128.scala. Using presentation compiler with project's scala-library version: 3.3.6
2025.12.01 10:46:47 INFO  no build target found for /root/onnx_spinal_project_new/hw/spinal/AxiToStream/tb_InstAxi4ToStream128.scala. Using presentation compiler with project's scala-library version: 3.3.6
2025.12.01 10:46:49 INFO  no build target found for /root/onnx_spinal_project_new/hw/spinal/AxiToStream/tb_InstAxi4ToStream128.scala. Using presentation compiler with project's scala-library version: 3.3.6
2025.12.01 10:46:49 INFO  no build target found for /root/onnx_spinal_project_new/hw/spinal/AxiToStream/tb_InstAxi4ToStream128.scala. Using presentation compiler with project's scala-library version: 3.3.6
2025.12.01 10:46:50 INFO  no build target found for /root/onnx_spinal_project_new/hw/spinal/AxiToStream/tb_InstAxi4ToStream128.scala. Using presentation compiler with project's scala-library version: 3.3.6
2025.12.01 10:47:07 INFO  no build target found for /root/onnx_spinal_project_new/hw/spinal/AxiToStream/tb_InstAxi4ToStream128.scala. Using presentation compiler with project's scala-library version: 3.3.6
2025.12.01 10:47:07 INFO  no build target found for /root/onnx_spinal_project_new/hw/spinal/AxiToStream/tb_InstAxi4ToStream128.scala. Using presentation compiler with project's scala-library version: 3.3.6
2025.12.01 10:47:50 INFO  no build target found for /root/onnx_spinal_project_new/hw/spinal/AxiToStream/tb_InstAxi4ToStream128.scala. Using presentation compiler with project's scala-library version: 3.3.6
2025.12.01 10:47:56 INFO  no build target found for /root/onnx_spinal_project_new/hw/spinal/ReLUFunction/ReLUFunctionTest.scala. Using presentation compiler with project's scala-library version: 3.3.6
2025.12.01 10:47:56 INFO  no build target found for /root/onnx_spinal_project_new/hw/spinal/ReLUFunction/ReLUFunctionTest.scala. Using presentation compiler with project's scala-library version: 3.3.6
Dec 01, 2025 10:47:56 AM org.eclipse.lsp4j.jsonrpc.RemoteEndpoint handleCancellation
WARNING: Unmatched cancel notification for request id 107
2025.12.01 10:47:56 INFO  no build target found for /root/onnx_spinal_project_new/hw/spinal/ReLUFunction/ReLUFunctionTest.scala. Using presentation compiler with project's scala-library version: 3.3.6
2025.12.01 10:47:57 INFO  no build target found for /root/onnx_spinal_project_new/hw/spinal/ReLUFunction/ReLUFunctionTest.scala. Using presentation compiler with project's scala-library version: 3.3.6
2025.12.01 10:50:55 INFO  no build target found for /root/onnx_spinal_project_new/hw/spinal/ReLUFunction/ReLUFunctionTest.scala. Using presentation compiler with project's scala-library version: 3.3.6
Dec 01, 2025 10:51:01 AM org.eclipse.lsp4j.jsonrpc.services.GenericEndpoint notify
INFO: Unsupported notification method: $/setTrace
2025.12.01 10:51:07 WARN  no build target for: /root/onnx_spinal_project_new/hw/spinal/AxiToStream/tb_InstAxi4ToStream128.scala
2025.12.01 10:51:07 INFO  no build target found for /root/onnx_spinal_project_new/hw/spinal/AxiToStream/tb_InstAxi4ToStream128.scala. Using presentation compiler with project's scala-library version: 3.3.6
2025.12.01 10:51:08 INFO  no build target found for /root/onnx_spinal_project_new/hw/spinal/AxiToStream/tb_InstAxi4ToStream128.scala. Using presentation compiler with project's scala-library version: 3.3.6
2025.12.01 10:51:07 INFO  no build target found for /root/onnx_spinal_project_new/hw/spinal/AxiToStream/tb_InstAxi4ToStream128.scala. Using presentation compiler with project's scala-library version: 3.3.6
2025.12.01 10:51:07 INFO  no build target found for /root/onnx_spinal_project_new/hw/spinal/AxiToStream/tb_InstAxi4ToStream128.scala. Using presentation compiler with project's scala-library version: 3.3.6
2025.12.01 10:51:07 INFO  no build target found for /root/onnx_spinal_project_new/hw/spinal/AxiToStream/tb_InstAxi4ToStream128.scala. Using presentation compiler with project's scala-library version: 3.3.6
2025.12.01 10:51:09 INFO  no build target found for /root/onnx_spinal_project_new/hw/spinal/AxiToStream/tb_InstAxi4ToStream128.scala. Using presentation compiler with project's scala-library version: 3.3.6
2025.12.01 10:51:09 WARN  no build target for: /root/onnx_spinal_project_new/hw/spinal/AxiToStream/tb_InstAxi4ToStream128.scala
2025.12.01 10:51:09 INFO  no build target found for /root/onnx_spinal_project_new/hw/spinal/AxiToStream/tb_InstAxi4ToStream128.scala. Using presentation compiler with project's scala-library version: 3.3.6
2025.12.01 10:51:09 INFO  no build target found for /root/onnx_spinal_project_new/hw/spinal/AxiToStream/tb_InstAxi4ToStream128.scala. Using presentation compiler with project's scala-library version: 3.3.6
2025.12.01 10:52:57 INFO  no build target found for /root/onnx_spinal_project_new/hw/spinal/AxiToStream/InstAxi4ToStream128.scala. Using presentation compiler with project's scala-library version: 3.3.6
2025.12.01 10:52:57 WARN  no build target for: /root/onnx_spinal_project_new/hw/spinal/AxiToStream/InstAxi4ToStream128.scala
2025.12.01 10:52:57 INFO  no build target found for /root/onnx_spinal_project_new/hw/spinal/AxiToStream/InstAxi4ToStream128.scala. Using presentation compiler with project's scala-library version: 3.3.6
2025.12.01 10:52:57 INFO  no build target found for /root/onnx_spinal_project_new/hw/spinal/AxiToStream/InstAxi4ToStream128.scala. Using presentation compiler with project's scala-library version: 3.3.6
2025.12.01 10:53:05 INFO  no build target found for /root/onnx_spinal_project_new/hw/spinal/AxiToStream/InstAxi4ToStream128.scala. Using presentation compiler with project's scala-library version: 3.3.6
2025.12.01 10:53:05 INFO  no build target found for /root/onnx_spinal_project_new/hw/spinal/AxiToStream/InstAxi4ToStream128.scala. Using presentation compiler with project's scala-library version: 3.3.6
Dec 01, 2025 10:53:05 AM org.eclipse.lsp4j.jsonrpc.RemoteEndpoint handleCancellation
WARNING: Unmatched cancel notification for request id 159
2025.12.01 10:53:05 INFO  no build target found for /root/onnx_spinal_project_new/hw/spinal/AxiToStream/InstAxi4ToStream128.scala. Using presentation compiler with project's scala-library version: 3.3.6
2025.12.01 10:53:06 INFO  no build target found for /root/onnx_spinal_project_new/hw/spinal/AxiToStream/InstAxi4ToStream128.scala. Using presentation compiler with project's scala-library version: 3.3.6
2025.12.01 10:53:06 INFO  no build target found for /root/onnx_spinal_project_new/hw/spinal/AxiToStream/InstAxi4ToStream128.scala. Using presentation compiler with project's scala-library version: 3.3.6
2025.12.01 10:53:10 INFO  no build target found for /root/onnx_spinal_project_new/hw/spinal/AxiToStream/InstAxi4ToStream128.scala. Using presentation compiler with project's scala-library version: 3.3.6
2025.12.01 10:53:10 INFO  no build target found for /root/onnx_spinal_project_new/hw/spinal/AxiToStream/InstAxi4ToStream128.scala. Using presentation compiler with project's scala-library version: 3.3.6
2025.12.01 10:53:11 INFO  no build target found for /root/onnx_spinal_project_new/hw/spinal/AxiToStream/InstAxi4ToStream128.scala. Using presentation compiler with project's scala-library version: 3.3.6
2025.12.01 10:53:11 INFO  no build target found for /root/onnx_spinal_project_new/hw/spinal/AxiToStream/InstAxi4ToStream128.scala. Using presentation compiler with project's scala-library version: 3.3.6
2025.12.01 10:53:11 INFO  no build target found for /root/onnx_spinal_project_new/hw/spinal/AxiToStream/InstAxi4ToStream128.scala. Using presentation compiler with project's scala-library version: 3.3.6
2025.12.01 10:53:13 INFO  no build target found for /root/onnx_spinal_project_new/hw/spinal/AxiToStream/InstAxi4ToStream128.scala. Using presentation compiler with project's scala-library version: 3.3.6
2025.12.01 10:53:13 INFO  no build target found for /root/onnx_spinal_project_new/hw/spinal/AxiToStream/InstAxi4ToStream128.scala. Using presentation compiler with project's scala-library version: 3.3.6
2025.12.01 10:53:13 INFO  no build target found for /root/onnx_spinal_project_new/hw/spinal/AxiToStream/InstAxi4ToStream128.scala. Using presentation compiler with project's scala-library version: 3.3.6
2025.12.01 10:53:14 WARN  no build target for: /root/onnx_spinal_project_new/hw/spinal/AxiToStream/InstAxi4ToStream128.scala
2025.12.01 10:53:14 INFO  no build target found for /root/onnx_spinal_project_new/hw/spinal/AxiToStream/InstAxi4ToStream128.scala. Using presentation compiler with project's scala-library version: 3.3.6
2025.12.01 10:53:14 INFO  no build target found for /root/onnx_spinal_project_new/hw/spinal/AxiToStream/InstAxi4ToStream128.scala. Using presentation compiler with project's scala-library version: 3.3.6
2025.12.01 10:54:03 INFO  no build target found for /root/onnx_spinal_project_new/hw/spinal/AxiToStream/InstAxi4ToStream128.scala. Using presentation compiler with project's scala-library version: 3.3.6
2025.12.01 10:54:05 INFO  no build target found for /root/onnx_spinal_project_new/hw/spinal/AxiToStream/InstAxi4ToStream128.scala. Using presentation compiler with project's scala-library version: 3.3.6
2025.12.01 10:54:38 INFO  no build target found for /root/onnx_spinal_project_new/hw/spinal/AxiToStream/InstAxi4ToStream128.scala. Using presentation compiler with project's scala-library version: 3.3.6
2025.12.01 12:30:58 INFO  Started: Metals version 1.6.4 in folders '/root/onnx_spinal_project_new' for client Visual Studio Code 1.106.3.
2025.12.01 12:30:58 WARN  Using H2 2.4.240 which is newer than the version Flyway has been verified with. The latest verified version of H2 is 2.3.232.
Dec 01, 2025 12:30:59 PM org.eclipse.lsp4j.jsonrpc.services.GenericEndpoint notify
INFO: Unsupported notification method: $/setTrace
2025.12.01 12:30:58 INFO  no build target found for /root/onnx_spinal_project_new/hw/spinal/AxiToStream/InstAxi4ToStream128.scala. Using presentation compiler with project's scala-library version: 3.3.6
2025.12.01 12:31:00 INFO  no build target found for /root/onnx_spinal_project_new/hw/spinal/AxiToStream/InstAxi4ToStream128.scala. Using presentation compiler with project's scala-library version: 3.3.6
2025.12.01 12:31:00 INFO  no build target found for /root/onnx_spinal_project_new/hw/spinal/AxiToStream/InstAxi4ToStream128.scala. Using presentation compiler with project's scala-library version: 3.3.6
2025.12.01 12:31:00 INFO  no build target found for /root/onnx_spinal_project_new/hw/spinal/AxiToStream/InstAxi4ToStream128.scala. Using presentation compiler with project's scala-library version: 3.3.6
2025.12.01 12:31:02 WARN  Build server is not auto-connectable.
2025.12.01 12:31:02 INFO  no build target found for /root/onnx_spinal_project_new/hw/spinal/AxiToStream/InstAxi4ToStream128.scala. Using presentation compiler with project's scala-library version: 3.3.6
2025.12.01 12:31:02 WARN  no build target for: /root/onnx_spinal_project_new/hw/spinal/AxiToStream/InstAxi4ToStream128.scala
2025.12.01 12:31:02 INFO  no build target found for /root/onnx_spinal_project_new/hw/spinal/AxiToStream/InstAxi4ToStream128.scala. Using presentation compiler with project's scala-library version: 3.3.6
2025.12.01 12:31:40 INFO  no build target found for /root/onnx_spinal_project_new/hw/spinal/AxiToStream/InstAxi4ToStream128.scala. Using presentation compiler with project's scala-library version: 3.3.6
2025.12.01 12:31:49 WARN  no build target for: /root/onnx_spinal_project_new/hw/spinal/AxiToStream/InstAxi4ToStream128.scala
2025.12.01 12:31:49 INFO  no build target found for /root/onnx_spinal_project_new/hw/spinal/AxiToStream/InstAxi4ToStream128.scala. Using presentation compiler with project's scala-library version: 3.3.6
2025.12.01 12:44:40 INFO  Started: Metals version 1.6.4 in folders '/root/onnx_spinal_project_new' for client Visual Studio Code 1.106.3.
2025.12.01 12:44:44 WARN  Using H2 2.4.240 which is newer than the version Flyway has been verified with. The latest verified version of H2 is 2.3.232.
2025.12.01 12:44:44 INFO  no build target found for /root/onnx_spinal_project_new/hw/spinal/AxiToStream/InstAxi4ToStream128.scala. Using presentation compiler with project's scala-library version: 3.3.6
2025.12.01 12:44:45 INFO  no build target found for /root/onnx_spinal_project_new/hw/spinal/AxiToStream/InstAxi4ToStream128.scala. Using presentation compiler with project's scala-library version: 3.3.6
2025.12.01 12:44:45 INFO  no build target found for /root/onnx_spinal_project_new/hw/spinal/AxiToStream/InstAxi4ToStream128.scala. Using presentation compiler with project's scala-library version: 3.3.6
2025.12.01 12:44:45 INFO  no build target found for /root/onnx_spinal_project_new/hw/spinal/AxiToStream/InstAxi4ToStream128.scala. Using presentation compiler with project's scala-library version: 3.3.6
2025.12.01 12:44:45 INFO  no build target found for /root/onnx_spinal_project_new/hw/spinal/AxiToStream/InstAxi4ToStream128.scala. Using presentation compiler with project's scala-library version: 3.3.6
Dec 01, 2025 12:44:45 PM org.eclipse.lsp4j.jsonrpc.RemoteEndpoint handleCancellation
WARNING: Unmatched cancel notification for request id 7
Dec 01, 2025 12:44:45 PM org.eclipse.lsp4j.jsonrpc.RemoteEndpoint handleCancellation
WARNING: Unmatched cancel notification for request id 8
2025.12.01 12:46:26 INFO  no build target found for /root/onnx_spinal_project_new/hw/spinal/AxiToStream/InstAxi4ToStream128.scala. Using presentation compiler with project's scala-library version: 3.3.6
2025.12.01 13:08:00 INFO  Started: Metals version 1.6.4 in folders '/root/onnx_spinal_project_new' for client Visual Studio Code 1.106.3.
2025.12.01 13:08:04 WARN  Using H2 2.4.240 which is newer than the version Flyway has been verified with. The latest verified version of H2 is 2.3.232.
2025.12.01 13:08:04 INFO  no build target found for /root/onnx_spinal_project_new/hw/spinal/AxiToStream/InstAxi4ToStream128.scala. Using presentation compiler with project's scala-library version: 3.3.6
2025.12.01 13:08:06 INFO  no build target found for /root/onnx_spinal_project_new/hw/spinal/AxiToStream/InstAxi4ToStream128.scala. Using presentation compiler with project's scala-library version: 3.3.6
2025.12.01 13:08:24 INFO  no build target found for /root/onnx_spinal_project_new/hw/spinal/AxiToStream/InstAxi4ToStream128.scala. Using presentation compiler with project's scala-library version: 3.3.6
2025.12.01 13:08:26 INFO  no build target found for /root/onnx_spinal_project_new/hw/spinal/AxiToStream/InstAxi4ToStream128.scala. Using presentation compiler with project's scala-library version: 3.3.6
2025.12.01 13:08:36 WARN  Build server is not auto-connectable.
2025.12.01 13:08:36 INFO  no build target found for /root/onnx_spinal_project_new/hw/spinal/AxiToStream/InstAxi4ToStream128.scala. Using presentation compiler with project's scala-library version: 3.3.6
2025.12.01 13:08:36 WARN  no build target for: /root/onnx_spinal_project_new/hw/spinal/AxiToStream/InstAxi4ToStream128.scala
2025.12.01 13:08:36 INFO  no build target found for /root/onnx_spinal_project_new/hw/spinal/AxiToStream/InstAxi4ToStream128.scala. Using presentation compiler with project's scala-library version: 3.3.6
2025.12.01 13:08:36 INFO  no build target found for /root/onnx_spinal_project_new/hw/spinal/AxiToStream/InstAxi4ToStream128.scala. Using presentation compiler with project's scala-library version: 3.3.6
2025.12.01 13:08:39 INFO  running '/root/.local/share/coursier/bin/sbt -Dbloop.export-jar-classifiers=sources bloopInstall'
2025.12.01 13:08:40 WARN  no build target for: /root/onnx_spinal_project_new/project/metals.sbt
2025.12.01 13:08:39 WARN  no build target for: /root/onnx_spinal_project_new/project/project/metals.sbt
2025.12.01 13:08:40 INFO  no build target found for /root/onnx_spinal_project_new/project/metals.sbt. Using presentation compiler with project's scala-library version: 3.3.6
2025.12.01 13:08:40 INFO  skipping build import with status 'Started'
2025.12.01 13:08:40 INFO  no build target found for /root/onnx_spinal_project_new/hw/spinal/AxiToStream/InstAxi4ToStream128.scala. Using presentation compiler with project's scala-library version: 3.3.6
2025.12.01 13:08:40 INFO  no build target found for /root/onnx_spinal_project_new/project/project/metals.sbt. Using presentation compiler with project's scala-library version: 3.3.6
2025.12.01 13:08:41 INFO  [info] welcome to sbt 1.6.0 (Red Hat, Inc. Java 17.0.14)
2025.12.01 13:08:42 INFO  [info] loading settings for project onnx_spinal_project_new-build-build-build from metals.sbt ...
2025.12.01 13:08:42 INFO  [info] loading project definition from /root/onnx_spinal_project_new/project/project/project
2025.12.01 13:08:44 INFO  [info] loading settings for project onnx_spinal_project_new-build-build from metals.sbt ...
2025.12.01 13:08:44 INFO  [info] loading project definition from /root/onnx_spinal_project_new/project/project
2025.12.01 13:08:45 INFO  [success] Generated .bloop/onnx_spinal_project_new-build-build.json
2025.12.01 13:08:45 INFO  [success] Total time: 1 s, completed Dec 1, 2025, 1:08:46 PM
2025.12.01 13:08:45 INFO  [info] loading settings for project onnx_spinal_project_new-build from metals.sbt,plugins.sbt ...
2025.12.01 13:08:45 INFO  [info] loading project definition from /root/onnx_spinal_project_new/project
2025.12.01 13:08:47 INFO  [success] Generated .bloop/onnx_spinal_project_new-build.json
2025.12.01 13:08:47 INFO  [success] Total time: 1 s, completed Dec 1, 2025, 1:08:47 PM
2025.12.01 13:08:49 INFO  [info] loading settings for project Onnx_SpinalHDL from build.sbt ...
2025.12.01 13:08:49 INFO  [info] set current project to Onnx_SpinalHDL (in build file:/root/onnx_spinal_project_new/)
2025.12.01 13:08:51 INFO  [success] Generated .bloop/Onnx_SpinalHDL-test.json
2025.12.01 13:08:51 INFO  [success] Generated .bloop/Onnx_SpinalHDL.json
2025.12.01 13:08:51 INFO  [success] Total time: 2 s, completed Dec 1, 2025, 1:08:51 PM
2025.12.01 13:08:52 INFO  time: ran 'sbt bloopInstall' in 12s
2025.12.01 13:08:52 INFO  Attempting to connect to the build server...
2025.12.01 13:08:52 INFO  No running Bloop server found, starting one.
2025.12.01 13:08:52 INFO  Starting compilation server
2025.12.01 13:08:53 INFO  tracing is disabled for protocol BSP, to enable tracing of incoming and outgoing JSON messages create an empty file at /root/onnx_spinal_project_new/.metals/bsp.trace.json or /root/.cache/metals/bsp.trace.json
2025.12.01 13:08:53 INFO  Attempting to connect to the build server...
2025.12.01 13:08:53 INFO  Found a Bloop server running
2025.12.01 13:08:53 INFO  Attempting to connect to the build server...
2025.12.01 13:08:53 INFO  Found a Bloop server running
2025.12.01 13:08:54 INFO  tracing is disabled for protocol BSP, to enable tracing of incoming and outgoing JSON messages create an empty file at /root/onnx_spinal_project_new/project/project/.metals/bsp.trace.json or /root/.cache/metals/bsp.trace.json
2025.12.01 13:08:54 INFO  tracing is disabled for protocol BSP, to enable tracing of incoming and outgoing JSON messages create an empty file at /root/onnx_spinal_project_new/project/.metals/bsp.trace.json or /root/.cache/metals/bsp.trace.json
2025.12.01 13:08:54 INFO  no build target found for /root/onnx_spinal_project_new/hw/spinal/AxiToStream/InstAxi4ToStream128.scala. Using presentation compiler with project's scala-library version: 3.3.6
2025.12.01 13:08:55 INFO  time: Connected to build server in 3.52s
2025.12.01 13:08:55 INFO  Connected to Build server: Bloop v2.0.17
2025.12.01 13:08:56 INFO  time: Imported build in 0.15s
2025.12.01 13:08:56 WARN  2.12.15 is no longer supported in the current Metals versions, using the last known supported version 1.3.3
2025.12.01 13:08:56 WARN  2.13.14 is no longer supported in the current Metals versions, using the last known supported version 1.6.3
2025.12.01 13:08:59 INFO  Created report: Optional[file:///root/onnx_spinal_project_new/sw/java/test/java/org/forwarder/backend/impls/dl4j/opsets/aiOnnx/v13/ops/DL4JCastV13Test.java]
2025.12.01 13:08:59 INFO  QDox parse error in file:///root/onnx_spinal_project_new/sw/java/test/java/org/forwarder/backend/impls/dl4j/opsets/aiOnnx/v13/ops/DL4JCastV13Test.java (full report at: "/root/onnx_spinal_project_new/.metals/.reports/metals-full/2025-12-01/r_qdox-error_(Onnx_5fSpinalHDL-test)_13-08-59-057.md")
2025.12.01 13:08:59 WARN  Could not find java sources in /usr/lib/jvm/src.zip, /usr/lib/jvm/lib/src.zip, /usr/lib/jvm/java-17-openjdk/src.zip, /usr/lib/jvm/java-17-openjdk/lib/src.zip, /usr/lib/jvm/src.zip, /usr/lib/jvm/lib/src.zip, /usr/lib/jvm/java-17-openjdk-17.0.14.0.7-2.el9.x86_64/src.zip, /usr/lib/jvm/java-17-openjdk-17.0.14.0.7-2.el9.x86_64/lib/src.zip. Java symbols will not be available.
2025.12.01 13:08:59 INFO  Created report: Optional[file:///root/onnx_spinal_project_new/jar:file:/root/.cache/coursier/v1/https/repo1.maven.org/maven2/com/github/spinalhdl/spinalhdl-core_2.13/1.11.0/spinalhdl-core_2.13-1.11.0-sources.jar!/spinal/core/Data.scala]
2025.12.01 13:08:59 INFO  expected identifier; obtained def (full report at: "/root/onnx_spinal_project_new/.metals/.reports/metals/2025-12-01/r_scala-toplevel-mtags_13-09-00-536.md")
2025.12.01 13:08:59 INFO  Created report: Optional[file:///root/onnx_spinal_project_new/jar:file:/root/.cache/coursier/v1/https/repo1.maven.org/maven2/com/github/spinalhdl/spinalhdl-core_2.13/1.11.0/spinalhdl-core_2.13-1.11.0-sources.jar!/spinal/core/Data.scala]
2025.12.01 13:08:59 INFO  expected identifier; obtained def (full report at: "/root/onnx_spinal_project_new/.metals/.reports/metals/2025-12-01/r_scala-toplevel-mtags_13-09-00-546.md")
2025.12.01 13:09:09 INFO  time: indexed workspace in 13s
2025.12.01 13:09:09 INFO  compiling onnx_spinalhdl (131 scala sources and 447 java sources)
2025.12.01 13:09:30 WARN  68 deprecations
2025.12.01 13:09:30 WARN  1 deprecation (since 2.11.0)
2025.12.01 13:09:30 WARN  4 deprecations (since 2.12.16)
2025.12.01 13:09:30 WARN  10 deprecations (since 2.13.0)
2025.12.01 13:09:30 WARN  63 deprecations (since 2.13.3)
2025.12.01 13:09:30 WARN  1 deprecation (since 2.13.4)
2025.12.01 13:09:30 WARN  147 deprecations in total; re-run with -deprecation for details
2025.12.01 13:09:30 WARN  165 feature warnings; re-run with -feature for details
2025.12.01 13:09:37 INFO  compiling onnx_spinalhdl-test (98 java sources)
2025.12.01 13:09:37 INFO  time: compiled Onnx_SpinalHDL in 27s
2025.12.01 13:09:41 INFO  time: compiled Onnx_SpinalHDL-test in 4.11s
2025.12.01 13:10:27 INFO  running '/root/.local/share/coursier/bin/sbt -Dbloop.export-jar-classifiers=sources bloopInstall'
2025.12.01 13:10:28 INFO  [info] welcome to sbt 1.6.0 (Red Hat, Inc. Java 17.0.14)
2025.12.01 13:10:28 INFO  [info] loading settings for project onnx_spinal_project_new-build-build-build from metals.sbt ...
2025.12.01 13:10:29 INFO  [info] loading project definition from /root/onnx_spinal_project_new/project/project/project
2025.12.01 13:10:29 INFO  [info] loading settings for project onnx_spinal_project_new-build-build from metals.sbt ...
2025.12.01 13:10:29 INFO  [info] loading project definition from /root/onnx_spinal_project_new/project/project
2025.12.01 13:10:31 INFO  [success] Generated .bloop/onnx_spinal_project_new-build-build.json
2025.12.01 13:10:31 INFO  [success] Total time: 1 s, completed Dec 1, 2025, 1:10:31 PM
2025.12.01 13:10:31 INFO  [info] loading settings for project onnx_spinal_project_new-build from metals.sbt,plugins.sbt ...
2025.12.01 13:10:31 INFO  [info] loading project definition from /root/onnx_spinal_project_new/project
2025.12.01 13:10:31 INFO  [success] Generated .bloop/onnx_spinal_project_new-build.json
2025.12.01 13:10:31 INFO  [success] Total time: 0 s, completed Dec 1, 2025, 1:10:31 PM
2025.12.01 13:10:31 INFO  [info] loading settings for project Onnx_SpinalHDL from build.sbt ...
2025.12.01 13:10:31 INFO  [info] set current project to Onnx_SpinalHDL (in build file:/root/onnx_spinal_project_new/)
2025.12.01 13:10:32 INFO  [success] Generated .bloop/Onnx_SpinalHDL.json
2025.12.01 13:10:32 INFO  [success] Generated .bloop/Onnx_SpinalHDL-test.json
2025.12.01 13:10:32 INFO  [success] Total time: 0 s, completed Dec 1, 2025, 1:10:32 PM
2025.12.01 13:10:33 INFO  time: ran 'sbt bloopInstall' in 5.99s
2025.12.01 13:10:33 INFO  Disconnecting from Bloop session...
2025.12.01 13:10:33 INFO  Shut down connection with build server.
2025.12.01 13:10:33 INFO  Shut down connection with build server.
2025.12.01 13:10:33 INFO  Shut down connection with build server.
2025.12.01 13:10:33 INFO  Attempting to connect to the build server...
2025.12.01 13:10:33 INFO  Found a Bloop server running
2025.12.01 13:10:33 INFO  tracing is disabled for protocol BSP, to enable tracing of incoming and outgoing JSON messages create an empty file at /root/onnx_spinal_project_new/.metals/bsp.trace.json or /root/.cache/metals/bsp.trace.json
2025.12.01 13:10:33 INFO  Attempting to connect to the build server...
2025.12.01 13:10:33 INFO  Found a Bloop server running
2025.12.01 13:10:33 INFO  Attempting to connect to the build server...
2025.12.01 13:10:33 INFO  Found a Bloop server running
2025.12.01 13:10:33 INFO  tracing is disabled for protocol BSP, to enable tracing of incoming and outgoing JSON messages create an empty file at /root/onnx_spinal_project_new/project/project/.metals/bsp.trace.json or /root/.cache/metals/bsp.trace.json
2025.12.01 13:10:33 INFO  tracing is disabled for protocol BSP, to enable tracing of incoming and outgoing JSON messages create an empty file at /root/onnx_spinal_project_new/project/.metals/bsp.trace.json or /root/.cache/metals/bsp.trace.json
2025.12.01 13:10:33 INFO  time: Connected to build server in 0.22s
2025.12.01 13:10:33 INFO  Connected to Build server: Bloop v2.0.17
2025.12.01 13:10:34 INFO  QDox parse error in file:///root/onnx_spinal_project_new/sw/java/test/java/org/forwarder/backend/impls/dl4j/opsets/aiOnnx/v13/ops/DL4JCastV13Test.java (full report at: "/root/onnx_spinal_project_new/.metals/.reports/metals-full/2025-12-01/r_qdox-error_(Onnx_5fSpinalHDL-test)_13-08-59-057.md")
2025.12.01 13:10:35 WARN  Could not find java sources in /usr/lib/jvm/src.zip, /usr/lib/jvm/lib/src.zip, /usr/lib/jvm/java-17-openjdk/src.zip, /usr/lib/jvm/java-17-openjdk/lib/src.zip, /usr/lib/jvm/src.zip, /usr/lib/jvm/lib/src.zip, /usr/lib/jvm/java-17-openjdk-17.0.14.0.7-2.el9.x86_64/src.zip, /usr/lib/jvm/java-17-openjdk-17.0.14.0.7-2.el9.x86_64/lib/src.zip. Java symbols will not be available.
2025.12.01 13:10:35 INFO  time: indexed workspace in 2.39s
2025.12.01 13:12:18 INFO  compiling onnx_spinalhdl (2 scala sources)
2025.12.01 13:12:20 INFO  time: compiled Onnx_SpinalHDL in 2.03s
2025.12.01 13:12:24 INFO  compiling onnx_spinalhdl (1 scala source)
2025.12.01 13:12:25 INFO  time: compiled Onnx_SpinalHDL in 1.11s
2025.12.01 13:12:32 INFO  compiling onnx_spinalhdl (1 scala source)
2025.12.01 13:12:32 INFO  time: compiled Onnx_SpinalHDL in 0.22s
2025.12.01 13:12:35 INFO  running '/root/.local/share/coursier/bin/sbt -Dbloop.export-jar-classifiers=sources bloopInstall'
2025.12.01 13:12:36 INFO  [info] welcome to sbt 1.6.0 (Red Hat, Inc. Java 17.0.14)
2025.12.01 13:12:36 INFO  [info] loading settings for project onnx_spinal_project_new-build-build-build from metals.sbt ...
2025.12.01 13:12:38 INFO  [info] loading project definition from /root/onnx_spinal_project_new/project/project/project
2025.12.01 13:12:38 INFO  [info] loading settings for project onnx_spinal_project_new-build-build from metals.sbt ...
2025.12.01 13:12:38 INFO  [info] loading project definition from /root/onnx_spinal_project_new/project/project
2025.12.01 13:12:40 INFO  [success] Generated .bloop/onnx_spinal_project_new-build-build.json
2025.12.01 13:12:40 INFO  [success] Total time: 1 s, completed Dec 1, 2025, 1:12:40 PM
2025.12.01 13:12:40 INFO  [info] loading settings for project onnx_spinal_project_new-build from metals.sbt,plugins.sbt ...
2025.12.01 13:12:40 INFO  [info] loading project definition from /root/onnx_spinal_project_new/project
2025.12.01 13:12:40 INFO  [success] Generated .bloop/onnx_spinal_project_new-build.json
2025.12.01 13:12:40 INFO  [success] Total time: 0 s, completed Dec 1, 2025, 1:12:40 PM
2025.12.01 13:12:41 INFO  [info] loading settings for project Onnx_SpinalHDL from build.sbt ...
2025.12.01 13:12:41 INFO  [info] set current project to Onnx_SpinalHDL (in build file:/root/onnx_spinal_project_new/)
2025.12.01 13:12:41 INFO  [success] Generated .bloop/Onnx_SpinalHDL.json
2025.12.01 13:12:41 INFO  [success] Generated .bloop/Onnx_SpinalHDL-test.json
2025.12.01 13:12:41 INFO  [success] Total time: 0 s, completed Dec 1, 2025, 1:12:41 PM
2025.12.01 13:12:42 INFO  time: ran 'sbt bloopInstall' in 6.3s
2025.12.01 13:12:42 INFO  Disconnecting from Bloop session...
2025.12.01 13:12:42 INFO  Shut down connection with build server.
2025.12.01 13:12:42 INFO  Shut down connection with build server.
2025.12.01 13:12:42 INFO  Shut down connection with build server.
2025.12.01 13:12:42 INFO  Attempting to connect to the build server...
2025.12.01 13:12:42 INFO  Found a Bloop server running
2025.12.01 13:12:42 INFO  tracing is disabled for protocol BSP, to enable tracing of incoming and outgoing JSON messages create an empty file at /root/onnx_spinal_project_new/.metals/bsp.trace.json or /root/.cache/metals/bsp.trace.json
2025.12.01 13:12:42 INFO  Attempting to connect to the build server...
2025.12.01 13:12:42 INFO  Found a Bloop server running
2025.12.01 13:12:42 INFO  Attempting to connect to the build server...
2025.12.01 13:12:42 INFO  Found a Bloop server running
2025.12.01 13:12:42 INFO  tracing is disabled for protocol BSP, to enable tracing of incoming and outgoing JSON messages create an empty file at /root/onnx_spinal_project_new/project/.metals/bsp.trace.json or /root/.cache/metals/bsp.trace.json
2025.12.01 13:12:42 INFO  tracing is disabled for protocol BSP, to enable tracing of incoming and outgoing JSON messages create an empty file at /root/onnx_spinal_project_new/project/project/.metals/bsp.trace.json or /root/.cache/metals/bsp.trace.json
2025.12.01 13:12:42 INFO  time: Connected to build server in 0.23s
2025.12.01 13:12:42 INFO  Connected to Build server: Bloop v2.0.17
2025.12.01 13:12:44 INFO  QDox parse error in file:///root/onnx_spinal_project_new/sw/java/test/java/org/forwarder/backend/impls/dl4j/opsets/aiOnnx/v13/ops/DL4JCastV13Test.java (full report at: "/root/onnx_spinal_project_new/.metals/.reports/metals-full/2025-12-01/r_qdox-error_(Onnx_5fSpinalHDL-test)_13-08-59-057.md")
2025.12.01 13:12:44 WARN  Could not find java sources in /usr/lib/jvm/src.zip, /usr/lib/jvm/lib/src.zip, /usr/lib/jvm/java-17-openjdk/src.zip, /usr/lib/jvm/java-17-openjdk/lib/src.zip, /usr/lib/jvm/src.zip, /usr/lib/jvm/lib/src.zip, /usr/lib/jvm/java-17-openjdk-17.0.14.0.7-2.el9.x86_64/src.zip, /usr/lib/jvm/java-17-openjdk-17.0.14.0.7-2.el9.x86_64/lib/src.zip. Java symbols will not be available.
2025.12.01 13:12:44 INFO  time: indexed workspace in 2.05s
2025.12.01 13:12:44 INFO  compiling onnx_spinalhdl (1 scala source)
2025.12.01 13:12:44 INFO  time: compiled Onnx_SpinalHDL in 0.18s
2025.12.01 13:13:18 INFO  compiling onnx_spinalhdl (1 scala source)
2025.12.01 13:13:18 INFO  time: compiled Onnx_SpinalHDL in 0.16s
Dec 01, 2025 1:13:53 PM org.eclipse.lsp4j.jsonrpc.RemoteEndpoint handleCancellation
WARNING: Unmatched cancel notification for request id 216
Dec 01, 2025 1:14:38 PM org.eclipse.lsp4j.jsonrpc.RemoteEndpoint handleCancellation
WARNING: Unmatched cancel notification for request id 281
Dec 01, 2025 1:14:38 PM org.eclipse.lsp4j.jsonrpc.RemoteEndpoint handleCancellation
WARNING: Unmatched cancel notification for request id 285
2025.12.01 13:14:46 INFO  compiling onnx_spinalhdl (1 scala source)
2025.12.01 13:14:46 INFO  time: compiled Onnx_SpinalHDL in 0.2s
Dec 01, 2025 1:15:22 PM scala.meta.internal.mtags.SymbolIndexBucket addMtagsSourceFile
WARNING: Error indexing /root/onnx_spinal_project_new/hw/spinal/AxiToStream/InstAxi4ToStream128.scala
java.nio.file.NoSuchFileException: /root/onnx_spinal_project_new/hw/spinal/AxiToStream/InstAxi4ToStream128.scala
	at java.base/sun.nio.fs.UnixException.translateToIOException(UnixException.java:92)
	at java.base/sun.nio.fs.UnixException.rethrowAsIOException(UnixException.java:106)
	at java.base/sun.nio.fs.UnixException.rethrowAsIOException(UnixException.java:111)
	at java.base/sun.nio.fs.UnixFileSystemProvider.newByteChannel(UnixFileSystemProvider.java:218)
	at java.base/java.nio.file.Files.newByteChannel(Files.java:380)
	at java.base/java.nio.file.Files.newByteChannel(Files.java:432)
	at java.base/java.nio.file.Files.readAllBytes(Files.java:3288)
	at scala.meta.internal.io.PlatformFileIO$.slurp(PlatformFileIO.scala:42)
	at scala.meta.internal.io.FileIO$.slurp(FileIO.scala:18)
	at scala.meta.internal.mtags.ScalametaCommonEnrichments$XtensionAbsolutePath.toInput(ScalametaCommonEnrichments.scala:513)
	at scala.meta.internal.mtags.Mtags.index(Mtags.scala:101)
	at scala.meta.internal.mtags.Mtags.allSymbols(Mtags.scala:21)
	at scala.meta.internal.mtags.SymbolIndexBucket.allSymbols(SymbolIndexBucket.scala:291)
	at scala.meta.internal.mtags.SymbolIndexBucket.addMtagsSourceFile(SymbolIndexBucket.scala:302)
	at scala.meta.internal.mtags.SymbolIndexBucket.$anonfun$query0$7(SymbolIndexBucket.scala:234)
	at scala.meta.internal.mtags.SymbolIndexBucket.$anonfun$query0$7$adapted(SymbolIndexBucket.scala:229)
	at scala.collection.IterableOnceOps.foreach(IterableOnce.scala:630)
	at scala.collection.IterableOnceOps.foreach$(IterableOnce.scala:628)
	at scala.collection.AbstractIterable.foreach(Iterable.scala:936)
	at scala.collection.IterableOps$WithFilter.foreach(Iterable.scala:906)
	at scala.meta.internal.mtags.SymbolIndexBucket.query0(SymbolIndexBucket.scala:229)
	at scala.meta.internal.mtags.SymbolIndexBucket.query(SymbolIndexBucket.scala:191)
	at scala.meta.internal.mtags.OnDemandSymbolIndex.$anonfun$findSymbolDefinition$1(OnDemandSymbolIndex.scala:143)
	at scala.collection.immutable.List.flatMap(List.scala:283)
	at scala.meta.internal.mtags.OnDemandSymbolIndex.findSymbolDefinition(OnDemandSymbolIndex.scala:143)
	at scala.meta.internal.mtags.OnDemandSymbolIndex.definitions(OnDemandSymbolIndex.scala:58)
	at scala.meta.internal.metals.DestinationProvider.definition(DefinitionProvider.scala:469)
	at scala.meta.internal.metals.DestinationProvider.fromSymbol(DefinitionProvider.scala:507)
	at scala.meta.internal.metals.DestinationProvider.fromSymbol(DefinitionProvider.scala:550)
	at scala.meta.internal.metals.DefinitionProvider.definitionResult$1(DefinitionProvider.scala:354)
	at scala.meta.internal.metals.DefinitionProvider.$anonfun$definitionFromSnapshot$2(DefinitionProvider.scala:360)
	at scala.Option.flatMap(Option.scala:283)
	at scala.meta.internal.metals.DefinitionProvider.definitionFromSnapshot(DefinitionProvider.scala:360)
	at scala.meta.internal.metals.DefinitionProvider.$anonfun$definition$2(DefinitionProvider.scala:116)
	at scala.Option.map(Option.scala:242)
	at scala.meta.internal.metals.DefinitionProvider.fromSemanticDb$1(DefinitionProvider.scala:116)
	at scala.meta.internal.metals.DefinitionProvider.$anonfun$definition$11(DefinitionProvider.scala:146)
	at scala.meta.internal.metals.DefinitionProvider.$anonfun$definition$15(DefinitionProvider.scala:153)
	at scala.concurrent.impl.Promise$Transformation.run(Promise.scala:503)
	at java.base/java.util.concurrent.ThreadPoolExecutor.runWorker(ThreadPoolExecutor.java:1136)
	at java.base/java.util.concurrent.ThreadPoolExecutor$Worker.run(ThreadPoolExecutor.java:635)
	at java.base/java.lang.Thread.run(Thread.java:840)

Dec 01, 2025 1:15:22 PM scala.meta.internal.mtags.SymbolIndexBucket addMtagsSourceFile
WARNING: Error indexing /root/onnx_spinal_project_new/hw/spinal/AxiToStream/InstAxi4ToStream128.scala
java.nio.file.NoSuchFileException: /root/onnx_spinal_project_new/hw/spinal/AxiToStream/InstAxi4ToStream128.scala
	at java.base/sun.nio.fs.UnixException.translateToIOException(UnixException.java:92)
	at java.base/sun.nio.fs.UnixException.rethrowAsIOException(UnixException.java:106)
	at java.base/sun.nio.fs.UnixException.rethrowAsIOException(UnixException.java:111)
	at java.base/sun.nio.fs.UnixFileSystemProvider.newByteChannel(UnixFileSystemProvider.java:218)
	at java.base/java.nio.file.Files.newByteChannel(Files.java:380)
	at java.base/java.nio.file.Files.newByteChannel(Files.java:432)
	at java.base/java.nio.file.Files.readAllBytes(Files.java:3288)
	at scala.meta.internal.io.PlatformFileIO$.slurp(PlatformFileIO.scala:42)
	at scala.meta.internal.io.FileIO$.slurp(FileIO.scala:18)
	at scala.meta.internal.mtags.ScalametaCommonEnrichments$XtensionAbsolutePath.toInput(ScalametaCommonEnrichments.scala:513)
	at scala.meta.internal.mtags.Mtags.index(Mtags.scala:101)
	at scala.meta.internal.mtags.Mtags.allSymbols(Mtags.scala:21)
	at scala.meta.internal.mtags.SymbolIndexBucket.allSymbols(SymbolIndexBucket.scala:291)
	at scala.meta.internal.mtags.SymbolIndexBucket.addMtagsSourceFile(SymbolIndexBucket.scala:302)
	at scala.meta.internal.mtags.SymbolIndexBucket.addMtagsSourceFile(SymbolIndexBucket.scala:313)
	at scala.meta.internal.mtags.SymbolIndexBucket.$anonfun$query0$7(SymbolIndexBucket.scala:234)
	at scala.meta.internal.mtags.SymbolIndexBucket.$anonfun$query0$7$adapted(SymbolIndexBucket.scala:229)
	at scala.collection.IterableOnceOps.foreach(IterableOnce.scala:630)
	at scala.collection.IterableOnceOps.foreach$(IterableOnce.scala:628)
	at scala.collection.AbstractIterable.foreach(Iterable.scala:936)
	at scala.collection.IterableOps$WithFilter.foreach(Iterable.scala:906)
	at scala.meta.internal.mtags.SymbolIndexBucket.query0(SymbolIndexBucket.scala:229)
	at scala.meta.internal.mtags.SymbolIndexBucket.query(SymbolIndexBucket.scala:191)
	at scala.meta.internal.mtags.OnDemandSymbolIndex.$anonfun$findSymbolDefinition$1(OnDemandSymbolIndex.scala:143)
	at scala.collection.immutable.List.flatMap(List.scala:283)
	at scala.meta.internal.mtags.OnDemandSymbolIndex.findSymbolDefinition(OnDemandSymbolIndex.scala:143)
	at scala.meta.internal.mtags.OnDemandSymbolIndex.definitions(OnDemandSymbolIndex.scala:58)
	at scala.meta.internal.metals.DestinationProvider.definition(DefinitionProvider.scala:469)
	at scala.meta.internal.metals.DestinationProvider.fromSymbol(DefinitionProvider.scala:507)
	at scala.meta.internal.metals.DestinationProvider.fromSymbol(DefinitionProvider.scala:550)
	at scala.meta.internal.metals.DefinitionProvider.definitionResult$1(DefinitionProvider.scala:354)
	at scala.meta.internal.metals.DefinitionProvider.$anonfun$definitionFromSnapshot$2(DefinitionProvider.scala:360)
	at scala.Option.flatMap(Option.scala:283)
	at scala.meta.internal.metals.DefinitionProvider.definitionFromSnapshot(DefinitionProvider.scala:360)
	at scala.meta.internal.metals.DefinitionProvider.$anonfun$definition$2(DefinitionProvider.scala:116)
	at scala.Option.map(Option.scala:242)
	at scala.meta.internal.metals.DefinitionProvider.fromSemanticDb$1(DefinitionProvider.scala:116)
	at scala.meta.internal.metals.DefinitionProvider.$anonfun$definition$11(DefinitionProvider.scala:146)
	at scala.meta.internal.metals.DefinitionProvider.$anonfun$definition$15(DefinitionProvider.scala:153)
	at scala.concurrent.impl.Promise$Transformation.run(Promise.scala:503)
	at java.base/java.util.concurrent.ThreadPoolExecutor.runWorker(ThreadPoolExecutor.java:1136)
	at java.base/java.util.concurrent.ThreadPoolExecutor$Worker.run(ThreadPoolExecutor.java:635)
	at java.base/java.lang.Thread.run(Thread.java:840)

2025.12.01 13:15:22 INFO  Created report: Optional[file:///root/onnx_spinal_project_new/hw/spinal/playGround/tb_InstAxi4ToStream128.scala]
2025.12.01 13:15:22 INFO  empty definition using pc, found symbol in pc: playGround/InstAxi4ToStream128_Config.apply(). (full report at: "/root/onnx_spinal_project_new/.metals/.reports/metals-full/2025-12-01/r_empty-definition_(Onnx_5fSpinalHDL)_13-15-22-878.md")
Dec 01, 2025 1:17:00 PM org.eclipse.lsp4j.jsonrpc.RemoteEndpoint handleNotification
WARNING: Notification threw an exception: {
  "jsonrpc": "2.0",
  "method": "metals/didFocusTextDocument",
  "params": [
    "vscode-local:/c%3A/accelerator_projects/hw_spinal/systolic_array/TB_InstAxi4ToStream128.scala"
  ]
}
java.nio.file.FileSystemNotFoundException: Provider "vscode-local" not installed
	at java.base/java.nio.file.Path.of(Path.java:212)
	at java.base/java.nio.file.Paths.get(Paths.java:98)
	at scala.meta.internal.mtags.MtagsEnrichments$XtensionURIMtags.toAbsolutePath(MtagsEnrichments.scala:149)
	at scala.meta.internal.mtags.MtagsEnrichments$XtensionStringMtags.toAbsolutePath(MtagsEnrichments.scala:209)
	at scala.meta.internal.metals.MetalsEnrichments$XtensionString.toAbsolutePath(MetalsEnrichments.scala:778)
	at scala.meta.internal.metals.MetalsEnrichments$XtensionString.toAbsolutePath(MetalsEnrichments.scala:775)
	at scala.meta.internal.metals.WorkspaceLspService.didFocus(WorkspaceLspService.scala:789)
	at scala.meta.metals.lsp.DelegatingScalaService.didFocus(DelegatingScalaService.scala:42)
	at java.base/jdk.internal.reflect.NativeMethodAccessorImpl.invoke0(Native Method)
	at java.base/jdk.internal.reflect.NativeMethodAccessorImpl.invoke(NativeMethodAccessorImpl.java:77)
	at java.base/jdk.internal.reflect.DelegatingMethodAccessorImpl.invoke(DelegatingMethodAccessorImpl.java:43)
	at java.base/java.lang.reflect.Method.invoke(Method.java:569)
	at org.eclipse.lsp4j.jsonrpc.services.GenericEndpoint.lambda$recursiveFindRpcMethods$0(GenericEndpoint.java:65)
	at org.eclipse.lsp4j.jsonrpc.services.GenericEndpoint.notify(GenericEndpoint.java:160)
	at org.eclipse.lsp4j.jsonrpc.RemoteEndpoint.handleNotification(RemoteEndpoint.java:231)
	at org.eclipse.lsp4j.jsonrpc.RemoteEndpoint.consume(RemoteEndpoint.java:198)
	at org.eclipse.lsp4j.jsonrpc.json.StreamMessageProducer.handleMessage(StreamMessageProducer.java:185)
	at org.eclipse.lsp4j.jsonrpc.json.StreamMessageProducer.listen(StreamMessageProducer.java:97)
	at org.eclipse.lsp4j.jsonrpc.json.ConcurrentMessageProcessor.run(ConcurrentMessageProcessor.java:114)
	at java.base/java.util.concurrent.Executors$RunnableAdapter.call(Executors.java:539)
	at java.base/java.util.concurrent.FutureTask.run(FutureTask.java:264)
	at java.base/java.util.concurrent.ThreadPoolExecutor.runWorker(ThreadPoolExecutor.java:1136)
	at java.base/java.util.concurrent.ThreadPoolExecutor$Worker.run(ThreadPoolExecutor.java:635)
	at java.base/java.lang.Thread.run(Thread.java:840)

2025.12.01 13:17:04 INFO  compiling onnx_spinalhdl (2 scala sources)
2025.12.01 13:17:06 INFO  time: compiled Onnx_SpinalHDL in 1.45s
Dec 01, 2025 1:17:14 PM org.eclipse.lsp4j.jsonrpc.RemoteEndpoint handleNotification
WARNING: Notification threw an exception: {
  "jsonrpc": "2.0",
  "method": "metals/didFocusTextDocument",
  "params": [
    "vscode-local:/c%3A/accelerator_projects/hw_spinal/systolic_array/InstAxi4ToStream128.scala"
  ]
}
java.nio.file.FileSystemNotFoundException: Provider "vscode-local" not installed
	at java.base/java.nio.file.Path.of(Path.java:212)
	at java.base/java.nio.file.Paths.get(Paths.java:98)
	at scala.meta.internal.mtags.MtagsEnrichments$XtensionURIMtags.toAbsolutePath(MtagsEnrichments.scala:149)
	at scala.meta.internal.mtags.MtagsEnrichments$XtensionStringMtags.toAbsolutePath(MtagsEnrichments.scala:209)
	at scala.meta.internal.metals.MetalsEnrichments$XtensionString.toAbsolutePath(MetalsEnrichments.scala:778)
	at scala.meta.internal.metals.MetalsEnrichments$XtensionString.toAbsolutePath(MetalsEnrichments.scala:775)
	at scala.meta.internal.metals.WorkspaceLspService.didFocus(WorkspaceLspService.scala:789)
	at scala.meta.metals.lsp.DelegatingScalaService.didFocus(DelegatingScalaService.scala:42)
	at jdk.internal.reflect.GeneratedMethodAccessor14.invoke(Unknown Source)
	at java.base/jdk.internal.reflect.DelegatingMethodAccessorImpl.invoke(DelegatingMethodAccessorImpl.java:43)
	at java.base/java.lang.reflect.Method.invoke(Method.java:569)
	at org.eclipse.lsp4j.jsonrpc.services.GenericEndpoint.lambda$recursiveFindRpcMethods$0(GenericEndpoint.java:65)
	at org.eclipse.lsp4j.jsonrpc.services.GenericEndpoint.notify(GenericEndpoint.java:160)
	at org.eclipse.lsp4j.jsonrpc.RemoteEndpoint.handleNotification(RemoteEndpoint.java:231)
	at org.eclipse.lsp4j.jsonrpc.RemoteEndpoint.consume(RemoteEndpoint.java:198)
	at org.eclipse.lsp4j.jsonrpc.json.StreamMessageProducer.handleMessage(StreamMessageProducer.java:185)
	at org.eclipse.lsp4j.jsonrpc.json.StreamMessageProducer.listen(StreamMessageProducer.java:97)
	at org.eclipse.lsp4j.jsonrpc.json.ConcurrentMessageProcessor.run(ConcurrentMessageProcessor.java:114)
	at java.base/java.util.concurrent.Executors$RunnableAdapter.call(Executors.java:539)
	at java.base/java.util.concurrent.FutureTask.run(FutureTask.java:264)
	at java.base/java.util.concurrent.ThreadPoolExecutor.runWorker(ThreadPoolExecutor.java:1136)
	at java.base/java.util.concurrent.ThreadPoolExecutor$Worker.run(ThreadPoolExecutor.java:635)
	at java.base/java.lang.Thread.run(Thread.java:840)

Dec 01, 2025 1:17:14 PM org.eclipse.lsp4j.jsonrpc.RemoteEndpoint handleNotification
WARNING: Notification threw an exception: {
  "jsonrpc": "2.0",
  "method": "metals/didFocusTextDocument",
  "params": [
    "vscode-local:/c%3A/accelerator_projects/hw_spinal/systolic_array/TB_InstAxi4ToStream128.scala"
  ]
}
java.nio.file.FileSystemNotFoundException: Provider "vscode-local" not installed
	at java.base/java.nio.file.Path.of(Path.java:212)
	at java.base/java.nio.file.Paths.get(Paths.java:98)
	at scala.meta.internal.mtags.MtagsEnrichments$XtensionURIMtags.toAbsolutePath(MtagsEnrichments.scala:149)
	at scala.meta.internal.mtags.MtagsEnrichments$XtensionStringMtags.toAbsolutePath(MtagsEnrichments.scala:209)
	at scala.meta.internal.metals.MetalsEnrichments$XtensionString.toAbsolutePath(MetalsEnrichments.scala:778)
	at scala.meta.internal.metals.MetalsEnrichments$XtensionString.toAbsolutePath(MetalsEnrichments.scala:775)
	at scala.meta.internal.metals.WorkspaceLspService.didFocus(WorkspaceLspService.scala:789)
	at scala.meta.metals.lsp.DelegatingScalaService.didFocus(DelegatingScalaService.scala:42)
	at jdk.internal.reflect.GeneratedMethodAccessor14.invoke(Unknown Source)
	at java.base/jdk.internal.reflect.DelegatingMethodAccessorImpl.invoke(DelegatingMethodAccessorImpl.java:43)
	at java.base/java.lang.reflect.Method.invoke(Method.java:569)
	at org.eclipse.lsp4j.jsonrpc.services.GenericEndpoint.lambda$recursiveFindRpcMethods$0(GenericEndpoint.java:65)
	at org.eclipse.lsp4j.jsonrpc.services.GenericEndpoint.notify(GenericEndpoint.java:160)
	at org.eclipse.lsp4j.jsonrpc.RemoteEndpoint.handleNotification(RemoteEndpoint.java:231)
	at org.eclipse.lsp4j.jsonrpc.RemoteEndpoint.consume(RemoteEndpoint.java:198)
	at org.eclipse.lsp4j.jsonrpc.json.StreamMessageProducer.handleMessage(StreamMessageProducer.java:185)
	at org.eclipse.lsp4j.jsonrpc.json.StreamMessageProducer.listen(StreamMessageProducer.java:97)
	at org.eclipse.lsp4j.jsonrpc.json.ConcurrentMessageProcessor.run(ConcurrentMessageProcessor.java:114)
	at java.base/java.util.concurrent.Executors$RunnableAdapter.call(Executors.java:539)
	at java.base/java.util.concurrent.FutureTask.run(FutureTask.java:264)
	at java.base/java.util.concurrent.ThreadPoolExecutor.runWorker(ThreadPoolExecutor.java:1136)
	at java.base/java.util.concurrent.ThreadPoolExecutor$Worker.run(ThreadPoolExecutor.java:635)
	at java.base/java.lang.Thread.run(Thread.java:840)

Dec 01, 2025 1:17:18 PM org.eclipse.lsp4j.jsonrpc.RemoteEndpoint handleNotification
WARNING: Notification threw an exception: {
  "jsonrpc": "2.0",
  "method": "metals/didFocusTextDocument",
  "params": [
    "vscode-local:/c%3A/accelerator_projects/hw_spinal/systolic_array/InstAxi4ToStream128.scala"
  ]
}
java.nio.file.FileSystemNotFoundException: Provider "vscode-local" not installed
	at java.base/java.nio.file.Path.of(Path.java:212)
	at java.base/java.nio.file.Paths.get(Paths.java:98)
	at scala.meta.internal.mtags.MtagsEnrichments$XtensionURIMtags.toAbsolutePath(MtagsEnrichments.scala:149)
	at scala.meta.internal.mtags.MtagsEnrichments$XtensionStringMtags.toAbsolutePath(MtagsEnrichments.scala:209)
	at scala.meta.internal.metals.MetalsEnrichments$XtensionString.toAbsolutePath(MetalsEnrichments.scala:778)
	at scala.meta.internal.metals.MetalsEnrichments$XtensionString.toAbsolutePath(MetalsEnrichments.scala:775)
	at scala.meta.internal.metals.WorkspaceLspService.didFocus(WorkspaceLspService.scala:789)
	at scala.meta.metals.lsp.DelegatingScalaService.didFocus(DelegatingScalaService.scala:42)
	at jdk.internal.reflect.GeneratedMethodAccessor14.invoke(Unknown Source)
	at java.base/jdk.internal.reflect.DelegatingMethodAccessorImpl.invoke(DelegatingMethodAccessorImpl.java:43)
	at java.base/java.lang.reflect.Method.invoke(Method.java:569)
	at org.eclipse.lsp4j.jsonrpc.services.GenericEndpoint.lambda$recursiveFindRpcMethods$0(GenericEndpoint.java:65)
	at org.eclipse.lsp4j.jsonrpc.services.GenericEndpoint.notify(GenericEndpoint.java:160)
	at org.eclipse.lsp4j.jsonrpc.RemoteEndpoint.handleNotification(RemoteEndpoint.java:231)
	at org.eclipse.lsp4j.jsonrpc.RemoteEndpoint.consume(RemoteEndpoint.java:198)
	at org.eclipse.lsp4j.jsonrpc.json.StreamMessageProducer.handleMessage(StreamMessageProducer.java:185)
	at org.eclipse.lsp4j.jsonrpc.json.StreamMessageProducer.listen(StreamMessageProducer.java:97)
	at org.eclipse.lsp4j.jsonrpc.json.ConcurrentMessageProcessor.run(ConcurrentMessageProcessor.java:114)
	at java.base/java.util.concurrent.Executors$RunnableAdapter.call(Executors.java:539)
	at java.base/java.util.concurrent.FutureTask.run(FutureTask.java:264)
	at java.base/java.util.concurrent.ThreadPoolExecutor.runWorker(ThreadPoolExecutor.java:1136)
	at java.base/java.util.concurrent.ThreadPoolExecutor$Worker.run(ThreadPoolExecutor.java:635)
	at java.base/java.lang.Thread.run(Thread.java:840)

Dec 01, 2025 1:18:14 PM org.eclipse.lsp4j.jsonrpc.RemoteEndpoint handleNotification
WARNING: Notification threw an exception: {
  "jsonrpc": "2.0",
  "method": "metals/didFocusTextDocument",
  "params": [
    "vscode-local:/c%3A/accelerator_projects/hw_spinal/systolic_array/TB_InstAxi4ToStream128.scala"
  ]
}
java.nio.file.FileSystemNotFoundException: Provider "vscode-local" not installed
	at java.base/java.nio.file.Path.of(Path.java:212)
	at java.base/java.nio.file.Paths.get(Paths.java:98)
	at scala.meta.internal.mtags.MtagsEnrichments$XtensionURIMtags.toAbsolutePath(MtagsEnrichments.scala:149)
	at scala.meta.internal.mtags.MtagsEnrichments$XtensionStringMtags.toAbsolutePath(MtagsEnrichments.scala:209)
	at scala.meta.internal.metals.MetalsEnrichments$XtensionString.toAbsolutePath(MetalsEnrichments.scala:778)
	at scala.meta.internal.metals.MetalsEnrichments$XtensionString.toAbsolutePath(MetalsEnrichments.scala:775)
	at scala.meta.internal.metals.WorkspaceLspService.didFocus(WorkspaceLspService.scala:789)
	at scala.meta.metals.lsp.DelegatingScalaService.didFocus(DelegatingScalaService.scala:42)
	at jdk.internal.reflect.GeneratedMethodAccessor14.invoke(Unknown Source)
	at java.base/jdk.internal.reflect.DelegatingMethodAccessorImpl.invoke(DelegatingMethodAccessorImpl.java:43)
	at java.base/java.lang.reflect.Method.invoke(Method.java:569)
	at org.eclipse.lsp4j.jsonrpc.services.GenericEndpoint.lambda$recursiveFindRpcMethods$0(GenericEndpoint.java:65)
	at org.eclipse.lsp4j.jsonrpc.services.GenericEndpoint.notify(GenericEndpoint.java:160)
	at org.eclipse.lsp4j.jsonrpc.RemoteEndpoint.handleNotification(RemoteEndpoint.java:231)
	at org.eclipse.lsp4j.jsonrpc.RemoteEndpoint.consume(RemoteEndpoint.java:198)
	at org.eclipse.lsp4j.jsonrpc.json.StreamMessageProducer.handleMessage(StreamMessageProducer.java:185)
	at org.eclipse.lsp4j.jsonrpc.json.StreamMessageProducer.listen(StreamMessageProducer.java:97)
	at org.eclipse.lsp4j.jsonrpc.json.ConcurrentMessageProcessor.run(ConcurrentMessageProcessor.java:114)
	at java.base/java.util.concurrent.Executors$RunnableAdapter.call(Executors.java:539)
	at java.base/java.util.concurrent.FutureTask.run(FutureTask.java:264)
	at java.base/java.util.concurrent.ThreadPoolExecutor.runWorker(ThreadPoolExecutor.java:1136)
	at java.base/java.util.concurrent.ThreadPoolExecutor$Worker.run(ThreadPoolExecutor.java:635)
	at java.base/java.lang.Thread.run(Thread.java:840)

2025.12.01 13:18:44 INFO  running '/root/.local/share/coursier/bin/sbt -Dbloop.export-jar-classifiers=sources bloopInstall'
2025.12.01 13:18:45 INFO  [info] welcome to sbt 1.6.0 (Red Hat, Inc. Java 17.0.14)
2025.12.01 13:18:45 INFO  [info] loading settings for project onnx_spinal_project_new-build-build-build from metals.sbt ...
2025.12.01 13:18:45 INFO  [info] loading project definition from /root/onnx_spinal_project_new/project/project/project
2025.12.01 13:18:47 INFO  [info] loading settings for project onnx_spinal_project_new-build-build from metals.sbt ...
2025.12.01 13:18:47 INFO  [info] loading project definition from /root/onnx_spinal_project_new/project/project
2025.12.01 13:18:48 INFO  [success] Generated .bloop/onnx_spinal_project_new-build-build.json
2025.12.01 13:18:48 INFO  [success] Total time: 1 s, completed Dec 1, 2025, 1:18:48 PM
2025.12.01 13:18:48 INFO  [info] loading settings for project onnx_spinal_project_new-build from metals.sbt,plugins.sbt ...
2025.12.01 13:18:48 INFO  [info] loading project definition from /root/onnx_spinal_project_new/project
2025.12.01 13:18:48 INFO  [success] Generated .bloop/onnx_spinal_project_new-build.json
2025.12.01 13:18:48 INFO  [success] Total time: 0 s, completed Dec 1, 2025, 1:18:49 PM
2025.12.01 13:18:48 INFO  [info] loading settings for project Onnx_SpinalHDL from build.sbt ...
2025.12.01 13:18:48 INFO  [info] set current project to Onnx_SpinalHDL (in build file:/root/onnx_spinal_project_new/)
2025.12.01 13:18:49 INFO  [success] Generated .bloop/Onnx_SpinalHDL-test.json
2025.12.01 13:18:49 INFO  [success] Generated .bloop/Onnx_SpinalHDL.json
2025.12.01 13:18:49 INFO  [success] Total time: 0 s, completed Dec 1, 2025, 1:18:49 PM
2025.12.01 13:18:50 INFO  time: ran 'sbt bloopInstall' in 5.63s
2025.12.01 13:18:50 INFO  Disconnecting from Bloop session...
2025.12.01 13:18:50 INFO  Shut down connection with build server.
2025.12.01 13:18:50 INFO  Shut down connection with build server.
2025.12.01 13:18:50 INFO  Shut down connection with build server.
2025.12.01 13:18:50 INFO  Attempting to connect to the build server...
2025.12.01 13:18:50 INFO  Found a Bloop server running
2025.12.01 13:18:50 INFO  tracing is disabled for protocol BSP, to enable tracing of incoming and outgoing JSON messages create an empty file at /root/onnx_spinal_project_new/.metals/bsp.trace.json or /root/.cache/metals/bsp.trace.json
2025.12.01 13:18:50 INFO  Attempting to connect to the build server...
2025.12.01 13:18:50 INFO  Found a Bloop server running
2025.12.01 13:18:50 INFO  Attempting to connect to the build server...
2025.12.01 13:18:50 INFO  Found a Bloop server running
2025.12.01 13:18:50 INFO  tracing is disabled for protocol BSP, to enable tracing of incoming and outgoing JSON messages create an empty file at /root/onnx_spinal_project_new/project/project/.metals/bsp.trace.json or /root/.cache/metals/bsp.trace.json
2025.12.01 13:18:50 INFO  tracing is disabled for protocol BSP, to enable tracing of incoming and outgoing JSON messages create an empty file at /root/onnx_spinal_project_new/project/.metals/bsp.trace.json or /root/.cache/metals/bsp.trace.json
2025.12.01 13:18:50 INFO  time: Connected to build server in 0.21s
2025.12.01 13:18:50 INFO  Connected to Build server: Bloop v2.0.17
2025.12.01 13:18:51 INFO  QDox parse error in file:///root/onnx_spinal_project_new/sw/java/test/java/org/forwarder/backend/impls/dl4j/opsets/aiOnnx/v13/ops/DL4JCastV13Test.java (full report at: "/root/onnx_spinal_project_new/.metals/.reports/metals-full/2025-12-01/r_qdox-error_(Onnx_5fSpinalHDL-test)_13-08-59-057.md")
2025.12.01 13:18:53 WARN  Could not find java sources in /usr/lib/jvm/src.zip, /usr/lib/jvm/lib/src.zip, /usr/lib/jvm/java-17-openjdk/src.zip, /usr/lib/jvm/java-17-openjdk/lib/src.zip, /usr/lib/jvm/src.zip, /usr/lib/jvm/lib/src.zip, /usr/lib/jvm/java-17-openjdk-17.0.14.0.7-2.el9.x86_64/src.zip, /usr/lib/jvm/java-17-openjdk-17.0.14.0.7-2.el9.x86_64/lib/src.zip. Java symbols will not be available.
2025.12.01 13:18:53 INFO  time: indexed workspace in 3.53s
2025.12.01 13:18:53 INFO  running '/root/.local/share/coursier/bin/sbt -Dbloop.export-jar-classifiers=sources bloopInstall'
2025.12.01 13:18:54 INFO  [info] welcome to sbt 1.6.0 (Red Hat, Inc. Java 17.0.14)
2025.12.01 13:18:54 INFO  [info] loading settings for project onnx_spinal_project_new-build-build-build from metals.sbt ...
2025.12.01 13:18:56 INFO  [info] loading project definition from /root/onnx_spinal_project_new/project/project/project
2025.12.01 13:18:56 INFO  [info] loading settings for project onnx_spinal_project_new-build-build from metals.sbt ...
2025.12.01 13:18:56 INFO  [info] loading project definition from /root/onnx_spinal_project_new/project/project
2025.12.01 13:18:57 INFO  [success] Generated .bloop/onnx_spinal_project_new-build-build.json
2025.12.01 13:18:57 INFO  [success] Total time: 1 s, completed Dec 1, 2025, 1:18:57 PM
2025.12.01 13:18:57 INFO  [info] loading settings for project onnx_spinal_project_new-build from metals.sbt,plugins.sbt ...
2025.12.01 13:18:57 INFO  [info] loading project definition from /root/onnx_spinal_project_new/project
2025.12.01 13:18:57 INFO  [success] Generated .bloop/onnx_spinal_project_new-build.json
2025.12.01 13:18:57 INFO  [success] Total time: 1 s, completed Dec 1, 2025, 1:18:58 PM
2025.12.01 13:18:59 INFO  [info] loading settings for project Onnx_SpinalHDL from build.sbt ...
2025.12.01 13:18:59 INFO  [info] set current project to Onnx_SpinalHDL (in build file:/root/onnx_spinal_project_new/)
2025.12.01 13:18:59 INFO  [success] Generated .bloop/Onnx_SpinalHDL-test.json
2025.12.01 13:18:59 INFO  [success] Generated .bloop/Onnx_SpinalHDL.json
2025.12.01 13:18:59 INFO  [success] Total time: 1 s, completed Dec 1, 2025, 1:18:59 PM
2025.12.01 13:19:00 INFO  time: ran 'sbt bloopInstall' in 6.59s
2025.12.01 13:19:00 INFO  Disconnecting from Bloop session...
2025.12.01 13:19:00 INFO  Shut down connection with build server.
2025.12.01 13:19:00 INFO  Shut down connection with build server.
2025.12.01 13:19:00 INFO  Shut down connection with build server.
2025.12.01 13:19:00 INFO  Attempting to connect to the build server...
2025.12.01 13:19:00 INFO  Found a Bloop server running
2025.12.01 13:19:00 INFO  tracing is disabled for protocol BSP, to enable tracing of incoming and outgoing JSON messages create an empty file at /root/onnx_spinal_project_new/.metals/bsp.trace.json or /root/.cache/metals/bsp.trace.json
2025.12.01 13:19:00 INFO  Attempting to connect to the build server...
2025.12.01 13:19:00 INFO  Found a Bloop server running
2025.12.01 13:19:00 INFO  Attempting to connect to the build server...
2025.12.01 13:19:00 INFO  Found a Bloop server running
2025.12.01 13:19:00 INFO  tracing is disabled for protocol BSP, to enable tracing of incoming and outgoing JSON messages create an empty file at /root/onnx_spinal_project_new/project/project/.metals/bsp.trace.json or /root/.cache/metals/bsp.trace.json
2025.12.01 13:19:00 INFO  tracing is disabled for protocol BSP, to enable tracing of incoming and outgoing JSON messages create an empty file at /root/onnx_spinal_project_new/project/.metals/bsp.trace.json or /root/.cache/metals/bsp.trace.json
2025.12.01 13:19:00 INFO  time: Connected to build server in 0.29s
2025.12.01 13:19:00 INFO  Connected to Build server: Bloop v2.0.17
2025.12.01 13:19:01 INFO  QDox parse error in file:///root/onnx_spinal_project_new/sw/java/test/java/org/forwarder/backend/impls/dl4j/opsets/aiOnnx/v13/ops/DL4JCastV13Test.java (full report at: "/root/onnx_spinal_project_new/.metals/.reports/metals-full/2025-12-01/r_qdox-error_(Onnx_5fSpinalHDL-test)_13-08-59-057.md")
2025.12.01 13:19:01 WARN  Could not find java sources in /usr/lib/jvm/src.zip, /usr/lib/jvm/lib/src.zip, /usr/lib/jvm/java-17-openjdk/src.zip, /usr/lib/jvm/java-17-openjdk/lib/src.zip, /usr/lib/jvm/src.zip, /usr/lib/jvm/lib/src.zip, /usr/lib/jvm/java-17-openjdk-17.0.14.0.7-2.el9.x86_64/src.zip, /usr/lib/jvm/java-17-openjdk-17.0.14.0.7-2.el9.x86_64/lib/src.zip. Java symbols will not be available.
2025.12.01 13:19:01 INFO  time: indexed workspace in 1.49s
Dec 01, 2025 1:19:59 PM org.eclipse.lsp4j.jsonrpc.RemoteEndpoint handleNotification
WARNING: Notification threw an exception: {
  "jsonrpc": "2.0",
  "method": "metals/didFocusTextDocument",
  "params": [
    "vscode-local:/c%3A/accelerator_projects/hw_spinal/systolic_array/ReLUFunctionTest.scala"
  ]
}
java.nio.file.FileSystemNotFoundException: Provider "vscode-local" not installed
	at java.base/java.nio.file.Path.of(Path.java:212)
	at java.base/java.nio.file.Paths.get(Paths.java:98)
	at scala.meta.internal.mtags.MtagsEnrichments$XtensionURIMtags.toAbsolutePath(MtagsEnrichments.scala:149)
	at scala.meta.internal.mtags.MtagsEnrichments$XtensionStringMtags.toAbsolutePath(MtagsEnrichments.scala:209)
	at scala.meta.internal.metals.MetalsEnrichments$XtensionString.toAbsolutePath(MetalsEnrichments.scala:778)
	at scala.meta.internal.metals.MetalsEnrichments$XtensionString.toAbsolutePath(MetalsEnrichments.scala:775)
	at scala.meta.internal.metals.WorkspaceLspService.didFocus(WorkspaceLspService.scala:789)
	at scala.meta.metals.lsp.DelegatingScalaService.didFocus(DelegatingScalaService.scala:42)
	at jdk.internal.reflect.GeneratedMethodAccessor14.invoke(Unknown Source)
	at java.base/jdk.internal.reflect.DelegatingMethodAccessorImpl.invoke(DelegatingMethodAccessorImpl.java:43)
	at java.base/java.lang.reflect.Method.invoke(Method.java:569)
	at org.eclipse.lsp4j.jsonrpc.services.GenericEndpoint.lambda$recursiveFindRpcMethods$0(GenericEndpoint.java:65)
	at org.eclipse.lsp4j.jsonrpc.services.GenericEndpoint.notify(GenericEndpoint.java:160)
	at org.eclipse.lsp4j.jsonrpc.RemoteEndpoint.handleNotification(RemoteEndpoint.java:231)
	at org.eclipse.lsp4j.jsonrpc.RemoteEndpoint.consume(RemoteEndpoint.java:198)
	at org.eclipse.lsp4j.jsonrpc.json.StreamMessageProducer.handleMessage(StreamMessageProducer.java:185)
	at org.eclipse.lsp4j.jsonrpc.json.StreamMessageProducer.listen(StreamMessageProducer.java:97)
	at org.eclipse.lsp4j.jsonrpc.json.ConcurrentMessageProcessor.run(ConcurrentMessageProcessor.java:114)
	at java.base/java.util.concurrent.Executors$RunnableAdapter.call(Executors.java:539)
	at java.base/java.util.concurrent.FutureTask.run(FutureTask.java:264)
	at java.base/java.util.concurrent.ThreadPoolExecutor.runWorker(ThreadPoolExecutor.java:1136)
	at java.base/java.util.concurrent.ThreadPoolExecutor$Worker.run(ThreadPoolExecutor.java:635)
	at java.base/java.lang.Thread.run(Thread.java:840)

Dec 01, 2025 1:20:55 PM org.eclipse.lsp4j.jsonrpc.RemoteEndpoint handleNotification
WARNING: Notification threw an exception: {
  "jsonrpc": "2.0",
  "method": "metals/didFocusTextDocument",
  "params": [
    "vscode-local:/c%3A/accelerator_projects/hw_spinal/systolic_array/TB_InstAxi4ToStream128.scala"
  ]
}
java.nio.file.FileSystemNotFoundException: Provider "vscode-local" not installed
	at java.base/java.nio.file.Path.of(Path.java:212)
	at java.base/java.nio.file.Paths.get(Paths.java:98)
	at scala.meta.internal.mtags.MtagsEnrichments$XtensionURIMtags.toAbsolutePath(MtagsEnrichments.scala:149)
	at scala.meta.internal.mtags.MtagsEnrichments$XtensionStringMtags.toAbsolutePath(MtagsEnrichments.scala:209)
	at scala.meta.internal.metals.MetalsEnrichments$XtensionString.toAbsolutePath(MetalsEnrichments.scala:778)
	at scala.meta.internal.metals.MetalsEnrichments$XtensionString.toAbsolutePath(MetalsEnrichments.scala:775)
	at scala.meta.internal.metals.WorkspaceLspService.didFocus(WorkspaceLspService.scala:789)
	at scala.meta.metals.lsp.DelegatingScalaService.didFocus(DelegatingScalaService.scala:42)
	at jdk.internal.reflect.GeneratedMethodAccessor14.invoke(Unknown Source)
	at java.base/jdk.internal.reflect.DelegatingMethodAccessorImpl.invoke(DelegatingMethodAccessorImpl.java:43)
	at java.base/java.lang.reflect.Method.invoke(Method.java:569)
	at org.eclipse.lsp4j.jsonrpc.services.GenericEndpoint.lambda$recursiveFindRpcMethods$0(GenericEndpoint.java:65)
	at org.eclipse.lsp4j.jsonrpc.services.GenericEndpoint.notify(GenericEndpoint.java:160)
	at org.eclipse.lsp4j.jsonrpc.RemoteEndpoint.handleNotification(RemoteEndpoint.java:231)
	at org.eclipse.lsp4j.jsonrpc.RemoteEndpoint.consume(RemoteEndpoint.java:198)
	at org.eclipse.lsp4j.jsonrpc.json.StreamMessageProducer.handleMessage(StreamMessageProducer.java:185)
	at org.eclipse.lsp4j.jsonrpc.json.StreamMessageProducer.listen(StreamMessageProducer.java:97)
	at org.eclipse.lsp4j.jsonrpc.json.ConcurrentMessageProcessor.run(ConcurrentMessageProcessor.java:114)
	at java.base/java.util.concurrent.Executors$RunnableAdapter.call(Executors.java:539)
	at java.base/java.util.concurrent.FutureTask.run(FutureTask.java:264)
	at java.base/java.util.concurrent.ThreadPoolExecutor.runWorker(ThreadPoolExecutor.java:1136)
	at java.base/java.util.concurrent.ThreadPoolExecutor$Worker.run(ThreadPoolExecutor.java:635)
	at java.base/java.lang.Thread.run(Thread.java:840)

Dec 01, 2025 1:21:14 PM org.eclipse.lsp4j.jsonrpc.RemoteEndpoint fallbackResponseError
SEVERE: Internal error: Provider "vscode-local" not installed
java.nio.file.FileSystemNotFoundException: Provider "vscode-local" not installed
	at java.base/java.nio.file.Path.of(Path.java:212)
	at java.base/java.nio.file.Paths.get(Paths.java:98)
	at scala.meta.internal.mtags.MtagsEnrichments$XtensionURIMtags.toAbsolutePath(MtagsEnrichments.scala:149)
	at scala.meta.internal.mtags.MtagsEnrichments$XtensionStringMtags.toAbsolutePath(MtagsEnrichments.scala:209)
	at scala.meta.internal.metals.MetalsEnrichments$XtensionString.toAbsolutePath(MetalsEnrichments.scala:778)
	at scala.meta.internal.metals.MetalsEnrichments$XtensionString.toAbsolutePath(MetalsEnrichments.scala:775)
	at scala.meta.internal.metals.MetalsPasteProvider.didPaste(MetalsPasteProvider.scala:29)
	at scala.meta.internal.metals.MetalsLspService.didPaste(MetalsLspService.scala:1277)
	at scala.meta.internal.metals.WorkspaceLspService.executeCommand(WorkspaceLspService.scala:1244)
	at scala.meta.metals.lsp.DelegatingScalaService.executeCommand(DelegatingScalaService.scala:169)
	at java.base/jdk.internal.reflect.NativeMethodAccessorImpl.invoke0(Native Method)
	at java.base/jdk.internal.reflect.NativeMethodAccessorImpl.invoke(NativeMethodAccessorImpl.java:77)
	at java.base/jdk.internal.reflect.DelegatingMethodAccessorImpl.invoke(DelegatingMethodAccessorImpl.java:43)
	at java.base/java.lang.reflect.Method.invoke(Method.java:569)
	at org.eclipse.lsp4j.jsonrpc.services.GenericEndpoint.lambda$recursiveFindRpcMethods$0(GenericEndpoint.java:65)
	at org.eclipse.lsp4j.jsonrpc.services.GenericEndpoint.request(GenericEndpoint.java:128)
	at org.eclipse.lsp4j.jsonrpc.RemoteEndpoint.handleRequest(RemoteEndpoint.java:271)
	at org.eclipse.lsp4j.jsonrpc.RemoteEndpoint.consume(RemoteEndpoint.java:201)
	at org.eclipse.lsp4j.jsonrpc.json.StreamMessageProducer.handleMessage(StreamMessageProducer.java:185)
	at org.eclipse.lsp4j.jsonrpc.json.StreamMessageProducer.listen(StreamMessageProducer.java:97)
	at org.eclipse.lsp4j.jsonrpc.json.ConcurrentMessageProcessor.run(ConcurrentMessageProcessor.java:114)
	at java.base/java.util.concurrent.Executors$RunnableAdapter.call(Executors.java:539)
	at java.base/java.util.concurrent.FutureTask.run(FutureTask.java:264)
	at java.base/java.util.concurrent.ThreadPoolExecutor.runWorker(ThreadPoolExecutor.java:1136)
	at java.base/java.util.concurrent.ThreadPoolExecutor$Worker.run(ThreadPoolExecutor.java:635)
	at java.base/java.lang.Thread.run(Thread.java:840)

Dec 01, 2025 1:21:22 PM org.eclipse.lsp4j.jsonrpc.RemoteEndpoint handleNotification
WARNING: Notification threw an exception: {
  "jsonrpc": "2.0",
  "method": "metals/didFocusTextDocument",
  "params": [
    "vscode-local:/c%3A/accelerator_projects/hw_spinal/systolic_array/TB_InstAxi4ToStream128.scala"
  ]
}
java.nio.file.FileSystemNotFoundException: Provider "vscode-local" not installed
	at java.base/java.nio.file.Path.of(Path.java:212)
	at java.base/java.nio.file.Paths.get(Paths.java:98)
	at scala.meta.internal.mtags.MtagsEnrichments$XtensionURIMtags.toAbsolutePath(MtagsEnrichments.scala:149)
	at scala.meta.internal.mtags.MtagsEnrichments$XtensionStringMtags.toAbsolutePath(MtagsEnrichments.scala:209)
	at scala.meta.internal.metals.MetalsEnrichments$XtensionString.toAbsolutePath(MetalsEnrichments.scala:778)
	at scala.meta.internal.metals.MetalsEnrichments$XtensionString.toAbsolutePath(MetalsEnrichments.scala:775)
	at scala.meta.internal.metals.WorkspaceLspService.didFocus(WorkspaceLspService.scala:789)
	at scala.meta.metals.lsp.DelegatingScalaService.didFocus(DelegatingScalaService.scala:42)
	at jdk.internal.reflect.GeneratedMethodAccessor14.invoke(Unknown Source)
	at java.base/jdk.internal.reflect.DelegatingMethodAccessorImpl.invoke(DelegatingMethodAccessorImpl.java:43)
	at java.base/java.lang.reflect.Method.invoke(Method.java:569)
	at org.eclipse.lsp4j.jsonrpc.services.GenericEndpoint.lambda$recursiveFindRpcMethods$0(GenericEndpoint.java:65)
	at org.eclipse.lsp4j.jsonrpc.services.GenericEndpoint.notify(GenericEndpoint.java:160)
	at org.eclipse.lsp4j.jsonrpc.RemoteEndpoint.handleNotification(RemoteEndpoint.java:231)
	at org.eclipse.lsp4j.jsonrpc.RemoteEndpoint.consume(RemoteEndpoint.java:198)
	at org.eclipse.lsp4j.jsonrpc.json.StreamMessageProducer.handleMessage(StreamMessageProducer.java:185)
	at org.eclipse.lsp4j.jsonrpc.json.StreamMessageProducer.listen(StreamMessageProducer.java:97)
	at org.eclipse.lsp4j.jsonrpc.json.ConcurrentMessageProcessor.run(ConcurrentMessageProcessor.java:114)
	at java.base/java.util.concurrent.Executors$RunnableAdapter.call(Executors.java:539)
	at java.base/java.util.concurrent.FutureTask.run(FutureTask.java:264)
	at java.base/java.util.concurrent.ThreadPoolExecutor.runWorker(ThreadPoolExecutor.java:1136)
	at java.base/java.util.concurrent.ThreadPoolExecutor$Worker.run(ThreadPoolExecutor.java:635)
	at java.base/java.lang.Thread.run(Thread.java:840)

2025.12.01 13:21:26 INFO  running '/root/.local/share/coursier/bin/sbt -Dbloop.export-jar-classifiers=sources bloopInstall'
2025.12.01 13:21:27 INFO  [info] welcome to sbt 1.6.0 (Red Hat, Inc. Java 17.0.14)
2025.12.01 13:21:27 INFO  [info] loading settings for project onnx_spinal_project_new-build-build-build from metals.sbt ...
2025.12.01 13:21:28 INFO  [info] loading project definition from /root/onnx_spinal_project_new/project/project/project
2025.12.01 13:21:28 INFO  [info] loading settings for project onnx_spinal_project_new-build-build from metals.sbt ...
2025.12.01 13:21:28 INFO  [info] loading project definition from /root/onnx_spinal_project_new/project/project
2025.12.01 13:21:30 INFO  [success] Generated .bloop/onnx_spinal_project_new-build-build.json
2025.12.01 13:21:30 INFO  [success] Total time: 1 s, completed Dec 1, 2025, 1:21:31 PM
2025.12.01 13:21:30 INFO  [info] loading settings for project onnx_spinal_project_new-build from metals.sbt,plugins.sbt ...
2025.12.01 13:21:30 INFO  [info] loading project definition from /root/onnx_spinal_project_new/project
2025.12.01 13:21:30 INFO  [success] Generated .bloop/onnx_spinal_project_new-build.json
2025.12.01 13:21:30 INFO  [success] Total time: 0 s, completed Dec 1, 2025, 1:21:31 PM
2025.12.01 13:21:30 INFO  [info] loading settings for project Onnx_SpinalHDL from build.sbt ...
2025.12.01 13:21:30 INFO  [info] set current project to Onnx_SpinalHDL (in build file:/root/onnx_spinal_project_new/)
2025.12.01 13:21:32 INFO  [success] Generated .bloop/Onnx_SpinalHDL.json
2025.12.01 13:21:32 INFO  [success] Generated .bloop/Onnx_SpinalHDL-test.json
2025.12.01 13:21:32 INFO  [success] Total time: 0 s, completed Dec 1, 2025, 1:21:32 PM
2025.12.01 13:21:32 INFO  time: ran 'sbt bloopInstall' in 6.19s
2025.12.01 13:21:32 INFO  Disconnecting from Bloop session...
2025.12.01 13:21:32 INFO  Shut down connection with build server.
2025.12.01 13:21:32 INFO  Shut down connection with build server.
2025.12.01 13:21:32 INFO  Shut down connection with build server.
2025.12.01 13:21:32 INFO  Attempting to connect to the build server...
2025.12.01 13:21:32 INFO  Found a Bloop server running
2025.12.01 13:21:32 INFO  tracing is disabled for protocol BSP, to enable tracing of incoming and outgoing JSON messages create an empty file at /root/onnx_spinal_project_new/.metals/bsp.trace.json or /root/.cache/metals/bsp.trace.json
2025.12.01 13:21:32 INFO  Attempting to connect to the build server...
2025.12.01 13:21:32 INFO  Found a Bloop server running
2025.12.01 13:21:32 INFO  Attempting to connect to the build server...
2025.12.01 13:21:32 INFO  Found a Bloop server running
2025.12.01 13:21:32 INFO  tracing is disabled for protocol BSP, to enable tracing of incoming and outgoing JSON messages create an empty file at /root/onnx_spinal_project_new/project/project/.metals/bsp.trace.json or /root/.cache/metals/bsp.trace.json
2025.12.01 13:21:32 INFO  tracing is disabled for protocol BSP, to enable tracing of incoming and outgoing JSON messages create an empty file at /root/onnx_spinal_project_new/project/.metals/bsp.trace.json or /root/.cache/metals/bsp.trace.json
2025.12.01 13:21:32 INFO  time: Connected to build server in 0.22s
2025.12.01 13:21:32 INFO  Connected to Build server: Bloop v2.0.17
2025.12.01 13:21:34 INFO  QDox parse error in file:///root/onnx_spinal_project_new/sw/java/test/java/org/forwarder/backend/impls/dl4j/opsets/aiOnnx/v13/ops/DL4JCastV13Test.java (full report at: "/root/onnx_spinal_project_new/.metals/.reports/metals-full/2025-12-01/r_qdox-error_(Onnx_5fSpinalHDL-test)_13-08-59-057.md")
2025.12.01 13:21:34 WARN  Could not find java sources in /usr/lib/jvm/src.zip, /usr/lib/jvm/lib/src.zip, /usr/lib/jvm/java-17-openjdk/src.zip, /usr/lib/jvm/java-17-openjdk/lib/src.zip, /usr/lib/jvm/src.zip, /usr/lib/jvm/lib/src.zip, /usr/lib/jvm/java-17-openjdk-17.0.14.0.7-2.el9.x86_64/src.zip, /usr/lib/jvm/java-17-openjdk-17.0.14.0.7-2.el9.x86_64/lib/src.zip. Java symbols will not be available.
2025.12.01 13:21:34 INFO  time: indexed workspace in 2.11s
Dec 01, 2025 1:21:35 PM org.eclipse.lsp4j.jsonrpc.RemoteEndpoint handleNotification
WARNING: Notification threw an exception: {
  "jsonrpc": "2.0",
  "method": "metals/didFocusTextDocument",
  "params": [
    "vscode-local:/c%3A/accelerator_projects/hw_spinal/systolic_array/TB_InstAxi4ToStream128.scala"
  ]
}
java.nio.file.FileSystemNotFoundException: Provider "vscode-local" not installed
	at java.base/java.nio.file.Path.of(Path.java:212)
	at java.base/java.nio.file.Paths.get(Paths.java:98)
	at scala.meta.internal.mtags.MtagsEnrichments$XtensionURIMtags.toAbsolutePath(MtagsEnrichments.scala:149)
	at scala.meta.internal.mtags.MtagsEnrichments$XtensionStringMtags.toAbsolutePath(MtagsEnrichments.scala:209)
	at scala.meta.internal.metals.MetalsEnrichments$XtensionString.toAbsolutePath(MetalsEnrichments.scala:778)
	at scala.meta.internal.metals.MetalsEnrichments$XtensionString.toAbsolutePath(MetalsEnrichments.scala:775)
	at scala.meta.internal.metals.WorkspaceLspService.didFocus(WorkspaceLspService.scala:789)
	at scala.meta.metals.lsp.DelegatingScalaService.didFocus(DelegatingScalaService.scala:42)
	at jdk.internal.reflect.GeneratedMethodAccessor14.invoke(Unknown Source)
	at java.base/jdk.internal.reflect.DelegatingMethodAccessorImpl.invoke(DelegatingMethodAccessorImpl.java:43)
	at java.base/java.lang.reflect.Method.invoke(Method.java:569)
	at org.eclipse.lsp4j.jsonrpc.services.GenericEndpoint.lambda$recursiveFindRpcMethods$0(GenericEndpoint.java:65)
	at org.eclipse.lsp4j.jsonrpc.services.GenericEndpoint.notify(GenericEndpoint.java:160)
	at org.eclipse.lsp4j.jsonrpc.RemoteEndpoint.handleNotification(RemoteEndpoint.java:231)
	at org.eclipse.lsp4j.jsonrpc.RemoteEndpoint.consume(RemoteEndpoint.java:198)
	at org.eclipse.lsp4j.jsonrpc.json.StreamMessageProducer.handleMessage(StreamMessageProducer.java:185)
	at org.eclipse.lsp4j.jsonrpc.json.StreamMessageProducer.listen(StreamMessageProducer.java:97)
	at org.eclipse.lsp4j.jsonrpc.json.ConcurrentMessageProcessor.run(ConcurrentMessageProcessor.java:114)
	at java.base/java.util.concurrent.Executors$RunnableAdapter.call(Executors.java:539)
	at java.base/java.util.concurrent.FutureTask.run(FutureTask.java:264)
	at java.base/java.util.concurrent.ThreadPoolExecutor.runWorker(ThreadPoolExecutor.java:1136)
	at java.base/java.util.concurrent.ThreadPoolExecutor$Worker.run(ThreadPoolExecutor.java:635)
	at java.base/java.lang.Thread.run(Thread.java:840)

Dec 01, 2025 1:22:45 PM org.eclipse.lsp4j.jsonrpc.RemoteEndpoint handleNotification
WARNING: Notification threw an exception: {
  "jsonrpc": "2.0",
  "method": "metals/didFocusTextDocument",
  "params": [
    "vscode-local:/c%3A/accelerator_projects/hw_spinal/systolic_array/TB_InstAxi4ToStream128.scala"
  ]
}
java.nio.file.FileSystemNotFoundException: Provider "vscode-local" not installed
	at java.base/java.nio.file.Path.of(Path.java:212)
	at java.base/java.nio.file.Paths.get(Paths.java:98)
	at scala.meta.internal.mtags.MtagsEnrichments$XtensionURIMtags.toAbsolutePath(MtagsEnrichments.scala:149)
	at scala.meta.internal.mtags.MtagsEnrichments$XtensionStringMtags.toAbsolutePath(MtagsEnrichments.scala:209)
	at scala.meta.internal.metals.MetalsEnrichments$XtensionString.toAbsolutePath(MetalsEnrichments.scala:778)
	at scala.meta.internal.metals.MetalsEnrichments$XtensionString.toAbsolutePath(MetalsEnrichments.scala:775)
	at scala.meta.internal.metals.WorkspaceLspService.didFocus(WorkspaceLspService.scala:789)
	at scala.meta.metals.lsp.DelegatingScalaService.didFocus(DelegatingScalaService.scala:42)
	at jdk.internal.reflect.GeneratedMethodAccessor14.invoke(Unknown Source)
	at java.base/jdk.internal.reflect.DelegatingMethodAccessorImpl.invoke(DelegatingMethodAccessorImpl.java:43)
	at java.base/java.lang.reflect.Method.invoke(Method.java:569)
	at org.eclipse.lsp4j.jsonrpc.services.GenericEndpoint.lambda$recursiveFindRpcMethods$0(GenericEndpoint.java:65)
	at org.eclipse.lsp4j.jsonrpc.services.GenericEndpoint.notify(GenericEndpoint.java:160)
	at org.eclipse.lsp4j.jsonrpc.RemoteEndpoint.handleNotification(RemoteEndpoint.java:231)
	at org.eclipse.lsp4j.jsonrpc.RemoteEndpoint.consume(RemoteEndpoint.java:198)
	at org.eclipse.lsp4j.jsonrpc.json.StreamMessageProducer.handleMessage(StreamMessageProducer.java:185)
	at org.eclipse.lsp4j.jsonrpc.json.StreamMessageProducer.listen(StreamMessageProducer.java:97)
	at org.eclipse.lsp4j.jsonrpc.json.ConcurrentMessageProcessor.run(ConcurrentMessageProcessor.java:114)
	at java.base/java.util.concurrent.Executors$RunnableAdapter.call(Executors.java:539)
	at java.base/java.util.concurrent.FutureTask.run(FutureTask.java:264)
	at java.base/java.util.concurrent.ThreadPoolExecutor.runWorker(ThreadPoolExecutor.java:1136)
	at java.base/java.util.concurrent.ThreadPoolExecutor$Worker.run(ThreadPoolExecutor.java:635)
	at java.base/java.lang.Thread.run(Thread.java:840)

Dec 01, 2025 1:24:12 PM org.eclipse.lsp4j.jsonrpc.RemoteEndpoint fallbackResponseError
SEVERE: Internal error: Provider "vscode-local" not installed
java.nio.file.FileSystemNotFoundException: Provider "vscode-local" not installed
	at java.base/java.nio.file.Path.of(Path.java:212)
	at java.base/java.nio.file.Paths.get(Paths.java:98)
	at scala.meta.internal.mtags.MtagsEnrichments$XtensionURIMtags.toAbsolutePath(MtagsEnrichments.scala:149)
	at scala.meta.internal.mtags.MtagsEnrichments$XtensionStringMtags.toAbsolutePath(MtagsEnrichments.scala:209)
	at scala.meta.internal.metals.MetalsEnrichments$XtensionString.toAbsolutePath(MetalsEnrichments.scala:778)
	at scala.meta.internal.metals.MetalsEnrichments$XtensionString.toAbsolutePath(MetalsEnrichments.scala:775)
	at scala.meta.internal.metals.MetalsPasteProvider.didPaste(MetalsPasteProvider.scala:29)
	at scala.meta.internal.metals.MetalsLspService.didPaste(MetalsLspService.scala:1277)
	at scala.meta.internal.metals.WorkspaceLspService.executeCommand(WorkspaceLspService.scala:1244)
	at scala.meta.metals.lsp.DelegatingScalaService.executeCommand(DelegatingScalaService.scala:169)
	at java.base/jdk.internal.reflect.NativeMethodAccessorImpl.invoke0(Native Method)
	at java.base/jdk.internal.reflect.NativeMethodAccessorImpl.invoke(NativeMethodAccessorImpl.java:77)
	at java.base/jdk.internal.reflect.DelegatingMethodAccessorImpl.invoke(DelegatingMethodAccessorImpl.java:43)
	at java.base/java.lang.reflect.Method.invoke(Method.java:569)
	at org.eclipse.lsp4j.jsonrpc.services.GenericEndpoint.lambda$recursiveFindRpcMethods$0(GenericEndpoint.java:65)
	at org.eclipse.lsp4j.jsonrpc.services.GenericEndpoint.request(GenericEndpoint.java:128)
	at org.eclipse.lsp4j.jsonrpc.RemoteEndpoint.handleRequest(RemoteEndpoint.java:271)
	at org.eclipse.lsp4j.jsonrpc.RemoteEndpoint.consume(RemoteEndpoint.java:201)
	at org.eclipse.lsp4j.jsonrpc.json.StreamMessageProducer.handleMessage(StreamMessageProducer.java:185)
	at org.eclipse.lsp4j.jsonrpc.json.StreamMessageProducer.listen(StreamMessageProducer.java:97)
	at org.eclipse.lsp4j.jsonrpc.json.ConcurrentMessageProcessor.run(ConcurrentMessageProcessor.java:114)
	at java.base/java.util.concurrent.Executors$RunnableAdapter.call(Executors.java:539)
	at java.base/java.util.concurrent.FutureTask.run(FutureTask.java:264)
	at java.base/java.util.concurrent.ThreadPoolExecutor.runWorker(ThreadPoolExecutor.java:1136)
	at java.base/java.util.concurrent.ThreadPoolExecutor$Worker.run(ThreadPoolExecutor.java:635)
	at java.base/java.lang.Thread.run(Thread.java:840)

2025.12.01 13:28:32 INFO  running '/root/.local/share/coursier/bin/sbt -Dbloop.export-jar-classifiers=sources bloopInstall'
2025.12.01 13:47:37 INFO  Started: Metals version 1.6.4 in folders '/root/onnx_spinal_project_new' for client Visual Studio Code 1.106.3.
2025.12.01 13:47:41 WARN  Using H2 2.4.240 which is newer than the version Flyway has been verified with. The latest verified version of H2 is 2.3.232.
2025.12.01 13:47:41 INFO  no build target found for /root/onnx_spinal_project_new/hw/spinal/ReLUFunction/ReLUFunctionTest.scala. Using presentation compiler with project's scala-library version: 3.3.6
2025.12.01 13:47:42 INFO  Attempting to connect to the build server...
2025.12.01 13:47:42 INFO  No running Bloop server found, starting one.
2025.12.01 13:47:42 INFO  Starting compilation server
2025.12.01 13:47:43 INFO  no build target found for /root/onnx_spinal_project_new/hw/spinal/ReLUFunction/ReLUFunctionTest.scala. Using presentation compiler with project's scala-library version: 3.3.6
2025.12.01 13:47:44 INFO  tracing is disabled for protocol BSP, to enable tracing of incoming and outgoing JSON messages create an empty file at /root/onnx_spinal_project_new/.metals/bsp.trace.json or /root/.cache/metals/bsp.trace.json
2025.12.01 13:47:44 INFO  Attempting to connect to the build server...
2025.12.01 13:47:44 INFO  Found a Bloop server running
2025.12.01 13:47:44 INFO  Attempting to connect to the build server...
2025.12.01 13:47:44 INFO  Found a Bloop server running
2025.12.01 13:47:45 INFO  tracing is disabled for protocol BSP, to enable tracing of incoming and outgoing JSON messages create an empty file at /root/onnx_spinal_project_new/project/project/.metals/bsp.trace.json or /root/.cache/metals/bsp.trace.json
2025.12.01 13:47:45 INFO  tracing is disabled for protocol BSP, to enable tracing of incoming and outgoing JSON messages create an empty file at /root/onnx_spinal_project_new/project/.metals/bsp.trace.json or /root/.cache/metals/bsp.trace.json
2025.12.01 13:47:47 INFO  time: Connected to build server in 5.02s
2025.12.01 13:47:47 INFO  Connected to Build server: Bloop v2.0.17
2025.12.01 13:47:47 INFO  time: Imported build in 0.15s
2025.12.01 13:47:47 WARN  2.12.15 is no longer supported in the current Metals versions, using the last known supported version 1.3.3
2025.12.01 13:47:47 WARN  2.13.14 is no longer supported in the current Metals versions, using the last known supported version 1.6.3
2025.12.01 13:47:49 INFO  QDox parse error in file:///root/onnx_spinal_project_new/sw/java/test/java/org/forwarder/backend/impls/dl4j/opsets/aiOnnx/v13/ops/DL4JCastV13Test.java (full report at: "/root/onnx_spinal_project_new/.metals/.reports/metals-full/2025-12-01/r_qdox-error_(Onnx_5fSpinalHDL-test)_13-08-59-057.md")
2025.12.01 13:47:50 WARN  Could not find java sources in /usr/lib/jvm/src.zip, /usr/lib/jvm/lib/src.zip, /usr/lib/jvm/java-17-openjdk/src.zip, /usr/lib/jvm/java-17-openjdk/lib/src.zip, /usr/lib/jvm/src.zip, /usr/lib/jvm/lib/src.zip, /usr/lib/jvm/java-17-openjdk-17.0.14.0.7-2.el9.x86_64/src.zip, /usr/lib/jvm/java-17-openjdk-17.0.14.0.7-2.el9.x86_64/lib/src.zip. Java symbols will not be available.
2025.12.01 13:47:51 INFO  time: indexed workspace in 4.27s
Dec 01, 2025 1:53:51 PM org.eclipse.lsp4j.jsonrpc.RemoteEndpoint handleCancellation
WARNING: Unmatched cancel notification for request id 19
Dec 01, 2025 1:53:51 PM org.eclipse.lsp4j.jsonrpc.RemoteEndpoint handleCancellation
WARNING: Unmatched cancel notification for request id 20
Dec 01, 2025 1:53:51 PM org.eclipse.lsp4j.jsonrpc.RemoteEndpoint handleCancellation
WARNING: Unmatched cancel notification for request id 21
Dec 01, 2025 1:53:51 PM org.eclipse.lsp4j.jsonrpc.RemoteEndpoint handleCancellation
WARNING: Unmatched cancel notification for request id 22
Dec 01, 2025 1:53:51 PM org.eclipse.lsp4j.jsonrpc.RemoteEndpoint handleCancellation
WARNING: Unmatched cancel notification for request id 23
Dec 01, 2025 1:53:51 PM org.eclipse.lsp4j.jsonrpc.RemoteEndpoint handleCancellation
WARNING: Unmatched cancel notification for request id 24
Dec 01, 2025 1:53:51 PM org.eclipse.lsp4j.jsonrpc.RemoteEndpoint handleCancellation
WARNING: Unmatched cancel notification for request id 25
Dec 01, 2025 1:53:51 PM org.eclipse.lsp4j.jsonrpc.RemoteEndpoint handleCancellation
WARNING: Unmatched cancel notification for request id 26
Dec 01, 2025 1:53:51 PM org.eclipse.lsp4j.jsonrpc.RemoteEndpoint handleCancellation
WARNING: Unmatched cancel notification for request id 27
Dec 01, 2025 1:53:51 PM org.eclipse.lsp4j.jsonrpc.RemoteEndpoint handleCancellation
WARNING: Unmatched cancel notification for request id 28
Dec 01, 2025 1:53:51 PM org.eclipse.lsp4j.jsonrpc.RemoteEndpoint handleCancellation
WARNING: Unmatched cancel notification for request id 29
Dec 01, 2025 1:53:51 PM org.eclipse.lsp4j.jsonrpc.RemoteEndpoint handleCancellation
WARNING: Unmatched cancel notification for request id 30
2025.12.01 13:55:27 INFO  no build target found for /root/onnx_spinal_project_new/build.sc. Using presentation compiler with project's scala-library version: 2.13.18
2025.12.01 13:55:27 INFO  no build target found for /root/onnx_spinal_project_new/build.sc. Using presentation compiler with project's scala-library version: 2.13.18
2025.12.01 13:55:27 WARN  no build target for: /root/onnx_spinal_project_new/build.sc
2025.12.01 13:55:27 INFO  no build target found for /root/onnx_spinal_project_new/build.sc. Using presentation compiler with project's scala-library version: 2.13.18
2025.12.01 13:55:27 INFO  no build target found for /root/onnx_spinal_project_new/build.sc. Using presentation compiler with project's scala-library version: 2.13.18
2025.12.01 13:55:28 INFO  no build target found for /root/onnx_spinal_project_new/build.sc. Using presentation compiler with project's scala-library version: 2.13.18
2025.12.01 13:55:31 INFO  time: code lens generation in 2.04s
2025.12.01 13:55:31 INFO  time: code lens generation in 1.92s
2025.12.01 13:56:39 INFO  compiling onnx_spinalhdl (131 scala sources and 447 java sources)
2025.12.01 13:57:00 WARN  68 deprecations
2025.12.01 13:57:00 WARN  1 deprecation (since 2.11.0)
2025.12.01 13:57:00 WARN  4 deprecations (since 2.12.16)
2025.12.01 13:57:00 WARN  10 deprecations (since 2.13.0)
2025.12.01 13:57:00 WARN  63 deprecations (since 2.13.3)
2025.12.01 13:57:00 WARN  1 deprecation (since 2.13.4)
2025.12.01 13:57:00 WARN  147 deprecations in total; re-run with -deprecation for details
2025.12.01 13:57:00 WARN  165 feature warnings; re-run with -feature for details
2025.12.01 13:57:08 INFO  compiling onnx_spinalhdl-test (98 java sources)
2025.12.01 13:57:08 INFO  time: compiled Onnx_SpinalHDL in 29s
2025.12.01 13:57:12 INFO  time: compiled Onnx_SpinalHDL-test in 3.49s
2025.12.01 13:57:14 INFO  running '/root/.local/share/coursier/bin/sbt -Dbloop.export-jar-classifiers=sources bloopInstall'
2025.12.01 13:57:16 INFO  [info] welcome to sbt 1.6.0 (Red Hat, Inc. Java 17.0.14)
2025.12.01 13:57:16 INFO  [info] loading settings for project onnx_spinal_project_new-build-build-build from metals.sbt ...
2025.12.01 13:57:16 INFO  [info] loading project definition from /root/onnx_spinal_project_new/project/project/project
2025.12.01 13:57:17 INFO  [info] loading settings for project onnx_spinal_project_new-build-build from metals.sbt ...
2025.12.01 13:57:17 INFO  [info] loading project definition from /root/onnx_spinal_project_new/project/project
2025.12.01 13:57:18 INFO  [success] Generated .bloop/onnx_spinal_project_new-build-build.json
2025.12.01 13:57:18 INFO  [success] Total time: 1 s, completed Dec 1, 2025, 1:57:18 PM
2025.12.01 13:57:18 INFO  [info] loading settings for project onnx_spinal_project_new-build from metals.sbt,plugins.sbt ...
2025.12.01 13:57:18 INFO  [info] loading project definition from /root/onnx_spinal_project_new/project
2025.12.01 13:57:18 INFO  [success] Generated .bloop/onnx_spinal_project_new-build.json
2025.12.01 13:57:18 INFO  [success] Total time: 0 s, completed Dec 1, 2025, 1:57:19 PM
2025.12.01 13:57:18 INFO  [info] loading settings for project Onnx_SpinalHDL from build.sbt ...
2025.12.01 13:57:18 INFO  [info] set current project to Onnx_SpinalHDL (in build file:/root/onnx_spinal_project_new/)
2025.12.01 13:57:19 INFO  [success] Generated .bloop/Onnx_SpinalHDL.json
2025.12.01 13:57:19 INFO  [success] Generated .bloop/Onnx_SpinalHDL-test.json
2025.12.01 13:57:19 INFO  [success] Total time: 0 s, completed Dec 1, 2025, 1:57:19 PM
2025.12.01 13:57:20 INFO  time: ran 'sbt bloopInstall' in 5.37s
2025.12.01 13:57:20 INFO  Disconnecting from Bloop session...
2025.12.01 13:57:20 INFO  Shut down connection with build server.
2025.12.01 13:57:20 INFO  Shut down connection with build server.
2025.12.01 13:57:20 INFO  Shut down connection with build server.
2025.12.01 13:57:20 INFO  Attempting to connect to the build server...
2025.12.01 13:57:20 INFO  Found a Bloop server running
2025.12.01 13:57:20 INFO  tracing is disabled for protocol BSP, to enable tracing of incoming and outgoing JSON messages create an empty file at /root/onnx_spinal_project_new/.metals/bsp.trace.json or /root/.cache/metals/bsp.trace.json
2025.12.01 13:57:20 INFO  Attempting to connect to the build server...
2025.12.01 13:57:20 INFO  Found a Bloop server running
2025.12.01 13:57:20 INFO  Attempting to connect to the build server...
2025.12.01 13:57:20 INFO  Found a Bloop server running
2025.12.01 13:57:20 INFO  tracing is disabled for protocol BSP, to enable tracing of incoming and outgoing JSON messages create an empty file at /root/onnx_spinal_project_new/project/project/.metals/bsp.trace.json or /root/.cache/metals/bsp.trace.json
2025.12.01 13:57:20 INFO  tracing is disabled for protocol BSP, to enable tracing of incoming and outgoing JSON messages create an empty file at /root/onnx_spinal_project_new/project/.metals/bsp.trace.json or /root/.cache/metals/bsp.trace.json
2025.12.01 13:57:20 INFO  time: Connected to build server in 0.23s
2025.12.01 13:57:20 INFO  Connected to Build server: Bloop v2.0.17
2025.12.01 13:57:22 INFO  QDox parse error in file:///root/onnx_spinal_project_new/sw/java/test/java/org/forwarder/backend/impls/dl4j/opsets/aiOnnx/v13/ops/DL4JCastV13Test.java (full report at: "/root/onnx_spinal_project_new/.metals/.reports/metals-full/2025-12-01/r_qdox-error_(Onnx_5fSpinalHDL-test)_13-08-59-057.md")
2025.12.01 13:57:23 WARN  Could not find java sources in /usr/lib/jvm/src.zip, /usr/lib/jvm/lib/src.zip, /usr/lib/jvm/java-17-openjdk/src.zip, /usr/lib/jvm/java-17-openjdk/lib/src.zip, /usr/lib/jvm/src.zip, /usr/lib/jvm/lib/src.zip, /usr/lib/jvm/java-17-openjdk-17.0.14.0.7-2.el9.x86_64/src.zip, /usr/lib/jvm/java-17-openjdk-17.0.14.0.7-2.el9.x86_64/lib/src.zip. Java symbols will not be available.
2025.12.01 13:57:23 INFO  time: indexed workspace in 2.78s
Dec 01, 2025 1:57:51 PM org.eclipse.lsp4j.jsonrpc.RemoteEndpoint handleNotification
WARNING: Notification threw an exception: {
  "jsonrpc": "2.0",
  "method": "metals/didFocusTextDocument",
  "params": [
    "vscode-local:/c%3A/accelerator_projects/hw_spinal/systolic_array/TB_InstAxi4ToStream128.scala"
  ]
}
java.nio.file.FileSystemNotFoundException: Provider "vscode-local" not installed
	at java.base/java.nio.file.Path.of(Path.java:212)
	at java.base/java.nio.file.Paths.get(Paths.java:98)
	at scala.meta.internal.mtags.MtagsEnrichments$XtensionURIMtags.toAbsolutePath(MtagsEnrichments.scala:149)
	at scala.meta.internal.mtags.MtagsEnrichments$XtensionStringMtags.toAbsolutePath(MtagsEnrichments.scala:209)
	at scala.meta.internal.metals.MetalsEnrichments$XtensionString.toAbsolutePath(MetalsEnrichments.scala:778)
	at scala.meta.internal.metals.MetalsEnrichments$XtensionString.toAbsolutePath(MetalsEnrichments.scala:775)
	at scala.meta.internal.metals.WorkspaceLspService.didFocus(WorkspaceLspService.scala:789)
	at scala.meta.metals.lsp.DelegatingScalaService.didFocus(DelegatingScalaService.scala:42)
	at java.base/jdk.internal.reflect.NativeMethodAccessorImpl.invoke0(Native Method)
	at java.base/jdk.internal.reflect.NativeMethodAccessorImpl.invoke(NativeMethodAccessorImpl.java:77)
	at java.base/jdk.internal.reflect.DelegatingMethodAccessorImpl.invoke(DelegatingMethodAccessorImpl.java:43)
	at java.base/java.lang.reflect.Method.invoke(Method.java:569)
	at org.eclipse.lsp4j.jsonrpc.services.GenericEndpoint.lambda$recursiveFindRpcMethods$0(GenericEndpoint.java:65)
	at org.eclipse.lsp4j.jsonrpc.services.GenericEndpoint.notify(GenericEndpoint.java:160)
	at org.eclipse.lsp4j.jsonrpc.RemoteEndpoint.handleNotification(RemoteEndpoint.java:231)
	at org.eclipse.lsp4j.jsonrpc.RemoteEndpoint.consume(RemoteEndpoint.java:198)
	at org.eclipse.lsp4j.jsonrpc.json.StreamMessageProducer.handleMessage(StreamMessageProducer.java:185)
	at org.eclipse.lsp4j.jsonrpc.json.StreamMessageProducer.listen(StreamMessageProducer.java:97)
	at org.eclipse.lsp4j.jsonrpc.json.ConcurrentMessageProcessor.run(ConcurrentMessageProcessor.java:114)
	at java.base/java.util.concurrent.Executors$RunnableAdapter.call(Executors.java:539)
	at java.base/java.util.concurrent.FutureTask.run(FutureTask.java:264)
	at java.base/java.util.concurrent.ThreadPoolExecutor.runWorker(ThreadPoolExecutor.java:1136)
	at java.base/java.util.concurrent.ThreadPoolExecutor$Worker.run(ThreadPoolExecutor.java:635)
	at java.base/java.lang.Thread.run(Thread.java:840)

2025.12.01 13:58:10 INFO  running '/root/.local/share/coursier/bin/sbt -Dbloop.export-jar-classifiers=sources bloopInstall'
2025.12.01 13:58:11 INFO  [info] welcome to sbt 1.6.0 (Red Hat, Inc. Java 17.0.14)
2025.12.01 13:58:11 INFO  [info] loading settings for project onnx_spinal_project_new-build-build-build from metals.sbt ...
2025.12.01 13:58:12 INFO  [info] loading project definition from /root/onnx_spinal_project_new/project/project/project
2025.12.01 13:58:12 INFO  [info] loading settings for project onnx_spinal_project_new-build-build from metals.sbt ...
2025.12.01 13:58:12 INFO  [info] loading project definition from /root/onnx_spinal_project_new/project/project
2025.12.01 13:58:15 INFO  [success] Generated .bloop/onnx_spinal_project_new-build-build.json
2025.12.01 13:58:15 INFO  [success] Total time: 1 s, completed Dec 1, 2025, 1:58:15 PM
2025.12.01 13:58:15 INFO  [info] loading settings for project onnx_spinal_project_new-build from metals.sbt,plugins.sbt ...
2025.12.01 13:58:15 INFO  [info] loading project definition from /root/onnx_spinal_project_new/project
2025.12.01 13:58:15 INFO  [success] Generated .bloop/onnx_spinal_project_new-build.json
2025.12.01 13:58:15 INFO  [success] Total time: 0 s, completed Dec 1, 2025, 1:58:15 PM
2025.12.01 13:58:15 INFO  [info] loading settings for project Onnx_SpinalHDL from build.sbt ...
2025.12.01 13:58:16 INFO  [info] set current project to Onnx_SpinalHDL (in build file:/root/onnx_spinal_project_new/)
2025.12.01 13:58:16 INFO  [success] Generated .bloop/Onnx_SpinalHDL.json
2025.12.01 13:58:16 INFO  [success] Generated .bloop/Onnx_SpinalHDL-test.json
2025.12.01 13:58:16 INFO  [success] Total time: 0 s, completed Dec 1, 2025, 1:58:16 PM
2025.12.01 13:58:16 INFO  time: ran 'sbt bloopInstall' in 6.1s
2025.12.01 13:58:16 INFO  Disconnecting from Bloop session...
2025.12.01 13:58:16 INFO  Shut down connection with build server.
2025.12.01 13:58:16 INFO  Shut down connection with build server.
2025.12.01 13:58:16 INFO  Shut down connection with build server.
2025.12.01 13:58:16 INFO  Attempting to connect to the build server...
2025.12.01 13:58:16 INFO  Found a Bloop server running
2025.12.01 13:58:17 INFO  tracing is disabled for protocol BSP, to enable tracing of incoming and outgoing JSON messages create an empty file at /root/onnx_spinal_project_new/.metals/bsp.trace.json or /root/.cache/metals/bsp.trace.json
2025.12.01 13:58:17 INFO  Attempting to connect to the build server...
2025.12.01 13:58:17 INFO  Found a Bloop server running
2025.12.01 13:58:17 INFO  Attempting to connect to the build server...
2025.12.01 13:58:17 INFO  Found a Bloop server running
2025.12.01 13:58:16 INFO  tracing is disabled for protocol BSP, to enable tracing of incoming and outgoing JSON messages create an empty file at /root/onnx_spinal_project_new/project/project/.metals/bsp.trace.json or /root/.cache/metals/bsp.trace.json
2025.12.01 13:58:17 INFO  tracing is disabled for protocol BSP, to enable tracing of incoming and outgoing JSON messages create an empty file at /root/onnx_spinal_project_new/project/.metals/bsp.trace.json or /root/.cache/metals/bsp.trace.json
2025.12.01 13:58:16 INFO  time: Connected to build server in 0.22s
2025.12.01 13:58:17 INFO  Connected to Build server: Bloop v2.0.17
2025.12.01 13:58:18 INFO  QDox parse error in file:///root/onnx_spinal_project_new/sw/java/test/java/org/forwarder/backend/impls/dl4j/opsets/aiOnnx/v13/ops/DL4JCastV13Test.java (full report at: "/root/onnx_spinal_project_new/.metals/.reports/metals-full/2025-12-01/r_qdox-error_(Onnx_5fSpinalHDL-test)_13-08-59-057.md")
2025.12.01 13:58:18 WARN  Could not find java sources in /usr/lib/jvm/src.zip, /usr/lib/jvm/lib/src.zip, /usr/lib/jvm/java-17-openjdk/src.zip, /usr/lib/jvm/java-17-openjdk/lib/src.zip, /usr/lib/jvm/src.zip, /usr/lib/jvm/lib/src.zip, /usr/lib/jvm/java-17-openjdk-17.0.14.0.7-2.el9.x86_64/src.zip, /usr/lib/jvm/java-17-openjdk-17.0.14.0.7-2.el9.x86_64/lib/src.zip. Java symbols will not be available.
2025.12.01 13:58:18 INFO  time: indexed workspace in 1.67s
Dec 01, 2025 2:05:19 PM org.eclipse.lsp4j.jsonrpc.RemoteEndpoint handleNotification
WARNING: Notification threw an exception: {
  "jsonrpc": "2.0",
  "method": "metals/didFocusTextDocument",
  "params": [
    "vscode-local:/c%3A/accelerator_projects/hw_spinal/systolic_array/TB_InstAxi4ToStream128.scala"
  ]
}
java.nio.file.FileSystemNotFoundException: Provider "vscode-local" not installed
	at java.base/java.nio.file.Path.of(Path.java:212)
	at java.base/java.nio.file.Paths.get(Paths.java:98)
	at scala.meta.internal.mtags.MtagsEnrichments$XtensionURIMtags.toAbsolutePath(MtagsEnrichments.scala:149)
	at scala.meta.internal.mtags.MtagsEnrichments$XtensionStringMtags.toAbsolutePath(MtagsEnrichments.scala:209)
	at scala.meta.internal.metals.MetalsEnrichments$XtensionString.toAbsolutePath(MetalsEnrichments.scala:778)
	at scala.meta.internal.metals.MetalsEnrichments$XtensionString.toAbsolutePath(MetalsEnrichments.scala:775)
	at scala.meta.internal.metals.WorkspaceLspService.didFocus(WorkspaceLspService.scala:789)
	at scala.meta.metals.lsp.DelegatingScalaService.didFocus(DelegatingScalaService.scala:42)
	at java.base/jdk.internal.reflect.NativeMethodAccessorImpl.invoke0(Native Method)
	at java.base/jdk.internal.reflect.NativeMethodAccessorImpl.invoke(NativeMethodAccessorImpl.java:77)
	at java.base/jdk.internal.reflect.DelegatingMethodAccessorImpl.invoke(DelegatingMethodAccessorImpl.java:43)
	at java.base/java.lang.reflect.Method.invoke(Method.java:569)
	at org.eclipse.lsp4j.jsonrpc.services.GenericEndpoint.lambda$recursiveFindRpcMethods$0(GenericEndpoint.java:65)
	at org.eclipse.lsp4j.jsonrpc.services.GenericEndpoint.notify(GenericEndpoint.java:160)
	at org.eclipse.lsp4j.jsonrpc.RemoteEndpoint.handleNotification(RemoteEndpoint.java:231)
	at org.eclipse.lsp4j.jsonrpc.RemoteEndpoint.consume(RemoteEndpoint.java:198)
	at org.eclipse.lsp4j.jsonrpc.json.StreamMessageProducer.handleMessage(StreamMessageProducer.java:185)
	at org.eclipse.lsp4j.jsonrpc.json.StreamMessageProducer.listen(StreamMessageProducer.java:97)
	at org.eclipse.lsp4j.jsonrpc.json.ConcurrentMessageProcessor.run(ConcurrentMessageProcessor.java:114)
	at java.base/java.util.concurrent.Executors$RunnableAdapter.call(Executors.java:539)
	at java.base/java.util.concurrent.FutureTask.run(FutureTask.java:264)
	at java.base/java.util.concurrent.ThreadPoolExecutor.runWorker(ThreadPoolExecutor.java:1136)
	at java.base/java.util.concurrent.ThreadPoolExecutor$Worker.run(ThreadPoolExecutor.java:635)
	at java.base/java.lang.Thread.run(Thread.java:840)

Dec 01, 2025 2:05:41 PM org.eclipse.lsp4j.jsonrpc.services.GenericEndpoint notify
INFO: Unsupported notification method: $/setTrace
2025.12.01 14:25:14 INFO  Started: Metals version 1.6.4 in folders '/root/onnx_spinal_project_new' for client Visual Studio Code 1.106.3.
2025.12.01 14:25:18 WARN  Using H2 2.4.240 which is newer than the version Flyway has been verified with. The latest verified version of H2 is 2.3.232.
2025.12.01 14:25:18 INFO  no build target found for /root/onnx_spinal_project_new/hw/spinal/playGround/tb_InstAxi4ToStream128.scala. Using presentation compiler with project's scala-library version: 3.3.6
2025.12.01 14:25:18 INFO  Attempting to connect to the build server...
2025.12.01 14:25:18 INFO  No running Bloop server found, starting one.
2025.12.01 14:25:19 INFO  Starting compilation server
2025.12.01 14:25:19 INFO  no build target found for /root/onnx_spinal_project_new/hw/spinal/playGround/tb_InstAxi4ToStream128.scala. Using presentation compiler with project's scala-library version: 3.3.6
2025.12.01 14:25:20 INFO  tracing is disabled for protocol BSP, to enable tracing of incoming and outgoing JSON messages create an empty file at /root/onnx_spinal_project_new/.metals/bsp.trace.json or /root/.cache/metals/bsp.trace.json
2025.12.01 14:25:21 INFO  Attempting to connect to the build server...
2025.12.01 14:25:21 INFO  Found a Bloop server running
2025.12.01 14:25:21 INFO  Attempting to connect to the build server...
2025.12.01 14:25:21 INFO  Found a Bloop server running
2025.12.01 14:25:21 INFO  tracing is disabled for protocol BSP, to enable tracing of incoming and outgoing JSON messages create an empty file at /root/onnx_spinal_project_new/project/project/.metals/bsp.trace.json or /root/.cache/metals/bsp.trace.json
2025.12.01 14:25:21 INFO  tracing is disabled for protocol BSP, to enable tracing of incoming and outgoing JSON messages create an empty file at /root/onnx_spinal_project_new/project/.metals/bsp.trace.json or /root/.cache/metals/bsp.trace.json
2025.12.01 14:25:25 INFO  time: Connected to build server in 7.28s
2025.12.01 14:25:25 INFO  Connected to Build server: Bloop v2.0.17
2025.12.01 14:25:26 INFO  time: Imported build in 0.17s
2025.12.01 14:25:26 WARN  2.12.15 is no longer supported in the current Metals versions, using the last known supported version 1.3.3
2025.12.01 14:25:26 WARN  2.13.14 is no longer supported in the current Metals versions, using the last known supported version 1.6.3
2025.12.01 14:25:28 INFO  QDox parse error in file:///root/onnx_spinal_project_new/sw/java/test/java/org/forwarder/backend/impls/dl4j/opsets/aiOnnx/v13/ops/DL4JCastV13Test.java (full report at: "/root/onnx_spinal_project_new/.metals/.reports/metals-full/2025-12-01/r_qdox-error_(Onnx_5fSpinalHDL-test)_13-08-59-057.md")
2025.12.01 14:25:28 WARN  Could not find java sources in /usr/lib/jvm/src.zip, /usr/lib/jvm/lib/src.zip, /usr/lib/jvm/java-17-openjdk/src.zip, /usr/lib/jvm/java-17-openjdk/lib/src.zip, /usr/lib/jvm/src.zip, /usr/lib/jvm/lib/src.zip, /usr/lib/jvm/java-17-openjdk-17.0.14.0.7-2.el9.x86_64/src.zip, /usr/lib/jvm/java-17-openjdk-17.0.14.0.7-2.el9.x86_64/lib/src.zip. Java symbols will not be available.
2025.12.01 14:25:30 INFO  time: indexed workspace in 4.13s
2025.12.01 14:27:10 INFO  compiling onnx_spinalhdl (1 scala source)
2025.12.01 14:27:14 INFO  time: compiled Onnx_SpinalHDL in 4s
2025.12.01 14:28:33 INFO  compiling onnx_spinalhdl (1 scala source)
2025.12.01 14:28:33 INFO  time: compiled Onnx_SpinalHDL in 0.67s
2025.12.01 14:28:34 WARN  Could not load snapshot text for /root/onnx_spinal_project_new/hw/spinal/playGround/tb_InstAxi4ToStream128.scala
2025.12.01 14:29:31 WARN  Could not load snapshot text for /root/onnx_spinal_project_new/hw/spinal/playGround/tb_InstAxi4ToStream128.scala
2025.12.01 14:29:31 WARN  Could not load snapshot text for /root/onnx_spinal_project_new/hw/spinal/playGround/tb_InstAxi4ToStream128.scala
2025.12.01 14:29:31 WARN  Could not load snapshot text for /root/onnx_spinal_project_new/hw/spinal/playGround/tb_InstAxi4ToStream128.scala
2025.12.01 14:29:31 WARN  Could not load snapshot text for /root/onnx_spinal_project_new/hw/spinal/playGround/tb_InstAxi4ToStream128.scala
2025.12.01 14:29:31 WARN  Could not load snapshot text for /root/onnx_spinal_project_new/hw/spinal/playGround/tb_InstAxi4ToStream128.scala
2025.12.01 14:29:31 WARN  Could not load snapshot text for /root/onnx_spinal_project_new/hw/spinal/playGround/tb_InstAxi4ToStream128.scala
2025.12.01 14:29:31 WARN  Could not load snapshot text for /root/onnx_spinal_project_new/hw/spinal/playGround/tb_InstAxi4ToStream128.scala
2025.12.01 14:29:32 WARN  Could not load snapshot text for /root/onnx_spinal_project_new/hw/spinal/playGround/tb_InstAxi4ToStream128.scala
2025.12.01 14:29:34 WARN  Could not load snapshot text for /root/onnx_spinal_project_new/hw/spinal/playGround/tb_InstAxi4ToStream128.scala
2025.12.01 14:29:35 INFO  compiling onnx_spinalhdl (1 scala source)
2025.12.01 14:29:37 INFO  time: compiled Onnx_SpinalHDL in 1.58s
Dec 02, 2025 12:00:35 PM org.eclipse.lsp4j.jsonrpc.RemoteEndpoint handleCancellation
WARNING: Unmatched cancel notification for request id 188
2025.12.02 17:14:41 INFO  compiling onnx_spinalhdl (1 scala source)
2025.12.02 17:14:45 INFO  time: compiled Onnx_SpinalHDL in 3.8s
2025.12.02 17:16:14 INFO  compiling onnx_spinalhdl (1 scala source)
2025.12.02 17:16:15 INFO  time: compiled Onnx_SpinalHDL in 1.38s
2025.12.02 17:18:21 INFO  compiling onnx_spinalhdl (1 scala source)
2025.12.02 17:18:22 INFO  time: compiled Onnx_SpinalHDL in 1.24s
2025.12.02 17:18:35 INFO  compiling onnx_spinalhdl (1 scala source)
2025.12.02 17:18:37 INFO  time: compiled Onnx_SpinalHDL in 1.17s
2025.12.07 03:35:53 INFO  compiling onnx_spinalhdl (24 scala sources and 2 java sources)
2025.12.07 03:35:59 INFO  time: compiled Onnx_SpinalHDL in 5.08s
2025.12.07 03:35:59 INFO  compiling onnx_spinalhdl (24 scala sources and 2 java sources)
2025.12.07 03:36:01 INFO  time: compiled Onnx_SpinalHDL in 2.33s
2025.12.07 03:37:34 INFO  running '/root/.local/share/coursier/bin/sbt -Dbloop.export-jar-classifiers=sources bloopInstall'
2025.12.07 03:37:35 INFO  [info] welcome to sbt 1.6.0 (Red Hat, Inc. Java 17.0.14)
2025.12.07 03:37:35 INFO  [info] loading settings for project onnx_spinal_project_new-build-build-build from metals.sbt ...
2025.12.07 03:37:36 INFO  [info] loading project definition from /root/onnx_spinal_project_new/project/project/project
2025.12.07 03:37:36 INFO  [info] loading settings for project onnx_spinal_project_new-build-build from metals.sbt ...
2025.12.07 03:37:36 INFO  [info] loading project definition from /root/onnx_spinal_project_new/project/project
2025.12.07 03:37:39 INFO  [success] Generated .bloop/onnx_spinal_project_new-build-build.json
2025.12.07 03:37:39 INFO  [success] Total time: 2 s, completed Dec 7, 2025, 3:37:39 AM
2025.12.07 03:37:39 INFO  [info] loading settings for project onnx_spinal_project_new-build from metals.sbt,plugins.sbt ...
2025.12.07 03:37:39 INFO  [info] loading project definition from /root/onnx_spinal_project_new/project
2025.12.07 03:37:39 INFO  [success] Generated .bloop/onnx_spinal_project_new-build.json
2025.12.07 03:37:39 INFO  [success] Total time: 0 s, completed Dec 7, 2025, 3:37:39 AM
2025.12.07 03:37:40 INFO  [info] loading settings for project Onnx_SpinalHDL from build.sbt ...
2025.12.07 03:37:40 INFO  [info] set current project to Onnx_SpinalHDL (in build file:/root/onnx_spinal_project_new/)
2025.12.07 03:37:40 INFO  [success] Generated .bloop/Onnx_SpinalHDL-test.json
2025.12.07 03:37:40 INFO  [success] Generated .bloop/Onnx_SpinalHDL.json
2025.12.07 03:37:40 INFO  [success] Total time: 0 s, completed Dec 7, 2025, 3:37:40 AM
2025.12.07 03:37:41 INFO  time: ran 'sbt bloopInstall' in 7.14s
2025.12.07 03:37:41 INFO  Disconnecting from Bloop session...
2025.12.07 03:37:41 INFO  Shut down connection with build server.
2025.12.07 03:37:41 INFO  Shut down connection with build server.
2025.12.07 03:37:41 INFO  Shut down connection with build server.
2025.12.07 03:37:41 INFO  Attempting to connect to the build server...
2025.12.07 03:37:41 INFO  Found a Bloop server running
2025.12.07 03:37:41 INFO  tracing is disabled for protocol BSP, to enable tracing of incoming and outgoing JSON messages create an empty file at /root/onnx_spinal_project_new/.metals/bsp.trace.json or /root/.cache/metals/bsp.trace.json
2025.12.07 03:37:41 INFO  Attempting to connect to the build server...
2025.12.07 03:37:41 INFO  Found a Bloop server running
2025.12.07 03:37:41 INFO  Attempting to connect to the build server...
2025.12.07 03:37:41 INFO  Found a Bloop server running
2025.12.07 03:37:41 INFO  tracing is disabled for protocol BSP, to enable tracing of incoming and outgoing JSON messages create an empty file at /root/onnx_spinal_project_new/project/.metals/bsp.trace.json or /root/.cache/metals/bsp.trace.json
2025.12.07 03:37:41 INFO  tracing is disabled for protocol BSP, to enable tracing of incoming and outgoing JSON messages create an empty file at /root/onnx_spinal_project_new/project/project/.metals/bsp.trace.json or /root/.cache/metals/bsp.trace.json
2025.12.07 03:37:41 INFO  time: Connected to build server in 0.27s
2025.12.07 03:37:41 INFO  Connected to Build server: Bloop v2.0.17
2025.12.07 03:37:43 INFO  QDox parse error in file:///root/onnx_spinal_project_new/sw/java/test/java/org/forwarder/backend/impls/dl4j/opsets/aiOnnx/v13/ops/DL4JCastV13Test.java (full report at: "/root/onnx_spinal_project_new/.metals/.reports/metals-full/2025-12-01/r_qdox-error_(Onnx_5fSpinalHDL-test)_13-08-59-057.md")
2025.12.07 03:37:44 WARN  Could not find java sources in /usr/lib/jvm/src.zip, /usr/lib/jvm/lib/src.zip, /usr/lib/jvm/java-17-openjdk/src.zip, /usr/lib/jvm/java-17-openjdk/lib/src.zip, /usr/lib/jvm/src.zip, /usr/lib/jvm/lib/src.zip, /usr/lib/jvm/java-17-openjdk-17.0.14.0.7-2.el9.x86_64/src.zip, /usr/lib/jvm/java-17-openjdk-17.0.14.0.7-2.el9.x86_64/lib/src.zip. Java symbols will not be available.
2025.12.07 03:37:44 INFO  time: indexed workspace in 2.9s
2025.12.07 03:37:45 INFO  compiling onnx_spinalhdl (24 scala sources and 2 java sources)
2025.12.07 03:37:46 INFO  time: compiled Onnx_SpinalHDL in 1.96s
2025.12.07 03:41:58 INFO  running '/root/.local/share/coursier/bin/sbt -Dbloop.export-jar-classifiers=sources bloopInstall'
2025.12.07 03:42:00 INFO  [info] welcome to sbt 1.6.0 (Red Hat, Inc. Java 17.0.14)
2025.12.07 03:42:00 INFO  [info] loading settings for project onnx_spinal_project_new-build-build-build from metals.sbt ...
2025.12.07 03:42:01 INFO  [info] loading project definition from /root/onnx_spinal_project_new/project/project/project
2025.12.07 03:42:01 INFO  [info] loading settings for project onnx_spinal_project_new-build-build from metals.sbt ...
2025.12.07 03:42:01 INFO  [info] loading project definition from /root/onnx_spinal_project_new/project/project
2025.12.07 03:42:03 INFO  [success] Generated .bloop/onnx_spinal_project_new-build-build.json
2025.12.07 03:42:03 INFO  [success] Total time: 1 s, completed Dec 7, 2025, 3:42:03 AM
2025.12.07 03:42:03 INFO  [info] loading settings for project onnx_spinal_project_new-build from metals.sbt,plugins.sbt ...
2025.12.07 03:42:03 INFO  [info] loading project definition from /root/onnx_spinal_project_new/project
2025.12.07 03:42:03 INFO  [success] Generated .bloop/onnx_spinal_project_new-build.json
2025.12.07 03:42:03 INFO  [success] Total time: 0 s, completed Dec 7, 2025, 3:42:04 AM
2025.12.07 03:42:03 INFO  [info] loading settings for project Onnx_SpinalHDL from build.sbt ...
2025.12.07 03:42:04 INFO  [info] set current project to Onnx_SpinalHDL (in build file:/root/onnx_spinal_project_new/)
2025.12.07 03:42:04 INFO  [success] Generated .bloop/Onnx_SpinalHDL.json
2025.12.07 03:42:04 INFO  [success] Generated .bloop/Onnx_SpinalHDL-test.json
2025.12.07 03:42:04 INFO  [success] Total time: 0 s, completed Dec 7, 2025, 3:42:05 AM
2025.12.07 03:42:05 INFO  time: ran 'sbt bloopInstall' in 6.75s
2025.12.07 03:42:05 INFO  Disconnecting from Bloop session...
2025.12.07 03:42:05 INFO  Shut down connection with build server.
2025.12.07 03:42:05 INFO  Shut down connection with build server.
2025.12.07 03:42:05 INFO  Shut down connection with build server.
2025.12.07 03:42:05 INFO  Attempting to connect to the build server...
2025.12.07 03:42:05 INFO  Found a Bloop server running
2025.12.07 03:42:05 INFO  tracing is disabled for protocol BSP, to enable tracing of incoming and outgoing JSON messages create an empty file at /root/onnx_spinal_project_new/.metals/bsp.trace.json or /root/.cache/metals/bsp.trace.json
2025.12.07 03:42:05 INFO  Attempting to connect to the build server...
2025.12.07 03:42:05 INFO  Found a Bloop server running
2025.12.07 03:42:05 INFO  Attempting to connect to the build server...
2025.12.07 03:42:05 INFO  Found a Bloop server running
2025.12.07 03:42:05 INFO  tracing is disabled for protocol BSP, to enable tracing of incoming and outgoing JSON messages create an empty file at /root/onnx_spinal_project_new/project/project/.metals/bsp.trace.json or /root/.cache/metals/bsp.trace.json
2025.12.07 03:42:05 INFO  tracing is disabled for protocol BSP, to enable tracing of incoming and outgoing JSON messages create an empty file at /root/onnx_spinal_project_new/project/.metals/bsp.trace.json or /root/.cache/metals/bsp.trace.json
2025.12.07 03:42:05 INFO  time: Connected to build server in 0.23s
2025.12.07 03:42:05 INFO  Connected to Build server: Bloop v2.0.17
2025.12.07 03:42:07 INFO  QDox parse error in file:///root/onnx_spinal_project_new/sw/java/test/java/org/forwarder/backend/impls/dl4j/opsets/aiOnnx/v13/ops/DL4JCastV13Test.java (full report at: "/root/onnx_spinal_project_new/.metals/.reports/metals-full/2025-12-01/r_qdox-error_(Onnx_5fSpinalHDL-test)_13-08-59-057.md")
2025.12.07 03:42:07 WARN  Could not find java sources in /usr/lib/jvm/src.zip, /usr/lib/jvm/lib/src.zip, /usr/lib/jvm/java-17-openjdk/src.zip, /usr/lib/jvm/java-17-openjdk/lib/src.zip, /usr/lib/jvm/src.zip, /usr/lib/jvm/lib/src.zip, /usr/lib/jvm/java-17-openjdk-17.0.14.0.7-2.el9.x86_64/src.zip, /usr/lib/jvm/java-17-openjdk-17.0.14.0.7-2.el9.x86_64/lib/src.zip. Java symbols will not be available.
2025.12.07 03:42:07 INFO  time: indexed workspace in 2.27s
2025.12.07 03:42:08 INFO  compiling onnx_spinalhdl (24 scala sources and 2 java sources)
2025.12.07 03:42:09 INFO  time: compiled Onnx_SpinalHDL in 1.4s
Dec 07, 2025 3:42:16 AM org.eclipse.lsp4j.jsonrpc.RemoteEndpoint handleNotification
WARNING: Notification threw an exception: {
  "jsonrpc": "2.0",
  "method": "metals/didFocusTextDocument",
  "params": [
    "vscode-local:/c%3A/accelerator_projects/hw_spinal/systolic_array/TB_InstAxi4ToStream128.scala"
  ]
}
java.nio.file.FileSystemNotFoundException: Provider "vscode-local" not installed
	at java.base/java.nio.file.Path.of(Path.java:212)
	at java.base/java.nio.file.Paths.get(Paths.java:98)
	at scala.meta.internal.mtags.MtagsEnrichments$XtensionURIMtags.toAbsolutePath(MtagsEnrichments.scala:149)
	at scala.meta.internal.mtags.MtagsEnrichments$XtensionStringMtags.toAbsolutePath(MtagsEnrichments.scala:209)
	at scala.meta.internal.metals.MetalsEnrichments$XtensionString.toAbsolutePath(MetalsEnrichments.scala:778)
	at scala.meta.internal.metals.MetalsEnrichments$XtensionString.toAbsolutePath(MetalsEnrichments.scala:775)
	at scala.meta.internal.metals.WorkspaceLspService.didFocus(WorkspaceLspService.scala:789)
	at scala.meta.metals.lsp.DelegatingScalaService.didFocus(DelegatingScalaService.scala:42)
	at jdk.internal.reflect.GeneratedMethodAccessor14.invoke(Unknown Source)
	at java.base/jdk.internal.reflect.DelegatingMethodAccessorImpl.invoke(DelegatingMethodAccessorImpl.java:43)
	at java.base/java.lang.reflect.Method.invoke(Method.java:569)
	at org.eclipse.lsp4j.jsonrpc.services.GenericEndpoint.lambda$recursiveFindRpcMethods$0(GenericEndpoint.java:65)
	at org.eclipse.lsp4j.jsonrpc.services.GenericEndpoint.notify(GenericEndpoint.java:160)
	at org.eclipse.lsp4j.jsonrpc.RemoteEndpoint.handleNotification(RemoteEndpoint.java:231)
	at org.eclipse.lsp4j.jsonrpc.RemoteEndpoint.consume(RemoteEndpoint.java:198)
	at org.eclipse.lsp4j.jsonrpc.json.StreamMessageProducer.handleMessage(StreamMessageProducer.java:185)
	at org.eclipse.lsp4j.jsonrpc.json.StreamMessageProducer.listen(StreamMessageProducer.java:97)
	at org.eclipse.lsp4j.jsonrpc.json.ConcurrentMessageProcessor.run(ConcurrentMessageProcessor.java:114)
	at java.base/java.util.concurrent.Executors$RunnableAdapter.call(Executors.java:539)
	at java.base/java.util.concurrent.FutureTask.run(FutureTask.java:264)
	at java.base/java.util.concurrent.ThreadPoolExecutor.runWorker(ThreadPoolExecutor.java:1136)
	at java.base/java.util.concurrent.ThreadPoolExecutor$Worker.run(ThreadPoolExecutor.java:635)
	at java.base/java.lang.Thread.run(Thread.java:840)

2025.12.07 03:42:53 INFO  running '/root/.local/share/coursier/bin/sbt -Dbloop.export-jar-classifiers=sources bloopInstall'
2025.12.07 03:42:54 INFO  [info] welcome to sbt 1.6.0 (Red Hat, Inc. Java 17.0.14)
2025.12.07 03:42:54 INFO  [info] loading settings for project onnx_spinal_project_new-build-build-build from metals.sbt ...
2025.12.07 03:42:55 INFO  [info] loading project definition from /root/onnx_spinal_project_new/project/project/project
2025.12.07 03:42:55 INFO  [info] loading settings for project onnx_spinal_project_new-build-build from metals.sbt ...
2025.12.07 03:42:55 INFO  [info] loading project definition from /root/onnx_spinal_project_new/project/project
2025.12.07 03:42:57 INFO  [success] Generated .bloop/onnx_spinal_project_new-build-build.json
2025.12.07 03:42:57 INFO  [success] Total time: 1 s, completed Dec 7, 2025, 3:42:57 AM
2025.12.07 03:42:57 INFO  [info] loading settings for project onnx_spinal_project_new-build from metals.sbt,plugins.sbt ...
2025.12.07 03:42:57 INFO  [info] loading project definition from /root/onnx_spinal_project_new/project
2025.12.07 03:42:57 INFO  [success] Generated .bloop/onnx_spinal_project_new-build.json
2025.12.07 03:42:57 INFO  [success] Total time: 1 s, completed Dec 7, 2025, 3:42:58 AM
2025.12.07 03:42:58 INFO  [info] loading settings for project Onnx_SpinalHDL from build.sbt ...
2025.12.07 03:42:58 INFO  [info] set current project to Onnx_SpinalHDL (in build file:/root/onnx_spinal_project_new/)
2025.12.07 03:42:58 INFO  [success] Generated .bloop/Onnx_SpinalHDL-test.json
2025.12.07 03:42:58 INFO  [success] Generated .bloop/Onnx_SpinalHDL.json
2025.12.07 03:42:58 INFO  [success] Total time: 0 s, completed Dec 7, 2025, 3:42:59 AM
2025.12.07 03:42:59 INFO  time: ran 'sbt bloopInstall' in 6.29s
2025.12.07 03:42:59 INFO  Disconnecting from Bloop session...
2025.12.07 03:42:59 INFO  Shut down connection with build server.
2025.12.07 03:42:59 INFO  Shut down connection with build server.
2025.12.07 03:42:59 INFO  Shut down connection with build server.
2025.12.07 03:42:59 INFO  Attempting to connect to the build server...
2025.12.07 03:42:59 INFO  Found a Bloop server running
2025.12.07 03:42:59 INFO  tracing is disabled for protocol BSP, to enable tracing of incoming and outgoing JSON messages create an empty file at /root/onnx_spinal_project_new/.metals/bsp.trace.json or /root/.cache/metals/bsp.trace.json
2025.12.07 03:42:59 INFO  Attempting to connect to the build server...
2025.12.07 03:42:59 INFO  Found a Bloop server running
2025.12.07 03:42:59 INFO  Attempting to connect to the build server...
2025.12.07 03:42:59 INFO  Found a Bloop server running
2025.12.07 03:42:59 INFO  tracing is disabled for protocol BSP, to enable tracing of incoming and outgoing JSON messages create an empty file at /root/onnx_spinal_project_new/project/project/.metals/bsp.trace.json or /root/.cache/metals/bsp.trace.json
2025.12.07 03:42:59 INFO  tracing is disabled for protocol BSP, to enable tracing of incoming and outgoing JSON messages create an empty file at /root/onnx_spinal_project_new/project/.metals/bsp.trace.json or /root/.cache/metals/bsp.trace.json
2025.12.07 03:42:59 INFO  time: Connected to build server in 0.22s
2025.12.07 03:42:59 INFO  Connected to Build server: Bloop v2.0.17
2025.12.07 03:43:00 INFO  QDox parse error in file:///root/onnx_spinal_project_new/sw/java/test/java/org/forwarder/backend/impls/dl4j/opsets/aiOnnx/v13/ops/DL4JCastV13Test.java (full report at: "/root/onnx_spinal_project_new/.metals/.reports/metals-full/2025-12-01/r_qdox-error_(Onnx_5fSpinalHDL-test)_13-08-59-057.md")
2025.12.07 03:43:01 WARN  Could not find java sources in /usr/lib/jvm/src.zip, /usr/lib/jvm/lib/src.zip, /usr/lib/jvm/java-17-openjdk/src.zip, /usr/lib/jvm/java-17-openjdk/lib/src.zip, /usr/lib/jvm/src.zip, /usr/lib/jvm/lib/src.zip, /usr/lib/jvm/java-17-openjdk-17.0.14.0.7-2.el9.x86_64/src.zip, /usr/lib/jvm/java-17-openjdk-17.0.14.0.7-2.el9.x86_64/lib/src.zip. Java symbols will not be available.
2025.12.07 03:43:01 INFO  time: indexed workspace in 1.53s
2025.12.07 03:43:01 INFO  compiling onnx_spinalhdl (24 scala sources and 2 java sources)
2025.12.07 03:43:02 INFO  time: compiled Onnx_SpinalHDL in 1.08s
2025.12.07 03:43:36 INFO  running '/root/.local/share/coursier/bin/sbt -Dbloop.export-jar-classifiers=sources bloopInstall'
2025.12.07 03:43:37 INFO  [info] welcome to sbt 1.6.0 (Red Hat, Inc. Java 17.0.14)
2025.12.07 03:43:37 INFO  [info] loading settings for project onnx_spinal_project_new-build-build-build from metals.sbt ...
2025.12.07 03:43:38 INFO  [info] loading project definition from /root/onnx_spinal_project_new/project/project/project
2025.12.07 03:43:38 INFO  [info] loading settings for project onnx_spinal_project_new-build-build from metals.sbt ...
2025.12.07 03:43:38 INFO  [info] loading project definition from /root/onnx_spinal_project_new/project/project
2025.12.07 03:43:40 INFO  [success] Generated .bloop/onnx_spinal_project_new-build-build.json
2025.12.07 03:43:40 INFO  [success] Total time: 1 s, completed Dec 7, 2025, 3:43:40 AM
2025.12.07 03:43:40 INFO  [info] loading settings for project onnx_spinal_project_new-build from metals.sbt,plugins.sbt ...
2025.12.07 03:43:40 INFO  [info] loading project definition from /root/onnx_spinal_project_new/project
2025.12.07 03:43:40 INFO  [success] Generated .bloop/onnx_spinal_project_new-build.json
2025.12.07 03:43:40 INFO  [success] Total time: 0 s, completed Dec 7, 2025, 3:43:40 AM
2025.12.07 03:43:40 INFO  [info] loading settings for project Onnx_SpinalHDL from build.sbt ...
2025.12.07 03:43:41 INFO  [info] set current project to Onnx_SpinalHDL (in build file:/root/onnx_spinal_project_new/)
2025.12.07 03:43:41 INFO  [success] Generated .bloop/Onnx_SpinalHDL.json
2025.12.07 03:43:41 INFO  [success] Generated .bloop/Onnx_SpinalHDL-test.json
2025.12.07 03:43:41 INFO  [success] Total time: 0 s, completed Dec 7, 2025, 3:43:41 AM
2025.12.07 03:43:41 INFO  time: ran 'sbt bloopInstall' in 5.78s
2025.12.07 03:43:41 INFO  Disconnecting from Bloop session...
2025.12.07 03:43:41 INFO  Shut down connection with build server.
2025.12.07 03:43:41 INFO  Shut down connection with build server.
2025.12.07 03:43:41 INFO  Shut down connection with build server.
2025.12.07 03:43:41 INFO  Attempting to connect to the build server...
2025.12.07 03:43:41 INFO  Found a Bloop server running
2025.12.07 03:43:41 INFO  tracing is disabled for protocol BSP, to enable tracing of incoming and outgoing JSON messages create an empty file at /root/onnx_spinal_project_new/.metals/bsp.trace.json or /root/.cache/metals/bsp.trace.json
2025.12.07 03:43:41 INFO  Attempting to connect to the build server...
2025.12.07 03:43:41 INFO  Found a Bloop server running
2025.12.07 03:43:41 INFO  Attempting to connect to the build server...
2025.12.07 03:43:41 INFO  Found a Bloop server running
2025.12.07 03:43:41 INFO  tracing is disabled for protocol BSP, to enable tracing of incoming and outgoing JSON messages create an empty file at /root/onnx_spinal_project_new/project/.metals/bsp.trace.json or /root/.cache/metals/bsp.trace.json
2025.12.07 03:43:41 INFO  tracing is disabled for protocol BSP, to enable tracing of incoming and outgoing JSON messages create an empty file at /root/onnx_spinal_project_new/project/project/.metals/bsp.trace.json or /root/.cache/metals/bsp.trace.json
2025.12.07 03:43:41 INFO  time: Connected to build server in 0.22s
2025.12.07 03:43:41 INFO  Connected to Build server: Bloop v2.0.17
2025.12.07 03:43:43 INFO  QDox parse error in file:///root/onnx_spinal_project_new/sw/java/test/java/org/forwarder/backend/impls/dl4j/opsets/aiOnnx/v13/ops/DL4JCastV13Test.java (full report at: "/root/onnx_spinal_project_new/.metals/.reports/metals-full/2025-12-01/r_qdox-error_(Onnx_5fSpinalHDL-test)_13-08-59-057.md")
2025.12.07 03:43:44 WARN  Could not find java sources in /usr/lib/jvm/src.zip, /usr/lib/jvm/lib/src.zip, /usr/lib/jvm/java-17-openjdk/src.zip, /usr/lib/jvm/java-17-openjdk/lib/src.zip, /usr/lib/jvm/src.zip, /usr/lib/jvm/lib/src.zip, /usr/lib/jvm/java-17-openjdk-17.0.14.0.7-2.el9.x86_64/src.zip, /usr/lib/jvm/java-17-openjdk-17.0.14.0.7-2.el9.x86_64/lib/src.zip. Java symbols will not be available.
2025.12.07 03:43:44 INFO  time: indexed workspace in 2.71s
2025.12.07 03:43:45 INFO  compiling onnx_spinalhdl (24 scala sources and 2 java sources)
2025.12.07 03:43:46 INFO  time: compiled Onnx_SpinalHDL in 1.45s
Dec 07, 2025 3:43:52 AM org.eclipse.lsp4j.jsonrpc.RemoteEndpoint handleNotification
WARNING: Notification threw an exception: {
  "jsonrpc": "2.0",
  "method": "metals/didFocusTextDocument",
  "params": [
    "vscode-local:/c%3A/accelerator_projects/hw_spinal/systolic_array/TB_InstAxi4ToStream128.scala"
  ]
}
java.nio.file.FileSystemNotFoundException: Provider "vscode-local" not installed
	at java.base/java.nio.file.Path.of(Path.java:212)
	at java.base/java.nio.file.Paths.get(Paths.java:98)
	at scala.meta.internal.mtags.MtagsEnrichments$XtensionURIMtags.toAbsolutePath(MtagsEnrichments.scala:149)
	at scala.meta.internal.mtags.MtagsEnrichments$XtensionStringMtags.toAbsolutePath(MtagsEnrichments.scala:209)
	at scala.meta.internal.metals.MetalsEnrichments$XtensionString.toAbsolutePath(MetalsEnrichments.scala:778)
	at scala.meta.internal.metals.MetalsEnrichments$XtensionString.toAbsolutePath(MetalsEnrichments.scala:775)
	at scala.meta.internal.metals.WorkspaceLspService.didFocus(WorkspaceLspService.scala:789)
	at scala.meta.metals.lsp.DelegatingScalaService.didFocus(DelegatingScalaService.scala:42)
	at jdk.internal.reflect.GeneratedMethodAccessor14.invoke(Unknown Source)
	at java.base/jdk.internal.reflect.DelegatingMethodAccessorImpl.invoke(DelegatingMethodAccessorImpl.java:43)
	at java.base/java.lang.reflect.Method.invoke(Method.java:569)
	at org.eclipse.lsp4j.jsonrpc.services.GenericEndpoint.lambda$recursiveFindRpcMethods$0(GenericEndpoint.java:65)
	at org.eclipse.lsp4j.jsonrpc.services.GenericEndpoint.notify(GenericEndpoint.java:160)
	at org.eclipse.lsp4j.jsonrpc.RemoteEndpoint.handleNotification(RemoteEndpoint.java:231)
	at org.eclipse.lsp4j.jsonrpc.RemoteEndpoint.consume(RemoteEndpoint.java:198)
	at org.eclipse.lsp4j.jsonrpc.json.StreamMessageProducer.handleMessage(StreamMessageProducer.java:185)
	at org.eclipse.lsp4j.jsonrpc.json.StreamMessageProducer.listen(StreamMessageProducer.java:97)
	at org.eclipse.lsp4j.jsonrpc.json.ConcurrentMessageProcessor.run(ConcurrentMessageProcessor.java:114)
	at java.base/java.util.concurrent.Executors$RunnableAdapter.call(Executors.java:539)
	at java.base/java.util.concurrent.FutureTask.run(FutureTask.java:264)
	at java.base/java.util.concurrent.ThreadPoolExecutor.runWorker(ThreadPoolExecutor.java:1136)
	at java.base/java.util.concurrent.ThreadPoolExecutor$Worker.run(ThreadPoolExecutor.java:635)
	at java.base/java.lang.Thread.run(Thread.java:840)

2025.12.07 03:44:55 INFO  running '/root/.local/share/coursier/bin/sbt -Dbloop.export-jar-classifiers=sources bloopInstall'
2025.12.07 03:44:56 INFO  [info] welcome to sbt 1.6.0 (Red Hat, Inc. Java 17.0.14)
2025.12.07 03:44:56 INFO  [info] loading settings for project onnx_spinal_project_new-build-build-build from metals.sbt ...
2025.12.07 03:44:57 INFO  [info] loading project definition from /root/onnx_spinal_project_new/project/project/project
2025.12.07 03:44:57 INFO  [info] loading settings for project onnx_spinal_project_new-build-build from metals.sbt ...
2025.12.07 03:44:57 INFO  [info] loading project definition from /root/onnx_spinal_project_new/project/project
2025.12.07 03:44:59 INFO  [success] Generated .bloop/onnx_spinal_project_new-build-build.json
2025.12.07 03:44:59 INFO  [success] Total time: 1 s, completed Dec 7, 2025, 3:44:59 AM
2025.12.07 03:44:59 INFO  [info] loading settings for project onnx_spinal_project_new-build from metals.sbt,plugins.sbt ...
2025.12.07 03:44:59 INFO  [info] loading project definition from /root/onnx_spinal_project_new/project
2025.12.07 03:44:59 INFO  [success] Generated .bloop/onnx_spinal_project_new-build.json
2025.12.07 03:44:59 INFO  [success] Total time: 1 s, completed Dec 7, 2025, 3:45:00 AM
2025.12.07 03:45:00 INFO  [info] loading settings for project Onnx_SpinalHDL from build.sbt ...
2025.12.07 03:45:00 INFO  [info] set current project to Onnx_SpinalHDL (in build file:/root/onnx_spinal_project_new/)
2025.12.07 03:45:00 INFO  [success] Generated .bloop/Onnx_SpinalHDL.json
2025.12.07 03:45:00 INFO  [success] Generated .bloop/Onnx_SpinalHDL-test.json
2025.12.07 03:45:00 INFO  [success] Total time: 0 s, completed Dec 7, 2025, 3:45:01 AM
2025.12.07 03:45:01 INFO  time: ran 'sbt bloopInstall' in 6.45s
2025.12.07 03:45:01 INFO  Disconnecting from Bloop session...
2025.12.07 03:45:01 INFO  Shut down connection with build server.
2025.12.07 03:45:01 INFO  Shut down connection with build server.
2025.12.07 03:45:01 INFO  Shut down connection with build server.
2025.12.07 03:45:01 INFO  Attempting to connect to the build server...
2025.12.07 03:45:01 INFO  Found a Bloop server running
2025.12.07 03:45:01 INFO  tracing is disabled for protocol BSP, to enable tracing of incoming and outgoing JSON messages create an empty file at /root/onnx_spinal_project_new/.metals/bsp.trace.json or /root/.cache/metals/bsp.trace.json
2025.12.07 03:45:01 INFO  Attempting to connect to the build server...
2025.12.07 03:45:01 INFO  Found a Bloop server running
2025.12.07 03:45:01 INFO  Attempting to connect to the build server...
2025.12.07 03:45:01 INFO  Found a Bloop server running
2025.12.07 03:45:01 INFO  tracing is disabled for protocol BSP, to enable tracing of incoming and outgoing JSON messages create an empty file at /root/onnx_spinal_project_new/project/project/.metals/bsp.trace.json or /root/.cache/metals/bsp.trace.json
2025.12.07 03:45:01 INFO  tracing is disabled for protocol BSP, to enable tracing of incoming and outgoing JSON messages create an empty file at /root/onnx_spinal_project_new/project/.metals/bsp.trace.json or /root/.cache/metals/bsp.trace.json
2025.12.07 03:45:01 INFO  time: Connected to build server in 0.22s
2025.12.07 03:45:01 INFO  Connected to Build server: Bloop v2.0.17
2025.12.07 03:45:03 INFO  QDox parse error in file:///root/onnx_spinal_project_new/sw/java/test/java/org/forwarder/backend/impls/dl4j/opsets/aiOnnx/v13/ops/DL4JCastV13Test.java (full report at: "/root/onnx_spinal_project_new/.metals/.reports/metals-full/2025-12-01/r_qdox-error_(Onnx_5fSpinalHDL-test)_13-08-59-057.md")
2025.12.07 03:45:03 WARN  Could not find java sources in /usr/lib/jvm/src.zip, /usr/lib/jvm/lib/src.zip, /usr/lib/jvm/java-17-openjdk/src.zip, /usr/lib/jvm/java-17-openjdk/lib/src.zip, /usr/lib/jvm/src.zip, /usr/lib/jvm/lib/src.zip, /usr/lib/jvm/java-17-openjdk-17.0.14.0.7-2.el9.x86_64/src.zip, /usr/lib/jvm/java-17-openjdk-17.0.14.0.7-2.el9.x86_64/lib/src.zip. Java symbols will not be available.
2025.12.07 03:45:03 INFO  time: indexed workspace in 1.8s
2025.12.07 03:45:03 INFO  compiling onnx_spinalhdl (24 scala sources and 2 java sources)
2025.12.07 03:45:05 INFO  time: compiled Onnx_SpinalHDL in 1.2s
2025.12.07 03:45:49 WARN  Could not load snapshot text for /root/onnx_spinal_project_new/hw/spinal/WrapForFPGA/InstAxiLiteToStream.scala
2025.12.07 03:46:00 WARN  Could not load snapshot text for /root/onnx_spinal_project_new/hw/spinal/WrapForFPGA/tb_InstAxi4ToStream.scala
2025.12.07 03:46:15 INFO  compiling onnx_spinalhdl (143 scala sources and 447 java sources)
2025.12.07 03:46:21 INFO  time: compiled Onnx_SpinalHDL in 6.18s
2025.12.07 03:46:24 INFO  running '/root/.local/share/coursier/bin/sbt -Dbloop.export-jar-classifiers=sources bloopInstall'
2025.12.07 03:46:25 INFO  [info] welcome to sbt 1.6.0 (Red Hat, Inc. Java 17.0.14)
2025.12.07 03:46:25 INFO  [info] loading settings for project onnx_spinal_project_new-build-build-build from metals.sbt ...
2025.12.07 03:46:26 INFO  [info] loading project definition from /root/onnx_spinal_project_new/project/project/project
2025.12.07 03:46:26 INFO  [info] loading settings for project onnx_spinal_project_new-build-build from metals.sbt ...
2025.12.07 03:46:26 INFO  [info] loading project definition from /root/onnx_spinal_project_new/project/project
2025.12.07 03:46:27 INFO  [success] Generated .bloop/onnx_spinal_project_new-build-build.json
2025.12.07 03:46:27 INFO  [success] Total time: 1 s, completed Dec 7, 2025, 3:46:28 AM
2025.12.07 03:46:27 INFO  [info] loading settings for project onnx_spinal_project_new-build from metals.sbt,plugins.sbt ...
2025.12.07 03:46:27 INFO  [info] loading project definition from /root/onnx_spinal_project_new/project
2025.12.07 03:46:29 INFO  [success] Generated .bloop/onnx_spinal_project_new-build.json
2025.12.07 03:46:29 INFO  [success] Total time: 1 s, completed Dec 7, 2025, 3:46:29 AM
2025.12.07 03:46:29 INFO  [info] loading settings for project Onnx_SpinalHDL from build.sbt ...
2025.12.07 03:46:29 INFO  [info] set current project to Onnx_SpinalHDL (in build file:/root/onnx_spinal_project_new/)
2025.12.07 03:46:29 INFO  [success] Generated .bloop/Onnx_SpinalHDL-test.json
2025.12.07 03:46:29 INFO  [success] Generated .bloop/Onnx_SpinalHDL.json
2025.12.07 03:46:29 INFO  [success] Total time: 0 s, completed Dec 7, 2025, 3:46:30 AM
2025.12.07 03:46:30 INFO  time: ran 'sbt bloopInstall' in 6.25s
2025.12.07 03:46:30 INFO  Disconnecting from Bloop session...
2025.12.07 03:46:30 INFO  Shut down connection with build server.
2025.12.07 03:46:30 INFO  Shut down connection with build server.
2025.12.07 03:46:30 INFO  Shut down connection with build server.
2025.12.07 03:46:30 INFO  Attempting to connect to the build server...
2025.12.07 03:46:30 INFO  Found a Bloop server running
2025.12.07 03:46:30 INFO  tracing is disabled for protocol BSP, to enable tracing of incoming and outgoing JSON messages create an empty file at /root/onnx_spinal_project_new/.metals/bsp.trace.json or /root/.cache/metals/bsp.trace.json
2025.12.07 03:46:30 INFO  Attempting to connect to the build server...
2025.12.07 03:46:30 INFO  Found a Bloop server running
2025.12.07 03:46:30 INFO  Attempting to connect to the build server...
2025.12.07 03:46:30 INFO  Found a Bloop server running
2025.12.07 03:46:30 INFO  tracing is disabled for protocol BSP, to enable tracing of incoming and outgoing JSON messages create an empty file at /root/onnx_spinal_project_new/project/project/.metals/bsp.trace.json or /root/.cache/metals/bsp.trace.json
2025.12.07 03:46:30 INFO  tracing is disabled for protocol BSP, to enable tracing of incoming and outgoing JSON messages create an empty file at /root/onnx_spinal_project_new/project/.metals/bsp.trace.json or /root/.cache/metals/bsp.trace.json
2025.12.07 03:46:30 INFO  time: Connected to build server in 0.22s
2025.12.07 03:46:30 INFO  Connected to Build server: Bloop v2.0.17
2025.12.07 03:46:33 INFO  QDox parse error in file:///root/onnx_spinal_project_new/sw/java/test/java/org/forwarder/backend/impls/dl4j/opsets/aiOnnx/v13/ops/DL4JCastV13Test.java (full report at: "/root/onnx_spinal_project_new/.metals/.reports/metals-full/2025-12-01/r_qdox-error_(Onnx_5fSpinalHDL-test)_13-08-59-057.md")
2025.12.07 03:46:34 WARN  Could not find java sources in /usr/lib/jvm/src.zip, /usr/lib/jvm/lib/src.zip, /usr/lib/jvm/java-17-openjdk/src.zip, /usr/lib/jvm/java-17-openjdk/lib/src.zip, /usr/lib/jvm/src.zip, /usr/lib/jvm/lib/src.zip, /usr/lib/jvm/java-17-openjdk-17.0.14.0.7-2.el9.x86_64/src.zip, /usr/lib/jvm/java-17-openjdk-17.0.14.0.7-2.el9.x86_64/lib/src.zip. Java symbols will not be available.
2025.12.07 03:46:34 INFO  time: indexed workspace in 4.55s
2025.12.07 03:46:35 INFO  compiling onnx_spinalhdl (143 scala sources and 447 java sources)
2025.12.07 03:46:39 INFO  time: compiled Onnx_SpinalHDL in 4.17s
2025.12.07 03:47:28 INFO  running '/root/.local/share/coursier/bin/sbt -Dbloop.export-jar-classifiers=sources bloopInstall'
2025.12.07 03:47:29 INFO  [info] welcome to sbt 1.6.0 (Red Hat, Inc. Java 17.0.14)
2025.12.07 03:47:29 INFO  [info] loading settings for project onnx_spinal_project_new-build-build-build from metals.sbt ...
2025.12.07 03:47:30 INFO  [info] loading project definition from /root/onnx_spinal_project_new/project/project/project
2025.12.07 03:47:30 INFO  [info] loading settings for project onnx_spinal_project_new-build-build from metals.sbt ...
2025.12.07 03:47:30 INFO  [info] loading project definition from /root/onnx_spinal_project_new/project/project
2025.12.07 03:47:32 INFO  [success] Generated .bloop/onnx_spinal_project_new-build-build.json
2025.12.07 03:47:32 INFO  [success] Total time: 1 s, completed Dec 7, 2025, 3:47:32 AM
2025.12.07 03:47:32 INFO  [info] loading settings for project onnx_spinal_project_new-build from metals.sbt,plugins.sbt ...
2025.12.07 03:47:32 INFO  [info] loading project definition from /root/onnx_spinal_project_new/project
2025.12.07 03:47:32 INFO  [success] Generated .bloop/onnx_spinal_project_new-build.json
2025.12.07 03:47:32 INFO  [success] Total time: 0 s, completed Dec 7, 2025, 3:47:33 AM
2025.12.07 03:47:33 INFO  [info] loading settings for project Onnx_SpinalHDL from build.sbt ...
2025.12.07 03:47:33 INFO  [info] set current project to Onnx_SpinalHDL (in build file:/root/onnx_spinal_project_new/)
2025.12.07 03:47:33 INFO  [success] Generated .bloop/Onnx_SpinalHDL-test.json
2025.12.07 03:47:33 INFO  [success] Generated .bloop/Onnx_SpinalHDL.json
2025.12.07 03:47:33 INFO  [success] Total time: 0 s, completed Dec 7, 2025, 3:47:34 AM
2025.12.07 03:47:34 INFO  time: ran 'sbt bloopInstall' in 6.89s
2025.12.07 03:47:34 INFO  Disconnecting from Bloop session...
2025.12.07 03:47:34 INFO  Shut down connection with build server.
2025.12.07 03:47:34 INFO  Shut down connection with build server.
2025.12.07 03:47:34 INFO  Shut down connection with build server.
2025.12.07 03:47:34 INFO  Attempting to connect to the build server...
2025.12.07 03:47:34 INFO  Found a Bloop server running
2025.12.07 03:47:35 INFO  tracing is disabled for protocol BSP, to enable tracing of incoming and outgoing JSON messages create an empty file at /root/onnx_spinal_project_new/.metals/bsp.trace.json or /root/.cache/metals/bsp.trace.json
2025.12.07 03:47:34 INFO  Attempting to connect to the build server...
2025.12.07 03:47:34 INFO  Found a Bloop server running
2025.12.07 03:47:34 INFO  Attempting to connect to the build server...
2025.12.07 03:47:34 INFO  Found a Bloop server running
2025.12.07 03:47:35 INFO  tracing is disabled for protocol BSP, to enable tracing of incoming and outgoing JSON messages create an empty file at /root/onnx_spinal_project_new/project/.metals/bsp.trace.json or /root/.cache/metals/bsp.trace.json
2025.12.07 03:47:35 INFO  tracing is disabled for protocol BSP, to enable tracing of incoming and outgoing JSON messages create an empty file at /root/onnx_spinal_project_new/project/project/.metals/bsp.trace.json or /root/.cache/metals/bsp.trace.json
2025.12.07 03:47:34 INFO  time: Connected to build server in 0.22s
2025.12.07 03:47:34 INFO  Connected to Build server: Bloop v2.0.17
2025.12.07 03:47:36 INFO  QDox parse error in file:///root/onnx_spinal_project_new/sw/java/test/java/org/forwarder/backend/impls/dl4j/opsets/aiOnnx/v13/ops/DL4JCastV13Test.java (full report at: "/root/onnx_spinal_project_new/.metals/.reports/metals-full/2025-12-01/r_qdox-error_(Onnx_5fSpinalHDL-test)_13-08-59-057.md")
2025.12.07 03:47:37 WARN  Could not find java sources in /usr/lib/jvm/src.zip, /usr/lib/jvm/lib/src.zip, /usr/lib/jvm/java-17-openjdk/src.zip, /usr/lib/jvm/java-17-openjdk/lib/src.zip, /usr/lib/jvm/src.zip, /usr/lib/jvm/lib/src.zip, /usr/lib/jvm/java-17-openjdk-17.0.14.0.7-2.el9.x86_64/src.zip, /usr/lib/jvm/java-17-openjdk-17.0.14.0.7-2.el9.x86_64/lib/src.zip. Java symbols will not be available.
2025.12.07 03:47:37 INFO  time: indexed workspace in 2.14s
2025.12.07 03:47:37 INFO  compiling onnx_spinalhdl (143 scala sources and 447 java sources)
2025.12.07 03:47:43 INFO  time: compiled Onnx_SpinalHDL in 5.65s
2025.12.07 03:50:42 INFO  running '/root/.local/share/coursier/bin/sbt -Dbloop.export-jar-classifiers=sources bloopInstall'
2025.12.07 03:50:44 INFO  [info] welcome to sbt 1.6.0 (Red Hat, Inc. Java 17.0.14)
2025.12.07 03:50:44 INFO  [info] loading settings for project onnx_spinal_project_new-build-build-build from metals.sbt ...
2025.12.07 03:50:45 INFO  [info] loading project definition from /root/onnx_spinal_project_new/project/project/project
2025.12.07 03:50:45 INFO  [info] loading settings for project onnx_spinal_project_new-build-build from metals.sbt ...
2025.12.07 03:50:45 INFO  [info] loading project definition from /root/onnx_spinal_project_new/project/project
2025.12.07 03:50:47 INFO  [success] Generated .bloop/onnx_spinal_project_new-build-build.json
2025.12.07 03:50:47 INFO  [success] Total time: 1 s, completed Dec 7, 2025, 3:50:47 AM
2025.12.07 03:50:47 INFO  [info] loading settings for project onnx_spinal_project_new-build from metals.sbt,plugins.sbt ...
2025.12.07 03:50:47 INFO  [info] loading project definition from /root/onnx_spinal_project_new/project
2025.12.07 03:50:47 INFO  [success] Generated .bloop/onnx_spinal_project_new-build.json
2025.12.07 03:50:47 INFO  [success] Total time: 0 s, completed Dec 7, 2025, 3:50:48 AM
2025.12.07 03:50:47 INFO  [info] loading settings for project Onnx_SpinalHDL from build.sbt ...
2025.12.07 03:50:48 INFO  [info] set current project to Onnx_SpinalHDL (in build file:/root/onnx_spinal_project_new/)
2025.12.07 03:50:48 INFO  [success] Generated .bloop/Onnx_SpinalHDL.json
2025.12.07 03:50:48 INFO  [success] Generated .bloop/Onnx_SpinalHDL-test.json
2025.12.07 03:50:48 INFO  [success] Total time: 0 s, completed Dec 7, 2025, 3:50:48 AM
2025.12.07 03:50:49 INFO  time: ran 'sbt bloopInstall' in 6.56s
2025.12.07 03:50:49 INFO  Disconnecting from Bloop session...
2025.12.07 03:50:49 INFO  Shut down connection with build server.
2025.12.07 03:50:49 INFO  Shut down connection with build server.
2025.12.07 03:50:49 INFO  Shut down connection with build server.
2025.12.07 03:50:49 INFO  Attempting to connect to the build server...
2025.12.07 03:50:49 INFO  Found a Bloop server running
2025.12.07 03:50:49 INFO  tracing is disabled for protocol BSP, to enable tracing of incoming and outgoing JSON messages create an empty file at /root/onnx_spinal_project_new/.metals/bsp.trace.json or /root/.cache/metals/bsp.trace.json
2025.12.07 03:50:49 INFO  Attempting to connect to the build server...
2025.12.07 03:50:49 INFO  Found a Bloop server running
2025.12.07 03:50:49 INFO  Attempting to connect to the build server...
2025.12.07 03:50:49 INFO  Found a Bloop server running
2025.12.07 03:50:49 INFO  tracing is disabled for protocol BSP, to enable tracing of incoming and outgoing JSON messages create an empty file at /root/onnx_spinal_project_new/project/.metals/bsp.trace.json or /root/.cache/metals/bsp.trace.json
2025.12.07 03:50:49 INFO  tracing is disabled for protocol BSP, to enable tracing of incoming and outgoing JSON messages create an empty file at /root/onnx_spinal_project_new/project/project/.metals/bsp.trace.json or /root/.cache/metals/bsp.trace.json
2025.12.07 03:50:49 INFO  time: Connected to build server in 0.22s
2025.12.07 03:50:49 INFO  Connected to Build server: Bloop v2.0.17
2025.12.07 03:50:51 INFO  QDox parse error in file:///root/onnx_spinal_project_new/sw/java/test/java/org/forwarder/backend/impls/dl4j/opsets/aiOnnx/v13/ops/DL4JCastV13Test.java (full report at: "/root/onnx_spinal_project_new/.metals/.reports/metals-full/2025-12-01/r_qdox-error_(Onnx_5fSpinalHDL-test)_13-08-59-057.md")
2025.12.07 03:50:51 WARN  Could not find java sources in /usr/lib/jvm/src.zip, /usr/lib/jvm/lib/src.zip, /usr/lib/jvm/java-17-openjdk/src.zip, /usr/lib/jvm/java-17-openjdk/lib/src.zip, /usr/lib/jvm/src.zip, /usr/lib/jvm/lib/src.zip, /usr/lib/jvm/java-17-openjdk-17.0.14.0.7-2.el9.x86_64/src.zip, /usr/lib/jvm/java-17-openjdk-17.0.14.0.7-2.el9.x86_64/lib/src.zip. Java symbols will not be available.
2025.12.07 03:50:51 INFO  time: indexed workspace in 2.59s
2025.12.07 03:50:52 INFO  compiling onnx_spinalhdl (143 scala sources and 447 java sources)
2025.12.07 03:50:57 INFO  time: compiled Onnx_SpinalHDL in 5.5s
2025.12.07 03:54:25 INFO  compiling onnx_spinalhdl (143 scala sources and 447 java sources)
2025.12.07 03:54:29 INFO  time: compiled Onnx_SpinalHDL in 4.01s
2025.12.07 03:54:36 INFO  running '/root/.local/share/coursier/bin/sbt -Dbloop.export-jar-classifiers=sources bloopInstall'
2025.12.07 03:54:38 INFO  [info] welcome to sbt 1.6.0 (Red Hat, Inc. Java 17.0.14)
2025.12.07 03:54:38 INFO  [info] loading settings for project onnx_spinal_project_new-build-build-build from metals.sbt ...
2025.12.07 03:54:39 INFO  [info] loading project definition from /root/onnx_spinal_project_new/project/project/project
2025.12.07 03:54:39 INFO  [info] loading settings for project onnx_spinal_project_new-build-build from metals.sbt ...
2025.12.07 03:54:39 INFO  [info] loading project definition from /root/onnx_spinal_project_new/project/project
2025.12.07 03:54:41 INFO  [success] Generated .bloop/onnx_spinal_project_new-build-build.json
2025.12.07 03:54:41 INFO  [success] Total time: 1 s, completed Dec 7, 2025, 3:54:41 AM
2025.12.07 03:54:41 INFO  [info] loading settings for project onnx_spinal_project_new-build from metals.sbt,plugins.sbt ...
2025.12.07 03:54:41 INFO  [info] loading project definition from /root/onnx_spinal_project_new/project
2025.12.07 03:54:41 INFO  [success] Generated .bloop/onnx_spinal_project_new-build.json
2025.12.07 03:54:41 INFO  [success] Total time: 0 s, completed Dec 7, 2025, 3:54:42 AM
2025.12.07 03:54:41 INFO  [info] loading settings for project Onnx_SpinalHDL from build.sbt ...
2025.12.07 03:54:42 INFO  [info] set current project to Onnx_SpinalHDL (in build file:/root/onnx_spinal_project_new/)
2025.12.07 03:54:43 INFO  [success] Generated .bloop/Onnx_SpinalHDL-test.json
2025.12.07 03:54:43 INFO  [success] Generated .bloop/Onnx_SpinalHDL.json
2025.12.07 03:54:43 INFO  [success] Total time: 1 s, completed Dec 7, 2025, 3:54:43 AM
2025.12.07 03:54:44 INFO  time: ran 'sbt bloopInstall' in 7.37s
2025.12.07 03:54:44 INFO  Disconnecting from Bloop session...
2025.12.07 03:54:44 INFO  Shut down connection with build server.
2025.12.07 03:54:44 INFO  Shut down connection with build server.
2025.12.07 03:54:44 INFO  Shut down connection with build server.
2025.12.07 03:54:44 INFO  Attempting to connect to the build server...
2025.12.07 03:54:44 INFO  Found a Bloop server running
2025.12.07 03:54:44 INFO  tracing is disabled for protocol BSP, to enable tracing of incoming and outgoing JSON messages create an empty file at /root/onnx_spinal_project_new/.metals/bsp.trace.json or /root/.cache/metals/bsp.trace.json
2025.12.07 03:54:44 INFO  Attempting to connect to the build server...
2025.12.07 03:54:44 INFO  Found a Bloop server running
2025.12.07 03:54:44 INFO  Attempting to connect to the build server...
2025.12.07 03:54:44 INFO  Found a Bloop server running
2025.12.07 03:54:44 INFO  tracing is disabled for protocol BSP, to enable tracing of incoming and outgoing JSON messages create an empty file at /root/onnx_spinal_project_new/project/.metals/bsp.trace.json or /root/.cache/metals/bsp.trace.json
2025.12.07 03:54:44 INFO  tracing is disabled for protocol BSP, to enable tracing of incoming and outgoing JSON messages create an empty file at /root/onnx_spinal_project_new/project/project/.metals/bsp.trace.json or /root/.cache/metals/bsp.trace.json
2025.12.07 03:54:44 INFO  time: Connected to build server in 0.22s
2025.12.07 03:54:44 INFO  Connected to Build server: Bloop v2.0.17
2025.12.07 03:54:46 INFO  QDox parse error in file:///root/onnx_spinal_project_new/sw/java/test/java/org/forwarder/backend/impls/dl4j/opsets/aiOnnx/v13/ops/DL4JCastV13Test.java (full report at: "/root/onnx_spinal_project_new/.metals/.reports/metals-full/2025-12-01/r_qdox-error_(Onnx_5fSpinalHDL-test)_13-08-59-057.md")
2025.12.07 03:54:47 WARN  Could not find java sources in /usr/lib/jvm/src.zip, /usr/lib/jvm/lib/src.zip, /usr/lib/jvm/java-17-openjdk/src.zip, /usr/lib/jvm/java-17-openjdk/lib/src.zip, /usr/lib/jvm/src.zip, /usr/lib/jvm/lib/src.zip, /usr/lib/jvm/java-17-openjdk-17.0.14.0.7-2.el9.x86_64/src.zip, /usr/lib/jvm/java-17-openjdk-17.0.14.0.7-2.el9.x86_64/lib/src.zip. Java symbols will not be available.
2025.12.07 03:54:47 INFO  time: indexed workspace in 3.72s
2025.12.07 03:54:48 INFO  compiling onnx_spinalhdl (143 scala sources and 447 java sources)
2025.12.07 03:54:51 INFO  time: compiled Onnx_SpinalHDL in 3.51s
2025.12.07 03:55:00 INFO  compiling onnx_spinalhdl (143 scala sources and 447 java sources)
2025.12.07 03:55:12 WARN  70 deprecations
2025.12.07 03:55:12 WARN  1 deprecation (since 2.11.0)
2025.12.07 03:55:12 WARN  4 deprecations (since 2.12.16)
2025.12.07 03:55:12 WARN  14 deprecations (since 2.13.0)
2025.12.07 03:55:12 WARN  84 deprecations (since 2.13.3)
2025.12.07 03:55:12 WARN  1 deprecation (since 2.13.4)
2025.12.07 03:55:12 WARN  174 deprecations in total; re-run with -deprecation for details
2025.12.07 03:55:12 WARN  165 feature warnings; re-run with -feature for details
Dec 07, 2025 3:55:18 AM org.eclipse.lsp4j.jsonrpc.RemoteEndpoint handleCancellation
WARNING: Unmatched cancel notification for request id 1071
Dec 07, 2025 3:55:18 AM org.eclipse.lsp4j.jsonrpc.RemoteEndpoint handleCancellation
WARNING: Unmatched cancel notification for request id 1072
2025.12.07 03:55:18 INFO  running '/root/.local/share/coursier/bin/sbt -Dbloop.export-jar-classifiers=sources bloopInstall'
2025.12.07 03:55:20 INFO  [info] welcome to sbt 1.6.0 (Red Hat, Inc. Java 17.0.14)
2025.12.07 03:55:20 INFO  [info] loading settings for project onnx_spinal_project_new-build-build-build from metals.sbt ...
2025.12.07 03:55:21 INFO  [info] loading project definition from /root/onnx_spinal_project_new/project/project/project
2025.12.07 03:55:21 INFO  [info] loading settings for project onnx_spinal_project_new-build-build from metals.sbt ...
2025.12.07 03:55:21 INFO  [info] loading project definition from /root/onnx_spinal_project_new/project/project
2025.12.07 03:55:24 INFO  [success] Generated .bloop/onnx_spinal_project_new-build-build.json
2025.12.07 03:55:24 INFO  [success] Total time: 2 s, completed Dec 7, 2025, 3:55:24 AM
2025.12.07 03:55:24 INFO  [info] loading settings for project onnx_spinal_project_new-build from metals.sbt,plugins.sbt ...
2025.12.07 03:55:24 INFO  [info] loading project definition from /root/onnx_spinal_project_new/project
2025.12.07 03:55:24 INFO  [success] Generated .bloop/onnx_spinal_project_new-build.json
2025.12.07 03:55:24 INFO  [success] Total time: 1 s, completed Dec 7, 2025, 3:55:25 AM
2025.12.07 03:55:25 INFO  [info] loading settings for project Onnx_SpinalHDL from build.sbt ...
2025.12.07 03:55:25 INFO  [info] set current project to Onnx_SpinalHDL (in build file:/root/onnx_spinal_project_new/)
2025.12.07 03:55:25 INFO  [success] Generated .bloop/Onnx_SpinalHDL.json
2025.12.07 03:55:25 INFO  [success] Generated .bloop/Onnx_SpinalHDL-test.json
2025.12.07 03:55:25 INFO  [success] Total time: 0 s, completed Dec 7, 2025, 3:55:26 AM
2025.12.07 03:55:26 INFO  time: ran 'sbt bloopInstall' in 7.91s
2025.12.07 03:55:26 INFO  Disconnecting from Bloop session...
2025.12.07 03:55:26 INFO  Shut down connection with build server.
2025.12.07 03:55:26 INFO  Shut down connection with build server.
2025.12.07 03:55:26 INFO  Shut down connection with build server.
2025.12.07 03:55:26 INFO  Attempting to connect to the build server...
2025.12.07 03:55:26 INFO  Cancelling compilation on Bloop server
2025.12.07 03:55:26 INFO  Found a Bloop server running
2025.12.07 03:55:27 INFO  tracing is disabled for protocol BSP, to enable tracing of incoming and outgoing JSON messages create an empty file at /root/onnx_spinal_project_new/.metals/bsp.trace.json or /root/.cache/metals/bsp.trace.json
2025.12.07 03:55:27 INFO  Attempting to connect to the build server...
2025.12.07 03:55:27 INFO  Found a Bloop server running
2025.12.07 03:55:27 INFO  Attempting to connect to the build server...
2025.12.07 03:55:27 INFO  Found a Bloop server running
2025.12.07 03:55:26 INFO  tracing is disabled for protocol BSP, to enable tracing of incoming and outgoing JSON messages create an empty file at /root/onnx_spinal_project_new/project/.metals/bsp.trace.json or /root/.cache/metals/bsp.trace.json
2025.12.07 03:55:27 INFO  tracing is disabled for protocol BSP, to enable tracing of incoming and outgoing JSON messages create an empty file at /root/onnx_spinal_project_new/project/project/.metals/bsp.trace.json or /root/.cache/metals/bsp.trace.json
2025.12.07 03:55:26 INFO  time: Connected to build server in 0.25s
2025.12.07 03:55:26 INFO  Connected to Build server: Bloop v2.0.17
2025.12.07 03:55:28 INFO  QDox parse error in file:///root/onnx_spinal_project_new/sw/java/test/java/org/forwarder/backend/impls/dl4j/opsets/aiOnnx/v13/ops/DL4JCastV13Test.java (full report at: "/root/onnx_spinal_project_new/.metals/.reports/metals-full/2025-12-01/r_qdox-error_(Onnx_5fSpinalHDL-test)_13-08-59-057.md")
2025.12.07 03:55:29 WARN  Could not find java sources in /usr/lib/jvm/src.zip, /usr/lib/jvm/lib/src.zip, /usr/lib/jvm/java-17-openjdk/src.zip, /usr/lib/jvm/java-17-openjdk/lib/src.zip, /usr/lib/jvm/src.zip, /usr/lib/jvm/lib/src.zip, /usr/lib/jvm/java-17-openjdk-17.0.14.0.7-2.el9.x86_64/src.zip, /usr/lib/jvm/java-17-openjdk-17.0.14.0.7-2.el9.x86_64/lib/src.zip. Java symbols will not be available.
2025.12.07 03:55:29 INFO  time: indexed workspace in 2.33s
2025.12.07 03:55:29 INFO  compiling onnx_spinalhdl (143 scala sources and 447 java sources)
2025.12.07 03:55:43 WARN  70 deprecations
2025.12.07 03:55:43 WARN  1 deprecation (since 2.11.0)
2025.12.07 03:55:43 WARN  4 deprecations (since 2.12.16)
2025.12.07 03:55:43 WARN  14 deprecations (since 2.13.0)
2025.12.07 03:55:43 WARN  84 deprecations (since 2.13.3)
2025.12.07 03:55:43 WARN  1 deprecation (since 2.13.4)
2025.12.07 03:55:43 WARN  174 deprecations in total; re-run with -deprecation for details
2025.12.07 03:55:43 WARN  165 feature warnings; re-run with -feature for details
2025.12.07 03:56:07 INFO  compiling onnx_spinalhdl-test (98 java sources)
2025.12.07 03:56:07 INFO  time: compiled Onnx_SpinalHDL in 38s
2025.12.07 03:56:11 INFO  time: compiled Onnx_SpinalHDL-test in 3.97s
Dec 07, 2025 6:16:26 AM org.eclipse.lsp4j.jsonrpc.RemoteEndpoint handleNotification
WARNING: Notification threw an exception: {
  "jsonrpc": "2.0",
  "method": "metals/didFocusTextDocument",
  "params": [
    "vscode-local:/c%3A/accelerator_projects/hw_spinal/systolic_array/TB_InstAxi4ToStream128.scala"
  ]
}
java.nio.file.FileSystemNotFoundException: Provider "vscode-local" not installed
	at java.base/java.nio.file.Path.of(Path.java:212)
	at java.base/java.nio.file.Paths.get(Paths.java:98)
	at scala.meta.internal.mtags.MtagsEnrichments$XtensionURIMtags.toAbsolutePath(MtagsEnrichments.scala:149)
	at scala.meta.internal.mtags.MtagsEnrichments$XtensionStringMtags.toAbsolutePath(MtagsEnrichments.scala:209)
	at scala.meta.internal.metals.MetalsEnrichments$XtensionString.toAbsolutePath(MetalsEnrichments.scala:778)
	at scala.meta.internal.metals.MetalsEnrichments$XtensionString.toAbsolutePath(MetalsEnrichments.scala:775)
	at scala.meta.internal.metals.WorkspaceLspService.didFocus(WorkspaceLspService.scala:789)
	at scala.meta.metals.lsp.DelegatingScalaService.didFocus(DelegatingScalaService.scala:42)
	at jdk.internal.reflect.GeneratedMethodAccessor14.invoke(Unknown Source)
	at java.base/jdk.internal.reflect.DelegatingMethodAccessorImpl.invoke(DelegatingMethodAccessorImpl.java:43)
	at java.base/java.lang.reflect.Method.invoke(Method.java:569)
	at org.eclipse.lsp4j.jsonrpc.services.GenericEndpoint.lambda$recursiveFindRpcMethods$0(GenericEndpoint.java:65)
	at org.eclipse.lsp4j.jsonrpc.services.GenericEndpoint.notify(GenericEndpoint.java:160)
	at org.eclipse.lsp4j.jsonrpc.RemoteEndpoint.handleNotification(RemoteEndpoint.java:231)
	at org.eclipse.lsp4j.jsonrpc.RemoteEndpoint.consume(RemoteEndpoint.java:198)
	at org.eclipse.lsp4j.jsonrpc.json.StreamMessageProducer.handleMessage(StreamMessageProducer.java:185)
	at org.eclipse.lsp4j.jsonrpc.json.StreamMessageProducer.listen(StreamMessageProducer.java:97)
	at org.eclipse.lsp4j.jsonrpc.json.ConcurrentMessageProcessor.run(ConcurrentMessageProcessor.java:114)
	at java.base/java.util.concurrent.Executors$RunnableAdapter.call(Executors.java:539)
	at java.base/java.util.concurrent.FutureTask.run(FutureTask.java:264)
	at java.base/java.util.concurrent.ThreadPoolExecutor.runWorker(ThreadPoolExecutor.java:1136)
	at java.base/java.util.concurrent.ThreadPoolExecutor$Worker.run(ThreadPoolExecutor.java:635)
	at java.base/java.lang.Thread.run(Thread.java:840)

2025.12.08 08:33:03 INFO  Started: Metals version 1.6.4 in folders '/root/onnx_spinal_project_new' for client Visual Studio Code 1.106.3.
2025.12.08 08:33:07 WARN  Using H2 2.4.240 which is newer than the version Flyway has been verified with. The latest verified version of H2 is 2.3.232.
2025.12.08 08:33:07 INFO  Attempting to connect to the build server...
2025.12.08 08:33:07 INFO  No running Bloop server found, starting one.
2025.12.08 08:33:08 INFO  Starting compilation server
2025.12.08 08:33:09 INFO  tracing is disabled for protocol BSP, to enable tracing of incoming and outgoing JSON messages create an empty file at /root/onnx_spinal_project_new/.metals/bsp.trace.json or /root/.cache/metals/bsp.trace.json
2025.12.08 08:33:10 INFO  Attempting to connect to the build server...
2025.12.08 08:33:10 INFO  Found a Bloop server running
2025.12.08 08:33:10 INFO  Attempting to connect to the build server...
2025.12.08 08:33:10 INFO  Found a Bloop server running
2025.12.08 08:33:10 INFO  tracing is disabled for protocol BSP, to enable tracing of incoming and outgoing JSON messages create an empty file at /root/onnx_spinal_project_new/project/project/.metals/bsp.trace.json or /root/.cache/metals/bsp.trace.json
2025.12.08 08:33:10 INFO  tracing is disabled for protocol BSP, to enable tracing of incoming and outgoing JSON messages create an empty file at /root/onnx_spinal_project_new/project/.metals/bsp.trace.json or /root/.cache/metals/bsp.trace.json
2025.12.08 08:33:28 INFO  time: Connected to build server in 20s
2025.12.08 08:33:28 INFO  Connected to Build server: Bloop v2.0.17
2025.12.08 08:33:28 INFO  time: Imported build in 0.11s
2025.12.08 08:33:28 WARN  2.12.15 is no longer supported in the current Metals versions, using the last known supported version 1.3.3
2025.12.08 08:33:29 WARN  2.13.14 is no longer supported in the current Metals versions, using the last known supported version 1.6.3
2025.12.08 08:33:32 INFO  QDox parse error in file:///root/onnx_spinal_project_new/sw/java/test/java/org/forwarder/backend/impls/dl4j/opsets/aiOnnx/v13/ops/DL4JCastV13Test.java (full report at: "/root/onnx_spinal_project_new/.metals/.reports/metals-full/2025-12-01/r_qdox-error_(Onnx_5fSpinalHDL-test)_13-08-59-057.md")
2025.12.08 08:33:33 WARN  Could not find java sources in /usr/lib/jvm/src.zip, /usr/lib/jvm/lib/src.zip, /usr/lib/jvm/java-17-openjdk/src.zip, /usr/lib/jvm/java-17-openjdk/lib/src.zip, /usr/lib/jvm/src.zip, /usr/lib/jvm/lib/src.zip, /usr/lib/jvm/java-17-openjdk-17.0.14.0.7-2.el9.x86_64/src.zip, /usr/lib/jvm/java-17-openjdk-17.0.14.0.7-2.el9.x86_64/lib/src.zip. Java symbols will not be available.
2025.12.08 08:33:34 INFO  time: indexed workspace in 5.84s
Dec 08, 2025 8:33:56 AM org.eclipse.lsp4j.jsonrpc.RemoteEndpoint handleCancellation
WARNING: Unmatched cancel notification for request id 1
Dec 08, 2025 8:41:27 AM org.eclipse.lsp4j.jsonrpc.RemoteEndpoint handleNotification
WARNING: Notification threw an exception: {
  "jsonrpc": "2.0",
  "method": "metals/didFocusTextDocument",
  "params": [
    "vscode-local:/c%3A/accelerator_projects/hw_spinal/systolic_array/TB_InstAxi4ToStream128.scala"
  ]
}
java.nio.file.FileSystemNotFoundException: Provider "vscode-local" not installed
	at java.base/java.nio.file.Path.of(Path.java:212)
	at java.base/java.nio.file.Paths.get(Paths.java:98)
	at scala.meta.internal.mtags.MtagsEnrichments$XtensionURIMtags.toAbsolutePath(MtagsEnrichments.scala:149)
	at scala.meta.internal.mtags.MtagsEnrichments$XtensionStringMtags.toAbsolutePath(MtagsEnrichments.scala:209)
	at scala.meta.internal.metals.MetalsEnrichments$XtensionString.toAbsolutePath(MetalsEnrichments.scala:778)
	at scala.meta.internal.metals.MetalsEnrichments$XtensionString.toAbsolutePath(MetalsEnrichments.scala:775)
	at scala.meta.internal.metals.WorkspaceLspService.didFocus(WorkspaceLspService.scala:789)
	at scala.meta.metals.lsp.DelegatingScalaService.didFocus(DelegatingScalaService.scala:42)
	at java.base/jdk.internal.reflect.NativeMethodAccessorImpl.invoke0(Native Method)
	at java.base/jdk.internal.reflect.NativeMethodAccessorImpl.invoke(NativeMethodAccessorImpl.java:77)
	at java.base/jdk.internal.reflect.DelegatingMethodAccessorImpl.invoke(DelegatingMethodAccessorImpl.java:43)
	at java.base/java.lang.reflect.Method.invoke(Method.java:569)
	at org.eclipse.lsp4j.jsonrpc.services.GenericEndpoint.lambda$recursiveFindRpcMethods$0(GenericEndpoint.java:65)
	at org.eclipse.lsp4j.jsonrpc.services.GenericEndpoint.notify(GenericEndpoint.java:160)
	at org.eclipse.lsp4j.jsonrpc.RemoteEndpoint.handleNotification(RemoteEndpoint.java:231)
	at org.eclipse.lsp4j.jsonrpc.RemoteEndpoint.consume(RemoteEndpoint.java:198)
	at org.eclipse.lsp4j.jsonrpc.json.StreamMessageProducer.handleMessage(StreamMessageProducer.java:185)
	at org.eclipse.lsp4j.jsonrpc.json.StreamMessageProducer.listen(StreamMessageProducer.java:97)
	at org.eclipse.lsp4j.jsonrpc.json.ConcurrentMessageProcessor.run(ConcurrentMessageProcessor.java:114)
	at java.base/java.util.concurrent.Executors$RunnableAdapter.call(Executors.java:539)
	at java.base/java.util.concurrent.FutureTask.run(FutureTask.java:264)
	at java.base/java.util.concurrent.ThreadPoolExecutor.runWorker(ThreadPoolExecutor.java:1136)
	at java.base/java.util.concurrent.ThreadPoolExecutor$Worker.run(ThreadPoolExecutor.java:635)
	at java.base/java.lang.Thread.run(Thread.java:840)

Dec 08, 2025 8:44:08 AM org.eclipse.lsp4j.jsonrpc.RemoteEndpoint handleNotification
WARNING: Notification threw an exception: {
  "jsonrpc": "2.0",
  "method": "metals/didFocusTextDocument",
  "params": [
    "vscode-local:/c%3A/accelerator_projects/hw_spinal/axi_to_stream/InstrAxi4LiteToStream.scala"
  ]
}
java.nio.file.FileSystemNotFoundException: Provider "vscode-local" not installed
	at java.base/java.nio.file.Path.of(Path.java:212)
	at java.base/java.nio.file.Paths.get(Paths.java:98)
	at scala.meta.internal.mtags.MtagsEnrichments$XtensionURIMtags.toAbsolutePath(MtagsEnrichments.scala:149)
	at scala.meta.internal.mtags.MtagsEnrichments$XtensionStringMtags.toAbsolutePath(MtagsEnrichments.scala:209)
	at scala.meta.internal.metals.MetalsEnrichments$XtensionString.toAbsolutePath(MetalsEnrichments.scala:778)
	at scala.meta.internal.metals.MetalsEnrichments$XtensionString.toAbsolutePath(MetalsEnrichments.scala:775)
	at scala.meta.internal.metals.WorkspaceLspService.didFocus(WorkspaceLspService.scala:789)
	at scala.meta.metals.lsp.DelegatingScalaService.didFocus(DelegatingScalaService.scala:42)
	at java.base/jdk.internal.reflect.NativeMethodAccessorImpl.invoke0(Native Method)
	at java.base/jdk.internal.reflect.NativeMethodAccessorImpl.invoke(NativeMethodAccessorImpl.java:77)
	at java.base/jdk.internal.reflect.DelegatingMethodAccessorImpl.invoke(DelegatingMethodAccessorImpl.java:43)
	at java.base/java.lang.reflect.Method.invoke(Method.java:569)
	at org.eclipse.lsp4j.jsonrpc.services.GenericEndpoint.lambda$recursiveFindRpcMethods$0(GenericEndpoint.java:65)
	at org.eclipse.lsp4j.jsonrpc.services.GenericEndpoint.notify(GenericEndpoint.java:160)
	at org.eclipse.lsp4j.jsonrpc.RemoteEndpoint.handleNotification(RemoteEndpoint.java:231)
	at org.eclipse.lsp4j.jsonrpc.RemoteEndpoint.consume(RemoteEndpoint.java:198)
	at org.eclipse.lsp4j.jsonrpc.json.StreamMessageProducer.handleMessage(StreamMessageProducer.java:185)
	at org.eclipse.lsp4j.jsonrpc.json.StreamMessageProducer.listen(StreamMessageProducer.java:97)
	at org.eclipse.lsp4j.jsonrpc.json.ConcurrentMessageProcessor.run(ConcurrentMessageProcessor.java:114)
	at java.base/java.util.concurrent.Executors$RunnableAdapter.call(Executors.java:539)
	at java.base/java.util.concurrent.FutureTask.run(FutureTask.java:264)
	at java.base/java.util.concurrent.ThreadPoolExecutor.runWorker(ThreadPoolExecutor.java:1136)
	at java.base/java.util.concurrent.ThreadPoolExecutor$Worker.run(ThreadPoolExecutor.java:635)
	at java.base/java.lang.Thread.run(Thread.java:840)

Dec 08, 2025 1:28:35 PM org.eclipse.lsp4j.jsonrpc.RemoteEndpoint handleNotification
WARNING: Notification threw an exception: {
  "jsonrpc": "2.0",
  "method": "metals/didFocusTextDocument",
  "params": [
    "vscode-local:/c%3A/accelerator_projects/hw_spinal/axi_to_stream/InstrAxi4LiteToStream.scala"
  ]
}
java.nio.file.FileSystemNotFoundException: Provider "vscode-local" not installed
	at java.base/java.nio.file.Path.of(Path.java:212)
	at java.base/java.nio.file.Paths.get(Paths.java:98)
	at scala.meta.internal.mtags.MtagsEnrichments$XtensionURIMtags.toAbsolutePath(MtagsEnrichments.scala:149)
	at scala.meta.internal.mtags.MtagsEnrichments$XtensionStringMtags.toAbsolutePath(MtagsEnrichments.scala:209)
	at scala.meta.internal.metals.MetalsEnrichments$XtensionString.toAbsolutePath(MetalsEnrichments.scala:778)
	at scala.meta.internal.metals.MetalsEnrichments$XtensionString.toAbsolutePath(MetalsEnrichments.scala:775)
	at scala.meta.internal.metals.WorkspaceLspService.didFocus(WorkspaceLspService.scala:789)
	at scala.meta.metals.lsp.DelegatingScalaService.didFocus(DelegatingScalaService.scala:42)
	at java.base/jdk.internal.reflect.NativeMethodAccessorImpl.invoke0(Native Method)
	at java.base/jdk.internal.reflect.NativeMethodAccessorImpl.invoke(NativeMethodAccessorImpl.java:77)
	at java.base/jdk.internal.reflect.DelegatingMethodAccessorImpl.invoke(DelegatingMethodAccessorImpl.java:43)
	at java.base/java.lang.reflect.Method.invoke(Method.java:569)
	at org.eclipse.lsp4j.jsonrpc.services.GenericEndpoint.lambda$recursiveFindRpcMethods$0(GenericEndpoint.java:65)
	at org.eclipse.lsp4j.jsonrpc.services.GenericEndpoint.notify(GenericEndpoint.java:160)
	at org.eclipse.lsp4j.jsonrpc.RemoteEndpoint.handleNotification(RemoteEndpoint.java:231)
	at org.eclipse.lsp4j.jsonrpc.RemoteEndpoint.consume(RemoteEndpoint.java:198)
	at org.eclipse.lsp4j.jsonrpc.json.StreamMessageProducer.handleMessage(StreamMessageProducer.java:185)
	at org.eclipse.lsp4j.jsonrpc.json.StreamMessageProducer.listen(StreamMessageProducer.java:97)
	at org.eclipse.lsp4j.jsonrpc.json.ConcurrentMessageProcessor.run(ConcurrentMessageProcessor.java:114)
	at java.base/java.util.concurrent.Executors$RunnableAdapter.call(Executors.java:539)
	at java.base/java.util.concurrent.FutureTask.run(FutureTask.java:264)
	at java.base/java.util.concurrent.ThreadPoolExecutor.runWorker(ThreadPoolExecutor.java:1136)
	at java.base/java.util.concurrent.ThreadPoolExecutor$Worker.run(ThreadPoolExecutor.java:635)
	at java.base/java.lang.Thread.run(Thread.java:840)

Dec 08, 2025 1:30:39 PM org.eclipse.lsp4j.jsonrpc.RemoteEndpoint handleNotification
WARNING: Notification threw an exception: {
  "jsonrpc": "2.0",
  "method": "metals/didFocusTextDocument",
  "params": [
    "vscode-local:/c%3A/accelerator_projects/hw_spinal/axi_to_stream/InstrAxi4LiteToStream.scala"
  ]
}
java.nio.file.FileSystemNotFoundException: Provider "vscode-local" not installed
	at java.base/java.nio.file.Path.of(Path.java:212)
	at java.base/java.nio.file.Paths.get(Paths.java:98)
	at scala.meta.internal.mtags.MtagsEnrichments$XtensionURIMtags.toAbsolutePath(MtagsEnrichments.scala:149)
	at scala.meta.internal.mtags.MtagsEnrichments$XtensionStringMtags.toAbsolutePath(MtagsEnrichments.scala:209)
	at scala.meta.internal.metals.MetalsEnrichments$XtensionString.toAbsolutePath(MetalsEnrichments.scala:778)
	at scala.meta.internal.metals.MetalsEnrichments$XtensionString.toAbsolutePath(MetalsEnrichments.scala:775)
	at scala.meta.internal.metals.WorkspaceLspService.didFocus(WorkspaceLspService.scala:789)
	at scala.meta.metals.lsp.DelegatingScalaService.didFocus(DelegatingScalaService.scala:42)
	at java.base/jdk.internal.reflect.NativeMethodAccessorImpl.invoke0(Native Method)
	at java.base/jdk.internal.reflect.NativeMethodAccessorImpl.invoke(NativeMethodAccessorImpl.java:77)
	at java.base/jdk.internal.reflect.DelegatingMethodAccessorImpl.invoke(DelegatingMethodAccessorImpl.java:43)
	at java.base/java.lang.reflect.Method.invoke(Method.java:569)
	at org.eclipse.lsp4j.jsonrpc.services.GenericEndpoint.lambda$recursiveFindRpcMethods$0(GenericEndpoint.java:65)
	at org.eclipse.lsp4j.jsonrpc.services.GenericEndpoint.notify(GenericEndpoint.java:160)
	at org.eclipse.lsp4j.jsonrpc.RemoteEndpoint.handleNotification(RemoteEndpoint.java:231)
	at org.eclipse.lsp4j.jsonrpc.RemoteEndpoint.consume(RemoteEndpoint.java:198)
	at org.eclipse.lsp4j.jsonrpc.json.StreamMessageProducer.handleMessage(StreamMessageProducer.java:185)
	at org.eclipse.lsp4j.jsonrpc.json.StreamMessageProducer.listen(StreamMessageProducer.java:97)
	at org.eclipse.lsp4j.jsonrpc.json.ConcurrentMessageProcessor.run(ConcurrentMessageProcessor.java:114)
	at java.base/java.util.concurrent.Executors$RunnableAdapter.call(Executors.java:539)
	at java.base/java.util.concurrent.FutureTask.run(FutureTask.java:264)
	at java.base/java.util.concurrent.ThreadPoolExecutor.runWorker(ThreadPoolExecutor.java:1136)
	at java.base/java.util.concurrent.ThreadPoolExecutor$Worker.run(ThreadPoolExecutor.java:635)
	at java.base/java.lang.Thread.run(Thread.java:840)

Dec 08, 2025 1:31:23 PM org.eclipse.lsp4j.jsonrpc.RemoteEndpoint handleNotification
WARNING: Notification threw an exception: {
  "jsonrpc": "2.0",
  "method": "metals/didFocusTextDocument",
  "params": [
    "vscode-local:/c%3A/accelerator_projects/hw_spinal/axi_to_stream/InstrAxi4LiteToStream.scala"
  ]
}
java.nio.file.FileSystemNotFoundException: Provider "vscode-local" not installed
	at java.base/java.nio.file.Path.of(Path.java:212)
	at java.base/java.nio.file.Paths.get(Paths.java:98)
	at scala.meta.internal.mtags.MtagsEnrichments$XtensionURIMtags.toAbsolutePath(MtagsEnrichments.scala:149)
	at scala.meta.internal.mtags.MtagsEnrichments$XtensionStringMtags.toAbsolutePath(MtagsEnrichments.scala:209)
	at scala.meta.internal.metals.MetalsEnrichments$XtensionString.toAbsolutePath(MetalsEnrichments.scala:778)
	at scala.meta.internal.metals.MetalsEnrichments$XtensionString.toAbsolutePath(MetalsEnrichments.scala:775)
	at scala.meta.internal.metals.WorkspaceLspService.didFocus(WorkspaceLspService.scala:789)
	at scala.meta.metals.lsp.DelegatingScalaService.didFocus(DelegatingScalaService.scala:42)
	at java.base/jdk.internal.reflect.NativeMethodAccessorImpl.invoke0(Native Method)
	at java.base/jdk.internal.reflect.NativeMethodAccessorImpl.invoke(NativeMethodAccessorImpl.java:77)
	at java.base/jdk.internal.reflect.DelegatingMethodAccessorImpl.invoke(DelegatingMethodAccessorImpl.java:43)
	at java.base/java.lang.reflect.Method.invoke(Method.java:569)
	at org.eclipse.lsp4j.jsonrpc.services.GenericEndpoint.lambda$recursiveFindRpcMethods$0(GenericEndpoint.java:65)
	at org.eclipse.lsp4j.jsonrpc.services.GenericEndpoint.notify(GenericEndpoint.java:160)
	at org.eclipse.lsp4j.jsonrpc.RemoteEndpoint.handleNotification(RemoteEndpoint.java:231)
	at org.eclipse.lsp4j.jsonrpc.RemoteEndpoint.consume(RemoteEndpoint.java:198)
	at org.eclipse.lsp4j.jsonrpc.json.StreamMessageProducer.handleMessage(StreamMessageProducer.java:185)
	at org.eclipse.lsp4j.jsonrpc.json.StreamMessageProducer.listen(StreamMessageProducer.java:97)
	at org.eclipse.lsp4j.jsonrpc.json.ConcurrentMessageProcessor.run(ConcurrentMessageProcessor.java:114)
	at java.base/java.util.concurrent.Executors$RunnableAdapter.call(Executors.java:539)
	at java.base/java.util.concurrent.FutureTask.run(FutureTask.java:264)
	at java.base/java.util.concurrent.ThreadPoolExecutor.runWorker(ThreadPoolExecutor.java:1136)
	at java.base/java.util.concurrent.ThreadPoolExecutor$Worker.run(ThreadPoolExecutor.java:635)
	at java.base/java.lang.Thread.run(Thread.java:840)

Dec 08, 2025 1:37:24 PM org.eclipse.lsp4j.jsonrpc.RemoteEndpoint handleNotification
WARNING: Notification threw an exception: {
  "jsonrpc": "2.0",
  "method": "metals/didFocusTextDocument",
  "params": [
    "vscode-local:/c%3A/accelerator_projects/hw_spinal/axi_to_stream/InstrAxi4LiteToStream.scala"
  ]
}
java.nio.file.FileSystemNotFoundException: Provider "vscode-local" not installed
	at java.base/java.nio.file.Path.of(Path.java:212)
	at java.base/java.nio.file.Paths.get(Paths.java:98)
	at scala.meta.internal.mtags.MtagsEnrichments$XtensionURIMtags.toAbsolutePath(MtagsEnrichments.scala:149)
	at scala.meta.internal.mtags.MtagsEnrichments$XtensionStringMtags.toAbsolutePath(MtagsEnrichments.scala:209)
	at scala.meta.internal.metals.MetalsEnrichments$XtensionString.toAbsolutePath(MetalsEnrichments.scala:778)
	at scala.meta.internal.metals.MetalsEnrichments$XtensionString.toAbsolutePath(MetalsEnrichments.scala:775)
	at scala.meta.internal.metals.WorkspaceLspService.didFocus(WorkspaceLspService.scala:789)
	at scala.meta.metals.lsp.DelegatingScalaService.didFocus(DelegatingScalaService.scala:42)
	at java.base/jdk.internal.reflect.NativeMethodAccessorImpl.invoke0(Native Method)
	at java.base/jdk.internal.reflect.NativeMethodAccessorImpl.invoke(NativeMethodAccessorImpl.java:77)
	at java.base/jdk.internal.reflect.DelegatingMethodAccessorImpl.invoke(DelegatingMethodAccessorImpl.java:43)
	at java.base/java.lang.reflect.Method.invoke(Method.java:569)
	at org.eclipse.lsp4j.jsonrpc.services.GenericEndpoint.lambda$recursiveFindRpcMethods$0(GenericEndpoint.java:65)
	at org.eclipse.lsp4j.jsonrpc.services.GenericEndpoint.notify(GenericEndpoint.java:160)
	at org.eclipse.lsp4j.jsonrpc.RemoteEndpoint.handleNotification(RemoteEndpoint.java:231)
	at org.eclipse.lsp4j.jsonrpc.RemoteEndpoint.consume(RemoteEndpoint.java:198)
	at org.eclipse.lsp4j.jsonrpc.json.StreamMessageProducer.handleMessage(StreamMessageProducer.java:185)
	at org.eclipse.lsp4j.jsonrpc.json.StreamMessageProducer.listen(StreamMessageProducer.java:97)
	at org.eclipse.lsp4j.jsonrpc.json.ConcurrentMessageProcessor.run(ConcurrentMessageProcessor.java:114)
	at java.base/java.util.concurrent.Executors$RunnableAdapter.call(Executors.java:539)
	at java.base/java.util.concurrent.FutureTask.run(FutureTask.java:264)
	at java.base/java.util.concurrent.ThreadPoolExecutor.runWorker(ThreadPoolExecutor.java:1136)
	at java.base/java.util.concurrent.ThreadPoolExecutor$Worker.run(ThreadPoolExecutor.java:635)
	at java.base/java.lang.Thread.run(Thread.java:840)

Dec 08, 2025 1:39:39 PM org.eclipse.lsp4j.jsonrpc.services.GenericEndpoint notify
INFO: Unsupported notification method: $/setTrace
Dec 08, 2025 1:41:30 PM org.eclipse.lsp4j.jsonrpc.RemoteEndpoint handleNotification
WARNING: Notification threw an exception: {
  "jsonrpc": "2.0",
  "method": "metals/didFocusTextDocument",
  "params": [
    "vscode-local:/c%3A/accelerator_projects/hw_spinal/axi_to_stream/tb_InstrAxi4LiteToStream.scala"
  ]
}
java.nio.file.FileSystemNotFoundException: Provider "vscode-local" not installed
	at java.base/java.nio.file.Path.of(Path.java:212)
	at java.base/java.nio.file.Paths.get(Paths.java:98)
	at scala.meta.internal.mtags.MtagsEnrichments$XtensionURIMtags.toAbsolutePath(MtagsEnrichments.scala:149)
	at scala.meta.internal.mtags.MtagsEnrichments$XtensionStringMtags.toAbsolutePath(MtagsEnrichments.scala:209)
	at scala.meta.internal.metals.MetalsEnrichments$XtensionString.toAbsolutePath(MetalsEnrichments.scala:778)
	at scala.meta.internal.metals.MetalsEnrichments$XtensionString.toAbsolutePath(MetalsEnrichments.scala:775)
	at scala.meta.internal.metals.WorkspaceLspService.didFocus(WorkspaceLspService.scala:789)
	at scala.meta.metals.lsp.DelegatingScalaService.didFocus(DelegatingScalaService.scala:42)
	at jdk.internal.reflect.GeneratedMethodAccessor6.invoke(Unknown Source)
	at java.base/jdk.internal.reflect.DelegatingMethodAccessorImpl.invoke(DelegatingMethodAccessorImpl.java:43)
	at java.base/java.lang.reflect.Method.invoke(Method.java:569)
	at org.eclipse.lsp4j.jsonrpc.services.GenericEndpoint.lambda$recursiveFindRpcMethods$0(GenericEndpoint.java:65)
	at org.eclipse.lsp4j.jsonrpc.services.GenericEndpoint.notify(GenericEndpoint.java:160)
	at org.eclipse.lsp4j.jsonrpc.RemoteEndpoint.handleNotification(RemoteEndpoint.java:231)
	at org.eclipse.lsp4j.jsonrpc.RemoteEndpoint.consume(RemoteEndpoint.java:198)
	at org.eclipse.lsp4j.jsonrpc.json.StreamMessageProducer.handleMessage(StreamMessageProducer.java:185)
	at org.eclipse.lsp4j.jsonrpc.json.StreamMessageProducer.listen(StreamMessageProducer.java:97)
	at org.eclipse.lsp4j.jsonrpc.json.ConcurrentMessageProcessor.run(ConcurrentMessageProcessor.java:114)
	at java.base/java.util.concurrent.Executors$RunnableAdapter.call(Executors.java:539)
	at java.base/java.util.concurrent.FutureTask.run(FutureTask.java:264)
	at java.base/java.util.concurrent.ThreadPoolExecutor.runWorker(ThreadPoolExecutor.java:1136)
	at java.base/java.util.concurrent.ThreadPoolExecutor$Worker.run(ThreadPoolExecutor.java:635)
	at java.base/java.lang.Thread.run(Thread.java:840)

Dec 08, 2025 3:35:36 PM org.eclipse.lsp4j.jsonrpc.RemoteEndpoint handleNotification
WARNING: Notification threw an exception: {
  "jsonrpc": "2.0",
  "method": "metals/didFocusTextDocument",
  "params": [
    "vscode-local:/c%3A/accelerator_projects/hw_spinal/axi_to_stream/AxiLite4SlaveFactory.scala"
  ]
}
java.nio.file.FileSystemNotFoundException: Provider "vscode-local" not installed
	at java.base/java.nio.file.Path.of(Path.java:212)
	at java.base/java.nio.file.Paths.get(Paths.java:98)
	at scala.meta.internal.mtags.MtagsEnrichments$XtensionURIMtags.toAbsolutePath(MtagsEnrichments.scala:149)
	at scala.meta.internal.mtags.MtagsEnrichments$XtensionStringMtags.toAbsolutePath(MtagsEnrichments.scala:209)
	at scala.meta.internal.metals.MetalsEnrichments$XtensionString.toAbsolutePath(MetalsEnrichments.scala:778)
	at scala.meta.internal.metals.MetalsEnrichments$XtensionString.toAbsolutePath(MetalsEnrichments.scala:775)
	at scala.meta.internal.metals.WorkspaceLspService.didFocus(WorkspaceLspService.scala:789)
	at scala.meta.metals.lsp.DelegatingScalaService.didFocus(DelegatingScalaService.scala:42)
	at jdk.internal.reflect.GeneratedMethodAccessor6.invoke(Unknown Source)
	at java.base/jdk.internal.reflect.DelegatingMethodAccessorImpl.invoke(DelegatingMethodAccessorImpl.java:43)
	at java.base/java.lang.reflect.Method.invoke(Method.java:569)
	at org.eclipse.lsp4j.jsonrpc.services.GenericEndpoint.lambda$recursiveFindRpcMethods$0(GenericEndpoint.java:65)
	at org.eclipse.lsp4j.jsonrpc.services.GenericEndpoint.notify(GenericEndpoint.java:160)
	at org.eclipse.lsp4j.jsonrpc.RemoteEndpoint.handleNotification(RemoteEndpoint.java:231)
	at org.eclipse.lsp4j.jsonrpc.RemoteEndpoint.consume(RemoteEndpoint.java:198)
	at org.eclipse.lsp4j.jsonrpc.json.StreamMessageProducer.handleMessage(StreamMessageProducer.java:185)
	at org.eclipse.lsp4j.jsonrpc.json.StreamMessageProducer.listen(StreamMessageProducer.java:97)
	at org.eclipse.lsp4j.jsonrpc.json.ConcurrentMessageProcessor.run(ConcurrentMessageProcessor.java:114)
	at java.base/java.util.concurrent.Executors$RunnableAdapter.call(Executors.java:539)
	at java.base/java.util.concurrent.FutureTask.run(FutureTask.java:264)
	at java.base/java.util.concurrent.ThreadPoolExecutor.runWorker(ThreadPoolExecutor.java:1136)
	at java.base/java.util.concurrent.ThreadPoolExecutor$Worker.run(ThreadPoolExecutor.java:635)
	at java.base/java.lang.Thread.run(Thread.java:840)

Dec 08, 2025 3:43:01 PM org.eclipse.lsp4j.jsonrpc.RemoteEndpoint fallbackResponseError
SEVERE: Internal error: Provider "vscode-local" not installed
java.nio.file.FileSystemNotFoundException: Provider "vscode-local" not installed
	at java.base/java.nio.file.Path.of(Path.java:212)
	at java.base/java.nio.file.Paths.get(Paths.java:98)
	at scala.meta.internal.mtags.MtagsEnrichments$XtensionURIMtags.toAbsolutePath(MtagsEnrichments.scala:149)
	at scala.meta.internal.mtags.MtagsEnrichments$XtensionStringMtags.toAbsolutePath(MtagsEnrichments.scala:209)
	at scala.meta.internal.metals.MetalsEnrichments$XtensionString.toAbsolutePath(MetalsEnrichments.scala:778)
	at scala.meta.internal.metals.MetalsEnrichments$XtensionString.toAbsolutePath(MetalsEnrichments.scala:775)
	at scala.meta.internal.metals.WorkspaceLspService.executeCommand(WorkspaceLspService.scala:1243)
	at scala.meta.metals.lsp.DelegatingScalaService.executeCommand(DelegatingScalaService.scala:169)
	at java.base/jdk.internal.reflect.NativeMethodAccessorImpl.invoke0(Native Method)
	at java.base/jdk.internal.reflect.NativeMethodAccessorImpl.invoke(NativeMethodAccessorImpl.java:77)
	at java.base/jdk.internal.reflect.DelegatingMethodAccessorImpl.invoke(DelegatingMethodAccessorImpl.java:43)
	at java.base/java.lang.reflect.Method.invoke(Method.java:569)
	at org.eclipse.lsp4j.jsonrpc.services.GenericEndpoint.lambda$recursiveFindRpcMethods$0(GenericEndpoint.java:65)
	at org.eclipse.lsp4j.jsonrpc.services.GenericEndpoint.request(GenericEndpoint.java:128)
	at org.eclipse.lsp4j.jsonrpc.RemoteEndpoint.handleRequest(RemoteEndpoint.java:271)
	at org.eclipse.lsp4j.jsonrpc.RemoteEndpoint.consume(RemoteEndpoint.java:201)
	at org.eclipse.lsp4j.jsonrpc.json.StreamMessageProducer.handleMessage(StreamMessageProducer.java:185)
	at org.eclipse.lsp4j.jsonrpc.json.StreamMessageProducer.listen(StreamMessageProducer.java:97)
	at org.eclipse.lsp4j.jsonrpc.json.ConcurrentMessageProcessor.run(ConcurrentMessageProcessor.java:114)
	at java.base/java.util.concurrent.Executors$RunnableAdapter.call(Executors.java:539)
	at java.base/java.util.concurrent.FutureTask.run(FutureTask.java:264)
	at java.base/java.util.concurrent.ThreadPoolExecutor.runWorker(ThreadPoolExecutor.java:1136)
	at java.base/java.util.concurrent.ThreadPoolExecutor$Worker.run(ThreadPoolExecutor.java:635)
	at java.base/java.lang.Thread.run(Thread.java:840)

Dec 08, 2025 3:43:43 PM org.eclipse.lsp4j.jsonrpc.RemoteEndpoint fallbackResponseError
SEVERE: Internal error: Provider "vscode-local" not installed
java.nio.file.FileSystemNotFoundException: Provider "vscode-local" not installed
	at java.base/java.nio.file.Path.of(Path.java:212)
	at java.base/java.nio.file.Paths.get(Paths.java:98)
	at scala.meta.internal.mtags.MtagsEnrichments$XtensionURIMtags.toAbsolutePath(MtagsEnrichments.scala:149)
	at scala.meta.internal.mtags.MtagsEnrichments$XtensionStringMtags.toAbsolutePath(MtagsEnrichments.scala:209)
	at scala.meta.internal.metals.MetalsEnrichments$XtensionString.toAbsolutePath(MetalsEnrichments.scala:778)
	at scala.meta.internal.metals.MetalsEnrichments$XtensionString.toAbsolutePath(MetalsEnrichments.scala:775)
	at scala.meta.internal.metals.WorkspaceLspService.executeCommand(WorkspaceLspService.scala:1243)
	at scala.meta.metals.lsp.DelegatingScalaService.executeCommand(DelegatingScalaService.scala:169)
	at java.base/jdk.internal.reflect.NativeMethodAccessorImpl.invoke0(Native Method)
	at java.base/jdk.internal.reflect.NativeMethodAccessorImpl.invoke(NativeMethodAccessorImpl.java:77)
	at java.base/jdk.internal.reflect.DelegatingMethodAccessorImpl.invoke(DelegatingMethodAccessorImpl.java:43)
	at java.base/java.lang.reflect.Method.invoke(Method.java:569)
	at org.eclipse.lsp4j.jsonrpc.services.GenericEndpoint.lambda$recursiveFindRpcMethods$0(GenericEndpoint.java:65)
	at org.eclipse.lsp4j.jsonrpc.services.GenericEndpoint.request(GenericEndpoint.java:128)
	at org.eclipse.lsp4j.jsonrpc.RemoteEndpoint.handleRequest(RemoteEndpoint.java:271)
	at org.eclipse.lsp4j.jsonrpc.RemoteEndpoint.consume(RemoteEndpoint.java:201)
	at org.eclipse.lsp4j.jsonrpc.json.StreamMessageProducer.handleMessage(StreamMessageProducer.java:185)
	at org.eclipse.lsp4j.jsonrpc.json.StreamMessageProducer.listen(StreamMessageProducer.java:97)
	at org.eclipse.lsp4j.jsonrpc.json.ConcurrentMessageProcessor.run(ConcurrentMessageProcessor.java:114)
	at java.base/java.util.concurrent.Executors$RunnableAdapter.call(Executors.java:539)
	at java.base/java.util.concurrent.FutureTask.run(FutureTask.java:264)
	at java.base/java.util.concurrent.ThreadPoolExecutor.runWorker(ThreadPoolExecutor.java:1136)
	at java.base/java.util.concurrent.ThreadPoolExecutor$Worker.run(ThreadPoolExecutor.java:635)
	at java.base/java.lang.Thread.run(Thread.java:840)

2025.12.08 15:43:45 INFO  compiling onnx_spinalhdl (1 scala source)
2025.12.08 15:43:50 INFO  time: compiled Onnx_SpinalHDL in 4.97s
Dec 08, 2025 3:43:58 PM org.eclipse.lsp4j.jsonrpc.RemoteEndpoint handleNotification
WARNING: Notification threw an exception: {
  "jsonrpc": "2.0",
  "method": "metals/didFocusTextDocument",
  "params": [
    "vscode-local:/c%3A/accelerator_projects/hw_spinal/axi_to_stream/tb_InstrAxi4LiteToStream.scala"
  ]
}
java.nio.file.FileSystemNotFoundException: Provider "vscode-local" not installed
	at java.base/java.nio.file.Path.of(Path.java:212)
	at java.base/java.nio.file.Paths.get(Paths.java:98)
	at scala.meta.internal.mtags.MtagsEnrichments$XtensionURIMtags.toAbsolutePath(MtagsEnrichments.scala:149)
	at scala.meta.internal.mtags.MtagsEnrichments$XtensionStringMtags.toAbsolutePath(MtagsEnrichments.scala:209)
	at scala.meta.internal.metals.MetalsEnrichments$XtensionString.toAbsolutePath(MetalsEnrichments.scala:778)
	at scala.meta.internal.metals.MetalsEnrichments$XtensionString.toAbsolutePath(MetalsEnrichments.scala:775)
	at scala.meta.internal.metals.WorkspaceLspService.didFocus(WorkspaceLspService.scala:789)
	at scala.meta.metals.lsp.DelegatingScalaService.didFocus(DelegatingScalaService.scala:42)
	at jdk.internal.reflect.GeneratedMethodAccessor6.invoke(Unknown Source)
	at java.base/jdk.internal.reflect.DelegatingMethodAccessorImpl.invoke(DelegatingMethodAccessorImpl.java:43)
	at java.base/java.lang.reflect.Method.invoke(Method.java:569)
	at org.eclipse.lsp4j.jsonrpc.services.GenericEndpoint.lambda$recursiveFindRpcMethods$0(GenericEndpoint.java:65)
	at org.eclipse.lsp4j.jsonrpc.services.GenericEndpoint.notify(GenericEndpoint.java:160)
	at org.eclipse.lsp4j.jsonrpc.RemoteEndpoint.handleNotification(RemoteEndpoint.java:231)
	at org.eclipse.lsp4j.jsonrpc.RemoteEndpoint.consume(RemoteEndpoint.java:198)
	at org.eclipse.lsp4j.jsonrpc.json.StreamMessageProducer.handleMessage(StreamMessageProducer.java:185)
	at org.eclipse.lsp4j.jsonrpc.json.StreamMessageProducer.listen(StreamMessageProducer.java:97)
	at org.eclipse.lsp4j.jsonrpc.json.ConcurrentMessageProcessor.run(ConcurrentMessageProcessor.java:114)
	at java.base/java.util.concurrent.Executors$RunnableAdapter.call(Executors.java:539)
	at java.base/java.util.concurrent.FutureTask.run(FutureTask.java:264)
	at java.base/java.util.concurrent.ThreadPoolExecutor.runWorker(ThreadPoolExecutor.java:1136)
	at java.base/java.util.concurrent.ThreadPoolExecutor$Worker.run(ThreadPoolExecutor.java:635)
	at java.base/java.lang.Thread.run(Thread.java:840)

2025.12.08 15:44:31 INFO  compiling onnx_spinalhdl (1 scala source)
Dec 08, 2025 3:44:33 PM org.eclipse.lsp4j.jsonrpc.RemoteEndpoint handleNotification
WARNING: Notification threw an exception: {
  "jsonrpc": "2.0",
  "method": "metals/didFocusTextDocument",
  "params": [
    "vscode-local:/c%3A/accelerator_projects/hw_spinal/axi_to_stream/tb_InstrAxi4LiteToStream.scala"
  ]
}
java.nio.file.FileSystemNotFoundException: Provider "vscode-local" not installed
	at java.base/java.nio.file.Path.of(Path.java:212)
	at java.base/java.nio.file.Paths.get(Paths.java:98)
	at scala.meta.internal.mtags.MtagsEnrichments$XtensionURIMtags.toAbsolutePath(MtagsEnrichments.scala:149)
	at scala.meta.internal.mtags.MtagsEnrichments$XtensionStringMtags.toAbsolutePath(MtagsEnrichments.scala:209)
	at scala.meta.internal.metals.MetalsEnrichments$XtensionString.toAbsolutePath(MetalsEnrichments.scala:778)
	at scala.meta.internal.metals.MetalsEnrichments$XtensionString.toAbsolutePath(MetalsEnrichments.scala:775)
	at scala.meta.internal.metals.WorkspaceLspService.didFocus(WorkspaceLspService.scala:789)
	at scala.meta.metals.lsp.DelegatingScalaService.didFocus(DelegatingScalaService.scala:42)
	at jdk.internal.reflect.GeneratedMethodAccessor6.invoke(Unknown Source)
	at java.base/jdk.internal.reflect.DelegatingMethodAccessorImpl.invoke(DelegatingMethodAccessorImpl.java:43)
	at java.base/java.lang.reflect.Method.invoke(Method.java:569)
	at org.eclipse.lsp4j.jsonrpc.services.GenericEndpoint.lambda$recursiveFindRpcMethods$0(GenericEndpoint.java:65)
	at org.eclipse.lsp4j.jsonrpc.services.GenericEndpoint.notify(GenericEndpoint.java:160)
	at org.eclipse.lsp4j.jsonrpc.RemoteEndpoint.handleNotification(RemoteEndpoint.java:231)
	at org.eclipse.lsp4j.jsonrpc.RemoteEndpoint.consume(RemoteEndpoint.java:198)
	at org.eclipse.lsp4j.jsonrpc.json.StreamMessageProducer.handleMessage(StreamMessageProducer.java:185)
	at org.eclipse.lsp4j.jsonrpc.json.StreamMessageProducer.listen(StreamMessageProducer.java:97)
	at org.eclipse.lsp4j.jsonrpc.json.ConcurrentMessageProcessor.run(ConcurrentMessageProcessor.java:114)
	at java.base/java.util.concurrent.Executors$RunnableAdapter.call(Executors.java:539)
	at java.base/java.util.concurrent.FutureTask.run(FutureTask.java:264)
	at java.base/java.util.concurrent.ThreadPoolExecutor.runWorker(ThreadPoolExecutor.java:1136)
	at java.base/java.util.concurrent.ThreadPoolExecutor$Worker.run(ThreadPoolExecutor.java:635)
	at java.base/java.lang.Thread.run(Thread.java:840)

2025.12.08 15:44:33 INFO  time: compiled Onnx_SpinalHDL in 2.15s
2025.12.08 15:45:11 INFO  compiling onnx_spinalhdl (1 scala source)
2025.12.08 15:45:12 INFO  time: compiled Onnx_SpinalHDL in 1.66s
Dec 08, 2025 3:45:16 PM org.eclipse.lsp4j.jsonrpc.RemoteEndpoint handleNotification
WARNING: Notification threw an exception: {
  "jsonrpc": "2.0",
  "method": "metals/didFocusTextDocument",
  "params": [
    "vscode-local:/c%3A/accelerator_projects/hw_spinal/axi_to_stream/tb_InstrAxi4LiteToStream.scala"
  ]
}
java.nio.file.FileSystemNotFoundException: Provider "vscode-local" not installed
	at java.base/java.nio.file.Path.of(Path.java:212)
	at java.base/java.nio.file.Paths.get(Paths.java:98)
	at scala.meta.internal.mtags.MtagsEnrichments$XtensionURIMtags.toAbsolutePath(MtagsEnrichments.scala:149)
	at scala.meta.internal.mtags.MtagsEnrichments$XtensionStringMtags.toAbsolutePath(MtagsEnrichments.scala:209)
	at scala.meta.internal.metals.MetalsEnrichments$XtensionString.toAbsolutePath(MetalsEnrichments.scala:778)
	at scala.meta.internal.metals.MetalsEnrichments$XtensionString.toAbsolutePath(MetalsEnrichments.scala:775)
	at scala.meta.internal.metals.WorkspaceLspService.didFocus(WorkspaceLspService.scala:789)
	at scala.meta.metals.lsp.DelegatingScalaService.didFocus(DelegatingScalaService.scala:42)
	at jdk.internal.reflect.GeneratedMethodAccessor6.invoke(Unknown Source)
	at java.base/jdk.internal.reflect.DelegatingMethodAccessorImpl.invoke(DelegatingMethodAccessorImpl.java:43)
	at java.base/java.lang.reflect.Method.invoke(Method.java:569)
	at org.eclipse.lsp4j.jsonrpc.services.GenericEndpoint.lambda$recursiveFindRpcMethods$0(GenericEndpoint.java:65)
	at org.eclipse.lsp4j.jsonrpc.services.GenericEndpoint.notify(GenericEndpoint.java:160)
	at org.eclipse.lsp4j.jsonrpc.RemoteEndpoint.handleNotification(RemoteEndpoint.java:231)
	at org.eclipse.lsp4j.jsonrpc.RemoteEndpoint.consume(RemoteEndpoint.java:198)
	at org.eclipse.lsp4j.jsonrpc.json.StreamMessageProducer.handleMessage(StreamMessageProducer.java:185)
	at org.eclipse.lsp4j.jsonrpc.json.StreamMessageProducer.listen(StreamMessageProducer.java:97)
	at org.eclipse.lsp4j.jsonrpc.json.ConcurrentMessageProcessor.run(ConcurrentMessageProcessor.java:114)
	at java.base/java.util.concurrent.Executors$RunnableAdapter.call(Executors.java:539)
	at java.base/java.util.concurrent.FutureTask.run(FutureTask.java:264)
	at java.base/java.util.concurrent.ThreadPoolExecutor.runWorker(ThreadPoolExecutor.java:1136)
	at java.base/java.util.concurrent.ThreadPoolExecutor$Worker.run(ThreadPoolExecutor.java:635)
	at java.base/java.lang.Thread.run(Thread.java:840)

Dec 08, 2025 3:46:03 PM org.eclipse.lsp4j.jsonrpc.RemoteEndpoint handleNotification
WARNING: Notification threw an exception: {
  "jsonrpc": "2.0",
  "method": "metals/didFocusTextDocument",
  "params": [
    "vscode-local:/c%3A/accelerator_projects/hw_spinal/axi_to_stream/tb_InstrAxi4LiteToStream.scala"
  ]
}
java.nio.file.FileSystemNotFoundException: Provider "vscode-local" not installed
	at java.base/java.nio.file.Path.of(Path.java:212)
	at java.base/java.nio.file.Paths.get(Paths.java:98)
	at scala.meta.internal.mtags.MtagsEnrichments$XtensionURIMtags.toAbsolutePath(MtagsEnrichments.scala:149)
	at scala.meta.internal.mtags.MtagsEnrichments$XtensionStringMtags.toAbsolutePath(MtagsEnrichments.scala:209)
	at scala.meta.internal.metals.MetalsEnrichments$XtensionString.toAbsolutePath(MetalsEnrichments.scala:778)
	at scala.meta.internal.metals.MetalsEnrichments$XtensionString.toAbsolutePath(MetalsEnrichments.scala:775)
	at scala.meta.internal.metals.WorkspaceLspService.didFocus(WorkspaceLspService.scala:789)
	at scala.meta.metals.lsp.DelegatingScalaService.didFocus(DelegatingScalaService.scala:42)
	at jdk.internal.reflect.GeneratedMethodAccessor6.invoke(Unknown Source)
	at java.base/jdk.internal.reflect.DelegatingMethodAccessorImpl.invoke(DelegatingMethodAccessorImpl.java:43)
	at java.base/java.lang.reflect.Method.invoke(Method.java:569)
	at org.eclipse.lsp4j.jsonrpc.services.GenericEndpoint.lambda$recursiveFindRpcMethods$0(GenericEndpoint.java:65)
	at org.eclipse.lsp4j.jsonrpc.services.GenericEndpoint.notify(GenericEndpoint.java:160)
	at org.eclipse.lsp4j.jsonrpc.RemoteEndpoint.handleNotification(RemoteEndpoint.java:231)
	at org.eclipse.lsp4j.jsonrpc.RemoteEndpoint.consume(RemoteEndpoint.java:198)
	at org.eclipse.lsp4j.jsonrpc.json.StreamMessageProducer.handleMessage(StreamMessageProducer.java:185)
	at org.eclipse.lsp4j.jsonrpc.json.StreamMessageProducer.listen(StreamMessageProducer.java:97)
	at org.eclipse.lsp4j.jsonrpc.json.ConcurrentMessageProcessor.run(ConcurrentMessageProcessor.java:114)
	at java.base/java.util.concurrent.Executors$RunnableAdapter.call(Executors.java:539)
	at java.base/java.util.concurrent.FutureTask.run(FutureTask.java:264)
	at java.base/java.util.concurrent.ThreadPoolExecutor.runWorker(ThreadPoolExecutor.java:1136)
	at java.base/java.util.concurrent.ThreadPoolExecutor$Worker.run(ThreadPoolExecutor.java:635)
	at java.base/java.lang.Thread.run(Thread.java:840)

Dec 09, 2025 4:48:17 AM org.eclipse.lsp4j.jsonrpc.services.GenericEndpoint notify
INFO: Unsupported notification method: $/setTrace
2025.12.09 04:48:18 INFO  compiling onnx_spinalhdl (1 scala source)
2025.12.09 04:48:21 INFO  time: compiled Onnx_SpinalHDL in 3.81s
Dec 09, 2025 6:26:29 AM org.eclipse.lsp4j.jsonrpc.RemoteEndpoint handleCancellation
WARNING: Unmatched cancel notification for request id 1634
2025.12.09 06:26:48 INFO  compiling onnx_spinalhdl (1 scala source)
2025.12.09 06:26:51 INFO  time: compiled Onnx_SpinalHDL in 3.53s
2025.12.09 06:54:38 INFO  compiling onnx_spinalhdl (1 scala source)
2025.12.09 06:54:40 INFO  time: compiled Onnx_SpinalHDL in 1.8s
2025.12.09 06:54:40 INFO  compiling onnx_spinalhdl (1 scala source)
2025.12.09 06:54:41 INFO  time: compiled Onnx_SpinalHDL in 1.11s
Dec 09, 2025 8:28:52 AM org.eclipse.lsp4j.jsonrpc.RemoteEndpoint handleCancellation
WARNING: Unmatched cancel notification for request id 2574
Dec 09, 2025 11:10:24 AM org.eclipse.lsp4j.jsonrpc.RemoteEndpoint handleNotification
WARNING: Notification threw an exception: {
  "jsonrpc": "2.0",
  "method": "metals/didFocusTextDocument",
  "params": [
    "git:/root/onnx_spinal_project_new/hw/spinal/MatrixCacheInterface/MatrixCache.scala?%7B%22path%22%3A%22%2Froot%2Fonnx_spinal_project_new%2Fhw%2Fspinal%2FMatrixCacheInterface%2FMatrixCache.scala%22%2C%22ref%22%3A%226867714b0bca0c1c8f9f738d1a80c12f3098f95e%22%7D"
  ]
}
java.nio.file.FileSystemNotFoundException: Provider "git" not installed
	at java.base/java.nio.file.Path.of(Path.java:212)
	at java.base/java.nio.file.Paths.get(Paths.java:98)
	at scala.meta.internal.mtags.MtagsEnrichments$XtensionURIMtags.toAbsolutePath(MtagsEnrichments.scala:149)
	at scala.meta.internal.mtags.MtagsEnrichments$XtensionStringMtags.toAbsolutePath(MtagsEnrichments.scala:209)
	at scala.meta.internal.metals.MetalsEnrichments$XtensionString.toAbsolutePath(MetalsEnrichments.scala:778)
	at scala.meta.internal.metals.MetalsEnrichments$XtensionString.toAbsolutePath(MetalsEnrichments.scala:775)
	at scala.meta.internal.metals.WorkspaceLspService.didFocus(WorkspaceLspService.scala:789)
	at scala.meta.metals.lsp.DelegatingScalaService.didFocus(DelegatingScalaService.scala:42)
	at jdk.internal.reflect.GeneratedMethodAccessor6.invoke(Unknown Source)
	at java.base/jdk.internal.reflect.DelegatingMethodAccessorImpl.invoke(DelegatingMethodAccessorImpl.java:43)
	at java.base/java.lang.reflect.Method.invoke(Method.java:569)
	at org.eclipse.lsp4j.jsonrpc.services.GenericEndpoint.lambda$recursiveFindRpcMethods$0(GenericEndpoint.java:65)
	at org.eclipse.lsp4j.jsonrpc.services.GenericEndpoint.notify(GenericEndpoint.java:160)
	at org.eclipse.lsp4j.jsonrpc.RemoteEndpoint.handleNotification(RemoteEndpoint.java:231)
	at org.eclipse.lsp4j.jsonrpc.RemoteEndpoint.consume(RemoteEndpoint.java:198)
	at org.eclipse.lsp4j.jsonrpc.json.StreamMessageProducer.handleMessage(StreamMessageProducer.java:185)
	at org.eclipse.lsp4j.jsonrpc.json.StreamMessageProducer.listen(StreamMessageProducer.java:97)
	at org.eclipse.lsp4j.jsonrpc.json.ConcurrentMessageProcessor.run(ConcurrentMessageProcessor.java:114)
	at java.base/java.util.concurrent.Executors$RunnableAdapter.call(Executors.java:539)
	at java.base/java.util.concurrent.FutureTask.run(FutureTask.java:264)
	at java.base/java.util.concurrent.ThreadPoolExecutor.runWorker(ThreadPoolExecutor.java:1136)
	at java.base/java.util.concurrent.ThreadPoolExecutor$Worker.run(ThreadPoolExecutor.java:635)
	at java.base/java.lang.Thread.run(Thread.java:840)

Dec 09, 2025 11:11:32 AM org.eclipse.lsp4j.jsonrpc.RemoteEndpoint handleNotification
WARNING: Notification threw an exception: {
  "jsonrpc": "2.0",
  "method": "metals/didFocusTextDocument",
  "params": [
    "git:/root/onnx_spinal_project_new/hw/spinal/MatrixCacheInterface/OutputMatrixCache.scala?%7B%22path%22%3A%22%2Froot%2Fonnx_spinal_project_new%2Fhw%2Fspinal%2FMatrixCacheInterface%2FOutputMatrixCache.scala%22%2C%22ref%22%3A%226867714b0bca0c1c8f9f738d1a80c12f3098f95e%22%7D"
  ]
}
java.nio.file.FileSystemNotFoundException: Provider "git" not installed
	at java.base/java.nio.file.Path.of(Path.java:212)
	at java.base/java.nio.file.Paths.get(Paths.java:98)
	at scala.meta.internal.mtags.MtagsEnrichments$XtensionURIMtags.toAbsolutePath(MtagsEnrichments.scala:149)
	at scala.meta.internal.mtags.MtagsEnrichments$XtensionStringMtags.toAbsolutePath(MtagsEnrichments.scala:209)
	at scala.meta.internal.metals.MetalsEnrichments$XtensionString.toAbsolutePath(MetalsEnrichments.scala:778)
	at scala.meta.internal.metals.MetalsEnrichments$XtensionString.toAbsolutePath(MetalsEnrichments.scala:775)
	at scala.meta.internal.metals.WorkspaceLspService.didFocus(WorkspaceLspService.scala:789)
	at scala.meta.metals.lsp.DelegatingScalaService.didFocus(DelegatingScalaService.scala:42)
	at jdk.internal.reflect.GeneratedMethodAccessor6.invoke(Unknown Source)
	at java.base/jdk.internal.reflect.DelegatingMethodAccessorImpl.invoke(DelegatingMethodAccessorImpl.java:43)
	at java.base/java.lang.reflect.Method.invoke(Method.java:569)
	at org.eclipse.lsp4j.jsonrpc.services.GenericEndpoint.lambda$recursiveFindRpcMethods$0(GenericEndpoint.java:65)
	at org.eclipse.lsp4j.jsonrpc.services.GenericEndpoint.notify(GenericEndpoint.java:160)
	at org.eclipse.lsp4j.jsonrpc.RemoteEndpoint.handleNotification(RemoteEndpoint.java:231)
	at org.eclipse.lsp4j.jsonrpc.RemoteEndpoint.consume(RemoteEndpoint.java:198)
	at org.eclipse.lsp4j.jsonrpc.json.StreamMessageProducer.handleMessage(StreamMessageProducer.java:185)
	at org.eclipse.lsp4j.jsonrpc.json.StreamMessageProducer.listen(StreamMessageProducer.java:97)
	at org.eclipse.lsp4j.jsonrpc.json.ConcurrentMessageProcessor.run(ConcurrentMessageProcessor.java:114)
	at java.base/java.util.concurrent.Executors$RunnableAdapter.call(Executors.java:539)
	at java.base/java.util.concurrent.FutureTask.run(FutureTask.java:264)
	at java.base/java.util.concurrent.ThreadPoolExecutor.runWorker(ThreadPoolExecutor.java:1136)
	at java.base/java.util.concurrent.ThreadPoolExecutor$Worker.run(ThreadPoolExecutor.java:635)
	at java.base/java.lang.Thread.run(Thread.java:840)

Dec 09, 2025 11:11:43 AM org.eclipse.lsp4j.jsonrpc.RemoteEndpoint handleNotification
WARNING: Notification threw an exception: {
  "jsonrpc": "2.0",
  "method": "metals/didFocusTextDocument",
  "params": [
    "git:/root/onnx_spinal_project_new/hw/spinal/MatrixCacheInterface/MatrixCache.scala?%7B%22path%22%3A%22%2Froot%2Fonnx_spinal_project_new%2Fhw%2Fspinal%2FMatrixCacheInterface%2FMatrixCache.scala%22%2C%22ref%22%3A%226867714b0bca0c1c8f9f738d1a80c12f3098f95e%22%7D"
  ]
}
java.nio.file.FileSystemNotFoundException: Provider "git" not installed
	at java.base/java.nio.file.Path.of(Path.java:212)
	at java.base/java.nio.file.Paths.get(Paths.java:98)
	at scala.meta.internal.mtags.MtagsEnrichments$XtensionURIMtags.toAbsolutePath(MtagsEnrichments.scala:149)
	at scala.meta.internal.mtags.MtagsEnrichments$XtensionStringMtags.toAbsolutePath(MtagsEnrichments.scala:209)
	at scala.meta.internal.metals.MetalsEnrichments$XtensionString.toAbsolutePath(MetalsEnrichments.scala:778)
	at scala.meta.internal.metals.MetalsEnrichments$XtensionString.toAbsolutePath(MetalsEnrichments.scala:775)
	at scala.meta.internal.metals.WorkspaceLspService.didFocus(WorkspaceLspService.scala:789)
	at scala.meta.metals.lsp.DelegatingScalaService.didFocus(DelegatingScalaService.scala:42)
	at jdk.internal.reflect.GeneratedMethodAccessor6.invoke(Unknown Source)
	at java.base/jdk.internal.reflect.DelegatingMethodAccessorImpl.invoke(DelegatingMethodAccessorImpl.java:43)
	at java.base/java.lang.reflect.Method.invoke(Method.java:569)
	at org.eclipse.lsp4j.jsonrpc.services.GenericEndpoint.lambda$recursiveFindRpcMethods$0(GenericEndpoint.java:65)
	at org.eclipse.lsp4j.jsonrpc.services.GenericEndpoint.notify(GenericEndpoint.java:160)
	at org.eclipse.lsp4j.jsonrpc.RemoteEndpoint.handleNotification(RemoteEndpoint.java:231)
	at org.eclipse.lsp4j.jsonrpc.RemoteEndpoint.consume(RemoteEndpoint.java:198)
	at org.eclipse.lsp4j.jsonrpc.json.StreamMessageProducer.handleMessage(StreamMessageProducer.java:185)
	at org.eclipse.lsp4j.jsonrpc.json.StreamMessageProducer.listen(StreamMessageProducer.java:97)
	at org.eclipse.lsp4j.jsonrpc.json.ConcurrentMessageProcessor.run(ConcurrentMessageProcessor.java:114)
	at java.base/java.util.concurrent.Executors$RunnableAdapter.call(Executors.java:539)
	at java.base/java.util.concurrent.FutureTask.run(FutureTask.java:264)
	at java.base/java.util.concurrent.ThreadPoolExecutor.runWorker(ThreadPoolExecutor.java:1136)
	at java.base/java.util.concurrent.ThreadPoolExecutor$Worker.run(ThreadPoolExecutor.java:635)
	at java.base/java.lang.Thread.run(Thread.java:840)

2025.12.09 11:12:58 INFO  compiling onnx_spinalhdl (1 scala source)
2025.12.09 11:12:59 INFO  time: compiled Onnx_SpinalHDL in 1.7s
2025.12.10 04:14:23 INFO  compiling onnx_spinalhdl (5 scala sources)
2025.12.10 04:14:29 INFO  time: compiled Onnx_SpinalHDL in 5.57s
2025.12.10 04:14:29 INFO  compiling onnx_spinalhdl (1 scala source)
2025.12.10 04:14:30 INFO  time: compiled Onnx_SpinalHDL in 1.38s
Dec 10, 2025 4:46:24 AM org.eclipse.lsp4j.jsonrpc.RemoteEndpoint handleCancellation
WARNING: Unmatched cancel notification for request id 3796
Dec 10, 2025 4:46:24 AM org.eclipse.lsp4j.jsonrpc.RemoteEndpoint handleCancellation
WARNING: Unmatched cancel notification for request id 3797
Dec 10, 2025 5:05:35 AM org.eclipse.lsp4j.jsonrpc.RemoteEndpoint handleNotification
WARNING: Notification threw an exception: {
  "jsonrpc": "2.0",
  "method": "metals/didFocusTextDocument",
  "params": [
    "vscode-local:/c%3A/accelerator_projects/hw_spinal/validation/hw/InstAxiLiteToStream.scala"
  ]
}
java.nio.file.FileSystemNotFoundException: Provider "vscode-local" not installed
	at java.base/java.nio.file.Path.of(Path.java:212)
	at java.base/java.nio.file.Paths.get(Paths.java:98)
	at scala.meta.internal.mtags.MtagsEnrichments$XtensionURIMtags.toAbsolutePath(MtagsEnrichments.scala:149)
	at scala.meta.internal.mtags.MtagsEnrichments$XtensionStringMtags.toAbsolutePath(MtagsEnrichments.scala:209)
	at scala.meta.internal.metals.MetalsEnrichments$XtensionString.toAbsolutePath(MetalsEnrichments.scala:778)
	at scala.meta.internal.metals.MetalsEnrichments$XtensionString.toAbsolutePath(MetalsEnrichments.scala:775)
	at scala.meta.internal.metals.WorkspaceLspService.didFocus(WorkspaceLspService.scala:789)
	at scala.meta.metals.lsp.DelegatingScalaService.didFocus(DelegatingScalaService.scala:42)
	at jdk.internal.reflect.GeneratedMethodAccessor6.invoke(Unknown Source)
	at java.base/jdk.internal.reflect.DelegatingMethodAccessorImpl.invoke(DelegatingMethodAccessorImpl.java:43)
	at java.base/java.lang.reflect.Method.invoke(Method.java:569)
	at org.eclipse.lsp4j.jsonrpc.services.GenericEndpoint.lambda$recursiveFindRpcMethods$0(GenericEndpoint.java:65)
	at org.eclipse.lsp4j.jsonrpc.services.GenericEndpoint.notify(GenericEndpoint.java:160)
	at org.eclipse.lsp4j.jsonrpc.RemoteEndpoint.handleNotification(RemoteEndpoint.java:231)
	at org.eclipse.lsp4j.jsonrpc.RemoteEndpoint.consume(RemoteEndpoint.java:198)
	at org.eclipse.lsp4j.jsonrpc.json.StreamMessageProducer.handleMessage(StreamMessageProducer.java:185)
	at org.eclipse.lsp4j.jsonrpc.json.StreamMessageProducer.listen(StreamMessageProducer.java:97)
	at org.eclipse.lsp4j.jsonrpc.json.ConcurrentMessageProcessor.run(ConcurrentMessageProcessor.java:114)
	at java.base/java.util.concurrent.Executors$RunnableAdapter.call(Executors.java:539)
	at java.base/java.util.concurrent.FutureTask.run(FutureTask.java:264)
	at java.base/java.util.concurrent.ThreadPoolExecutor.runWorker(ThreadPoolExecutor.java:1136)
	at java.base/java.util.concurrent.ThreadPoolExecutor$Worker.run(ThreadPoolExecutor.java:635)
	at java.base/java.lang.Thread.run(Thread.java:840)

Dec 10, 2025 5:06:41 AM org.eclipse.lsp4j.jsonrpc.RemoteEndpoint handleNotification
WARNING: Notification threw an exception: {
  "jsonrpc": "2.0",
  "method": "metals/didFocusTextDocument",
  "params": [
    "vscode-local:/c%3A/accelerator_projects/hw_spinal/validation/hw/InstrAxi4LiteToStream.scala"
  ]
}
java.nio.file.FileSystemNotFoundException: Provider "vscode-local" not installed
	at java.base/java.nio.file.Path.of(Path.java:212)
	at java.base/java.nio.file.Paths.get(Paths.java:98)
	at scala.meta.internal.mtags.MtagsEnrichments$XtensionURIMtags.toAbsolutePath(MtagsEnrichments.scala:149)
	at scala.meta.internal.mtags.MtagsEnrichments$XtensionStringMtags.toAbsolutePath(MtagsEnrichments.scala:209)
	at scala.meta.internal.metals.MetalsEnrichments$XtensionString.toAbsolutePath(MetalsEnrichments.scala:778)
	at scala.meta.internal.metals.MetalsEnrichments$XtensionString.toAbsolutePath(MetalsEnrichments.scala:775)
	at scala.meta.internal.metals.WorkspaceLspService.didFocus(WorkspaceLspService.scala:789)
	at scala.meta.metals.lsp.DelegatingScalaService.didFocus(DelegatingScalaService.scala:42)
	at jdk.internal.reflect.GeneratedMethodAccessor6.invoke(Unknown Source)
	at java.base/jdk.internal.reflect.DelegatingMethodAccessorImpl.invoke(DelegatingMethodAccessorImpl.java:43)
	at java.base/java.lang.reflect.Method.invoke(Method.java:569)
	at org.eclipse.lsp4j.jsonrpc.services.GenericEndpoint.lambda$recursiveFindRpcMethods$0(GenericEndpoint.java:65)
	at org.eclipse.lsp4j.jsonrpc.services.GenericEndpoint.notify(GenericEndpoint.java:160)
	at org.eclipse.lsp4j.jsonrpc.RemoteEndpoint.handleNotification(RemoteEndpoint.java:231)
	at org.eclipse.lsp4j.jsonrpc.RemoteEndpoint.consume(RemoteEndpoint.java:198)
	at org.eclipse.lsp4j.jsonrpc.json.StreamMessageProducer.handleMessage(StreamMessageProducer.java:185)
	at org.eclipse.lsp4j.jsonrpc.json.StreamMessageProducer.listen(StreamMessageProducer.java:97)
	at org.eclipse.lsp4j.jsonrpc.json.ConcurrentMessageProcessor.run(ConcurrentMessageProcessor.java:114)
	at java.base/java.util.concurrent.Executors$RunnableAdapter.call(Executors.java:539)
	at java.base/java.util.concurrent.FutureTask.run(FutureTask.java:264)
	at java.base/java.util.concurrent.ThreadPoolExecutor.runWorker(ThreadPoolExecutor.java:1136)
	at java.base/java.util.concurrent.ThreadPoolExecutor$Worker.run(ThreadPoolExecutor.java:635)
	at java.base/java.lang.Thread.run(Thread.java:840)

Dec 10, 2025 5:17:52 AM org.eclipse.lsp4j.jsonrpc.RemoteEndpoint handleNotification
WARNING: Notification threw an exception: {
  "jsonrpc": "2.0",
  "method": "metals/didFocusTextDocument",
  "params": [
    "vscode-local:/c%3A/accelerator_projects/hw_spinal/validation/hw/Accelerator.scala"
  ]
}
java.nio.file.FileSystemNotFoundException: Provider "vscode-local" not installed
	at java.base/java.nio.file.Path.of(Path.java:212)
	at java.base/java.nio.file.Paths.get(Paths.java:98)
	at scala.meta.internal.mtags.MtagsEnrichments$XtensionURIMtags.toAbsolutePath(MtagsEnrichments.scala:149)
	at scala.meta.internal.mtags.MtagsEnrichments$XtensionStringMtags.toAbsolutePath(MtagsEnrichments.scala:209)
	at scala.meta.internal.metals.MetalsEnrichments$XtensionString.toAbsolutePath(MetalsEnrichments.scala:778)
	at scala.meta.internal.metals.MetalsEnrichments$XtensionString.toAbsolutePath(MetalsEnrichments.scala:775)
	at scala.meta.internal.metals.WorkspaceLspService.didFocus(WorkspaceLspService.scala:789)
	at scala.meta.metals.lsp.DelegatingScalaService.didFocus(DelegatingScalaService.scala:42)
	at jdk.internal.reflect.GeneratedMethodAccessor6.invoke(Unknown Source)
	at java.base/jdk.internal.reflect.DelegatingMethodAccessorImpl.invoke(DelegatingMethodAccessorImpl.java:43)
	at java.base/java.lang.reflect.Method.invoke(Method.java:569)
	at org.eclipse.lsp4j.jsonrpc.services.GenericEndpoint.lambda$recursiveFindRpcMethods$0(GenericEndpoint.java:65)
	at org.eclipse.lsp4j.jsonrpc.services.GenericEndpoint.notify(GenericEndpoint.java:160)
	at org.eclipse.lsp4j.jsonrpc.RemoteEndpoint.handleNotification(RemoteEndpoint.java:231)
	at org.eclipse.lsp4j.jsonrpc.RemoteEndpoint.consume(RemoteEndpoint.java:198)
	at org.eclipse.lsp4j.jsonrpc.json.StreamMessageProducer.handleMessage(StreamMessageProducer.java:185)
	at org.eclipse.lsp4j.jsonrpc.json.StreamMessageProducer.listen(StreamMessageProducer.java:97)
	at org.eclipse.lsp4j.jsonrpc.json.ConcurrentMessageProcessor.run(ConcurrentMessageProcessor.java:114)
	at java.base/java.util.concurrent.Executors$RunnableAdapter.call(Executors.java:539)
	at java.base/java.util.concurrent.FutureTask.run(FutureTask.java:264)
	at java.base/java.util.concurrent.ThreadPoolExecutor.runWorker(ThreadPoolExecutor.java:1136)
	at java.base/java.util.concurrent.ThreadPoolExecutor$Worker.run(ThreadPoolExecutor.java:635)
	at java.base/java.lang.Thread.run(Thread.java:840)

Dec 10, 2025 5:24:56 AM org.eclipse.lsp4j.jsonrpc.RemoteEndpoint handleCancellation
WARNING: Unmatched cancel notification for request id 4219
Dec 10, 2025 5:36:54 AM org.eclipse.lsp4j.jsonrpc.RemoteEndpoint handleCancellation
WARNING: Unmatched cancel notification for request id 4251
2025.12.10 05:37:32 INFO  compiling onnx_spinalhdl (1 scala source)
2025.12.10 05:37:34 INFO  time: compiled Onnx_SpinalHDL in 2.42s
2025.12.10 06:08:35 INFO  compiling onnx_spinalhdl (1 scala source)
2025.12.10 06:08:36 INFO  time: compiled Onnx_SpinalHDL in 1.14s
2025.12.10 06:10:19 INFO  compiling onnx_spinalhdl (1 scala source)
2025.12.10 06:10:20 INFO  time: compiled Onnx_SpinalHDL in 1.76s
Dec 10, 2025 6:10:32 AM org.eclipse.lsp4j.jsonrpc.RemoteEndpoint handleNotification
WARNING: Notification threw an exception: {
  "jsonrpc": "2.0",
  "method": "metals/didFocusTextDocument",
  "params": [
    "vscode-local:/c%3A/accelerator_projects/hw_spinal/validation/hw/InstrAxi4LiteToStream160.scala"
  ]
}
java.nio.file.FileSystemNotFoundException: Provider "vscode-local" not installed
	at java.base/java.nio.file.Path.of(Path.java:212)
	at java.base/java.nio.file.Paths.get(Paths.java:98)
	at scala.meta.internal.mtags.MtagsEnrichments$XtensionURIMtags.toAbsolutePath(MtagsEnrichments.scala:149)
	at scala.meta.internal.mtags.MtagsEnrichments$XtensionStringMtags.toAbsolutePath(MtagsEnrichments.scala:209)
	at scala.meta.internal.metals.MetalsEnrichments$XtensionString.toAbsolutePath(MetalsEnrichments.scala:778)
	at scala.meta.internal.metals.MetalsEnrichments$XtensionString.toAbsolutePath(MetalsEnrichments.scala:775)
	at scala.meta.internal.metals.WorkspaceLspService.didFocus(WorkspaceLspService.scala:789)
	at scala.meta.metals.lsp.DelegatingScalaService.didFocus(DelegatingScalaService.scala:42)
	at jdk.internal.reflect.GeneratedMethodAccessor6.invoke(Unknown Source)
	at java.base/jdk.internal.reflect.DelegatingMethodAccessorImpl.invoke(DelegatingMethodAccessorImpl.java:43)
	at java.base/java.lang.reflect.Method.invoke(Method.java:569)
	at org.eclipse.lsp4j.jsonrpc.services.GenericEndpoint.lambda$recursiveFindRpcMethods$0(GenericEndpoint.java:65)
	at org.eclipse.lsp4j.jsonrpc.services.GenericEndpoint.notify(GenericEndpoint.java:160)
	at org.eclipse.lsp4j.jsonrpc.RemoteEndpoint.handleNotification(RemoteEndpoint.java:231)
	at org.eclipse.lsp4j.jsonrpc.RemoteEndpoint.consume(RemoteEndpoint.java:198)
	at org.eclipse.lsp4j.jsonrpc.json.StreamMessageProducer.handleMessage(StreamMessageProducer.java:185)
	at org.eclipse.lsp4j.jsonrpc.json.StreamMessageProducer.listen(StreamMessageProducer.java:97)
	at org.eclipse.lsp4j.jsonrpc.json.ConcurrentMessageProcessor.run(ConcurrentMessageProcessor.java:114)
	at java.base/java.util.concurrent.Executors$RunnableAdapter.call(Executors.java:539)
	at java.base/java.util.concurrent.FutureTask.run(FutureTask.java:264)
	at java.base/java.util.concurrent.ThreadPoolExecutor.runWorker(ThreadPoolExecutor.java:1136)
	at java.base/java.util.concurrent.ThreadPoolExecutor$Worker.run(ThreadPoolExecutor.java:635)
	at java.base/java.lang.Thread.run(Thread.java:840)

2025.12.10 06:10:40 INFO  compiling onnx_spinalhdl (2 scala sources)
2025.12.10 06:10:40 INFO  time: compiled Onnx_SpinalHDL in 0.14s
2025.12.10 06:14:10 INFO  compiling onnx_spinalhdl (2 scala sources)
2025.12.10 06:14:11 WARN  Invalid text document uri received from build server: file:///root/onnx_spinal_project_new/hw/spinal/WrapForFPGA/InstrAxi4LiteToStream160.scala
2025.12.10 06:14:11 INFO  time: compiled Onnx_SpinalHDL in 1.97s
2025.12.10 06:14:43 INFO  compiling onnx_spinalhdl (1 scala source)
2025.12.10 06:14:44 INFO  time: compiled Onnx_SpinalHDL in 1.13s
2025.12.10 06:15:51 INFO  compiling onnx_spinalhdl (1 scala source)
2025.12.10 06:15:51 INFO  time: compiled Onnx_SpinalHDL in 0.82s
Dec 10, 2025 6:19:30 AM org.eclipse.lsp4j.jsonrpc.RemoteEndpoint handleNotification
WARNING: Notification threw an exception: {
  "jsonrpc": "2.0",
  "method": "metals/didFocusTextDocument",
  "params": [
    "vscode-local:/c%3A/accelerator_projects/hw_spinal/validation/hw/InstrAxi4LiteToStream.scala"
  ]
}
java.nio.file.FileSystemNotFoundException: Provider "vscode-local" not installed
	at java.base/java.nio.file.Path.of(Path.java:212)
	at java.base/java.nio.file.Paths.get(Paths.java:98)
	at scala.meta.internal.mtags.MtagsEnrichments$XtensionURIMtags.toAbsolutePath(MtagsEnrichments.scala:149)
	at scala.meta.internal.mtags.MtagsEnrichments$XtensionStringMtags.toAbsolutePath(MtagsEnrichments.scala:209)
	at scala.meta.internal.metals.MetalsEnrichments$XtensionString.toAbsolutePath(MetalsEnrichments.scala:778)
	at scala.meta.internal.metals.MetalsEnrichments$XtensionString.toAbsolutePath(MetalsEnrichments.scala:775)
	at scala.meta.internal.metals.WorkspaceLspService.didFocus(WorkspaceLspService.scala:789)
	at scala.meta.metals.lsp.DelegatingScalaService.didFocus(DelegatingScalaService.scala:42)
	at jdk.internal.reflect.GeneratedMethodAccessor6.invoke(Unknown Source)
	at java.base/jdk.internal.reflect.DelegatingMethodAccessorImpl.invoke(DelegatingMethodAccessorImpl.java:43)
	at java.base/java.lang.reflect.Method.invoke(Method.java:569)
	at org.eclipse.lsp4j.jsonrpc.services.GenericEndpoint.lambda$recursiveFindRpcMethods$0(GenericEndpoint.java:65)
	at org.eclipse.lsp4j.jsonrpc.services.GenericEndpoint.notify(GenericEndpoint.java:160)
	at org.eclipse.lsp4j.jsonrpc.RemoteEndpoint.handleNotification(RemoteEndpoint.java:231)
	at org.eclipse.lsp4j.jsonrpc.RemoteEndpoint.consume(RemoteEndpoint.java:198)
	at org.eclipse.lsp4j.jsonrpc.json.StreamMessageProducer.handleMessage(StreamMessageProducer.java:185)
	at org.eclipse.lsp4j.jsonrpc.json.StreamMessageProducer.listen(StreamMessageProducer.java:97)
	at org.eclipse.lsp4j.jsonrpc.json.ConcurrentMessageProcessor.run(ConcurrentMessageProcessor.java:114)
	at java.base/java.util.concurrent.Executors$RunnableAdapter.call(Executors.java:539)
	at java.base/java.util.concurrent.FutureTask.run(FutureTask.java:264)
	at java.base/java.util.concurrent.ThreadPoolExecutor.runWorker(ThreadPoolExecutor.java:1136)
	at java.base/java.util.concurrent.ThreadPoolExecutor$Worker.run(ThreadPoolExecutor.java:635)
	at java.base/java.lang.Thread.run(Thread.java:840)

Dec 10, 2025 6:20:26 AM org.eclipse.lsp4j.jsonrpc.RemoteEndpoint handleNotification
WARNING: Notification threw an exception: {
  "jsonrpc": "2.0",
  "method": "metals/didFocusTextDocument",
  "params": [
    "vscode-local:/c%3A/accelerator_projects/hw_spinal/validation/hw/Accelerator_FPGA.scala"
  ]
}
java.nio.file.FileSystemNotFoundException: Provider "vscode-local" not installed
	at java.base/java.nio.file.Path.of(Path.java:212)
	at java.base/java.nio.file.Paths.get(Paths.java:98)
	at scala.meta.internal.mtags.MtagsEnrichments$XtensionURIMtags.toAbsolutePath(MtagsEnrichments.scala:149)
	at scala.meta.internal.mtags.MtagsEnrichments$XtensionStringMtags.toAbsolutePath(MtagsEnrichments.scala:209)
	at scala.meta.internal.metals.MetalsEnrichments$XtensionString.toAbsolutePath(MetalsEnrichments.scala:778)
	at scala.meta.internal.metals.MetalsEnrichments$XtensionString.toAbsolutePath(MetalsEnrichments.scala:775)
	at scala.meta.internal.metals.WorkspaceLspService.didFocus(WorkspaceLspService.scala:789)
	at scala.meta.metals.lsp.DelegatingScalaService.didFocus(DelegatingScalaService.scala:42)
	at jdk.internal.reflect.GeneratedMethodAccessor6.invoke(Unknown Source)
	at java.base/jdk.internal.reflect.DelegatingMethodAccessorImpl.invoke(DelegatingMethodAccessorImpl.java:43)
	at java.base/java.lang.reflect.Method.invoke(Method.java:569)
	at org.eclipse.lsp4j.jsonrpc.services.GenericEndpoint.lambda$recursiveFindRpcMethods$0(GenericEndpoint.java:65)
	at org.eclipse.lsp4j.jsonrpc.services.GenericEndpoint.notify(GenericEndpoint.java:160)
	at org.eclipse.lsp4j.jsonrpc.RemoteEndpoint.handleNotification(RemoteEndpoint.java:231)
	at org.eclipse.lsp4j.jsonrpc.RemoteEndpoint.consume(RemoteEndpoint.java:198)
	at org.eclipse.lsp4j.jsonrpc.json.StreamMessageProducer.handleMessage(StreamMessageProducer.java:185)
	at org.eclipse.lsp4j.jsonrpc.json.StreamMessageProducer.listen(StreamMessageProducer.java:97)
	at org.eclipse.lsp4j.jsonrpc.json.ConcurrentMessageProcessor.run(ConcurrentMessageProcessor.java:114)
	at java.base/java.util.concurrent.Executors$RunnableAdapter.call(Executors.java:539)
	at java.base/java.util.concurrent.FutureTask.run(FutureTask.java:264)
	at java.base/java.util.concurrent.ThreadPoolExecutor.runWorker(ThreadPoolExecutor.java:1136)
	at java.base/java.util.concurrent.ThreadPoolExecutor$Worker.run(ThreadPoolExecutor.java:635)
	at java.base/java.lang.Thread.run(Thread.java:840)

2025.12.10 06:29:09 INFO  compiling onnx_spinalhdl (1 scala source)
2025.12.10 06:29:09 INFO  time: compiled Onnx_SpinalHDL in 0.6s
Dec 10, 2025 6:29:33 AM org.eclipse.lsp4j.jsonrpc.RemoteEndpoint handleNotification
WARNING: Notification threw an exception: {
  "jsonrpc": "2.0",
  "method": "metals/didFocusTextDocument",
  "params": [
    "vscode-local:/c%3A/accelerator_projects/hw_spinal/validation/hw/Accelerator_FPGA.scala"
  ]
}
java.nio.file.FileSystemNotFoundException: Provider "vscode-local" not installed
	at java.base/java.nio.file.Path.of(Path.java:212)
	at java.base/java.nio.file.Paths.get(Paths.java:98)
	at scala.meta.internal.mtags.MtagsEnrichments$XtensionURIMtags.toAbsolutePath(MtagsEnrichments.scala:149)
	at scala.meta.internal.mtags.MtagsEnrichments$XtensionStringMtags.toAbsolutePath(MtagsEnrichments.scala:209)
	at scala.meta.internal.metals.MetalsEnrichments$XtensionString.toAbsolutePath(MetalsEnrichments.scala:778)
	at scala.meta.internal.metals.MetalsEnrichments$XtensionString.toAbsolutePath(MetalsEnrichments.scala:775)
	at scala.meta.internal.metals.WorkspaceLspService.didFocus(WorkspaceLspService.scala:789)
	at scala.meta.metals.lsp.DelegatingScalaService.didFocus(DelegatingScalaService.scala:42)
	at jdk.internal.reflect.GeneratedMethodAccessor6.invoke(Unknown Source)
	at java.base/jdk.internal.reflect.DelegatingMethodAccessorImpl.invoke(DelegatingMethodAccessorImpl.java:43)
	at java.base/java.lang.reflect.Method.invoke(Method.java:569)
	at org.eclipse.lsp4j.jsonrpc.services.GenericEndpoint.lambda$recursiveFindRpcMethods$0(GenericEndpoint.java:65)
	at org.eclipse.lsp4j.jsonrpc.services.GenericEndpoint.notify(GenericEndpoint.java:160)
	at org.eclipse.lsp4j.jsonrpc.RemoteEndpoint.handleNotification(RemoteEndpoint.java:231)
	at org.eclipse.lsp4j.jsonrpc.RemoteEndpoint.consume(RemoteEndpoint.java:198)
	at org.eclipse.lsp4j.jsonrpc.json.StreamMessageProducer.handleMessage(StreamMessageProducer.java:185)
	at org.eclipse.lsp4j.jsonrpc.json.StreamMessageProducer.listen(StreamMessageProducer.java:97)
	at org.eclipse.lsp4j.jsonrpc.json.ConcurrentMessageProcessor.run(ConcurrentMessageProcessor.java:114)
	at java.base/java.util.concurrent.Executors$RunnableAdapter.call(Executors.java:539)
	at java.base/java.util.concurrent.FutureTask.run(FutureTask.java:264)
	at java.base/java.util.concurrent.ThreadPoolExecutor.runWorker(ThreadPoolExecutor.java:1136)
	at java.base/java.util.concurrent.ThreadPoolExecutor$Worker.run(ThreadPoolExecutor.java:635)
	at java.base/java.lang.Thread.run(Thread.java:840)

Dec 10, 2025 6:37:33 AM org.eclipse.lsp4j.jsonrpc.RemoteEndpoint fallbackResponseError
SEVERE: Internal error: Provider "vscode-local" not installed
java.nio.file.FileSystemNotFoundException: Provider "vscode-local" not installed
	at java.base/java.nio.file.Path.of(Path.java:212)
	at java.base/java.nio.file.Paths.get(Paths.java:98)
	at scala.meta.internal.mtags.MtagsEnrichments$XtensionURIMtags.toAbsolutePath(MtagsEnrichments.scala:149)
	at scala.meta.internal.mtags.MtagsEnrichments$XtensionStringMtags.toAbsolutePath(MtagsEnrichments.scala:209)
	at scala.meta.internal.metals.MetalsEnrichments$XtensionString.toAbsolutePath(MetalsEnrichments.scala:778)
	at scala.meta.internal.metals.MetalsEnrichments$XtensionString.toAbsolutePath(MetalsEnrichments.scala:775)
	at scala.meta.internal.metals.MetalsPasteProvider.didPaste(MetalsPasteProvider.scala:29)
	at scala.meta.internal.metals.MetalsLspService.didPaste(MetalsLspService.scala:1277)
	at scala.meta.internal.metals.WorkspaceLspService.executeCommand(WorkspaceLspService.scala:1244)
	at scala.meta.metals.lsp.DelegatingScalaService.executeCommand(DelegatingScalaService.scala:169)
	at jdk.internal.reflect.GeneratedMethodAccessor16.invoke(Unknown Source)
	at java.base/jdk.internal.reflect.DelegatingMethodAccessorImpl.invoke(DelegatingMethodAccessorImpl.java:43)
	at java.base/java.lang.reflect.Method.invoke(Method.java:569)
	at org.eclipse.lsp4j.jsonrpc.services.GenericEndpoint.lambda$recursiveFindRpcMethods$0(GenericEndpoint.java:65)
	at org.eclipse.lsp4j.jsonrpc.services.GenericEndpoint.request(GenericEndpoint.java:128)
	at org.eclipse.lsp4j.jsonrpc.RemoteEndpoint.handleRequest(RemoteEndpoint.java:271)
	at org.eclipse.lsp4j.jsonrpc.RemoteEndpoint.consume(RemoteEndpoint.java:201)
	at org.eclipse.lsp4j.jsonrpc.json.StreamMessageProducer.handleMessage(StreamMessageProducer.java:185)
	at org.eclipse.lsp4j.jsonrpc.json.StreamMessageProducer.listen(StreamMessageProducer.java:97)
	at org.eclipse.lsp4j.jsonrpc.json.ConcurrentMessageProcessor.run(ConcurrentMessageProcessor.java:114)
	at java.base/java.util.concurrent.Executors$RunnableAdapter.call(Executors.java:539)
	at java.base/java.util.concurrent.FutureTask.run(FutureTask.java:264)
	at java.base/java.util.concurrent.ThreadPoolExecutor.runWorker(ThreadPoolExecutor.java:1136)
	at java.base/java.util.concurrent.ThreadPoolExecutor$Worker.run(ThreadPoolExecutor.java:635)
	at java.base/java.lang.Thread.run(Thread.java:840)

Dec 10, 2025 8:48:44 AM org.eclipse.lsp4j.jsonrpc.RemoteEndpoint handleCancellation
WARNING: Unmatched cancel notification for request id 5210
Dec 10, 2025 8:49:35 AM org.eclipse.lsp4j.jsonrpc.RemoteEndpoint handleCancellation
WARNING: Unmatched cancel notification for request id 5371
Dec 10, 2025 8:50:27 AM org.eclipse.lsp4j.jsonrpc.RemoteEndpoint handleCancellation
WARNING: Unmatched cancel notification for request id 5466
Dec 10, 2025 9:03:17 AM org.eclipse.lsp4j.jsonrpc.RemoteEndpoint handleCancellation
WARNING: Unmatched cancel notification for request id 5792
Dec 10, 2025 9:04:23 AM org.eclipse.lsp4j.jsonrpc.RemoteEndpoint handleNotification
WARNING: Notification threw an exception: {
  "jsonrpc": "2.0",
  "method": "metals/didFocusTextDocument",
  "params": [
    "git:/root/onnx_spinal_project_new/hw/spinal/Interface/Interface.scala?%7B%22path%22%3A%22%2Froot%2Fonnx_spinal_project_new%2Fhw%2Fspinal%2FInterface%2FInterface.scala%22%2C%22ref%22%3A%22169d1b2e8f9f17aa20d0c83d84acbf84f0d6590c%22%7D"
  ]
}
java.nio.file.FileSystemNotFoundException: Provider "git" not installed
	at java.base/java.nio.file.Path.of(Path.java:212)
	at java.base/java.nio.file.Paths.get(Paths.java:98)
	at scala.meta.internal.mtags.MtagsEnrichments$XtensionURIMtags.toAbsolutePath(MtagsEnrichments.scala:149)
	at scala.meta.internal.mtags.MtagsEnrichments$XtensionStringMtags.toAbsolutePath(MtagsEnrichments.scala:209)
	at scala.meta.internal.metals.MetalsEnrichments$XtensionString.toAbsolutePath(MetalsEnrichments.scala:778)
	at scala.meta.internal.metals.MetalsEnrichments$XtensionString.toAbsolutePath(MetalsEnrichments.scala:775)
	at scala.meta.internal.metals.WorkspaceLspService.didFocus(WorkspaceLspService.scala:789)
	at scala.meta.metals.lsp.DelegatingScalaService.didFocus(DelegatingScalaService.scala:42)
	at jdk.internal.reflect.GeneratedMethodAccessor6.invoke(Unknown Source)
	at java.base/jdk.internal.reflect.DelegatingMethodAccessorImpl.invoke(DelegatingMethodAccessorImpl.java:43)
	at java.base/java.lang.reflect.Method.invoke(Method.java:569)
	at org.eclipse.lsp4j.jsonrpc.services.GenericEndpoint.lambda$recursiveFindRpcMethods$0(GenericEndpoint.java:65)
	at org.eclipse.lsp4j.jsonrpc.services.GenericEndpoint.notify(GenericEndpoint.java:160)
	at org.eclipse.lsp4j.jsonrpc.RemoteEndpoint.handleNotification(RemoteEndpoint.java:231)
	at org.eclipse.lsp4j.jsonrpc.RemoteEndpoint.consume(RemoteEndpoint.java:198)
	at org.eclipse.lsp4j.jsonrpc.json.StreamMessageProducer.handleMessage(StreamMessageProducer.java:185)
	at org.eclipse.lsp4j.jsonrpc.json.StreamMessageProducer.listen(StreamMessageProducer.java:97)
	at org.eclipse.lsp4j.jsonrpc.json.ConcurrentMessageProcessor.run(ConcurrentMessageProcessor.java:114)
	at java.base/java.util.concurrent.Executors$RunnableAdapter.call(Executors.java:539)
	at java.base/java.util.concurrent.FutureTask.run(FutureTask.java:264)
	at java.base/java.util.concurrent.ThreadPoolExecutor.runWorker(ThreadPoolExecutor.java:1136)
	at java.base/java.util.concurrent.ThreadPoolExecutor$Worker.run(ThreadPoolExecutor.java:635)
	at java.base/java.lang.Thread.run(Thread.java:840)

Dec 10, 2025 9:04:30 AM org.eclipse.lsp4j.jsonrpc.RemoteEndpoint handleNotification
WARNING: Notification threw an exception: {
  "jsonrpc": "2.0",
  "method": "metals/didFocusTextDocument",
  "params": [
    "git:/root/onnx_spinal_project_new/hw/spinal/Accelerator/InstSim.scala?%7B%22path%22%3A%22%2Froot%2Fonnx_spinal_project_new%2Fhw%2Fspinal%2FAccelerator%2FInstSim.scala%22%2C%22ref%22%3A%22169d1b2e8f9f17aa20d0c83d84acbf84f0d6590c%22%7D"
  ]
}
java.nio.file.FileSystemNotFoundException: Provider "git" not installed
	at java.base/java.nio.file.Path.of(Path.java:212)
	at java.base/java.nio.file.Paths.get(Paths.java:98)
	at scala.meta.internal.mtags.MtagsEnrichments$XtensionURIMtags.toAbsolutePath(MtagsEnrichments.scala:149)
	at scala.meta.internal.mtags.MtagsEnrichments$XtensionStringMtags.toAbsolutePath(MtagsEnrichments.scala:209)
	at scala.meta.internal.metals.MetalsEnrichments$XtensionString.toAbsolutePath(MetalsEnrichments.scala:778)
	at scala.meta.internal.metals.MetalsEnrichments$XtensionString.toAbsolutePath(MetalsEnrichments.scala:775)
	at scala.meta.internal.metals.WorkspaceLspService.didFocus(WorkspaceLspService.scala:789)
	at scala.meta.metals.lsp.DelegatingScalaService.didFocus(DelegatingScalaService.scala:42)
	at jdk.internal.reflect.GeneratedMethodAccessor6.invoke(Unknown Source)
	at java.base/jdk.internal.reflect.DelegatingMethodAccessorImpl.invoke(DelegatingMethodAccessorImpl.java:43)
	at java.base/java.lang.reflect.Method.invoke(Method.java:569)
	at org.eclipse.lsp4j.jsonrpc.services.GenericEndpoint.lambda$recursiveFindRpcMethods$0(GenericEndpoint.java:65)
	at org.eclipse.lsp4j.jsonrpc.services.GenericEndpoint.notify(GenericEndpoint.java:160)
	at org.eclipse.lsp4j.jsonrpc.RemoteEndpoint.handleNotification(RemoteEndpoint.java:231)
	at org.eclipse.lsp4j.jsonrpc.RemoteEndpoint.consume(RemoteEndpoint.java:198)
	at org.eclipse.lsp4j.jsonrpc.json.StreamMessageProducer.handleMessage(StreamMessageProducer.java:185)
	at org.eclipse.lsp4j.jsonrpc.json.StreamMessageProducer.listen(StreamMessageProducer.java:97)
	at org.eclipse.lsp4j.jsonrpc.json.ConcurrentMessageProcessor.run(ConcurrentMessageProcessor.java:114)
	at java.base/java.util.concurrent.Executors$RunnableAdapter.call(Executors.java:539)
	at java.base/java.util.concurrent.FutureTask.run(FutureTask.java:264)
	at java.base/java.util.concurrent.ThreadPoolExecutor.runWorker(ThreadPoolExecutor.java:1136)
	at java.base/java.util.concurrent.ThreadPoolExecutor$Worker.run(ThreadPoolExecutor.java:635)
	at java.base/java.lang.Thread.run(Thread.java:840)

Dec 10, 2025 9:04:56 AM org.eclipse.lsp4j.jsonrpc.RemoteEndpoint handleNotification
WARNING: Notification threw an exception: {
  "jsonrpc": "2.0",
  "method": "metals/didFocusTextDocument",
  "params": [
    "git:/root/onnx_spinal_project_new/hw/spinal/Interface/Interface.scala?%7B%22path%22%3A%22%2Froot%2Fonnx_spinal_project_new%2Fhw%2Fspinal%2FInterface%2FInterface.scala%22%2C%22ref%22%3A%22169d1b2e8f9f17aa20d0c83d84acbf84f0d6590c%22%7D"
  ]
}
java.nio.file.FileSystemNotFoundException: Provider "git" not installed
	at java.base/java.nio.file.Path.of(Path.java:212)
	at java.base/java.nio.file.Paths.get(Paths.java:98)
	at scala.meta.internal.mtags.MtagsEnrichments$XtensionURIMtags.toAbsolutePath(MtagsEnrichments.scala:149)
	at scala.meta.internal.mtags.MtagsEnrichments$XtensionStringMtags.toAbsolutePath(MtagsEnrichments.scala:209)
	at scala.meta.internal.metals.MetalsEnrichments$XtensionString.toAbsolutePath(MetalsEnrichments.scala:778)
	at scala.meta.internal.metals.MetalsEnrichments$XtensionString.toAbsolutePath(MetalsEnrichments.scala:775)
	at scala.meta.internal.metals.WorkspaceLspService.didFocus(WorkspaceLspService.scala:789)
	at scala.meta.metals.lsp.DelegatingScalaService.didFocus(DelegatingScalaService.scala:42)
	at jdk.internal.reflect.GeneratedMethodAccessor6.invoke(Unknown Source)
	at java.base/jdk.internal.reflect.DelegatingMethodAccessorImpl.invoke(DelegatingMethodAccessorImpl.java:43)
	at java.base/java.lang.reflect.Method.invoke(Method.java:569)
	at org.eclipse.lsp4j.jsonrpc.services.GenericEndpoint.lambda$recursiveFindRpcMethods$0(GenericEndpoint.java:65)
	at org.eclipse.lsp4j.jsonrpc.services.GenericEndpoint.notify(GenericEndpoint.java:160)
	at org.eclipse.lsp4j.jsonrpc.RemoteEndpoint.handleNotification(RemoteEndpoint.java:231)
	at org.eclipse.lsp4j.jsonrpc.RemoteEndpoint.consume(RemoteEndpoint.java:198)
	at org.eclipse.lsp4j.jsonrpc.json.StreamMessageProducer.handleMessage(StreamMessageProducer.java:185)
	at org.eclipse.lsp4j.jsonrpc.json.StreamMessageProducer.listen(StreamMessageProducer.java:97)
	at org.eclipse.lsp4j.jsonrpc.json.ConcurrentMessageProcessor.run(ConcurrentMessageProcessor.java:114)
	at java.base/java.util.concurrent.Executors$RunnableAdapter.call(Executors.java:539)
	at java.base/java.util.concurrent.FutureTask.run(FutureTask.java:264)
	at java.base/java.util.concurrent.ThreadPoolExecutor.runWorker(ThreadPoolExecutor.java:1136)
	at java.base/java.util.concurrent.ThreadPoolExecutor$Worker.run(ThreadPoolExecutor.java:635)
	at java.base/java.lang.Thread.run(Thread.java:840)

2025.12.10 09:06:14 INFO  Created report: Optional[file:///root/onnx_spinal_project_new/hw/spinal/Interface/Interface.scala]
2025.12.10 09:06:14 INFO  empty definition using pc, found symbol in pc:  (full report at: "/root/onnx_spinal_project_new/.metals/.reports/metals-full/2025-12-10/r_empty-definition_(Onnx_5fSpinalHDL)_09-06-14-249.md")
Dec 10, 2025 9:17:04 AM org.eclipse.lsp4j.jsonrpc.RemoteEndpoint handleNotification
WARNING: Notification threw an exception: {
  "jsonrpc": "2.0",
  "method": "metals/didFocusTextDocument",
  "params": [
    "git:/root/onnx_spinal_project_new/hw/spinal/Interface/Interface.scala?%7B%22path%22%3A%22%2Froot%2Fonnx_spinal_project_new%2Fhw%2Fspinal%2FInterface%2FInterface.scala%22%2C%22ref%22%3A%22refs%2Fremotes%2Forigin%2Fonnx_SpinalHDL_interface%22%7D"
  ]
}
java.nio.file.FileSystemNotFoundException: Provider "git" not installed
	at java.base/java.nio.file.Path.of(Path.java:212)
	at java.base/java.nio.file.Paths.get(Paths.java:98)
	at scala.meta.internal.mtags.MtagsEnrichments$XtensionURIMtags.toAbsolutePath(MtagsEnrichments.scala:149)
	at scala.meta.internal.mtags.MtagsEnrichments$XtensionStringMtags.toAbsolutePath(MtagsEnrichments.scala:209)
	at scala.meta.internal.metals.MetalsEnrichments$XtensionString.toAbsolutePath(MetalsEnrichments.scala:778)
	at scala.meta.internal.metals.MetalsEnrichments$XtensionString.toAbsolutePath(MetalsEnrichments.scala:775)
	at scala.meta.internal.metals.WorkspaceLspService.didFocus(WorkspaceLspService.scala:789)
	at scala.meta.metals.lsp.DelegatingScalaService.didFocus(DelegatingScalaService.scala:42)
	at jdk.internal.reflect.GeneratedMethodAccessor6.invoke(Unknown Source)
	at java.base/jdk.internal.reflect.DelegatingMethodAccessorImpl.invoke(DelegatingMethodAccessorImpl.java:43)
	at java.base/java.lang.reflect.Method.invoke(Method.java:569)
	at org.eclipse.lsp4j.jsonrpc.services.GenericEndpoint.lambda$recursiveFindRpcMethods$0(GenericEndpoint.java:65)
	at org.eclipse.lsp4j.jsonrpc.services.GenericEndpoint.notify(GenericEndpoint.java:160)
	at org.eclipse.lsp4j.jsonrpc.RemoteEndpoint.handleNotification(RemoteEndpoint.java:231)
	at org.eclipse.lsp4j.jsonrpc.RemoteEndpoint.consume(RemoteEndpoint.java:198)
	at org.eclipse.lsp4j.jsonrpc.json.StreamMessageProducer.handleMessage(StreamMessageProducer.java:185)
	at org.eclipse.lsp4j.jsonrpc.json.StreamMessageProducer.listen(StreamMessageProducer.java:97)
	at org.eclipse.lsp4j.jsonrpc.json.ConcurrentMessageProcessor.run(ConcurrentMessageProcessor.java:114)
	at java.base/java.util.concurrent.Executors$RunnableAdapter.call(Executors.java:539)
	at java.base/java.util.concurrent.FutureTask.run(FutureTask.java:264)
	at java.base/java.util.concurrent.ThreadPoolExecutor.runWorker(ThreadPoolExecutor.java:1136)
	at java.base/java.util.concurrent.ThreadPoolExecutor$Worker.run(ThreadPoolExecutor.java:635)
	at java.base/java.lang.Thread.run(Thread.java:840)

2025.12.10 09:18:54 INFO  compiling onnx_spinalhdl (5 scala sources)
2025.12.10 09:18:56 INFO  time: compiled Onnx_SpinalHDL in 2.23s
2025.12.10 09:18:56 INFO  compiling onnx_spinalhdl (5 scala sources)
2025.12.10 09:18:56 INFO  time: compiled Onnx_SpinalHDL in 0.72s
Dec 10, 2025 9:24:15 AM org.eclipse.lsp4j.jsonrpc.services.GenericEndpoint notify
INFO: Unsupported notification method: $/setTrace
Dec 10, 2025 9:24:15 AM org.eclipse.lsp4j.jsonrpc.services.GenericEndpoint notify
INFO: Unsupported notification method: $/setTrace
Dec 10, 2025 9:24:46 AM org.eclipse.lsp4j.jsonrpc.RemoteEndpoint handleNotification
WARNING: Notification threw an exception: {
  "jsonrpc": "2.0",
  "method": "metals/didFocusTextDocument",
  "params": [
    "git:/root/onnx_spinal_project_new/hw/spinal/Interface/Interface.scala?%7B%22path%22%3A%22%2Froot%2Fonnx_spinal_project_new%2Fhw%2Fspinal%2FInterface%2FInterface.scala%22%2C%22ref%22%3A%22refs%2Fremotes%2Forigin%2Fonnx_SpinalHDL_interface%22%7D"
  ]
}
java.nio.file.FileSystemNotFoundException: Provider "git" not installed
	at java.base/java.nio.file.Path.of(Path.java:212)
	at java.base/java.nio.file.Paths.get(Paths.java:98)
	at scala.meta.internal.mtags.MtagsEnrichments$XtensionURIMtags.toAbsolutePath(MtagsEnrichments.scala:149)
	at scala.meta.internal.mtags.MtagsEnrichments$XtensionStringMtags.toAbsolutePath(MtagsEnrichments.scala:209)
	at scala.meta.internal.metals.MetalsEnrichments$XtensionString.toAbsolutePath(MetalsEnrichments.scala:778)
	at scala.meta.internal.metals.MetalsEnrichments$XtensionString.toAbsolutePath(MetalsEnrichments.scala:775)
	at scala.meta.internal.metals.WorkspaceLspService.didFocus(WorkspaceLspService.scala:789)
	at scala.meta.metals.lsp.DelegatingScalaService.didFocus(DelegatingScalaService.scala:42)
	at jdk.internal.reflect.GeneratedMethodAccessor6.invoke(Unknown Source)
	at java.base/jdk.internal.reflect.DelegatingMethodAccessorImpl.invoke(DelegatingMethodAccessorImpl.java:43)
	at java.base/java.lang.reflect.Method.invoke(Method.java:569)
	at org.eclipse.lsp4j.jsonrpc.services.GenericEndpoint.lambda$recursiveFindRpcMethods$0(GenericEndpoint.java:65)
	at org.eclipse.lsp4j.jsonrpc.services.GenericEndpoint.notify(GenericEndpoint.java:160)
	at org.eclipse.lsp4j.jsonrpc.RemoteEndpoint.handleNotification(RemoteEndpoint.java:231)
	at org.eclipse.lsp4j.jsonrpc.RemoteEndpoint.consume(RemoteEndpoint.java:198)
	at org.eclipse.lsp4j.jsonrpc.json.StreamMessageProducer.handleMessage(StreamMessageProducer.java:185)
	at org.eclipse.lsp4j.jsonrpc.json.StreamMessageProducer.listen(StreamMessageProducer.java:97)
	at org.eclipse.lsp4j.jsonrpc.json.ConcurrentMessageProcessor.run(ConcurrentMessageProcessor.java:114)
	at java.base/java.util.concurrent.Executors$RunnableAdapter.call(Executors.java:539)
	at java.base/java.util.concurrent.FutureTask.run(FutureTask.java:264)
	at java.base/java.util.concurrent.ThreadPoolExecutor.runWorker(ThreadPoolExecutor.java:1136)
	at java.base/java.util.concurrent.ThreadPoolExecutor$Worker.run(ThreadPoolExecutor.java:635)
	at java.base/java.lang.Thread.run(Thread.java:840)

Dec 10, 2025 10:41:56 AM org.eclipse.lsp4j.jsonrpc.RemoteEndpoint handleNotification
WARNING: Notification threw an exception: {
  "jsonrpc": "2.0",
  "method": "metals/didFocusTextDocument",
  "params": [
    "vscode-local:/c%3A/accelerator_projects/hw_spinal/validation/hw/Slicer.scala"
  ]
}
java.nio.file.FileSystemNotFoundException: Provider "vscode-local" not installed
	at java.base/java.nio.file.Path.of(Path.java:212)
	at java.base/java.nio.file.Paths.get(Paths.java:98)
	at scala.meta.internal.mtags.MtagsEnrichments$XtensionURIMtags.toAbsolutePath(MtagsEnrichments.scala:149)
	at scala.meta.internal.mtags.MtagsEnrichments$XtensionStringMtags.toAbsolutePath(MtagsEnrichments.scala:209)
	at scala.meta.internal.metals.MetalsEnrichments$XtensionString.toAbsolutePath(MetalsEnrichments.scala:778)
	at scala.meta.internal.metals.MetalsEnrichments$XtensionString.toAbsolutePath(MetalsEnrichments.scala:775)
	at scala.meta.internal.metals.WorkspaceLspService.didFocus(WorkspaceLspService.scala:789)
	at scala.meta.metals.lsp.DelegatingScalaService.didFocus(DelegatingScalaService.scala:42)
	at jdk.internal.reflect.GeneratedMethodAccessor6.invoke(Unknown Source)
	at java.base/jdk.internal.reflect.DelegatingMethodAccessorImpl.invoke(DelegatingMethodAccessorImpl.java:43)
	at java.base/java.lang.reflect.Method.invoke(Method.java:569)
	at org.eclipse.lsp4j.jsonrpc.services.GenericEndpoint.lambda$recursiveFindRpcMethods$0(GenericEndpoint.java:65)
	at org.eclipse.lsp4j.jsonrpc.services.GenericEndpoint.notify(GenericEndpoint.java:160)
	at org.eclipse.lsp4j.jsonrpc.RemoteEndpoint.handleNotification(RemoteEndpoint.java:231)
	at org.eclipse.lsp4j.jsonrpc.RemoteEndpoint.consume(RemoteEndpoint.java:198)
	at org.eclipse.lsp4j.jsonrpc.json.StreamMessageProducer.handleMessage(StreamMessageProducer.java:185)
	at org.eclipse.lsp4j.jsonrpc.json.StreamMessageProducer.listen(StreamMessageProducer.java:97)
	at org.eclipse.lsp4j.jsonrpc.json.ConcurrentMessageProcessor.run(ConcurrentMessageProcessor.java:114)
	at java.base/java.util.concurrent.Executors$RunnableAdapter.call(Executors.java:539)
	at java.base/java.util.concurrent.FutureTask.run(FutureTask.java:264)
	at java.base/java.util.concurrent.ThreadPoolExecutor.runWorker(ThreadPoolExecutor.java:1136)
	at java.base/java.util.concurrent.ThreadPoolExecutor$Worker.run(ThreadPoolExecutor.java:635)
	at java.base/java.lang.Thread.run(Thread.java:840)

Dec 10, 2025 10:54:28 AM org.eclipse.lsp4j.jsonrpc.RemoteEndpoint handleNotification
WARNING: Notification threw an exception: {
  "jsonrpc": "2.0",
  "method": "metals/didFocusTextDocument",
  "params": [
    "vscode-local:/c%3A/accelerator_projects/hw_spinal/validation/hw/Accelerator.scala"
  ]
}
java.nio.file.FileSystemNotFoundException: Provider "vscode-local" not installed
	at java.base/java.nio.file.Path.of(Path.java:212)
	at java.base/java.nio.file.Paths.get(Paths.java:98)
	at scala.meta.internal.mtags.MtagsEnrichments$XtensionURIMtags.toAbsolutePath(MtagsEnrichments.scala:149)
	at scala.meta.internal.mtags.MtagsEnrichments$XtensionStringMtags.toAbsolutePath(MtagsEnrichments.scala:209)
	at scala.meta.internal.metals.MetalsEnrichments$XtensionString.toAbsolutePath(MetalsEnrichments.scala:778)
	at scala.meta.internal.metals.MetalsEnrichments$XtensionString.toAbsolutePath(MetalsEnrichments.scala:775)
	at scala.meta.internal.metals.WorkspaceLspService.didFocus(WorkspaceLspService.scala:789)
	at scala.meta.metals.lsp.DelegatingScalaService.didFocus(DelegatingScalaService.scala:42)
	at jdk.internal.reflect.GeneratedMethodAccessor6.invoke(Unknown Source)
	at java.base/jdk.internal.reflect.DelegatingMethodAccessorImpl.invoke(DelegatingMethodAccessorImpl.java:43)
	at java.base/java.lang.reflect.Method.invoke(Method.java:569)
	at org.eclipse.lsp4j.jsonrpc.services.GenericEndpoint.lambda$recursiveFindRpcMethods$0(GenericEndpoint.java:65)
	at org.eclipse.lsp4j.jsonrpc.services.GenericEndpoint.notify(GenericEndpoint.java:160)
	at org.eclipse.lsp4j.jsonrpc.RemoteEndpoint.handleNotification(RemoteEndpoint.java:231)
	at org.eclipse.lsp4j.jsonrpc.RemoteEndpoint.consume(RemoteEndpoint.java:198)
	at org.eclipse.lsp4j.jsonrpc.json.StreamMessageProducer.handleMessage(StreamMessageProducer.java:185)
	at org.eclipse.lsp4j.jsonrpc.json.StreamMessageProducer.listen(StreamMessageProducer.java:97)
	at org.eclipse.lsp4j.jsonrpc.json.ConcurrentMessageProcessor.run(ConcurrentMessageProcessor.java:114)
	at java.base/java.util.concurrent.Executors$RunnableAdapter.call(Executors.java:539)
	at java.base/java.util.concurrent.FutureTask.run(FutureTask.java:264)
	at java.base/java.util.concurrent.ThreadPoolExecutor.runWorker(ThreadPoolExecutor.java:1136)
	at java.base/java.util.concurrent.ThreadPoolExecutor$Worker.run(ThreadPoolExecutor.java:635)
	at java.base/java.lang.Thread.run(Thread.java:840)

2025.12.11 04:55:32 INFO  Started: Metals version 1.6.4 in folders '/root/onnx_spinal_project_new' for client Visual Studio Code 1.106.3.
2025.12.11 04:55:36 WARN  Using H2 2.4.240 which is newer than the version Flyway has been verified with. The latest verified version of H2 is 2.3.232.
2025.12.11 04:55:36 INFO  no build target found for /root/onnx_spinal_project_new/hw/spinal/Tiling/Slicer.scala. Using presentation compiler with project's scala-library version: 3.3.6
2025.12.11 04:55:36 INFO  Attempting to connect to the build server...
2025.12.11 04:55:36 INFO  No running Bloop server found, starting one.
2025.12.11 04:55:37 INFO  Starting compilation server
2025.12.11 04:55:37 INFO  no build target found for /root/onnx_spinal_project_new/hw/spinal/Tiling/Slicer.scala. Using presentation compiler with project's scala-library version: 3.3.6
Dec 11, 2025 4:55:38 AM org.eclipse.lsp4j.jsonrpc.RemoteEndpoint handleCancellation
WARNING: Unmatched cancel notification for request id 2
2025.12.11 04:55:38 INFO  no build target found for /root/onnx_spinal_project_new/hw/spinal/Tiling/Slicer.scala. Using presentation compiler with project's scala-library version: 3.3.6
2025.12.11 04:55:38 INFO  no build target found for /root/onnx_spinal_project_new/hw/spinal/Tiling/Slicer.scala. Using presentation compiler with project's scala-library version: 3.3.6
2025.12.11 04:55:38 INFO  no build target found for /root/onnx_spinal_project_new/hw/spinal/Tiling/Slicer.scala. Using presentation compiler with project's scala-library version: 3.3.6
Dec 11, 2025 4:55:38 AM org.eclipse.lsp4j.jsonrpc.RemoteEndpoint handleCancellation
WARNING: Unmatched cancel notification for request id 8
Dec 11, 2025 4:55:38 AM org.eclipse.lsp4j.jsonrpc.RemoteEndpoint handleCancellation
WARNING: Unmatched cancel notification for request id 9
2025.12.11 04:55:38 INFO  no build target found for /root/onnx_spinal_project_new/hw/spinal/Tiling/Slicer.scala. Using presentation compiler with project's scala-library version: 3.3.6
2025.12.11 04:55:38 INFO  no build target found for /root/onnx_spinal_project_new/hw/spinal/Tiling/Slicer.scala. Using presentation compiler with project's scala-library version: 3.3.6
2025.12.11 04:55:39 INFO  tracing is disabled for protocol BSP, to enable tracing of incoming and outgoing JSON messages create an empty file at /root/onnx_spinal_project_new/.metals/bsp.trace.json or /root/.cache/metals/bsp.trace.json
2025.12.11 04:55:40 INFO  Attempting to connect to the build server...
2025.12.11 04:55:40 INFO  Found a Bloop server running
2025.12.11 04:55:40 INFO  Attempting to connect to the build server...
2025.12.11 04:55:40 INFO  Found a Bloop server running
2025.12.11 04:55:40 INFO  tracing is disabled for protocol BSP, to enable tracing of incoming and outgoing JSON messages create an empty file at /root/onnx_spinal_project_new/project/project/.metals/bsp.trace.json or /root/.cache/metals/bsp.trace.json
2025.12.11 04:55:40 INFO  tracing is disabled for protocol BSP, to enable tracing of incoming and outgoing JSON messages create an empty file at /root/onnx_spinal_project_new/project/.metals/bsp.trace.json or /root/.cache/metals/bsp.trace.json
2025.12.11 04:55:43 INFO  time: Connected to build server in 6.81s
2025.12.11 04:55:43 INFO  Connected to Build server: Bloop v2.0.17
2025.12.11 04:55:43 INFO  time: Imported build in 0.13s
2025.12.11 04:55:43 WARN  2.12.15 is no longer supported in the current Metals versions, using the last known supported version 1.3.3
2025.12.11 04:55:43 WARN  2.13.14 is no longer supported in the current Metals versions, using the last known supported version 1.6.3
2025.12.11 04:55:45 INFO  QDox parse error in file:///root/onnx_spinal_project_new/sw/java/test/java/org/forwarder/backend/impls/dl4j/opsets/aiOnnx/v13/ops/DL4JCastV13Test.java (full report at: "/root/onnx_spinal_project_new/.metals/.reports/metals-full/2025-12-01/r_qdox-error_(Onnx_5fSpinalHDL-test)_13-08-59-057.md")
2025.12.11 04:55:47 WARN  Could not find java sources in /usr/lib/jvm/src.zip, /usr/lib/jvm/lib/src.zip, /usr/lib/jvm/java-17-openjdk/src.zip, /usr/lib/jvm/java-17-openjdk/lib/src.zip, /usr/lib/jvm/src.zip, /usr/lib/jvm/lib/src.zip, /usr/lib/jvm/java-17-openjdk-17.0.14.0.7-2.el9.x86_64/src.zip, /usr/lib/jvm/java-17-openjdk-17.0.14.0.7-2.el9.x86_64/lib/src.zip. Java symbols will not be available.
2025.12.11 04:55:49 INFO  time: indexed workspace in 5.97s
2025.12.11 04:55:51 INFO  compiling onnx_spinalhdl (5 scala sources)
2025.12.11 04:55:54 INFO  time: compiled Onnx_SpinalHDL in 3.71s
Dec 11, 2025 4:57:10 AM org.eclipse.lsp4j.jsonrpc.RemoteEndpoint handleNotification
WARNING: Notification threw an exception: {
  "jsonrpc": "2.0",
  "method": "metals/didFocusTextDocument",
  "params": [
    "vscode-local:/c%3A/accelerator_projects/hw_spinal/validation/wrapper/Slicer.scala"
  ]
}
java.nio.file.FileSystemNotFoundException: Provider "vscode-local" not installed
	at java.base/java.nio.file.Path.of(Path.java:212)
	at java.base/java.nio.file.Paths.get(Paths.java:98)
	at scala.meta.internal.mtags.MtagsEnrichments$XtensionURIMtags.toAbsolutePath(MtagsEnrichments.scala:149)
	at scala.meta.internal.mtags.MtagsEnrichments$XtensionStringMtags.toAbsolutePath(MtagsEnrichments.scala:209)
	at scala.meta.internal.metals.MetalsEnrichments$XtensionString.toAbsolutePath(MetalsEnrichments.scala:778)
	at scala.meta.internal.metals.MetalsEnrichments$XtensionString.toAbsolutePath(MetalsEnrichments.scala:775)
	at scala.meta.internal.metals.WorkspaceLspService.didFocus(WorkspaceLspService.scala:789)
	at scala.meta.metals.lsp.DelegatingScalaService.didFocus(DelegatingScalaService.scala:42)
	at java.base/jdk.internal.reflect.NativeMethodAccessorImpl.invoke0(Native Method)
	at java.base/jdk.internal.reflect.NativeMethodAccessorImpl.invoke(NativeMethodAccessorImpl.java:77)
	at java.base/jdk.internal.reflect.DelegatingMethodAccessorImpl.invoke(DelegatingMethodAccessorImpl.java:43)
	at java.base/java.lang.reflect.Method.invoke(Method.java:569)
	at org.eclipse.lsp4j.jsonrpc.services.GenericEndpoint.lambda$recursiveFindRpcMethods$0(GenericEndpoint.java:65)
	at org.eclipse.lsp4j.jsonrpc.services.GenericEndpoint.notify(GenericEndpoint.java:160)
	at org.eclipse.lsp4j.jsonrpc.RemoteEndpoint.handleNotification(RemoteEndpoint.java:231)
	at org.eclipse.lsp4j.jsonrpc.RemoteEndpoint.consume(RemoteEndpoint.java:198)
	at org.eclipse.lsp4j.jsonrpc.json.StreamMessageProducer.handleMessage(StreamMessageProducer.java:185)
	at org.eclipse.lsp4j.jsonrpc.json.StreamMessageProducer.listen(StreamMessageProducer.java:97)
	at org.eclipse.lsp4j.jsonrpc.json.ConcurrentMessageProcessor.run(ConcurrentMessageProcessor.java:114)
	at java.base/java.util.concurrent.Executors$RunnableAdapter.call(Executors.java:539)
	at java.base/java.util.concurrent.FutureTask.run(FutureTask.java:264)
	at java.base/java.util.concurrent.ThreadPoolExecutor.runWorker(ThreadPoolExecutor.java:1136)
	at java.base/java.util.concurrent.ThreadPoolExecutor$Worker.run(ThreadPoolExecutor.java:635)
	at java.base/java.lang.Thread.run(Thread.java:840)

Dec 11, 2025 4:57:19 AM org.eclipse.lsp4j.jsonrpc.RemoteEndpoint handleNotification
WARNING: Notification threw an exception: {
  "jsonrpc": "2.0",
  "method": "metals/didFocusTextDocument",
  "params": [
    "vscode-local:/c%3A/accelerator_projects/hw_spinal/validation/wrapper/Collector.scala"
  ]
}
java.nio.file.FileSystemNotFoundException: Provider "vscode-local" not installed
	at java.base/java.nio.file.Path.of(Path.java:212)
	at java.base/java.nio.file.Paths.get(Paths.java:98)
	at scala.meta.internal.mtags.MtagsEnrichments$XtensionURIMtags.toAbsolutePath(MtagsEnrichments.scala:149)
	at scala.meta.internal.mtags.MtagsEnrichments$XtensionStringMtags.toAbsolutePath(MtagsEnrichments.scala:209)
	at scala.meta.internal.metals.MetalsEnrichments$XtensionString.toAbsolutePath(MetalsEnrichments.scala:778)
	at scala.meta.internal.metals.MetalsEnrichments$XtensionString.toAbsolutePath(MetalsEnrichments.scala:775)
	at scala.meta.internal.metals.WorkspaceLspService.didFocus(WorkspaceLspService.scala:789)
	at scala.meta.metals.lsp.DelegatingScalaService.didFocus(DelegatingScalaService.scala:42)
	at java.base/jdk.internal.reflect.NativeMethodAccessorImpl.invoke0(Native Method)
	at java.base/jdk.internal.reflect.NativeMethodAccessorImpl.invoke(NativeMethodAccessorImpl.java:77)
	at java.base/jdk.internal.reflect.DelegatingMethodAccessorImpl.invoke(DelegatingMethodAccessorImpl.java:43)
	at java.base/java.lang.reflect.Method.invoke(Method.java:569)
	at org.eclipse.lsp4j.jsonrpc.services.GenericEndpoint.lambda$recursiveFindRpcMethods$0(GenericEndpoint.java:65)
	at org.eclipse.lsp4j.jsonrpc.services.GenericEndpoint.notify(GenericEndpoint.java:160)
	at org.eclipse.lsp4j.jsonrpc.RemoteEndpoint.handleNotification(RemoteEndpoint.java:231)
	at org.eclipse.lsp4j.jsonrpc.RemoteEndpoint.consume(RemoteEndpoint.java:198)
	at org.eclipse.lsp4j.jsonrpc.json.StreamMessageProducer.handleMessage(StreamMessageProducer.java:185)
	at org.eclipse.lsp4j.jsonrpc.json.StreamMessageProducer.listen(StreamMessageProducer.java:97)
	at org.eclipse.lsp4j.jsonrpc.json.ConcurrentMessageProcessor.run(ConcurrentMessageProcessor.java:114)
	at java.base/java.util.concurrent.Executors$RunnableAdapter.call(Executors.java:539)
	at java.base/java.util.concurrent.FutureTask.run(FutureTask.java:264)
	at java.base/java.util.concurrent.ThreadPoolExecutor.runWorker(ThreadPoolExecutor.java:1136)
	at java.base/java.util.concurrent.ThreadPoolExecutor$Worker.run(ThreadPoolExecutor.java:635)
	at java.base/java.lang.Thread.run(Thread.java:840)

Dec 11, 2025 4:57:32 AM org.eclipse.lsp4j.jsonrpc.RemoteEndpoint handleNotification
WARNING: Notification threw an exception: {
  "jsonrpc": "2.0",
  "method": "metals/didFocusTextDocument",
  "params": [
    "vscode-local:/c%3A/accelerator_projects/hw_spinal/validation/wrapper/Accelerator.scala"
  ]
}
java.nio.file.FileSystemNotFoundException: Provider "vscode-local" not installed
	at java.base/java.nio.file.Path.of(Path.java:212)
	at java.base/java.nio.file.Paths.get(Paths.java:98)
	at scala.meta.internal.mtags.MtagsEnrichments$XtensionURIMtags.toAbsolutePath(MtagsEnrichments.scala:149)
	at scala.meta.internal.mtags.MtagsEnrichments$XtensionStringMtags.toAbsolutePath(MtagsEnrichments.scala:209)
	at scala.meta.internal.metals.MetalsEnrichments$XtensionString.toAbsolutePath(MetalsEnrichments.scala:778)
	at scala.meta.internal.metals.MetalsEnrichments$XtensionString.toAbsolutePath(MetalsEnrichments.scala:775)
	at scala.meta.internal.metals.WorkspaceLspService.didFocus(WorkspaceLspService.scala:789)
	at scala.meta.metals.lsp.DelegatingScalaService.didFocus(DelegatingScalaService.scala:42)
	at java.base/jdk.internal.reflect.NativeMethodAccessorImpl.invoke0(Native Method)
	at java.base/jdk.internal.reflect.NativeMethodAccessorImpl.invoke(NativeMethodAccessorImpl.java:77)
	at java.base/jdk.internal.reflect.DelegatingMethodAccessorImpl.invoke(DelegatingMethodAccessorImpl.java:43)
	at java.base/java.lang.reflect.Method.invoke(Method.java:569)
	at org.eclipse.lsp4j.jsonrpc.services.GenericEndpoint.lambda$recursiveFindRpcMethods$0(GenericEndpoint.java:65)
	at org.eclipse.lsp4j.jsonrpc.services.GenericEndpoint.notify(GenericEndpoint.java:160)
	at org.eclipse.lsp4j.jsonrpc.RemoteEndpoint.handleNotification(RemoteEndpoint.java:231)
	at org.eclipse.lsp4j.jsonrpc.RemoteEndpoint.consume(RemoteEndpoint.java:198)
	at org.eclipse.lsp4j.jsonrpc.json.StreamMessageProducer.handleMessage(StreamMessageProducer.java:185)
	at org.eclipse.lsp4j.jsonrpc.json.StreamMessageProducer.listen(StreamMessageProducer.java:97)
	at org.eclipse.lsp4j.jsonrpc.json.ConcurrentMessageProcessor.run(ConcurrentMessageProcessor.java:114)
	at java.base/java.util.concurrent.Executors$RunnableAdapter.call(Executors.java:539)
	at java.base/java.util.concurrent.FutureTask.run(FutureTask.java:264)
	at java.base/java.util.concurrent.ThreadPoolExecutor.runWorker(ThreadPoolExecutor.java:1136)
	at java.base/java.util.concurrent.ThreadPoolExecutor$Worker.run(ThreadPoolExecutor.java:635)
	at java.base/java.lang.Thread.run(Thread.java:840)

Dec 11, 2025 5:19:53 AM org.eclipse.lsp4j.jsonrpc.RemoteEndpoint handleNotification
WARNING: Notification threw an exception: {
  "jsonrpc": "2.0",
  "method": "metals/didFocusTextDocument",
  "params": [
    "vscode-local:/c%3A/accelerator_projects/hw_spinal/validation/hw/Slicer.scala"
  ]
}
java.nio.file.FileSystemNotFoundException: Provider "vscode-local" not installed
	at java.base/java.nio.file.Path.of(Path.java:212)
	at java.base/java.nio.file.Paths.get(Paths.java:98)
	at scala.meta.internal.mtags.MtagsEnrichments$XtensionURIMtags.toAbsolutePath(MtagsEnrichments.scala:149)
	at scala.meta.internal.mtags.MtagsEnrichments$XtensionStringMtags.toAbsolutePath(MtagsEnrichments.scala:209)
	at scala.meta.internal.metals.MetalsEnrichments$XtensionString.toAbsolutePath(MetalsEnrichments.scala:778)
	at scala.meta.internal.metals.MetalsEnrichments$XtensionString.toAbsolutePath(MetalsEnrichments.scala:775)
	at scala.meta.internal.metals.WorkspaceLspService.didFocus(WorkspaceLspService.scala:789)
	at scala.meta.metals.lsp.DelegatingScalaService.didFocus(DelegatingScalaService.scala:42)
	at java.base/jdk.internal.reflect.NativeMethodAccessorImpl.invoke0(Native Method)
	at java.base/jdk.internal.reflect.NativeMethodAccessorImpl.invoke(NativeMethodAccessorImpl.java:77)
	at java.base/jdk.internal.reflect.DelegatingMethodAccessorImpl.invoke(DelegatingMethodAccessorImpl.java:43)
	at java.base/java.lang.reflect.Method.invoke(Method.java:569)
	at org.eclipse.lsp4j.jsonrpc.services.GenericEndpoint.lambda$recursiveFindRpcMethods$0(GenericEndpoint.java:65)
	at org.eclipse.lsp4j.jsonrpc.services.GenericEndpoint.notify(GenericEndpoint.java:160)
	at org.eclipse.lsp4j.jsonrpc.RemoteEndpoint.handleNotification(RemoteEndpoint.java:231)
	at org.eclipse.lsp4j.jsonrpc.RemoteEndpoint.consume(RemoteEndpoint.java:198)
	at org.eclipse.lsp4j.jsonrpc.json.StreamMessageProducer.handleMessage(StreamMessageProducer.java:185)
	at org.eclipse.lsp4j.jsonrpc.json.StreamMessageProducer.listen(StreamMessageProducer.java:97)
	at org.eclipse.lsp4j.jsonrpc.json.ConcurrentMessageProcessor.run(ConcurrentMessageProcessor.java:114)
	at java.base/java.util.concurrent.Executors$RunnableAdapter.call(Executors.java:539)
	at java.base/java.util.concurrent.FutureTask.run(FutureTask.java:264)
	at java.base/java.util.concurrent.ThreadPoolExecutor.runWorker(ThreadPoolExecutor.java:1136)
	at java.base/java.util.concurrent.ThreadPoolExecutor$Worker.run(ThreadPoolExecutor.java:635)
	at java.base/java.lang.Thread.run(Thread.java:840)

2025.12.11 05:20:54 INFO  running '/root/.local/share/coursier/bin/sbt -Dbloop.export-jar-classifiers=sources bloopInstall'
2025.12.11 05:20:56 INFO  [info] welcome to sbt 1.6.0 (Red Hat, Inc. Java 17.0.14)
2025.12.11 05:20:56 INFO  [info] loading settings for project onnx_spinal_project_new-build-build-build from metals.sbt ...
2025.12.11 05:20:57 INFO  [info] loading project definition from /root/onnx_spinal_project_new/project/project/project
2025.12.11 05:20:57 INFO  [info] loading settings for project onnx_spinal_project_new-build-build from metals.sbt ...
2025.12.11 05:20:57 INFO  [info] loading project definition from /root/onnx_spinal_project_new/project/project
2025.12.11 05:20:59 INFO  [success] Generated .bloop/onnx_spinal_project_new-build-build.json
2025.12.11 05:20:59 INFO  [success] Total time: 2 s, completed Dec 11, 2025, 5:20:59 AM
2025.12.11 05:20:59 INFO  [info] loading settings for project onnx_spinal_project_new-build from metals.sbt,plugins.sbt ...
2025.12.11 05:20:59 INFO  [info] loading project definition from /root/onnx_spinal_project_new/project
2025.12.11 05:20:59 INFO  [success] Generated .bloop/onnx_spinal_project_new-build.json
2025.12.11 05:20:59 INFO  [success] Total time: 0 s, completed Dec 11, 2025, 5:21:00 AM
2025.12.11 05:20:59 INFO  [info] loading settings for project Onnx_SpinalHDL from build.sbt ...
2025.12.11 05:21:00 INFO  [info] set current project to Onnx_SpinalHDL (in build file:/root/onnx_spinal_project_new/)
2025.12.11 05:21:00 INFO  [success] Generated .bloop/Onnx_SpinalHDL-test.json
2025.12.11 05:21:00 INFO  [success] Generated .bloop/Onnx_SpinalHDL.json
2025.12.11 05:21:00 INFO  [success] Total time: 0 s, completed Dec 11, 2025, 5:21:01 AM
2025.12.11 05:21:01 INFO  time: ran 'sbt bloopInstall' in 6.87s
2025.12.11 05:21:01 INFO  Disconnecting from Bloop session...
2025.12.11 05:21:01 INFO  Shut down connection with build server.
2025.12.11 05:21:01 INFO  Shut down connection with build server.
2025.12.11 05:21:01 INFO  Shut down connection with build server.
2025.12.11 05:21:01 INFO  Attempting to connect to the build server...
2025.12.11 05:21:01 INFO  Found a Bloop server running
2025.12.11 05:21:01 INFO  tracing is disabled for protocol BSP, to enable tracing of incoming and outgoing JSON messages create an empty file at /root/onnx_spinal_project_new/.metals/bsp.trace.json or /root/.cache/metals/bsp.trace.json
2025.12.11 05:21:01 INFO  Attempting to connect to the build server...
2025.12.11 05:21:01 INFO  Found a Bloop server running
2025.12.11 05:21:01 INFO  Attempting to connect to the build server...
2025.12.11 05:21:01 INFO  Found a Bloop server running
2025.12.11 05:21:01 INFO  tracing is disabled for protocol BSP, to enable tracing of incoming and outgoing JSON messages create an empty file at /root/onnx_spinal_project_new/project/project/.metals/bsp.trace.json or /root/.cache/metals/bsp.trace.json
2025.12.11 05:21:01 INFO  tracing is disabled for protocol BSP, to enable tracing of incoming and outgoing JSON messages create an empty file at /root/onnx_spinal_project_new/project/.metals/bsp.trace.json or /root/.cache/metals/bsp.trace.json
2025.12.11 05:21:01 INFO  time: Connected to build server in 0.25s
2025.12.11 05:21:01 INFO  Connected to Build server: Bloop v2.0.17
2025.12.11 05:21:04 INFO  QDox parse error in file:///root/onnx_spinal_project_new/sw/java/test/java/org/forwarder/backend/impls/dl4j/opsets/aiOnnx/v13/ops/DL4JCastV13Test.java (full report at: "/root/onnx_spinal_project_new/.metals/.reports/metals-full/2025-12-01/r_qdox-error_(Onnx_5fSpinalHDL-test)_13-08-59-057.md")
2025.12.11 05:21:04 WARN  Could not find java sources in /usr/lib/jvm/src.zip, /usr/lib/jvm/lib/src.zip, /usr/lib/jvm/java-17-openjdk/src.zip, /usr/lib/jvm/java-17-openjdk/lib/src.zip, /usr/lib/jvm/src.zip, /usr/lib/jvm/lib/src.zip, /usr/lib/jvm/java-17-openjdk-17.0.14.0.7-2.el9.x86_64/src.zip, /usr/lib/jvm/java-17-openjdk-17.0.14.0.7-2.el9.x86_64/lib/src.zip. Java symbols will not be available.
2025.12.11 05:21:04 INFO  time: indexed workspace in 2.89s
2025.12.11 05:21:05 INFO  compiling onnx_spinalhdl (5 scala sources)
2025.12.11 05:21:06 INFO  time: compiled Onnx_SpinalHDL in 1.67s
2025.12.11 05:21:15 WARN  Could not load snapshot text for /root/onnx_spinal_project_new/hw/spinal/WrapForFPGA/Accelerator_FPGA.scala
2025.12.11 05:22:07 INFO  running '/root/.local/share/coursier/bin/sbt -Dbloop.export-jar-classifiers=sources bloopInstall'
2025.12.11 05:22:08 INFO  [info] welcome to sbt 1.6.0 (Red Hat, Inc. Java 17.0.14)
2025.12.11 05:22:08 INFO  [info] loading settings for project onnx_spinal_project_new-build-build-build from metals.sbt ...
2025.12.11 05:22:09 INFO  [info] loading project definition from /root/onnx_spinal_project_new/project/project/project
2025.12.11 05:22:09 INFO  [info] loading settings for project onnx_spinal_project_new-build-build from metals.sbt ...
2025.12.11 05:22:09 INFO  [info] loading project definition from /root/onnx_spinal_project_new/project/project
2025.12.11 05:22:11 INFO  [success] Generated .bloop/onnx_spinal_project_new-build-build.json
2025.12.11 05:22:11 INFO  [success] Total time: 1 s, completed Dec 11, 2025, 5:22:11 AM
2025.12.11 05:22:11 INFO  [info] loading settings for project onnx_spinal_project_new-build from metals.sbt,plugins.sbt ...
2025.12.11 05:22:11 INFO  [info] loading project definition from /root/onnx_spinal_project_new/project
2025.12.11 05:22:11 INFO  [success] Generated .bloop/onnx_spinal_project_new-build.json
2025.12.11 05:22:11 INFO  [success] Total time: 0 s, completed Dec 11, 2025, 5:22:12 AM
2025.12.11 05:22:12 INFO  [info] loading settings for project Onnx_SpinalHDL from build.sbt ...
2025.12.11 05:22:12 INFO  [info] set current project to Onnx_SpinalHDL (in build file:/root/onnx_spinal_project_new/)
2025.12.11 05:22:12 INFO  [success] Generated .bloop/Onnx_SpinalHDL.json
2025.12.11 05:22:12 INFO  [success] Generated .bloop/Onnx_SpinalHDL-test.json
2025.12.11 05:22:12 INFO  [success] Total time: 0 s, completed Dec 11, 2025, 5:22:13 AM
2025.12.11 05:22:13 INFO  time: ran 'sbt bloopInstall' in 6.05s
2025.12.11 05:22:13 INFO  Disconnecting from Bloop session...
2025.12.11 05:22:13 INFO  Shut down connection with build server.
2025.12.11 05:22:13 INFO  Shut down connection with build server.
2025.12.11 05:22:13 INFO  Shut down connection with build server.
2025.12.11 05:22:13 INFO  Attempting to connect to the build server...
2025.12.11 05:22:13 INFO  Found a Bloop server running
2025.12.11 05:22:13 INFO  tracing is disabled for protocol BSP, to enable tracing of incoming and outgoing JSON messages create an empty file at /root/onnx_spinal_project_new/.metals/bsp.trace.json or /root/.cache/metals/bsp.trace.json
2025.12.11 05:22:13 INFO  Attempting to connect to the build server...
2025.12.11 05:22:13 INFO  Found a Bloop server running
2025.12.11 05:22:13 INFO  Attempting to connect to the build server...
2025.12.11 05:22:13 INFO  Found a Bloop server running
2025.12.11 05:22:13 INFO  tracing is disabled for protocol BSP, to enable tracing of incoming and outgoing JSON messages create an empty file at /root/onnx_spinal_project_new/project/project/.metals/bsp.trace.json or /root/.cache/metals/bsp.trace.json
2025.12.11 05:22:13 INFO  tracing is disabled for protocol BSP, to enable tracing of incoming and outgoing JSON messages create an empty file at /root/onnx_spinal_project_new/project/.metals/bsp.trace.json or /root/.cache/metals/bsp.trace.json
2025.12.11 05:22:13 INFO  time: Connected to build server in 0.22s
2025.12.11 05:22:13 INFO  Connected to Build server: Bloop v2.0.17
2025.12.11 05:22:15 INFO  QDox parse error in file:///root/onnx_spinal_project_new/sw/java/test/java/org/forwarder/backend/impls/dl4j/opsets/aiOnnx/v13/ops/DL4JCastV13Test.java (full report at: "/root/onnx_spinal_project_new/.metals/.reports/metals-full/2025-12-01/r_qdox-error_(Onnx_5fSpinalHDL-test)_13-08-59-057.md")
2025.12.11 05:22:16 WARN  Could not find java sources in /usr/lib/jvm/src.zip, /usr/lib/jvm/lib/src.zip, /usr/lib/jvm/java-17-openjdk/src.zip, /usr/lib/jvm/java-17-openjdk/lib/src.zip, /usr/lib/jvm/src.zip, /usr/lib/jvm/lib/src.zip, /usr/lib/jvm/java-17-openjdk-17.0.14.0.7-2.el9.x86_64/src.zip, /usr/lib/jvm/java-17-openjdk-17.0.14.0.7-2.el9.x86_64/lib/src.zip. Java symbols will not be available.
2025.12.11 05:22:16 INFO  time: indexed workspace in 2.59s
2025.12.11 05:22:16 INFO  compiling onnx_spinalhdl (4 scala sources)
2025.12.11 05:22:20 WARN  1 deprecation (since 2.13.3); re-run with -deprecation for details
2025.12.11 05:22:20 WARN  Invalid text document uri received from build server: file:///root/onnx_spinal_project_new/hw/spinal/WrapForFPGA/Accelerator_FPGA.scala
2025.12.11 05:22:20 INFO  time: compiled Onnx_SpinalHDL in 4.21s
2025.12.11 05:22:20 INFO  compiling onnx_spinalhdl (3 scala sources)
2025.12.11 05:22:22 WARN  Invalid text document uri received from build server: file:///root/onnx_spinal_project_new/hw/spinal/WrapForFPGA/Accelerator_FPGA.scala
2025.12.11 05:22:22 INFO  time: compiled Onnx_SpinalHDL in 2.35s
Dec 11, 2025 5:22:35 AM org.eclipse.lsp4j.jsonrpc.services.GenericEndpoint notify
INFO: Unsupported notification method: $/setTrace
Dec 11, 2025 5:39:11 AM org.eclipse.lsp4j.jsonrpc.RemoteEndpoint handleNotification
WARNING: Notification threw an exception: {
  "jsonrpc": "2.0",
  "method": "metals/didFocusTextDocument",
  "params": [
    "vscode-local:/c%3A/accelerator_projects/hw_spinal/validation/wrapper/Slicer.scala"
  ]
}
java.nio.file.FileSystemNotFoundException: Provider "vscode-local" not installed
	at java.base/java.nio.file.Path.of(Path.java:212)
	at java.base/java.nio.file.Paths.get(Paths.java:98)
	at scala.meta.internal.mtags.MtagsEnrichments$XtensionURIMtags.toAbsolutePath(MtagsEnrichments.scala:149)
	at scala.meta.internal.mtags.MtagsEnrichments$XtensionStringMtags.toAbsolutePath(MtagsEnrichments.scala:209)
	at scala.meta.internal.metals.MetalsEnrichments$XtensionString.toAbsolutePath(MetalsEnrichments.scala:778)
	at scala.meta.internal.metals.MetalsEnrichments$XtensionString.toAbsolutePath(MetalsEnrichments.scala:775)
	at scala.meta.internal.metals.WorkspaceLspService.didFocus(WorkspaceLspService.scala:789)
	at scala.meta.metals.lsp.DelegatingScalaService.didFocus(DelegatingScalaService.scala:42)
	at java.base/jdk.internal.reflect.NativeMethodAccessorImpl.invoke0(Native Method)
	at java.base/jdk.internal.reflect.NativeMethodAccessorImpl.invoke(NativeMethodAccessorImpl.java:77)
	at java.base/jdk.internal.reflect.DelegatingMethodAccessorImpl.invoke(DelegatingMethodAccessorImpl.java:43)
	at java.base/java.lang.reflect.Method.invoke(Method.java:569)
	at org.eclipse.lsp4j.jsonrpc.services.GenericEndpoint.lambda$recursiveFindRpcMethods$0(GenericEndpoint.java:65)
	at org.eclipse.lsp4j.jsonrpc.services.GenericEndpoint.notify(GenericEndpoint.java:160)
	at org.eclipse.lsp4j.jsonrpc.RemoteEndpoint.handleNotification(RemoteEndpoint.java:231)
	at org.eclipse.lsp4j.jsonrpc.RemoteEndpoint.consume(RemoteEndpoint.java:198)
	at org.eclipse.lsp4j.jsonrpc.json.StreamMessageProducer.handleMessage(StreamMessageProducer.java:185)
	at org.eclipse.lsp4j.jsonrpc.json.StreamMessageProducer.listen(StreamMessageProducer.java:97)
	at org.eclipse.lsp4j.jsonrpc.json.ConcurrentMessageProcessor.run(ConcurrentMessageProcessor.java:114)
	at java.base/java.util.concurrent.Executors$RunnableAdapter.call(Executors.java:539)
	at java.base/java.util.concurrent.FutureTask.run(FutureTask.java:264)
	at java.base/java.util.concurrent.ThreadPoolExecutor.runWorker(ThreadPoolExecutor.java:1136)
	at java.base/java.util.concurrent.ThreadPoolExecutor$Worker.run(ThreadPoolExecutor.java:635)
	at java.base/java.lang.Thread.run(Thread.java:840)

Dec 11, 2025 5:49:27 AM org.eclipse.lsp4j.jsonrpc.RemoteEndpoint handleNotification
WARNING: Notification threw an exception: {
  "jsonrpc": "2.0",
  "method": "metals/didFocusTextDocument",
  "params": [
    "vscode-local:/c%3A/accelerator_projects/hw_spinal/validation/wrapper/MatrixCache.scala"
  ]
}
java.nio.file.FileSystemNotFoundException: Provider "vscode-local" not installed
	at java.base/java.nio.file.Path.of(Path.java:212)
	at java.base/java.nio.file.Paths.get(Paths.java:98)
	at scala.meta.internal.mtags.MtagsEnrichments$XtensionURIMtags.toAbsolutePath(MtagsEnrichments.scala:149)
	at scala.meta.internal.mtags.MtagsEnrichments$XtensionStringMtags.toAbsolutePath(MtagsEnrichments.scala:209)
	at scala.meta.internal.metals.MetalsEnrichments$XtensionString.toAbsolutePath(MetalsEnrichments.scala:778)
	at scala.meta.internal.metals.MetalsEnrichments$XtensionString.toAbsolutePath(MetalsEnrichments.scala:775)
	at scala.meta.internal.metals.WorkspaceLspService.didFocus(WorkspaceLspService.scala:789)
	at scala.meta.metals.lsp.DelegatingScalaService.didFocus(DelegatingScalaService.scala:42)
	at java.base/jdk.internal.reflect.NativeMethodAccessorImpl.invoke0(Native Method)
	at java.base/jdk.internal.reflect.NativeMethodAccessorImpl.invoke(NativeMethodAccessorImpl.java:77)
	at java.base/jdk.internal.reflect.DelegatingMethodAccessorImpl.invoke(DelegatingMethodAccessorImpl.java:43)
	at java.base/java.lang.reflect.Method.invoke(Method.java:569)
	at org.eclipse.lsp4j.jsonrpc.services.GenericEndpoint.lambda$recursiveFindRpcMethods$0(GenericEndpoint.java:65)
	at org.eclipse.lsp4j.jsonrpc.services.GenericEndpoint.notify(GenericEndpoint.java:160)
	at org.eclipse.lsp4j.jsonrpc.RemoteEndpoint.handleNotification(RemoteEndpoint.java:231)
	at org.eclipse.lsp4j.jsonrpc.RemoteEndpoint.consume(RemoteEndpoint.java:198)
	at org.eclipse.lsp4j.jsonrpc.json.StreamMessageProducer.handleMessage(StreamMessageProducer.java:185)
	at org.eclipse.lsp4j.jsonrpc.json.StreamMessageProducer.listen(StreamMessageProducer.java:97)
	at org.eclipse.lsp4j.jsonrpc.json.ConcurrentMessageProcessor.run(ConcurrentMessageProcessor.java:114)
	at java.base/java.util.concurrent.Executors$RunnableAdapter.call(Executors.java:539)
	at java.base/java.util.concurrent.FutureTask.run(FutureTask.java:264)
	at java.base/java.util.concurrent.ThreadPoolExecutor.runWorker(ThreadPoolExecutor.java:1136)
	at java.base/java.util.concurrent.ThreadPoolExecutor$Worker.run(ThreadPoolExecutor.java:635)
	at java.base/java.lang.Thread.run(Thread.java:840)

Dec 11, 2025 6:13:48 AM org.eclipse.lsp4j.jsonrpc.services.GenericEndpoint notify
INFO: Unsupported notification method: $/setTrace
2025.12.11 06:23:33 INFO  compiling onnx_spinalhdl (10 scala sources)
2025.12.11 06:23:35 WARN  Invalid text document uri received from build server: file:///root/onnx_spinal_project_new/hw/spinal/WrapForFPGA/tb_Axi4NarrowWeaver.scala
2025.12.11 06:23:35 INFO  time: compiled Onnx_SpinalHDL in 1.56s
2025.12.11 06:23:35 INFO  compiling onnx_spinalhdl (10 scala sources)
2025.12.11 06:23:35 INFO  time: compiled Onnx_SpinalHDL in 0.72s
2025.12.11 06:25:52 INFO  running '/root/.local/share/coursier/bin/sbt -Dbloop.export-jar-classifiers=sources bloopInstall'
2025.12.11 06:25:53 INFO  [info] welcome to sbt 1.6.0 (Red Hat, Inc. Java 17.0.14)
2025.12.11 06:25:53 INFO  [info] loading settings for project onnx_spinal_project_new-build-build-build from metals.sbt ...
2025.12.11 06:25:54 INFO  [info] loading project definition from /root/onnx_spinal_project_new/project/project/project
2025.12.11 06:25:54 INFO  [info] loading settings for project onnx_spinal_project_new-build-build from metals.sbt ...
2025.12.11 06:25:54 INFO  [info] loading project definition from /root/onnx_spinal_project_new/project/project
2025.12.11 06:25:56 INFO  [success] Generated .bloop/onnx_spinal_project_new-build-build.json
2025.12.11 06:25:56 INFO  [success] Total time: 1 s, completed Dec 11, 2025, 6:25:56 AM
2025.12.11 06:25:56 INFO  [info] loading settings for project onnx_spinal_project_new-build from metals.sbt,plugins.sbt ...
2025.12.11 06:25:56 INFO  [info] loading project definition from /root/onnx_spinal_project_new/project
2025.12.11 06:25:56 INFO  [success] Generated .bloop/onnx_spinal_project_new-build.json
2025.12.11 06:25:56 INFO  [success] Total time: 0 s, completed Dec 11, 2025, 6:25:57 AM
2025.12.11 06:25:56 INFO  [info] loading settings for project Onnx_SpinalHDL from build.sbt ...
2025.12.11 06:25:56 INFO  [info] set current project to Onnx_SpinalHDL (in build file:/root/onnx_spinal_project_new/)
2025.12.11 06:25:58 INFO  [success] Generated .bloop/Onnx_SpinalHDL.json
2025.12.11 06:25:58 INFO  [success] Generated .bloop/Onnx_SpinalHDL-test.json
2025.12.11 06:25:58 INFO  [success] Total time: 0 s, completed Dec 11, 2025, 6:25:58 AM
2025.12.11 06:25:58 INFO  time: ran 'sbt bloopInstall' in 6.18s
2025.12.11 06:25:58 INFO  Disconnecting from Bloop session...
2025.12.11 06:25:58 INFO  Shut down connection with build server.
2025.12.11 06:25:58 INFO  Shut down connection with build server.
2025.12.11 06:25:58 INFO  Shut down connection with build server.
2025.12.11 06:25:58 INFO  Attempting to connect to the build server...
2025.12.11 06:25:58 INFO  Found a Bloop server running
2025.12.11 06:25:58 INFO  tracing is disabled for protocol BSP, to enable tracing of incoming and outgoing JSON messages create an empty file at /root/onnx_spinal_project_new/.metals/bsp.trace.json or /root/.cache/metals/bsp.trace.json
2025.12.11 06:25:58 INFO  Attempting to connect to the build server...
2025.12.11 06:25:58 INFO  Found a Bloop server running
2025.12.11 06:25:58 INFO  Attempting to connect to the build server...
2025.12.11 06:25:58 INFO  Found a Bloop server running
2025.12.11 06:25:58 INFO  tracing is disabled for protocol BSP, to enable tracing of incoming and outgoing JSON messages create an empty file at /root/onnx_spinal_project_new/project/.metals/bsp.trace.json or /root/.cache/metals/bsp.trace.json
2025.12.11 06:25:58 INFO  tracing is disabled for protocol BSP, to enable tracing of incoming and outgoing JSON messages create an empty file at /root/onnx_spinal_project_new/project/project/.metals/bsp.trace.json or /root/.cache/metals/bsp.trace.json
2025.12.11 06:25:58 INFO  time: Connected to build server in 0.23s
2025.12.11 06:25:58 INFO  Connected to Build server: Bloop v2.0.17
2025.12.11 06:26:00 INFO  QDox parse error in file:///root/onnx_spinal_project_new/sw/java/test/java/org/forwarder/backend/impls/dl4j/opsets/aiOnnx/v13/ops/DL4JCastV13Test.java (full report at: "/root/onnx_spinal_project_new/.metals/.reports/metals-full/2025-12-01/r_qdox-error_(Onnx_5fSpinalHDL-test)_13-08-59-057.md")
2025.12.11 06:26:01 WARN  Could not find java sources in /usr/lib/jvm/src.zip, /usr/lib/jvm/lib/src.zip, /usr/lib/jvm/java-17-openjdk/src.zip, /usr/lib/jvm/java-17-openjdk/lib/src.zip, /usr/lib/jvm/src.zip, /usr/lib/jvm/lib/src.zip, /usr/lib/jvm/java-17-openjdk-17.0.14.0.7-2.el9.x86_64/src.zip, /usr/lib/jvm/java-17-openjdk-17.0.14.0.7-2.el9.x86_64/lib/src.zip. Java symbols will not be available.
2025.12.11 06:26:01 INFO  time: indexed workspace in 2.56s
2025.12.11 06:26:01 INFO  compiling onnx_spinalhdl (10 scala sources)
2025.12.11 06:26:01 INFO  time: compiled Onnx_SpinalHDL in 0.53s
2025.12.11 06:26:12 WARN  Could not load snapshot text for /root/onnx_spinal_project_new/hw/spinal/WrapForFPGA/InstrAxi4LiteToStream.scala
2025.12.11 06:26:36 WARN  Could not load snapshot text for /root/onnx_spinal_project_new/hw/spinal/WrapForFPGA/InstrAxi4LiteToStream.scala
2025.12.11 06:26:38 WARN  Could not load snapshot text for /root/onnx_spinal_project_new/hw/spinal/WrapForFPGA/InstrAxi4LiteToStream.scala
2025.12.11 06:26:39 WARN  Could not load snapshot text for /root/onnx_spinal_project_new/hw/spinal/WrapForFPGA/InstrAxi4LiteToStream.scala
2025.12.11 06:26:41 INFO  compiling onnx_spinalhdl (10 scala sources)
2025.12.11 06:26:45 WARN  2 deprecations (since 2.13.3); re-run with -deprecation for details
2025.12.11 06:26:45 INFO  time: compiled Onnx_SpinalHDL in 3.43s
2025.12.11 06:26:45 INFO  compiling onnx_spinalhdl (5 scala sources)
2025.12.11 06:26:47 INFO  time: compiled Onnx_SpinalHDL in 2.28s
2025.12.11 06:26:58 INFO  running '/root/.local/share/coursier/bin/sbt -Dbloop.export-jar-classifiers=sources bloopInstall'
2025.12.11 06:26:59 INFO  [info] welcome to sbt 1.6.0 (Red Hat, Inc. Java 17.0.14)
2025.12.11 06:26:59 INFO  [info] loading settings for project onnx_spinal_project_new-build-build-build from metals.sbt ...
2025.12.11 06:27:00 INFO  [info] loading project definition from /root/onnx_spinal_project_new/project/project/project
2025.12.11 06:27:00 INFO  [info] loading settings for project onnx_spinal_project_new-build-build from metals.sbt ...
2025.12.11 06:27:00 INFO  [info] loading project definition from /root/onnx_spinal_project_new/project/project
2025.12.11 06:27:02 INFO  [success] Generated .bloop/onnx_spinal_project_new-build-build.json
2025.12.11 06:27:02 INFO  [success] Total time: 2 s, completed Dec 11, 2025, 6:27:02 AM
2025.12.11 06:27:02 INFO  [info] loading settings for project onnx_spinal_project_new-build from metals.sbt,plugins.sbt ...
2025.12.11 06:27:02 INFO  [info] loading project definition from /root/onnx_spinal_project_new/project
2025.12.11 06:27:02 INFO  [success] Generated .bloop/onnx_spinal_project_new-build.json
2025.12.11 06:27:03 INFO  [success] Total time: 0 s, completed Dec 11, 2025, 6:27:03 AM
2025.12.11 06:27:03 INFO  [info] loading settings for project Onnx_SpinalHDL from build.sbt ...
2025.12.11 06:27:03 INFO  [info] set current project to Onnx_SpinalHDL (in build file:/root/onnx_spinal_project_new/)
2025.12.11 06:27:04 INFO  [success] Generated .bloop/Onnx_SpinalHDL.json
2025.12.11 06:27:04 INFO  [success] Generated .bloop/Onnx_SpinalHDL-test.json
2025.12.11 06:27:04 INFO  [success] Total time: 1 s, completed Dec 11, 2025, 6:27:04 AM
2025.12.11 06:27:05 INFO  time: ran 'sbt bloopInstall' in 6.85s
2025.12.11 06:27:05 INFO  Disconnecting from Bloop session...
2025.12.11 06:27:05 INFO  Shut down connection with build server.
2025.12.11 06:27:05 INFO  Shut down connection with build server.
2025.12.11 06:27:05 INFO  Shut down connection with build server.
2025.12.11 06:27:05 INFO  Attempting to connect to the build server...
2025.12.11 06:27:05 INFO  Found a Bloop server running
2025.12.11 06:27:05 INFO  tracing is disabled for protocol BSP, to enable tracing of incoming and outgoing JSON messages create an empty file at /root/onnx_spinal_project_new/.metals/bsp.trace.json or /root/.cache/metals/bsp.trace.json
2025.12.11 06:27:05 INFO  Attempting to connect to the build server...
2025.12.11 06:27:05 INFO  Found a Bloop server running
2025.12.11 06:27:05 INFO  Attempting to connect to the build server...
2025.12.11 06:27:05 INFO  Found a Bloop server running
2025.12.11 06:27:05 INFO  tracing is disabled for protocol BSP, to enable tracing of incoming and outgoing JSON messages create an empty file at /root/onnx_spinal_project_new/project/project/.metals/bsp.trace.json or /root/.cache/metals/bsp.trace.json
2025.12.11 06:27:05 INFO  tracing is disabled for protocol BSP, to enable tracing of incoming and outgoing JSON messages create an empty file at /root/onnx_spinal_project_new/project/.metals/bsp.trace.json or /root/.cache/metals/bsp.trace.json
2025.12.11 06:27:05 INFO  time: Connected to build server in 0.22s
2025.12.11 06:27:05 INFO  Connected to Build server: Bloop v2.0.17
2025.12.11 06:27:08 INFO  QDox parse error in file:///root/onnx_spinal_project_new/sw/java/test/java/org/forwarder/backend/impls/dl4j/opsets/aiOnnx/v13/ops/DL4JCastV13Test.java (full report at: "/root/onnx_spinal_project_new/.metals/.reports/metals-full/2025-12-01/r_qdox-error_(Onnx_5fSpinalHDL-test)_13-08-59-057.md")
2025.12.11 06:27:09 WARN  Could not find java sources in /usr/lib/jvm/src.zip, /usr/lib/jvm/lib/src.zip, /usr/lib/jvm/java-17-openjdk/src.zip, /usr/lib/jvm/java-17-openjdk/lib/src.zip, /usr/lib/jvm/src.zip, /usr/lib/jvm/lib/src.zip, /usr/lib/jvm/java-17-openjdk-17.0.14.0.7-2.el9.x86_64/src.zip, /usr/lib/jvm/java-17-openjdk-17.0.14.0.7-2.el9.x86_64/lib/src.zip. Java symbols will not be available.
2025.12.11 06:27:09 INFO  time: indexed workspace in 3.86s
2025.12.11 06:27:09 WARN  Invalid text document uri received from build server: file:///root/onnx_spinal_project_new/hw/spinal/WrapForFPGA/tb_Axi4NarrowWeaver.scala
2025.12.11 06:27:09 INFO  BSP server: 
Found top level imports but no class, trait or object is defined in the compilation unit.
The incremental compiler cannot record the dependency information in such case.
Some errors like unused import referring to a non-existent class might not be reported.
    
2025.12.11 06:27:09 WARN  Invalid text document uri received from build server: file:///root/onnx_spinal_project_new/hw/spinal/WrapForFPGA/tb_Axi4NarrowWeaver.scala
2025.12.11 06:27:09 INFO  BSP server: 
Found names but no class, trait or object is defined in the compilation unit.
The incremental compiler cannot record the dependency information in such case.
Some errors like unused import referring to a non-existent class might not be reported.
    
Dec 11, 2025 6:27:20 AM org.eclipse.lsp4j.jsonrpc.services.GenericEndpoint notify
INFO: Unsupported notification method: $/setTrace
2025.12.11 10:19:09 INFO  Started: Metals version 1.6.4 in folders '/root/onnx_spinal_project_new' for client Visual Studio Code 1.106.3.
2025.12.11 10:19:14 WARN  Using H2 2.4.240 which is newer than the version Flyway has been verified with. The latest verified version of H2 is 2.3.232.
2025.12.11 10:19:14 INFO  Attempting to connect to the build server...
2025.12.11 10:19:14 INFO  No running Bloop server found, starting one.
2025.12.11 10:19:15 INFO  Starting compilation server
2025.12.11 10:19:16 INFO  tracing is disabled for protocol BSP, to enable tracing of incoming and outgoing JSON messages create an empty file at /root/onnx_spinal_project_new/.metals/bsp.trace.json or /root/.cache/metals/bsp.trace.json
2025.12.11 10:19:17 INFO  Attempting to connect to the build server...
2025.12.11 10:19:17 INFO  Found a Bloop server running
2025.12.11 10:19:17 INFO  Attempting to connect to the build server...
2025.12.11 10:19:17 INFO  Found a Bloop server running
2025.12.11 10:19:17 INFO  tracing is disabled for protocol BSP, to enable tracing of incoming and outgoing JSON messages create an empty file at /root/onnx_spinal_project_new/project/project/.metals/bsp.trace.json or /root/.cache/metals/bsp.trace.json
2025.12.11 10:19:17 INFO  tracing is disabled for protocol BSP, to enable tracing of incoming and outgoing JSON messages create an empty file at /root/onnx_spinal_project_new/project/.metals/bsp.trace.json or /root/.cache/metals/bsp.trace.json
2025.12.11 10:19:19 INFO  time: Connected to build server in 5.37s
2025.12.11 10:19:19 INFO  Connected to Build server: Bloop v2.0.17
2025.12.11 10:19:19 INFO  time: Imported build in 0.18s
2025.12.11 10:19:19 WARN  2.12.15 is no longer supported in the current Metals versions, using the last known supported version 1.3.3
2025.12.11 10:19:19 WARN  2.13.14 is no longer supported in the current Metals versions, using the last known supported version 1.6.3
2025.12.11 10:19:22 INFO  QDox parse error in file:///root/onnx_spinal_project_new/sw/java/test/java/org/forwarder/backend/impls/dl4j/opsets/aiOnnx/v13/ops/DL4JCastV13Test.java (full report at: "/root/onnx_spinal_project_new/.metals/.reports/metals-full/2025-12-01/r_qdox-error_(Onnx_5fSpinalHDL-test)_13-08-59-057.md")
2025.12.11 10:19:23 WARN  Could not find java sources in /usr/lib/jvm/src.zip, /usr/lib/jvm/lib/src.zip, /usr/lib/jvm/java-17-openjdk/src.zip, /usr/lib/jvm/java-17-openjdk/lib/src.zip, /usr/lib/jvm/src.zip, /usr/lib/jvm/lib/src.zip, /usr/lib/jvm/java-17-openjdk-17.0.14.0.7-2.el9.x86_64/src.zip, /usr/lib/jvm/java-17-openjdk-17.0.14.0.7-2.el9.x86_64/lib/src.zip. Java symbols will not be available.
2025.12.11 10:19:24 INFO  time: indexed workspace in 4.71s
2025.12.11 10:21:09 WARN  Invalid text document uri received from build server: file:///root/onnx_spinal_project_new/hw/spinal/WrapForFPGA/tb_Axi4NarrowWeaver.scala
2025.12.11 10:21:09 INFO  BSP server: 
Found top level imports but no class, trait or object is defined in the compilation unit.
The incremental compiler cannot record the dependency information in such case.
Some errors like unused import referring to a non-existent class might not be reported.
    
2025.12.11 10:21:09 WARN  Invalid text document uri received from build server: file:///root/onnx_spinal_project_new/hw/spinal/WrapForFPGA/tb_Axi4NarrowWeaver.scala
2025.12.11 10:21:09 INFO  BSP server: 
Found names but no class, trait or object is defined in the compilation unit.
The incremental compiler cannot record the dependency information in such case.
Some errors like unused import referring to a non-existent class might not be reported.
    
2025.12.11 10:23:28 INFO  compiling onnx_spinalhdl (1 scala source)
2025.12.11 10:23:30 WARN  Invalid text document uri received from build server: file:///root/onnx_spinal_project_new/hw/spinal/WrapForFPGA/tb_Axi4NarrowWeaver.scala
2025.12.11 10:23:30 INFO  time: compiled Onnx_SpinalHDL in 2.16s
Dec 11, 2025 10:26:42 AM org.eclipse.lsp4j.jsonrpc.RemoteEndpoint handleNotification
WARNING: Notification threw an exception: {
  "jsonrpc": "2.0",
  "method": "metals/didFocusTextDocument",
  "params": [
    "vscode-local:/c%3A/accelerator_projects/hw_spinal/validation/wrapper/InputMatrixCache.scala"
  ]
}
java.nio.file.FileSystemNotFoundException: Provider "vscode-local" not installed
	at java.base/java.nio.file.Path.of(Path.java:212)
	at java.base/java.nio.file.Paths.get(Paths.java:98)
	at scala.meta.internal.mtags.MtagsEnrichments$XtensionURIMtags.toAbsolutePath(MtagsEnrichments.scala:149)
	at scala.meta.internal.mtags.MtagsEnrichments$XtensionStringMtags.toAbsolutePath(MtagsEnrichments.scala:209)
	at scala.meta.internal.metals.MetalsEnrichments$XtensionString.toAbsolutePath(MetalsEnrichments.scala:778)
	at scala.meta.internal.metals.MetalsEnrichments$XtensionString.toAbsolutePath(MetalsEnrichments.scala:775)
	at scala.meta.internal.metals.WorkspaceLspService.didFocus(WorkspaceLspService.scala:789)
	at scala.meta.metals.lsp.DelegatingScalaService.didFocus(DelegatingScalaService.scala:42)
	at java.base/jdk.internal.reflect.NativeMethodAccessorImpl.invoke0(Native Method)
	at java.base/jdk.internal.reflect.NativeMethodAccessorImpl.invoke(NativeMethodAccessorImpl.java:77)
	at java.base/jdk.internal.reflect.DelegatingMethodAccessorImpl.invoke(DelegatingMethodAccessorImpl.java:43)
	at java.base/java.lang.reflect.Method.invoke(Method.java:569)
	at org.eclipse.lsp4j.jsonrpc.services.GenericEndpoint.lambda$recursiveFindRpcMethods$0(GenericEndpoint.java:65)
	at org.eclipse.lsp4j.jsonrpc.services.GenericEndpoint.notify(GenericEndpoint.java:160)
	at org.eclipse.lsp4j.jsonrpc.RemoteEndpoint.handleNotification(RemoteEndpoint.java:231)
	at org.eclipse.lsp4j.jsonrpc.RemoteEndpoint.consume(RemoteEndpoint.java:198)
	at org.eclipse.lsp4j.jsonrpc.json.StreamMessageProducer.handleMessage(StreamMessageProducer.java:185)
	at org.eclipse.lsp4j.jsonrpc.json.StreamMessageProducer.listen(StreamMessageProducer.java:97)
	at org.eclipse.lsp4j.jsonrpc.json.ConcurrentMessageProcessor.run(ConcurrentMessageProcessor.java:114)
	at java.base/java.util.concurrent.Executors$RunnableAdapter.call(Executors.java:539)
	at java.base/java.util.concurrent.FutureTask.run(FutureTask.java:264)
	at java.base/java.util.concurrent.ThreadPoolExecutor.runWorker(ThreadPoolExecutor.java:1136)
	at java.base/java.util.concurrent.ThreadPoolExecutor$Worker.run(ThreadPoolExecutor.java:635)
	at java.base/java.lang.Thread.run(Thread.java:840)

Dec 11, 2025 11:29:17 AM org.eclipse.lsp4j.jsonrpc.RemoteEndpoint handleCancellation
WARNING: Unmatched cancel notification for request id 1195
Dec 11, 2025 11:29:17 AM org.eclipse.lsp4j.jsonrpc.RemoteEndpoint handleCancellation
WARNING: Unmatched cancel notification for request id 1197
2025.12.11 11:46:50 INFO  Created report: Optional[file:///root/onnx_spinal_project_new/hw/spinal/MatrixCacheInterface/MatrixCache.scala]
2025.12.11 11:46:50 INFO  empty definition using pc, found symbol in pc: local0 (full report at: "/root/onnx_spinal_project_new/.metals/.reports/metals-full/2025-12-11/r_empty-definition_(Onnx_5fSpinalHDL)_11-46-50-971.md")
2025.12.11 11:46:56 INFO  empty definition using pc, found symbol in pc: local0 (full report at: "/root/onnx_spinal_project_new/.metals/.reports/metals-full/2025-12-11/r_empty-definition_(Onnx_5fSpinalHDL)_11-46-50-971.md")
Dec 12, 2025 5:31:07 AM org.eclipse.lsp4j.jsonrpc.RemoteEndpoint handleCancellation
WARNING: Unmatched cancel notification for request id 1989
Dec 12, 2025 5:31:07 AM org.eclipse.lsp4j.jsonrpc.RemoteEndpoint handleCancellation
WARNING: Unmatched cancel notification for request id 1990
Dec 12, 2025 5:31:07 AM org.eclipse.lsp4j.jsonrpc.RemoteEndpoint handleCancellation
WARNING: Unmatched cancel notification for request id 1991
Dec 12, 2025 5:31:07 AM org.eclipse.lsp4j.jsonrpc.RemoteEndpoint handleCancellation
WARNING: Unmatched cancel notification for request id 1992
Dec 12, 2025 5:31:07 AM org.eclipse.lsp4j.jsonrpc.RemoteEndpoint handleCancellation
WARNING: Unmatched cancel notification for request id 1993
Dec 12, 2025 5:31:07 AM org.eclipse.lsp4j.jsonrpc.RemoteEndpoint handleCancellation
WARNING: Unmatched cancel notification for request id 1994
Exception in thread "pool-5-thread-1" java.lang.InterruptedException
	at scala.meta.internal.metals.FutureCancelToken.checkCanceled(FutureCancelToken.scala:29)
	at scala.meta.internal.pc.CompilerAccess.$anonfun$onCompilerJobQueue$1(CompilerAccess.scala:207)
	at scala.meta.internal.pc.CompilerJobQueue$Job.run(CompilerJobQueue.scala:152)
	at java.base/java.util.concurrent.ThreadPoolExecutor.runWorker(ThreadPoolExecutor.java:1136)
	at java.base/java.util.concurrent.ThreadPoolExecutor$Worker.run(ThreadPoolExecutor.java:635)
	at java.base/java.lang.Thread.run(Thread.java:840)
2025.12.12 05:37:32 INFO  compiling onnx_spinalhdl (1 scala source)
2025.12.12 05:37:34 WARN  Invalid text document uri received from build server: file:///root/onnx_spinal_project_new/hw/spinal/WrapForFPGA/tb_Axi4NarrowWeaver.scala
2025.12.12 05:37:34 INFO  time: compiled Onnx_SpinalHDL in 1.99s
Dec 12, 2025 5:37:44 AM org.eclipse.lsp4j.jsonrpc.RemoteEndpoint handleNotification
WARNING: Notification threw an exception: {
  "jsonrpc": "2.0",
  "method": "metals/didFocusTextDocument",
  "params": [
    "vscode-local:/c%3A/accelerator_projects/hw_spinal/validation/wrapper/WrapForFPGA.scala"
  ]
}
java.nio.file.FileSystemNotFoundException: Provider "vscode-local" not installed
	at java.base/java.nio.file.Path.of(Path.java:212)
	at java.base/java.nio.file.Paths.get(Paths.java:98)
	at scala.meta.internal.mtags.MtagsEnrichments$XtensionURIMtags.toAbsolutePath(MtagsEnrichments.scala:149)
	at scala.meta.internal.mtags.MtagsEnrichments$XtensionStringMtags.toAbsolutePath(MtagsEnrichments.scala:209)
	at scala.meta.internal.metals.MetalsEnrichments$XtensionString.toAbsolutePath(MetalsEnrichments.scala:778)
	at scala.meta.internal.metals.MetalsEnrichments$XtensionString.toAbsolutePath(MetalsEnrichments.scala:775)
	at scala.meta.internal.metals.WorkspaceLspService.didFocus(WorkspaceLspService.scala:789)
	at scala.meta.metals.lsp.DelegatingScalaService.didFocus(DelegatingScalaService.scala:42)
	at jdk.internal.reflect.GeneratedMethodAccessor11.invoke(Unknown Source)
	at java.base/jdk.internal.reflect.DelegatingMethodAccessorImpl.invoke(DelegatingMethodAccessorImpl.java:43)
	at java.base/java.lang.reflect.Method.invoke(Method.java:569)
	at org.eclipse.lsp4j.jsonrpc.services.GenericEndpoint.lambda$recursiveFindRpcMethods$0(GenericEndpoint.java:65)
	at org.eclipse.lsp4j.jsonrpc.services.GenericEndpoint.notify(GenericEndpoint.java:160)
	at org.eclipse.lsp4j.jsonrpc.RemoteEndpoint.handleNotification(RemoteEndpoint.java:231)
	at org.eclipse.lsp4j.jsonrpc.RemoteEndpoint.consume(RemoteEndpoint.java:198)
	at org.eclipse.lsp4j.jsonrpc.json.StreamMessageProducer.handleMessage(StreamMessageProducer.java:185)
	at org.eclipse.lsp4j.jsonrpc.json.StreamMessageProducer.listen(StreamMessageProducer.java:97)
	at org.eclipse.lsp4j.jsonrpc.json.ConcurrentMessageProcessor.run(ConcurrentMessageProcessor.java:114)
	at java.base/java.util.concurrent.Executors$RunnableAdapter.call(Executors.java:539)
	at java.base/java.util.concurrent.FutureTask.run(FutureTask.java:264)
	at java.base/java.util.concurrent.ThreadPoolExecutor.runWorker(ThreadPoolExecutor.java:1136)
	at java.base/java.util.concurrent.ThreadPoolExecutor$Worker.run(ThreadPoolExecutor.java:635)
	at java.base/java.lang.Thread.run(Thread.java:840)

Dec 12, 2025 5:37:54 AM org.eclipse.lsp4j.jsonrpc.RemoteEndpoint handleNotification
WARNING: Notification threw an exception: {
  "jsonrpc": "2.0",
  "method": "metals/didFocusTextDocument",
  "params": [
    "vscode-local:/c%3A/accelerator_projects/hw_spinal/validation/wrapper/Accelerator.scala"
  ]
}
java.nio.file.FileSystemNotFoundException: Provider "vscode-local" not installed
	at java.base/java.nio.file.Path.of(Path.java:212)
	at java.base/java.nio.file.Paths.get(Paths.java:98)
	at scala.meta.internal.mtags.MtagsEnrichments$XtensionURIMtags.toAbsolutePath(MtagsEnrichments.scala:149)
	at scala.meta.internal.mtags.MtagsEnrichments$XtensionStringMtags.toAbsolutePath(MtagsEnrichments.scala:209)
	at scala.meta.internal.metals.MetalsEnrichments$XtensionString.toAbsolutePath(MetalsEnrichments.scala:778)
	at scala.meta.internal.metals.MetalsEnrichments$XtensionString.toAbsolutePath(MetalsEnrichments.scala:775)
	at scala.meta.internal.metals.WorkspaceLspService.didFocus(WorkspaceLspService.scala:789)
	at scala.meta.metals.lsp.DelegatingScalaService.didFocus(DelegatingScalaService.scala:42)
	at jdk.internal.reflect.GeneratedMethodAccessor11.invoke(Unknown Source)
	at java.base/jdk.internal.reflect.DelegatingMethodAccessorImpl.invoke(DelegatingMethodAccessorImpl.java:43)
	at java.base/java.lang.reflect.Method.invoke(Method.java:569)
	at org.eclipse.lsp4j.jsonrpc.services.GenericEndpoint.lambda$recursiveFindRpcMethods$0(GenericEndpoint.java:65)
	at org.eclipse.lsp4j.jsonrpc.services.GenericEndpoint.notify(GenericEndpoint.java:160)
	at org.eclipse.lsp4j.jsonrpc.RemoteEndpoint.handleNotification(RemoteEndpoint.java:231)
	at org.eclipse.lsp4j.jsonrpc.RemoteEndpoint.consume(RemoteEndpoint.java:198)
	at org.eclipse.lsp4j.jsonrpc.json.StreamMessageProducer.handleMessage(StreamMessageProducer.java:185)
	at org.eclipse.lsp4j.jsonrpc.json.StreamMessageProducer.listen(StreamMessageProducer.java:97)
	at org.eclipse.lsp4j.jsonrpc.json.ConcurrentMessageProcessor.run(ConcurrentMessageProcessor.java:114)
	at java.base/java.util.concurrent.Executors$RunnableAdapter.call(Executors.java:539)
	at java.base/java.util.concurrent.FutureTask.run(FutureTask.java:264)
	at java.base/java.util.concurrent.ThreadPoolExecutor.runWorker(ThreadPoolExecutor.java:1136)
	at java.base/java.util.concurrent.ThreadPoolExecutor$Worker.run(ThreadPoolExecutor.java:635)
	at java.base/java.lang.Thread.run(Thread.java:840)

Dec 12, 2025 5:41:17 AM org.eclipse.lsp4j.jsonrpc.RemoteEndpoint handleNotification
WARNING: Notification threw an exception: {
  "jsonrpc": "2.0",
  "method": "metals/didFocusTextDocument",
  "params": [
    "vscode-local:/c%3A/accelerator_projects/hw_spinal/validation/wrapper/WrapForFPGA.scala"
  ]
}
java.nio.file.FileSystemNotFoundException: Provider "vscode-local" not installed
	at java.base/java.nio.file.Path.of(Path.java:212)
	at java.base/java.nio.file.Paths.get(Paths.java:98)
	at scala.meta.internal.mtags.MtagsEnrichments$XtensionURIMtags.toAbsolutePath(MtagsEnrichments.scala:149)
	at scala.meta.internal.mtags.MtagsEnrichments$XtensionStringMtags.toAbsolutePath(MtagsEnrichments.scala:209)
	at scala.meta.internal.metals.MetalsEnrichments$XtensionString.toAbsolutePath(MetalsEnrichments.scala:778)
	at scala.meta.internal.metals.MetalsEnrichments$XtensionString.toAbsolutePath(MetalsEnrichments.scala:775)
	at scala.meta.internal.metals.WorkspaceLspService.didFocus(WorkspaceLspService.scala:789)
	at scala.meta.metals.lsp.DelegatingScalaService.didFocus(DelegatingScalaService.scala:42)
	at jdk.internal.reflect.GeneratedMethodAccessor11.invoke(Unknown Source)
	at java.base/jdk.internal.reflect.DelegatingMethodAccessorImpl.invoke(DelegatingMethodAccessorImpl.java:43)
	at java.base/java.lang.reflect.Method.invoke(Method.java:569)
	at org.eclipse.lsp4j.jsonrpc.services.GenericEndpoint.lambda$recursiveFindRpcMethods$0(GenericEndpoint.java:65)
	at org.eclipse.lsp4j.jsonrpc.services.GenericEndpoint.notify(GenericEndpoint.java:160)
	at org.eclipse.lsp4j.jsonrpc.RemoteEndpoint.handleNotification(RemoteEndpoint.java:231)
	at org.eclipse.lsp4j.jsonrpc.RemoteEndpoint.consume(RemoteEndpoint.java:198)
	at org.eclipse.lsp4j.jsonrpc.json.StreamMessageProducer.handleMessage(StreamMessageProducer.java:185)
	at org.eclipse.lsp4j.jsonrpc.json.StreamMessageProducer.listen(StreamMessageProducer.java:97)
	at org.eclipse.lsp4j.jsonrpc.json.ConcurrentMessageProcessor.run(ConcurrentMessageProcessor.java:114)
	at java.base/java.util.concurrent.Executors$RunnableAdapter.call(Executors.java:539)
	at java.base/java.util.concurrent.FutureTask.run(FutureTask.java:264)
	at java.base/java.util.concurrent.ThreadPoolExecutor.runWorker(ThreadPoolExecutor.java:1136)
	at java.base/java.util.concurrent.ThreadPoolExecutor$Worker.run(ThreadPoolExecutor.java:635)
	at java.base/java.lang.Thread.run(Thread.java:840)

Dec 12, 2025 6:05:17 AM org.eclipse.lsp4j.jsonrpc.RemoteEndpoint handleCancellation
WARNING: Unmatched cancel notification for request id 2962
2025.12.12 06:14:20 INFO  compiling onnx_spinalhdl (2 scala sources)
2025.12.12 06:14:22 INFO  time: compiled Onnx_SpinalHDL in 1.69s
Dec 12, 2025 6:35:24 AM org.eclipse.lsp4j.jsonrpc.RemoteEndpoint handleNotification
WARNING: Notification threw an exception: {
  "jsonrpc": "2.0",
  "method": "metals/didFocusTextDocument",
  "params": [
    "vscode-local:/c%3A/accelerator_projects/hw_spinal/validation/wrapper/Slicer.scala"
  ]
}
java.nio.file.FileSystemNotFoundException: Provider "vscode-local" not installed
	at java.base/java.nio.file.Path.of(Path.java:212)
	at java.base/java.nio.file.Paths.get(Paths.java:98)
	at scala.meta.internal.mtags.MtagsEnrichments$XtensionURIMtags.toAbsolutePath(MtagsEnrichments.scala:149)
	at scala.meta.internal.mtags.MtagsEnrichments$XtensionStringMtags.toAbsolutePath(MtagsEnrichments.scala:209)
	at scala.meta.internal.metals.MetalsEnrichments$XtensionString.toAbsolutePath(MetalsEnrichments.scala:778)
	at scala.meta.internal.metals.MetalsEnrichments$XtensionString.toAbsolutePath(MetalsEnrichments.scala:775)
	at scala.meta.internal.metals.WorkspaceLspService.didFocus(WorkspaceLspService.scala:789)
	at scala.meta.metals.lsp.DelegatingScalaService.didFocus(DelegatingScalaService.scala:42)
	at jdk.internal.reflect.GeneratedMethodAccessor11.invoke(Unknown Source)
	at java.base/jdk.internal.reflect.DelegatingMethodAccessorImpl.invoke(DelegatingMethodAccessorImpl.java:43)
	at java.base/java.lang.reflect.Method.invoke(Method.java:569)
	at org.eclipse.lsp4j.jsonrpc.services.GenericEndpoint.lambda$recursiveFindRpcMethods$0(GenericEndpoint.java:65)
	at org.eclipse.lsp4j.jsonrpc.services.GenericEndpoint.notify(GenericEndpoint.java:160)
	at org.eclipse.lsp4j.jsonrpc.RemoteEndpoint.handleNotification(RemoteEndpoint.java:231)
	at org.eclipse.lsp4j.jsonrpc.RemoteEndpoint.consume(RemoteEndpoint.java:198)
	at org.eclipse.lsp4j.jsonrpc.json.StreamMessageProducer.handleMessage(StreamMessageProducer.java:185)
	at org.eclipse.lsp4j.jsonrpc.json.StreamMessageProducer.listen(StreamMessageProducer.java:97)
	at org.eclipse.lsp4j.jsonrpc.json.ConcurrentMessageProcessor.run(ConcurrentMessageProcessor.java:114)
	at java.base/java.util.concurrent.Executors$RunnableAdapter.call(Executors.java:539)
	at java.base/java.util.concurrent.FutureTask.run(FutureTask.java:264)
	at java.base/java.util.concurrent.ThreadPoolExecutor.runWorker(ThreadPoolExecutor.java:1136)
	at java.base/java.util.concurrent.ThreadPoolExecutor$Worker.run(ThreadPoolExecutor.java:635)
	at java.base/java.lang.Thread.run(Thread.java:840)

Dec 12, 2025 6:36:49 AM org.eclipse.lsp4j.jsonrpc.RemoteEndpoint handleCancellation
WARNING: Unmatched cancel notification for request id 3196
Exception in thread "pool-5-thread-2" java.lang.InterruptedException
	at scala.meta.internal.metals.FutureCancelToken.checkCanceled(FutureCancelToken.scala:29)
	at scala.meta.internal.pc.CompilerAccess.$anonfun$onCompilerJobQueue$1(CompilerAccess.scala:207)
	at scala.meta.internal.pc.CompilerJobQueue$Job.run(CompilerJobQueue.scala:152)
	at java.base/java.util.concurrent.ThreadPoolExecutor.runWorker(ThreadPoolExecutor.java:1136)
	at java.base/java.util.concurrent.ThreadPoolExecutor$Worker.run(ThreadPoolExecutor.java:635)
	at java.base/java.lang.Thread.run(Thread.java:840)
2025.12.12 06:37:50 INFO  compiling onnx_spinalhdl (2 scala sources)
2025.12.12 06:37:50 INFO  time: compiled Onnx_SpinalHDL in 0.97s
Exception in thread "pool-5-thread-3" java.lang.InterruptedException
	at scala.meta.internal.metals.FutureCancelToken.checkCanceled(FutureCancelToken.scala:29)
	at scala.meta.internal.pc.CompilerAccess.$anonfun$onCompilerJobQueue$1(CompilerAccess.scala:207)
	at scala.meta.internal.pc.CompilerJobQueue$Job.run(CompilerJobQueue.scala:152)
	at java.base/java.util.concurrent.ThreadPoolExecutor.runWorker(ThreadPoolExecutor.java:1136)
	at java.base/java.util.concurrent.ThreadPoolExecutor$Worker.run(ThreadPoolExecutor.java:635)
	at java.base/java.lang.Thread.run(Thread.java:840)
2025.12.12 06:38:41 INFO  compiling onnx_spinalhdl (2 scala sources)
2025.12.12 06:38:41 INFO  time: compiled Onnx_SpinalHDL in 0.71s
2025.12.12 06:40:51 INFO  compiling onnx_spinalhdl (2 scala sources)
2025.12.12 06:40:51 INFO  time: compiled Onnx_SpinalHDL in 0.8s
2025.12.12 06:41:42 INFO  Created report: Optional[file:///root/onnx_spinal_project_new/hw/spinal/WrapForFPGA/WrapForFPGA.scala]
2025.12.12 06:41:42 INFO  empty definition using pc, found symbol in pc:  (full report at: "/root/onnx_spinal_project_new/.metals/.reports/metals-full/2025-12-12/r_empty-definition_(Onnx_5fSpinalHDL)_06-41-42-364.md")
Dec 12, 2025 6:41:47 AM org.eclipse.lsp4j.jsonrpc.RemoteEndpoint handleCancellation
WARNING: Unmatched cancel notification for request id 3515
Exception in thread "pool-5-thread-4" java.lang.InterruptedException
	at scala.meta.internal.metals.FutureCancelToken.checkCanceled(FutureCancelToken.scala:29)
	at scala.meta.internal.pc.CompilerAccess.$anonfun$onCompilerJobQueue$1(CompilerAccess.scala:207)
	at scala.meta.internal.pc.CompilerJobQueue$Job.run(CompilerJobQueue.scala:152)
	at java.base/java.util.concurrent.ThreadPoolExecutor.runWorker(ThreadPoolExecutor.java:1136)
	at java.base/java.util.concurrent.ThreadPoolExecutor$Worker.run(ThreadPoolExecutor.java:635)
	at java.base/java.lang.Thread.run(Thread.java:840)
Dec 12, 2025 6:42:09 AM org.eclipse.lsp4j.jsonrpc.RemoteEndpoint handleCancellation
WARNING: Unmatched cancel notification for request id 3604
Dec 12, 2025 6:42:10 AM org.eclipse.lsp4j.jsonrpc.RemoteEndpoint handleCancellation
WARNING: Unmatched cancel notification for request id 3607
Dec 12, 2025 6:42:10 AM org.eclipse.lsp4j.jsonrpc.RemoteEndpoint handleCancellation
WARNING: Unmatched cancel notification for request id 3610
Dec 12, 2025 6:42:10 AM org.eclipse.lsp4j.jsonrpc.RemoteEndpoint handleCancellation
WARNING: Unmatched cancel notification for request id 3613
Dec 12, 2025 6:42:10 AM org.eclipse.lsp4j.jsonrpc.RemoteEndpoint handleCancellation
WARNING: Unmatched cancel notification for request id 3616
Dec 12, 2025 6:42:10 AM org.eclipse.lsp4j.jsonrpc.RemoteEndpoint handleCancellation
WARNING: Unmatched cancel notification for request id 3619
Dec 12, 2025 6:42:10 AM org.eclipse.lsp4j.jsonrpc.RemoteEndpoint handleCancellation
WARNING: Unmatched cancel notification for request id 3622
Dec 12, 2025 6:42:10 AM org.eclipse.lsp4j.jsonrpc.RemoteEndpoint handleCancellation
WARNING: Unmatched cancel notification for request id 3625
Dec 12, 2025 6:42:10 AM org.eclipse.lsp4j.jsonrpc.RemoteEndpoint handleCancellation
WARNING: Unmatched cancel notification for request id 3631
2025.12.12 06:42:16 INFO  Created report: Optional[file:///root/onnx_spinal_project_new/hw/spinal/WrapForFPGA/WrapForFPGA.scala]
2025.12.12 06:42:16 INFO  empty definition using pc, found symbol in pc:  (full report at: "/root/onnx_spinal_project_new/.metals/.reports/metals-full/2025-12-12/r_empty-definition_(Onnx_5fSpinalHDL)_06-42-16-665.md")
2025.12.12 06:42:17 INFO  empty definition using pc, found symbol in pc:  (full report at: "/root/onnx_spinal_project_new/.metals/.reports/metals-full/2025-12-12/r_empty-definition_(Onnx_5fSpinalHDL)_06-42-16-665.md")
2025.12.12 06:42:17 INFO  empty definition using pc, found symbol in pc:  (full report at: "/root/onnx_spinal_project_new/.metals/.reports/metals-full/2025-12-12/r_empty-definition_(Onnx_5fSpinalHDL)_06-42-16-665.md")
2025.12.12 06:42:17 INFO  empty definition using pc, found symbol in pc:  (full report at: "/root/onnx_spinal_project_new/.metals/.reports/metals-full/2025-12-12/r_empty-definition_(Onnx_5fSpinalHDL)_06-42-16-665.md")
Dec 12, 2025 6:42:17 AM org.eclipse.lsp4j.jsonrpc.RemoteEndpoint handleCancellation
WARNING: Unmatched cancel notification for request id 3652
2025.12.12 06:42:17 INFO  compiling onnx_spinalhdl (2 scala sources)
2025.12.12 06:42:18 INFO  Created report: Optional[file:///root/onnx_spinal_project_new/hw/spinal/WrapForFPGA/WrapForFPGA.scala]
2025.12.12 06:42:18 INFO  java.util.NoSuchElementException: head of empty String (full report at: "/root/onnx_spinal_project_new/.metals/.reports/metals-full/2025-12-12/r_compiler-error_(Onnx_5fSpinalHDL)_06-42-18-149.md")
2025.12.12 06:42:17 INFO  time: compiled Onnx_SpinalHDL in 0.76s
2025.12.12 06:42:18 INFO  Created report: Optional[file:///root/onnx_spinal_project_new/hw/spinal/WrapForFPGA/WrapForFPGA.scala]
2025.12.12 06:42:18 INFO  java.util.NoSuchElementException: head of empty String (full report at: "/root/onnx_spinal_project_new/.metals/.reports/metals-full/2025-12-12/r_compiler-error_(Onnx_5fSpinalHDL)_06-42-18-772.md")
2025.12.12 06:45:44 INFO  compiling onnx_spinalhdl (2 scala sources)
2025.12.12 06:45:44 INFO  time: compiled Onnx_SpinalHDL in 0.32s
Dec 12, 2025 6:46:14 AM org.eclipse.lsp4j.jsonrpc.RemoteEndpoint handleNotification
WARNING: Notification threw an exception: {
  "jsonrpc": "2.0",
  "method": "metals/didFocusTextDocument",
  "params": [
    "vscode-local:/c%3A/accelerator_projects/hw_spinal/validation/wrapper/Accelerator.scala"
  ]
}
java.nio.file.FileSystemNotFoundException: Provider "vscode-local" not installed
	at java.base/java.nio.file.Path.of(Path.java:212)
	at java.base/java.nio.file.Paths.get(Paths.java:98)
	at scala.meta.internal.mtags.MtagsEnrichments$XtensionURIMtags.toAbsolutePath(MtagsEnrichments.scala:149)
	at scala.meta.internal.mtags.MtagsEnrichments$XtensionStringMtags.toAbsolutePath(MtagsEnrichments.scala:209)
	at scala.meta.internal.metals.MetalsEnrichments$XtensionString.toAbsolutePath(MetalsEnrichments.scala:778)
	at scala.meta.internal.metals.MetalsEnrichments$XtensionString.toAbsolutePath(MetalsEnrichments.scala:775)
	at scala.meta.internal.metals.WorkspaceLspService.didFocus(WorkspaceLspService.scala:789)
	at scala.meta.metals.lsp.DelegatingScalaService.didFocus(DelegatingScalaService.scala:42)
	at jdk.internal.reflect.GeneratedMethodAccessor11.invoke(Unknown Source)
	at java.base/jdk.internal.reflect.DelegatingMethodAccessorImpl.invoke(DelegatingMethodAccessorImpl.java:43)
	at java.base/java.lang.reflect.Method.invoke(Method.java:569)
	at org.eclipse.lsp4j.jsonrpc.services.GenericEndpoint.lambda$recursiveFindRpcMethods$0(GenericEndpoint.java:65)
	at org.eclipse.lsp4j.jsonrpc.services.GenericEndpoint.notify(GenericEndpoint.java:160)
	at org.eclipse.lsp4j.jsonrpc.RemoteEndpoint.handleNotification(RemoteEndpoint.java:231)
	at org.eclipse.lsp4j.jsonrpc.RemoteEndpoint.consume(RemoteEndpoint.java:198)
	at org.eclipse.lsp4j.jsonrpc.json.StreamMessageProducer.handleMessage(StreamMessageProducer.java:185)
	at org.eclipse.lsp4j.jsonrpc.json.StreamMessageProducer.listen(StreamMessageProducer.java:97)
	at org.eclipse.lsp4j.jsonrpc.json.ConcurrentMessageProcessor.run(ConcurrentMessageProcessor.java:114)
	at java.base/java.util.concurrent.Executors$RunnableAdapter.call(Executors.java:539)
	at java.base/java.util.concurrent.FutureTask.run(FutureTask.java:264)
	at java.base/java.util.concurrent.ThreadPoolExecutor.runWorker(ThreadPoolExecutor.java:1136)
	at java.base/java.util.concurrent.ThreadPoolExecutor$Worker.run(ThreadPoolExecutor.java:635)
	at java.base/java.lang.Thread.run(Thread.java:840)

2025.12.12 06:47:43 INFO  compiling onnx_spinalhdl (2 scala sources)
2025.12.12 06:47:43 INFO  time: compiled Onnx_SpinalHDL in 0.41s
2025.12.12 06:47:57 INFO  running '/root/.local/share/coursier/bin/sbt -Dbloop.export-jar-classifiers=sources bloopInstall'
2025.12.12 06:47:58 INFO  [info] welcome to sbt 1.6.0 (Red Hat, Inc. Java 17.0.14)
2025.12.12 06:47:58 INFO  [info] loading settings for project onnx_spinal_project_new-build-build-build from metals.sbt ...
2025.12.12 06:48:00 INFO  [info] loading project definition from /root/onnx_spinal_project_new/project/project/project
2025.12.12 06:48:00 INFO  [info] loading settings for project onnx_spinal_project_new-build-build from metals.sbt ...
2025.12.12 06:48:00 INFO  [info] loading project definition from /root/onnx_spinal_project_new/project/project
2025.12.12 06:48:02 INFO  [success] Generated .bloop/onnx_spinal_project_new-build-build.json
2025.12.12 06:48:02 INFO  [success] Total time: 1 s, completed Dec 12, 2025, 6:48:02 AM
2025.12.12 06:48:02 INFO  [info] loading settings for project onnx_spinal_project_new-build from metals.sbt,plugins.sbt ...
2025.12.12 06:48:02 INFO  [info] loading project definition from /root/onnx_spinal_project_new/project
2025.12.12 06:48:02 INFO  [success] Generated .bloop/onnx_spinal_project_new-build.json
2025.12.12 06:48:02 INFO  [success] Total time: 0 s, completed Dec 12, 2025, 6:48:02 AM
2025.12.12 06:48:02 INFO  [info] loading settings for project Onnx_SpinalHDL from build.sbt ...
2025.12.12 06:48:03 INFO  [info] set current project to Onnx_SpinalHDL (in build file:/root/onnx_spinal_project_new/)
2025.12.12 06:48:03 INFO  [success] Generated .bloop/Onnx_SpinalHDL.json
2025.12.12 06:48:03 INFO  [success] Generated .bloop/Onnx_SpinalHDL-test.json
2025.12.12 06:48:03 INFO  [success] Total time: 0 s, completed Dec 12, 2025, 6:48:03 AM
2025.12.12 06:48:04 INFO  time: ran 'sbt bloopInstall' in 6.74s
2025.12.12 06:48:04 INFO  Disconnecting from Bloop session...
2025.12.12 06:48:04 INFO  Shut down connection with build server.
2025.12.12 06:48:04 INFO  Shut down connection with build server.
2025.12.12 06:48:04 INFO  Shut down connection with build server.
2025.12.12 06:48:04 INFO  Attempting to connect to the build server...
2025.12.12 06:48:04 INFO  Found a Bloop server running
2025.12.12 06:48:04 INFO  tracing is disabled for protocol BSP, to enable tracing of incoming and outgoing JSON messages create an empty file at /root/onnx_spinal_project_new/.metals/bsp.trace.json or /root/.cache/metals/bsp.trace.json
2025.12.12 06:48:04 INFO  Attempting to connect to the build server...
2025.12.12 06:48:04 INFO  Found a Bloop server running
2025.12.12 06:48:04 INFO  Attempting to connect to the build server...
2025.12.12 06:48:04 INFO  Found a Bloop server running
2025.12.12 06:48:04 INFO  tracing is disabled for protocol BSP, to enable tracing of incoming and outgoing JSON messages create an empty file at /root/onnx_spinal_project_new/project/.metals/bsp.trace.json or /root/.cache/metals/bsp.trace.json
2025.12.12 06:48:04 INFO  tracing is disabled for protocol BSP, to enable tracing of incoming and outgoing JSON messages create an empty file at /root/onnx_spinal_project_new/project/project/.metals/bsp.trace.json or /root/.cache/metals/bsp.trace.json
2025.12.12 06:48:04 INFO  time: Connected to build server in 0.24s
2025.12.12 06:48:04 INFO  Connected to Build server: Bloop v2.0.17
2025.12.12 06:48:05 INFO  QDox parse error in file:///root/onnx_spinal_project_new/sw/java/test/java/org/forwarder/backend/impls/dl4j/opsets/aiOnnx/v13/ops/DL4JCastV13Test.java (full report at: "/root/onnx_spinal_project_new/.metals/.reports/metals-full/2025-12-01/r_qdox-error_(Onnx_5fSpinalHDL-test)_13-08-59-057.md")
2025.12.12 06:48:06 WARN  Could not find java sources in /usr/lib/jvm/src.zip, /usr/lib/jvm/lib/src.zip, /usr/lib/jvm/java-17-openjdk/src.zip, /usr/lib/jvm/java-17-openjdk/lib/src.zip, /usr/lib/jvm/src.zip, /usr/lib/jvm/lib/src.zip, /usr/lib/jvm/java-17-openjdk-17.0.14.0.7-2.el9.x86_64/src.zip, /usr/lib/jvm/java-17-openjdk-17.0.14.0.7-2.el9.x86_64/lib/src.zip. Java symbols will not be available.
2025.12.12 06:48:06 INFO  time: indexed workspace in 1.93s
2025.12.12 06:48:06 INFO  compiling onnx_spinalhdl (2 scala sources)
2025.12.12 06:48:06 INFO  time: compiled Onnx_SpinalHDL in 0.4s
Dec 12, 2025 7:07:22 AM org.eclipse.lsp4j.jsonrpc.RemoteEndpoint handleNotification
WARNING: Notification threw an exception: {
  "jsonrpc": "2.0",
  "method": "metals/didFocusTextDocument",
  "params": [
    "git:/root/onnx_spinal_project_new/hw/spinal/WrapForFPGA/tb_InstAxi4ToStream.scala?%7B%22path%22%3A%22%2Froot%2Fonnx_spinal_project_new%2Fhw%2Fspinal%2FWrapForFPGA%2Ftb_InstAxi4ToStream.scala%22%2C%22ref%22%3A%22033f13503c7527489599352f8721a18e89b6d190%22%7D"
  ]
}
java.nio.file.FileSystemNotFoundException: Provider "git" not installed
	at java.base/java.nio.file.Path.of(Path.java:212)
	at java.base/java.nio.file.Paths.get(Paths.java:98)
	at scala.meta.internal.mtags.MtagsEnrichments$XtensionURIMtags.toAbsolutePath(MtagsEnrichments.scala:149)
	at scala.meta.internal.mtags.MtagsEnrichments$XtensionStringMtags.toAbsolutePath(MtagsEnrichments.scala:209)
	at scala.meta.internal.metals.MetalsEnrichments$XtensionString.toAbsolutePath(MetalsEnrichments.scala:778)
	at scala.meta.internal.metals.MetalsEnrichments$XtensionString.toAbsolutePath(MetalsEnrichments.scala:775)
	at scala.meta.internal.metals.WorkspaceLspService.didFocus(WorkspaceLspService.scala:789)
	at scala.meta.metals.lsp.DelegatingScalaService.didFocus(DelegatingScalaService.scala:42)
	at jdk.internal.reflect.GeneratedMethodAccessor11.invoke(Unknown Source)
	at java.base/jdk.internal.reflect.DelegatingMethodAccessorImpl.invoke(DelegatingMethodAccessorImpl.java:43)
	at java.base/java.lang.reflect.Method.invoke(Method.java:569)
	at org.eclipse.lsp4j.jsonrpc.services.GenericEndpoint.lambda$recursiveFindRpcMethods$0(GenericEndpoint.java:65)
	at org.eclipse.lsp4j.jsonrpc.services.GenericEndpoint.notify(GenericEndpoint.java:160)
	at org.eclipse.lsp4j.jsonrpc.RemoteEndpoint.handleNotification(RemoteEndpoint.java:231)
	at org.eclipse.lsp4j.jsonrpc.RemoteEndpoint.consume(RemoteEndpoint.java:198)
	at org.eclipse.lsp4j.jsonrpc.json.StreamMessageProducer.handleMessage(StreamMessageProducer.java:185)
	at org.eclipse.lsp4j.jsonrpc.json.StreamMessageProducer.listen(StreamMessageProducer.java:97)
	at org.eclipse.lsp4j.jsonrpc.json.ConcurrentMessageProcessor.run(ConcurrentMessageProcessor.java:114)
	at java.base/java.util.concurrent.Executors$RunnableAdapter.call(Executors.java:539)
	at java.base/java.util.concurrent.FutureTask.run(FutureTask.java:264)
	at java.base/java.util.concurrent.ThreadPoolExecutor.runWorker(ThreadPoolExecutor.java:1136)
	at java.base/java.util.concurrent.ThreadPoolExecutor$Worker.run(ThreadPoolExecutor.java:635)
	at java.base/java.lang.Thread.run(Thread.java:840)

Dec 12, 2025 7:07:28 AM org.eclipse.lsp4j.jsonrpc.RemoteEndpoint handleNotification
WARNING: Notification threw an exception: {
  "jsonrpc": "2.0",
  "method": "metals/didFocusTextDocument",
  "params": [
    "git:/root/onnx_spinal_project_new/hw/spinal/FloatingPoint/Fpxx2AFixTester.scala?%7B%22path%22%3A%22%2Froot%2Fonnx_spinal_project_new%2Fhw%2Fspinal%2FFloatingPoint%2FFpxx2AFixTester.scala%22%2C%22ref%22%3A%22cd21a34716855ff9062a050eadf9db93f09b7287%22%7D"
  ]
}
java.nio.file.FileSystemNotFoundException: Provider "git" not installed
	at java.base/java.nio.file.Path.of(Path.java:212)
	at java.base/java.nio.file.Paths.get(Paths.java:98)
	at scala.meta.internal.mtags.MtagsEnrichments$XtensionURIMtags.toAbsolutePath(MtagsEnrichments.scala:149)
	at scala.meta.internal.mtags.MtagsEnrichments$XtensionStringMtags.toAbsolutePath(MtagsEnrichments.scala:209)
	at scala.meta.internal.metals.MetalsEnrichments$XtensionString.toAbsolutePath(MetalsEnrichments.scala:778)
	at scala.meta.internal.metals.MetalsEnrichments$XtensionString.toAbsolutePath(MetalsEnrichments.scala:775)
	at scala.meta.internal.metals.WorkspaceLspService.didFocus(WorkspaceLspService.scala:789)
	at scala.meta.metals.lsp.DelegatingScalaService.didFocus(DelegatingScalaService.scala:42)
	at jdk.internal.reflect.GeneratedMethodAccessor11.invoke(Unknown Source)
	at java.base/jdk.internal.reflect.DelegatingMethodAccessorImpl.invoke(DelegatingMethodAccessorImpl.java:43)
	at java.base/java.lang.reflect.Method.invoke(Method.java:569)
	at org.eclipse.lsp4j.jsonrpc.services.GenericEndpoint.lambda$recursiveFindRpcMethods$0(GenericEndpoint.java:65)
	at org.eclipse.lsp4j.jsonrpc.services.GenericEndpoint.notify(GenericEndpoint.java:160)
	at org.eclipse.lsp4j.jsonrpc.RemoteEndpoint.handleNotification(RemoteEndpoint.java:231)
	at org.eclipse.lsp4j.jsonrpc.RemoteEndpoint.consume(RemoteEndpoint.java:198)
	at org.eclipse.lsp4j.jsonrpc.json.StreamMessageProducer.handleMessage(StreamMessageProducer.java:185)
	at org.eclipse.lsp4j.jsonrpc.json.StreamMessageProducer.listen(StreamMessageProducer.java:97)
	at org.eclipse.lsp4j.jsonrpc.json.ConcurrentMessageProcessor.run(ConcurrentMessageProcessor.java:114)
	at java.base/java.util.concurrent.Executors$RunnableAdapter.call(Executors.java:539)
	at java.base/java.util.concurrent.FutureTask.run(FutureTask.java:264)
	at java.base/java.util.concurrent.ThreadPoolExecutor.runWorker(ThreadPoolExecutor.java:1136)
	at java.base/java.util.concurrent.ThreadPoolExecutor$Worker.run(ThreadPoolExecutor.java:635)
	at java.base/java.lang.Thread.run(Thread.java:840)

Dec 12, 2025 7:07:32 AM org.eclipse.lsp4j.jsonrpc.RemoteEndpoint handleNotification
WARNING: Notification threw an exception: {
  "jsonrpc": "2.0",
  "method": "metals/didFocusTextDocument",
  "params": [
    "git:/root/onnx_spinal_project_new/hw/spinal/MatrixCacheInterface/InputMatrixCache.scala?%7B%22path%22%3A%22%2Froot%2Fonnx_spinal_project_new%2Fhw%2Fspinal%2FMatrixCacheInterface%2FInputMatrixCache.scala%22%2C%22ref%22%3A%22cd21a34716855ff9062a050eadf9db93f09b7287%22%7D"
  ]
}
java.nio.file.FileSystemNotFoundException: Provider "git" not installed
	at java.base/java.nio.file.Path.of(Path.java:212)
	at java.base/java.nio.file.Paths.get(Paths.java:98)
	at scala.meta.internal.mtags.MtagsEnrichments$XtensionURIMtags.toAbsolutePath(MtagsEnrichments.scala:149)
	at scala.meta.internal.mtags.MtagsEnrichments$XtensionStringMtags.toAbsolutePath(MtagsEnrichments.scala:209)
	at scala.meta.internal.metals.MetalsEnrichments$XtensionString.toAbsolutePath(MetalsEnrichments.scala:778)
	at scala.meta.internal.metals.MetalsEnrichments$XtensionString.toAbsolutePath(MetalsEnrichments.scala:775)
	at scala.meta.internal.metals.WorkspaceLspService.didFocus(WorkspaceLspService.scala:789)
	at scala.meta.metals.lsp.DelegatingScalaService.didFocus(DelegatingScalaService.scala:42)
	at jdk.internal.reflect.GeneratedMethodAccessor11.invoke(Unknown Source)
	at java.base/jdk.internal.reflect.DelegatingMethodAccessorImpl.invoke(DelegatingMethodAccessorImpl.java:43)
	at java.base/java.lang.reflect.Method.invoke(Method.java:569)
	at org.eclipse.lsp4j.jsonrpc.services.GenericEndpoint.lambda$recursiveFindRpcMethods$0(GenericEndpoint.java:65)
	at org.eclipse.lsp4j.jsonrpc.services.GenericEndpoint.notify(GenericEndpoint.java:160)
	at org.eclipse.lsp4j.jsonrpc.RemoteEndpoint.handleNotification(RemoteEndpoint.java:231)
	at org.eclipse.lsp4j.jsonrpc.RemoteEndpoint.consume(RemoteEndpoint.java:198)
	at org.eclipse.lsp4j.jsonrpc.json.StreamMessageProducer.handleMessage(StreamMessageProducer.java:185)
	at org.eclipse.lsp4j.jsonrpc.json.StreamMessageProducer.listen(StreamMessageProducer.java:97)
	at org.eclipse.lsp4j.jsonrpc.json.ConcurrentMessageProcessor.run(ConcurrentMessageProcessor.java:114)
	at java.base/java.util.concurrent.Executors$RunnableAdapter.call(Executors.java:539)
	at java.base/java.util.concurrent.FutureTask.run(FutureTask.java:264)
	at java.base/java.util.concurrent.ThreadPoolExecutor.runWorker(ThreadPoolExecutor.java:1136)
	at java.base/java.util.concurrent.ThreadPoolExecutor$Worker.run(ThreadPoolExecutor.java:635)
	at java.base/java.lang.Thread.run(Thread.java:840)

Dec 12, 2025 7:07:35 AM org.eclipse.lsp4j.jsonrpc.RemoteEndpoint handleNotification
WARNING: Notification threw an exception: {
  "jsonrpc": "2.0",
  "method": "metals/didFocusTextDocument",
  "params": [
    "git:/root/onnx_spinal_project_new/hw/spinal/MatrixCacheInterface/MatrixCache.scala?%7B%22path%22%3A%22%2Froot%2Fonnx_spinal_project_new%2Fhw%2Fspinal%2FMatrixCacheInterface%2FMatrixCache.scala%22%2C%22ref%22%3A%22cd21a34716855ff9062a050eadf9db93f09b7287%22%7D"
  ]
}
java.nio.file.FileSystemNotFoundException: Provider "git" not installed
	at java.base/java.nio.file.Path.of(Path.java:212)
	at java.base/java.nio.file.Paths.get(Paths.java:98)
	at scala.meta.internal.mtags.MtagsEnrichments$XtensionURIMtags.toAbsolutePath(MtagsEnrichments.scala:149)
	at scala.meta.internal.mtags.MtagsEnrichments$XtensionStringMtags.toAbsolutePath(MtagsEnrichments.scala:209)
	at scala.meta.internal.metals.MetalsEnrichments$XtensionString.toAbsolutePath(MetalsEnrichments.scala:778)
	at scala.meta.internal.metals.MetalsEnrichments$XtensionString.toAbsolutePath(MetalsEnrichments.scala:775)
	at scala.meta.internal.metals.WorkspaceLspService.didFocus(WorkspaceLspService.scala:789)
	at scala.meta.metals.lsp.DelegatingScalaService.didFocus(DelegatingScalaService.scala:42)
	at jdk.internal.reflect.GeneratedMethodAccessor11.invoke(Unknown Source)
	at java.base/jdk.internal.reflect.DelegatingMethodAccessorImpl.invoke(DelegatingMethodAccessorImpl.java:43)
	at java.base/java.lang.reflect.Method.invoke(Method.java:569)
	at org.eclipse.lsp4j.jsonrpc.services.GenericEndpoint.lambda$recursiveFindRpcMethods$0(GenericEndpoint.java:65)
	at org.eclipse.lsp4j.jsonrpc.services.GenericEndpoint.notify(GenericEndpoint.java:160)
	at org.eclipse.lsp4j.jsonrpc.RemoteEndpoint.handleNotification(RemoteEndpoint.java:231)
	at org.eclipse.lsp4j.jsonrpc.RemoteEndpoint.consume(RemoteEndpoint.java:198)
	at org.eclipse.lsp4j.jsonrpc.json.StreamMessageProducer.handleMessage(StreamMessageProducer.java:185)
	at org.eclipse.lsp4j.jsonrpc.json.StreamMessageProducer.listen(StreamMessageProducer.java:97)
	at org.eclipse.lsp4j.jsonrpc.json.ConcurrentMessageProcessor.run(ConcurrentMessageProcessor.java:114)
	at java.base/java.util.concurrent.Executors$RunnableAdapter.call(Executors.java:539)
	at java.base/java.util.concurrent.FutureTask.run(FutureTask.java:264)
	at java.base/java.util.concurrent.ThreadPoolExecutor.runWorker(ThreadPoolExecutor.java:1136)
	at java.base/java.util.concurrent.ThreadPoolExecutor$Worker.run(ThreadPoolExecutor.java:635)
	at java.base/java.lang.Thread.run(Thread.java:840)

Dec 12, 2025 7:07:39 AM org.eclipse.lsp4j.jsonrpc.RemoteEndpoint handleNotification
WARNING: Notification threw an exception: {
  "jsonrpc": "2.0",
  "method": "metals/didFocusTextDocument",
  "params": [
    "git:/root/onnx_spinal_project_new/hw/spinal/MatrixCacheInterface/OutputMatrixCache.scala?%7B%22path%22%3A%22%2Froot%2Fonnx_spinal_project_new%2Fhw%2Fspinal%2FMatrixCacheInterface%2FOutputMatrixCache.scala%22%2C%22ref%22%3A%22cd21a34716855ff9062a050eadf9db93f09b7287%22%7D"
  ]
}
java.nio.file.FileSystemNotFoundException: Provider "git" not installed
	at java.base/java.nio.file.Path.of(Path.java:212)
	at java.base/java.nio.file.Paths.get(Paths.java:98)
	at scala.meta.internal.mtags.MtagsEnrichments$XtensionURIMtags.toAbsolutePath(MtagsEnrichments.scala:149)
	at scala.meta.internal.mtags.MtagsEnrichments$XtensionStringMtags.toAbsolutePath(MtagsEnrichments.scala:209)
	at scala.meta.internal.metals.MetalsEnrichments$XtensionString.toAbsolutePath(MetalsEnrichments.scala:778)
	at scala.meta.internal.metals.MetalsEnrichments$XtensionString.toAbsolutePath(MetalsEnrichments.scala:775)
	at scala.meta.internal.metals.WorkspaceLspService.didFocus(WorkspaceLspService.scala:789)
	at scala.meta.metals.lsp.DelegatingScalaService.didFocus(DelegatingScalaService.scala:42)
	at jdk.internal.reflect.GeneratedMethodAccessor11.invoke(Unknown Source)
	at java.base/jdk.internal.reflect.DelegatingMethodAccessorImpl.invoke(DelegatingMethodAccessorImpl.java:43)
	at java.base/java.lang.reflect.Method.invoke(Method.java:569)
	at org.eclipse.lsp4j.jsonrpc.services.GenericEndpoint.lambda$recursiveFindRpcMethods$0(GenericEndpoint.java:65)
	at org.eclipse.lsp4j.jsonrpc.services.GenericEndpoint.notify(GenericEndpoint.java:160)
	at org.eclipse.lsp4j.jsonrpc.RemoteEndpoint.handleNotification(RemoteEndpoint.java:231)
	at org.eclipse.lsp4j.jsonrpc.RemoteEndpoint.consume(RemoteEndpoint.java:198)
	at org.eclipse.lsp4j.jsonrpc.json.StreamMessageProducer.handleMessage(StreamMessageProducer.java:185)
	at org.eclipse.lsp4j.jsonrpc.json.StreamMessageProducer.listen(StreamMessageProducer.java:97)
	at org.eclipse.lsp4j.jsonrpc.json.ConcurrentMessageProcessor.run(ConcurrentMessageProcessor.java:114)
	at java.base/java.util.concurrent.Executors$RunnableAdapter.call(Executors.java:539)
	at java.base/java.util.concurrent.FutureTask.run(FutureTask.java:264)
	at java.base/java.util.concurrent.ThreadPoolExecutor.runWorker(ThreadPoolExecutor.java:1136)
	at java.base/java.util.concurrent.ThreadPoolExecutor$Worker.run(ThreadPoolExecutor.java:635)
	at java.base/java.lang.Thread.run(Thread.java:840)

2025.12.12 07:10:55 INFO  running '/root/.local/share/coursier/bin/sbt -Dbloop.export-jar-classifiers=sources bloopInstall'
2025.12.12 07:10:56 INFO  [info] welcome to sbt 1.6.0 (Red Hat, Inc. Java 17.0.14)
2025.12.12 07:10:56 INFO  [info] loading settings for project onnx_spinal_project_new-build-build-build from metals.sbt ...
2025.12.12 07:10:58 INFO  [info] loading project definition from /root/onnx_spinal_project_new/project/project/project
2025.12.12 07:10:58 INFO  [info] loading settings for project onnx_spinal_project_new-build-build from metals.sbt ...
2025.12.12 07:10:58 INFO  [info] loading project definition from /root/onnx_spinal_project_new/project/project
2025.12.12 07:11:00 INFO  [success] Generated .bloop/onnx_spinal_project_new-build-build.json
2025.12.12 07:11:00 INFO  [success] Total time: 1 s, completed Dec 12, 2025, 7:11:00 AM
2025.12.12 07:11:00 INFO  [info] loading settings for project onnx_spinal_project_new-build from metals.sbt,plugins.sbt ...
2025.12.12 07:11:00 INFO  [info] loading project definition from /root/onnx_spinal_project_new/project
2025.12.12 07:11:00 INFO  [success] Generated .bloop/onnx_spinal_project_new-build.json
2025.12.12 07:11:00 INFO  [success] Total time: 0 s, completed Dec 12, 2025, 7:11:00 AM
2025.12.12 07:11:00 INFO  [info] loading settings for project Onnx_SpinalHDL from build.sbt ...
2025.12.12 07:11:01 INFO  [info] set current project to Onnx_SpinalHDL (in build file:/root/onnx_spinal_project_new/)
2025.12.12 07:11:01 INFO  [success] Generated .bloop/Onnx_SpinalHDL-test.json
2025.12.12 07:11:01 INFO  [success] Generated .bloop/Onnx_SpinalHDL.json
2025.12.12 07:11:01 INFO  [success] Total time: 0 s, completed Dec 12, 2025, 7:11:01 AM
2025.12.12 07:11:02 INFO  time: ran 'sbt bloopInstall' in 6.79s
2025.12.12 07:11:02 INFO  Disconnecting from Bloop session...
2025.12.12 07:11:02 INFO  Shut down connection with build server.
2025.12.12 07:11:02 INFO  Shut down connection with build server.
2025.12.12 07:11:02 INFO  Shut down connection with build server.
2025.12.12 07:11:02 INFO  Attempting to connect to the build server...
2025.12.12 07:11:02 INFO  Found a Bloop server running
2025.12.12 07:11:02 INFO  tracing is disabled for protocol BSP, to enable tracing of incoming and outgoing JSON messages create an empty file at /root/onnx_spinal_project_new/.metals/bsp.trace.json or /root/.cache/metals/bsp.trace.json
2025.12.12 07:11:02 INFO  Attempting to connect to the build server...
2025.12.12 07:11:02 INFO  Found a Bloop server running
2025.12.12 07:11:02 INFO  Attempting to connect to the build server...
2025.12.12 07:11:02 INFO  Found a Bloop server running
2025.12.12 07:11:02 INFO  tracing is disabled for protocol BSP, to enable tracing of incoming and outgoing JSON messages create an empty file at /root/onnx_spinal_project_new/project/project/.metals/bsp.trace.json or /root/.cache/metals/bsp.trace.json
2025.12.12 07:11:02 INFO  tracing is disabled for protocol BSP, to enable tracing of incoming and outgoing JSON messages create an empty file at /root/onnx_spinal_project_new/project/.metals/bsp.trace.json or /root/.cache/metals/bsp.trace.json
2025.12.12 07:11:02 INFO  time: Connected to build server in 0.24s
2025.12.12 07:11:02 INFO  Connected to Build server: Bloop v2.0.17
2025.12.12 07:11:04 INFO  QDox parse error in file:///root/onnx_spinal_project_new/sw/java/test/java/org/forwarder/backend/impls/dl4j/opsets/aiOnnx/v13/ops/DL4JCastV13Test.java (full report at: "/root/onnx_spinal_project_new/.metals/.reports/metals-full/2025-12-01/r_qdox-error_(Onnx_5fSpinalHDL-test)_13-08-59-057.md")
2025.12.12 07:11:04 WARN  Could not find java sources in /usr/lib/jvm/src.zip, /usr/lib/jvm/lib/src.zip, /usr/lib/jvm/java-17-openjdk/src.zip, /usr/lib/jvm/java-17-openjdk/lib/src.zip, /usr/lib/jvm/src.zip, /usr/lib/jvm/lib/src.zip, /usr/lib/jvm/java-17-openjdk-17.0.14.0.7-2.el9.x86_64/src.zip, /usr/lib/jvm/java-17-openjdk-17.0.14.0.7-2.el9.x86_64/lib/src.zip. Java symbols will not be available.
2025.12.12 07:11:04 INFO  time: indexed workspace in 2.65s
2025.12.12 07:11:05 INFO  compiling onnx_spinalhdl (2 scala sources)
2025.12.12 07:11:05 INFO  time: compiled Onnx_SpinalHDL in 0.49s
2025.12.12 07:23:08 INFO  running '/root/.local/share/coursier/bin/sbt -Dbloop.export-jar-classifiers=sources bloopInstall'
2025.12.12 07:23:10 INFO  [info] welcome to sbt 1.6.0 (Red Hat, Inc. Java 17.0.14)
2025.12.12 07:23:10 INFO  [info] loading settings for project onnx_spinal_project_new-build-build-build from metals.sbt ...
2025.12.12 07:23:11 INFO  [info] loading project definition from /root/onnx_spinal_project_new/project/project/project
2025.12.12 07:23:11 INFO  [info] loading settings for project onnx_spinal_project_new-build-build from metals.sbt ...
2025.12.12 07:23:11 INFO  [info] loading project definition from /root/onnx_spinal_project_new/project/project
2025.12.12 07:23:13 INFO  [success] Generated .bloop/onnx_spinal_project_new-build-build.json
2025.12.12 07:23:13 INFO  [success] Total time: 1 s, completed Dec 12, 2025, 7:23:13 AM
2025.12.12 07:23:13 INFO  [info] loading settings for project onnx_spinal_project_new-build from metals.sbt,plugins.sbt ...
2025.12.12 07:23:13 INFO  [info] loading project definition from /root/onnx_spinal_project_new/project
2025.12.12 07:23:13 INFO  [success] Generated .bloop/onnx_spinal_project_new-build.json
2025.12.12 07:23:13 INFO  [success] Total time: 0 s, completed Dec 12, 2025, 7:23:14 AM
2025.12.12 07:23:13 INFO  [info] loading settings for project Onnx_SpinalHDL from build.sbt ...
2025.12.12 07:23:14 INFO  [info] set current project to Onnx_SpinalHDL (in build file:/root/onnx_spinal_project_new/)
2025.12.12 07:23:14 INFO  [success] Generated .bloop/Onnx_SpinalHDL.json
2025.12.12 07:23:14 INFO  [success] Generated .bloop/Onnx_SpinalHDL-test.json
2025.12.12 07:23:14 INFO  [success] Total time: 0 s, completed Dec 12, 2025, 7:23:15 AM
2025.12.12 07:23:15 INFO  time: ran 'sbt bloopInstall' in 6.62s
2025.12.12 07:23:15 INFO  Disconnecting from Bloop session...
2025.12.12 07:23:15 INFO  Shut down connection with build server.
2025.12.12 07:23:15 INFO  Shut down connection with build server.
2025.12.12 07:23:15 INFO  Shut down connection with build server.
2025.12.12 07:23:15 INFO  Attempting to connect to the build server...
2025.12.12 07:23:15 INFO  Found a Bloop server running
2025.12.12 07:23:15 INFO  tracing is disabled for protocol BSP, to enable tracing of incoming and outgoing JSON messages create an empty file at /root/onnx_spinal_project_new/.metals/bsp.trace.json or /root/.cache/metals/bsp.trace.json
2025.12.12 07:23:15 INFO  Attempting to connect to the build server...
2025.12.12 07:23:15 INFO  Found a Bloop server running
2025.12.12 07:23:15 INFO  Attempting to connect to the build server...
2025.12.12 07:23:15 INFO  Found a Bloop server running
2025.12.12 07:23:15 INFO  tracing is disabled for protocol BSP, to enable tracing of incoming and outgoing JSON messages create an empty file at /root/onnx_spinal_project_new/project/project/.metals/bsp.trace.json or /root/.cache/metals/bsp.trace.json
2025.12.12 07:23:15 INFO  tracing is disabled for protocol BSP, to enable tracing of incoming and outgoing JSON messages create an empty file at /root/onnx_spinal_project_new/project/.metals/bsp.trace.json or /root/.cache/metals/bsp.trace.json
2025.12.12 07:23:15 INFO  time: Connected to build server in 0.23s
2025.12.12 07:23:15 INFO  Connected to Build server: Bloop v2.0.17
2025.12.12 07:23:17 INFO  QDox parse error in file:///root/onnx_spinal_project_new/sw/java/test/java/org/forwarder/backend/impls/dl4j/opsets/aiOnnx/v13/ops/DL4JCastV13Test.java (full report at: "/root/onnx_spinal_project_new/.metals/.reports/metals-full/2025-12-01/r_qdox-error_(Onnx_5fSpinalHDL-test)_13-08-59-057.md")
2025.12.12 07:23:17 WARN  Could not find java sources in /usr/lib/jvm/src.zip, /usr/lib/jvm/lib/src.zip, /usr/lib/jvm/java-17-openjdk/src.zip, /usr/lib/jvm/java-17-openjdk/lib/src.zip, /usr/lib/jvm/src.zip, /usr/lib/jvm/lib/src.zip, /usr/lib/jvm/java-17-openjdk-17.0.14.0.7-2.el9.x86_64/src.zip, /usr/lib/jvm/java-17-openjdk-17.0.14.0.7-2.el9.x86_64/lib/src.zip. Java symbols will not be available.
2025.12.12 07:23:17 INFO  time: indexed workspace in 2.11s
2025.12.12 07:23:18 INFO  compiling onnx_spinalhdl (2 scala sources)
2025.12.12 07:23:18 INFO  time: compiled Onnx_SpinalHDL in 0.38s
2025.12.13 09:39:06 INFO  compiling onnx_spinalhdl (5 scala sources)
2025.12.13 09:39:09 INFO  time: compiled Onnx_SpinalHDL in 2.12s
2025.12.13 09:39:09 INFO  compiling onnx_spinalhdl (5 scala sources)
2025.12.13 09:39:10 INFO  time: compiled Onnx_SpinalHDL in 1.38s
2025.12.13 09:39:12 WARN  Could not load snapshot text for /root/onnx_spinal_project_new/hw/spinal/Tiling/tb_Slicer.scala
Dec 13, 2025 9:39:25 AM org.eclipse.lsp4j.jsonrpc.RemoteEndpoint handleNotification
WARNING: Notification threw an exception: {
  "jsonrpc": "2.0",
  "method": "metals/didFocusTextDocument",
  "params": [
    "vscode-local:/c%3A/accelerator_projects/hw_spinal/validation/hw/Slicer.scala"
  ]
}
java.nio.file.FileSystemNotFoundException: Provider "vscode-local" not installed
	at java.base/java.nio.file.Path.of(Path.java:212)
	at java.base/java.nio.file.Paths.get(Paths.java:98)
	at scala.meta.internal.mtags.MtagsEnrichments$XtensionURIMtags.toAbsolutePath(MtagsEnrichments.scala:149)
	at scala.meta.internal.mtags.MtagsEnrichments$XtensionStringMtags.toAbsolutePath(MtagsEnrichments.scala:209)
	at scala.meta.internal.metals.MetalsEnrichments$XtensionString.toAbsolutePath(MetalsEnrichments.scala:778)
	at scala.meta.internal.metals.MetalsEnrichments$XtensionString.toAbsolutePath(MetalsEnrichments.scala:775)
	at scala.meta.internal.metals.WorkspaceLspService.didFocus(WorkspaceLspService.scala:789)
	at scala.meta.metals.lsp.DelegatingScalaService.didFocus(DelegatingScalaService.scala:42)
	at jdk.internal.reflect.GeneratedMethodAccessor11.invoke(Unknown Source)
	at java.base/jdk.internal.reflect.DelegatingMethodAccessorImpl.invoke(DelegatingMethodAccessorImpl.java:43)
	at java.base/java.lang.reflect.Method.invoke(Method.java:569)
	at org.eclipse.lsp4j.jsonrpc.services.GenericEndpoint.lambda$recursiveFindRpcMethods$0(GenericEndpoint.java:65)
	at org.eclipse.lsp4j.jsonrpc.services.GenericEndpoint.notify(GenericEndpoint.java:160)
	at org.eclipse.lsp4j.jsonrpc.RemoteEndpoint.handleNotification(RemoteEndpoint.java:231)
	at org.eclipse.lsp4j.jsonrpc.RemoteEndpoint.consume(RemoteEndpoint.java:198)
	at org.eclipse.lsp4j.jsonrpc.json.StreamMessageProducer.handleMessage(StreamMessageProducer.java:185)
	at org.eclipse.lsp4j.jsonrpc.json.StreamMessageProducer.listen(StreamMessageProducer.java:97)
	at org.eclipse.lsp4j.jsonrpc.json.ConcurrentMessageProcessor.run(ConcurrentMessageProcessor.java:114)
	at java.base/java.util.concurrent.Executors$RunnableAdapter.call(Executors.java:539)
	at java.base/java.util.concurrent.FutureTask.run(FutureTask.java:264)
	at java.base/java.util.concurrent.ThreadPoolExecutor.runWorker(ThreadPoolExecutor.java:1136)
	at java.base/java.util.concurrent.ThreadPoolExecutor$Worker.run(ThreadPoolExecutor.java:635)
	at java.base/java.lang.Thread.run(Thread.java:840)

2025.12.13 09:39:55 WARN  Could not load snapshot text for /root/onnx_spinal_project_new/hw/spinal/Tiling/tb_Slicer.scala
Dec 13, 2025 11:26:17 AM org.eclipse.lsp4j.jsonrpc.RemoteEndpoint handleNotification
WARNING: Notification threw an exception: {
  "jsonrpc": "2.0",
  "method": "metals/didFocusTextDocument",
  "params": [
    "vscode-local:/c%3A/accelerator_projects/hw_spinal/validation/wrapper/Slicer.scala"
  ]
}
java.nio.file.FileSystemNotFoundException: Provider "vscode-local" not installed
	at java.base/java.nio.file.Path.of(Path.java:212)
	at java.base/java.nio.file.Paths.get(Paths.java:98)
	at scala.meta.internal.mtags.MtagsEnrichments$XtensionURIMtags.toAbsolutePath(MtagsEnrichments.scala:149)
	at scala.meta.internal.mtags.MtagsEnrichments$XtensionStringMtags.toAbsolutePath(MtagsEnrichments.scala:209)
	at scala.meta.internal.metals.MetalsEnrichments$XtensionString.toAbsolutePath(MetalsEnrichments.scala:778)
	at scala.meta.internal.metals.MetalsEnrichments$XtensionString.toAbsolutePath(MetalsEnrichments.scala:775)
	at scala.meta.internal.metals.WorkspaceLspService.didFocus(WorkspaceLspService.scala:789)
	at scala.meta.metals.lsp.DelegatingScalaService.didFocus(DelegatingScalaService.scala:42)
	at jdk.internal.reflect.GeneratedMethodAccessor11.invoke(Unknown Source)
	at java.base/jdk.internal.reflect.DelegatingMethodAccessorImpl.invoke(DelegatingMethodAccessorImpl.java:43)
	at java.base/java.lang.reflect.Method.invoke(Method.java:569)
	at org.eclipse.lsp4j.jsonrpc.services.GenericEndpoint.lambda$recursiveFindRpcMethods$0(GenericEndpoint.java:65)
	at org.eclipse.lsp4j.jsonrpc.services.GenericEndpoint.notify(GenericEndpoint.java:160)
	at org.eclipse.lsp4j.jsonrpc.RemoteEndpoint.handleNotification(RemoteEndpoint.java:231)
	at org.eclipse.lsp4j.jsonrpc.RemoteEndpoint.consume(RemoteEndpoint.java:198)
	at org.eclipse.lsp4j.jsonrpc.json.StreamMessageProducer.handleMessage(StreamMessageProducer.java:185)
	at org.eclipse.lsp4j.jsonrpc.json.StreamMessageProducer.listen(StreamMessageProducer.java:97)
	at org.eclipse.lsp4j.jsonrpc.json.ConcurrentMessageProcessor.run(ConcurrentMessageProcessor.java:114)
	at java.base/java.util.concurrent.Executors$RunnableAdapter.call(Executors.java:539)
	at java.base/java.util.concurrent.FutureTask.run(FutureTask.java:264)
	at java.base/java.util.concurrent.ThreadPoolExecutor.runWorker(ThreadPoolExecutor.java:1136)
	at java.base/java.util.concurrent.ThreadPoolExecutor$Worker.run(ThreadPoolExecutor.java:635)
	at java.base/java.lang.Thread.run(Thread.java:840)

Dec 13, 2025 11:26:26 AM org.eclipse.lsp4j.jsonrpc.RemoteEndpoint handleNotification
WARNING: Notification threw an exception: {
  "jsonrpc": "2.0",
  "method": "metals/didFocusTextDocument",
  "params": [
    "vscode-local:/c%3A/accelerator_projects/hw_spinal/validation/wrapper/Interface.scala"
  ]
}
java.nio.file.FileSystemNotFoundException: Provider "vscode-local" not installed
	at java.base/java.nio.file.Path.of(Path.java:212)
	at java.base/java.nio.file.Paths.get(Paths.java:98)
	at scala.meta.internal.mtags.MtagsEnrichments$XtensionURIMtags.toAbsolutePath(MtagsEnrichments.scala:149)
	at scala.meta.internal.mtags.MtagsEnrichments$XtensionStringMtags.toAbsolutePath(MtagsEnrichments.scala:209)
	at scala.meta.internal.metals.MetalsEnrichments$XtensionString.toAbsolutePath(MetalsEnrichments.scala:778)
	at scala.meta.internal.metals.MetalsEnrichments$XtensionString.toAbsolutePath(MetalsEnrichments.scala:775)
	at scala.meta.internal.metals.WorkspaceLspService.didFocus(WorkspaceLspService.scala:789)
	at scala.meta.metals.lsp.DelegatingScalaService.didFocus(DelegatingScalaService.scala:42)
	at jdk.internal.reflect.GeneratedMethodAccessor11.invoke(Unknown Source)
	at java.base/jdk.internal.reflect.DelegatingMethodAccessorImpl.invoke(DelegatingMethodAccessorImpl.java:43)
	at java.base/java.lang.reflect.Method.invoke(Method.java:569)
	at org.eclipse.lsp4j.jsonrpc.services.GenericEndpoint.lambda$recursiveFindRpcMethods$0(GenericEndpoint.java:65)
	at org.eclipse.lsp4j.jsonrpc.services.GenericEndpoint.notify(GenericEndpoint.java:160)
	at org.eclipse.lsp4j.jsonrpc.RemoteEndpoint.handleNotification(RemoteEndpoint.java:231)
	at org.eclipse.lsp4j.jsonrpc.RemoteEndpoint.consume(RemoteEndpoint.java:198)
	at org.eclipse.lsp4j.jsonrpc.json.StreamMessageProducer.handleMessage(StreamMessageProducer.java:185)
	at org.eclipse.lsp4j.jsonrpc.json.StreamMessageProducer.listen(StreamMessageProducer.java:97)
	at org.eclipse.lsp4j.jsonrpc.json.ConcurrentMessageProcessor.run(ConcurrentMessageProcessor.java:114)
	at java.base/java.util.concurrent.Executors$RunnableAdapter.call(Executors.java:539)
	at java.base/java.util.concurrent.FutureTask.run(FutureTask.java:264)
	at java.base/java.util.concurrent.ThreadPoolExecutor.runWorker(ThreadPoolExecutor.java:1136)
	at java.base/java.util.concurrent.ThreadPoolExecutor$Worker.run(ThreadPoolExecutor.java:635)
	at java.base/java.lang.Thread.run(Thread.java:840)

Dec 13, 2025 11:29:05 AM org.eclipse.lsp4j.jsonrpc.RemoteEndpoint handleNotification
WARNING: Notification threw an exception: {
  "jsonrpc": "2.0",
  "method": "metals/didFocusTextDocument",
  "params": [
    "vscode-local:/c%3A/accelerator_projects/hw_spinal/validation/wrapper/Interface.scala"
  ]
}
java.nio.file.FileSystemNotFoundException: Provider "vscode-local" not installed
	at java.base/java.nio.file.Path.of(Path.java:212)
	at java.base/java.nio.file.Paths.get(Paths.java:98)
	at scala.meta.internal.mtags.MtagsEnrichments$XtensionURIMtags.toAbsolutePath(MtagsEnrichments.scala:149)
	at scala.meta.internal.mtags.MtagsEnrichments$XtensionStringMtags.toAbsolutePath(MtagsEnrichments.scala:209)
	at scala.meta.internal.metals.MetalsEnrichments$XtensionString.toAbsolutePath(MetalsEnrichments.scala:778)
	at scala.meta.internal.metals.MetalsEnrichments$XtensionString.toAbsolutePath(MetalsEnrichments.scala:775)
	at scala.meta.internal.metals.WorkspaceLspService.didFocus(WorkspaceLspService.scala:789)
	at scala.meta.metals.lsp.DelegatingScalaService.didFocus(DelegatingScalaService.scala:42)
	at jdk.internal.reflect.GeneratedMethodAccessor11.invoke(Unknown Source)
	at java.base/jdk.internal.reflect.DelegatingMethodAccessorImpl.invoke(DelegatingMethodAccessorImpl.java:43)
	at java.base/java.lang.reflect.Method.invoke(Method.java:569)
	at org.eclipse.lsp4j.jsonrpc.services.GenericEndpoint.lambda$recursiveFindRpcMethods$0(GenericEndpoint.java:65)
	at org.eclipse.lsp4j.jsonrpc.services.GenericEndpoint.notify(GenericEndpoint.java:160)
	at org.eclipse.lsp4j.jsonrpc.RemoteEndpoint.handleNotification(RemoteEndpoint.java:231)
	at org.eclipse.lsp4j.jsonrpc.RemoteEndpoint.consume(RemoteEndpoint.java:198)
	at org.eclipse.lsp4j.jsonrpc.json.StreamMessageProducer.handleMessage(StreamMessageProducer.java:185)
	at org.eclipse.lsp4j.jsonrpc.json.StreamMessageProducer.listen(StreamMessageProducer.java:97)
	at org.eclipse.lsp4j.jsonrpc.json.ConcurrentMessageProcessor.run(ConcurrentMessageProcessor.java:114)
	at java.base/java.util.concurrent.Executors$RunnableAdapter.call(Executors.java:539)
	at java.base/java.util.concurrent.FutureTask.run(FutureTask.java:264)
	at java.base/java.util.concurrent.ThreadPoolExecutor.runWorker(ThreadPoolExecutor.java:1136)
	at java.base/java.util.concurrent.ThreadPoolExecutor$Worker.run(ThreadPoolExecutor.java:635)
	at java.base/java.lang.Thread.run(Thread.java:840)

Dec 13, 2025 11:33:08 AM org.eclipse.lsp4j.jsonrpc.RemoteEndpoint handleNotification
WARNING: Notification threw an exception: {
  "jsonrpc": "2.0",
  "method": "metals/didFocusTextDocument",
  "params": [
    "vscode-local:/c%3A/accelerator_projects/hw_spinal/validation/wrapper/Accelerator.scala"
  ]
}
java.nio.file.FileSystemNotFoundException: Provider "vscode-local" not installed
	at java.base/java.nio.file.Path.of(Path.java:212)
	at java.base/java.nio.file.Paths.get(Paths.java:98)
	at scala.meta.internal.mtags.MtagsEnrichments$XtensionURIMtags.toAbsolutePath(MtagsEnrichments.scala:149)
	at scala.meta.internal.mtags.MtagsEnrichments$XtensionStringMtags.toAbsolutePath(MtagsEnrichments.scala:209)
	at scala.meta.internal.metals.MetalsEnrichments$XtensionString.toAbsolutePath(MetalsEnrichments.scala:778)
	at scala.meta.internal.metals.MetalsEnrichments$XtensionString.toAbsolutePath(MetalsEnrichments.scala:775)
	at scala.meta.internal.metals.WorkspaceLspService.didFocus(WorkspaceLspService.scala:789)
	at scala.meta.metals.lsp.DelegatingScalaService.didFocus(DelegatingScalaService.scala:42)
	at jdk.internal.reflect.GeneratedMethodAccessor11.invoke(Unknown Source)
	at java.base/jdk.internal.reflect.DelegatingMethodAccessorImpl.invoke(DelegatingMethodAccessorImpl.java:43)
	at java.base/java.lang.reflect.Method.invoke(Method.java:569)
	at org.eclipse.lsp4j.jsonrpc.services.GenericEndpoint.lambda$recursiveFindRpcMethods$0(GenericEndpoint.java:65)
	at org.eclipse.lsp4j.jsonrpc.services.GenericEndpoint.notify(GenericEndpoint.java:160)
	at org.eclipse.lsp4j.jsonrpc.RemoteEndpoint.handleNotification(RemoteEndpoint.java:231)
	at org.eclipse.lsp4j.jsonrpc.RemoteEndpoint.consume(RemoteEndpoint.java:198)
	at org.eclipse.lsp4j.jsonrpc.json.StreamMessageProducer.handleMessage(StreamMessageProducer.java:185)
	at org.eclipse.lsp4j.jsonrpc.json.StreamMessageProducer.listen(StreamMessageProducer.java:97)
	at org.eclipse.lsp4j.jsonrpc.json.ConcurrentMessageProcessor.run(ConcurrentMessageProcessor.java:114)
	at java.base/java.util.concurrent.Executors$RunnableAdapter.call(Executors.java:539)
	at java.base/java.util.concurrent.FutureTask.run(FutureTask.java:264)
	at java.base/java.util.concurrent.ThreadPoolExecutor.runWorker(ThreadPoolExecutor.java:1136)
	at java.base/java.util.concurrent.ThreadPoolExecutor$Worker.run(ThreadPoolExecutor.java:635)
	at java.base/java.lang.Thread.run(Thread.java:840)

2025.12.13 11:44:40 WARN  Could not load snapshot text for /root/onnx_spinal_project_new/hw/spinal/Tiling/tb_Slicer.scala
2025.12.13 11:45:00 WARN  Could not load snapshot text for /root/onnx_spinal_project_new/hw/spinal/Tiling/tb_Slicer.scala
2025.12.13 11:45:01 WARN  Could not load snapshot text for /root/onnx_spinal_project_new/hw/spinal/Tiling/tb_Slicer.scala
2025.12.13 11:45:01 WARN  Could not load snapshot text for /root/onnx_spinal_project_new/hw/spinal/Tiling/tb_Slicer.scala
2025.12.13 11:45:01 INFO  Created report: Optional[file:///root/onnx_spinal_project_new/hw/spinal/Tiling/tb_Slicer.scala]
2025.12.13 11:45:01 INFO  empty definition using pc, found symbol in pc:  (full report at: "/root/onnx_spinal_project_new/.metals/.reports/metals-full/2025-12-13/r_empty-definition_(Onnx_5fSpinalHDL)_11-45-02-106.md")
2025.12.13 11:45:01 WARN  Could not load snapshot text for /root/onnx_spinal_project_new/hw/spinal/Tiling/tb_Slicer.scala
2025.12.13 11:45:02 WARN  Could not load snapshot text for /root/onnx_spinal_project_new/hw/spinal/Tiling/tb_Slicer.scala
2025.12.13 11:45:02 INFO  empty definition using pc, found symbol in pc:  (full report at: "/root/onnx_spinal_project_new/.metals/.reports/metals-full/2025-12-13/r_empty-definition_(Onnx_5fSpinalHDL)_11-45-02-106.md")
2025.12.13 11:45:04 WARN  Could not load snapshot text for /root/onnx_spinal_project_new/hw/spinal/Tiling/tb_Slicer.scala
2025.12.13 11:45:15 WARN  Could not load snapshot text for /root/onnx_spinal_project_new/hw/spinal/Tiling/tb_Slicer.scala
2025.12.13 11:45:15 WARN  Could not load snapshot text for /root/onnx_spinal_project_new/hw/spinal/Tiling/tb_Slicer.scala
2025.12.13 11:45:15 WARN  Could not load snapshot text for /root/onnx_spinal_project_new/hw/spinal/Tiling/tb_Slicer.scala
2025.12.13 11:45:15 WARN  Could not load snapshot text for /root/onnx_spinal_project_new/hw/spinal/Tiling/tb_Slicer.scala
2025.12.13 11:45:15 INFO  compiling onnx_spinalhdl (5 scala sources)
2025.12.13 11:45:18 INFO  running '/root/.local/share/coursier/bin/sbt -Dbloop.export-jar-classifiers=sources bloopInstall'
2025.12.13 11:45:20 INFO  [info] welcome to sbt 1.6.0 (Red Hat, Inc. Java 17.0.14)
2025.12.13 11:45:20 INFO  time: compiled Onnx_SpinalHDL in 4.77s
2025.12.13 11:45:20 INFO  compiling onnx_spinalhdl (7 scala sources)
2025.12.13 11:45:20 INFO  [info] loading settings for project onnx_spinal_project_new-build-build-build from metals.sbt ...
2025.12.13 11:45:20 INFO  time: compiled Onnx_SpinalHDL in 0.94s
2025.12.13 11:45:21 INFO  [info] loading project definition from /root/onnx_spinal_project_new/project/project/project
2025.12.13 11:45:21 WARN  Could not load snapshot text for /root/onnx_spinal_project_new/hw/spinal/Tiling/tb_Slicer.scala
2025.12.13 11:45:21 INFO  [info] loading settings for project onnx_spinal_project_new-build-build from metals.sbt ...
2025.12.13 11:45:21 INFO  [info] loading project definition from /root/onnx_spinal_project_new/project/project
2025.12.13 11:45:23 INFO  [success] Generated .bloop/onnx_spinal_project_new-build-build.json
2025.12.13 11:45:23 INFO  [success] Total time: 1 s, completed Dec 13, 2025, 11:45:23 AM
2025.12.13 11:45:23 INFO  [info] loading settings for project onnx_spinal_project_new-build from metals.sbt,plugins.sbt ...
2025.12.13 11:45:23 INFO  [info] loading project definition from /root/onnx_spinal_project_new/project
2025.12.13 11:45:24 INFO  [success] Generated .bloop/onnx_spinal_project_new-build.json
2025.12.13 11:45:24 INFO  [success] Total time: 1 s, completed Dec 13, 2025, 11:45:24 AM
2025.12.13 11:45:24 INFO  [info] loading settings for project Onnx_SpinalHDL from build.sbt ...
2025.12.13 11:45:24 INFO  [info] set current project to Onnx_SpinalHDL (in build file:/root/onnx_spinal_project_new/)
2025.12.13 11:45:24 INFO  [success] Generated .bloop/Onnx_SpinalHDL.json
2025.12.13 11:45:24 INFO  [success] Generated .bloop/Onnx_SpinalHDL-test.json
2025.12.13 11:45:24 INFO  [success] Total time: 0 s, completed Dec 13, 2025, 11:45:25 AM
2025.12.13 11:45:25 INFO  time: ran 'sbt bloopInstall' in 7.35s
2025.12.13 11:45:25 INFO  Disconnecting from Bloop session...
2025.12.13 11:45:25 INFO  Shut down connection with build server.
2025.12.13 11:45:25 INFO  Shut down connection with build server.
2025.12.13 11:45:25 INFO  Shut down connection with build server.
2025.12.13 11:45:25 INFO  Attempting to connect to the build server...
2025.12.13 11:45:25 INFO  Found a Bloop server running
2025.12.13 11:45:25 INFO  tracing is disabled for protocol BSP, to enable tracing of incoming and outgoing JSON messages create an empty file at /root/onnx_spinal_project_new/.metals/bsp.trace.json or /root/.cache/metals/bsp.trace.json
2025.12.13 11:45:25 INFO  Attempting to connect to the build server...
2025.12.13 11:45:25 INFO  Found a Bloop server running
2025.12.13 11:45:25 INFO  Attempting to connect to the build server...
2025.12.13 11:45:25 INFO  Found a Bloop server running
2025.12.13 11:45:25 INFO  tracing is disabled for protocol BSP, to enable tracing of incoming and outgoing JSON messages create an empty file at /root/onnx_spinal_project_new/project/project/.metals/bsp.trace.json or /root/.cache/metals/bsp.trace.json
2025.12.13 11:45:25 INFO  tracing is disabled for protocol BSP, to enable tracing of incoming and outgoing JSON messages create an empty file at /root/onnx_spinal_project_new/project/.metals/bsp.trace.json or /root/.cache/metals/bsp.trace.json
2025.12.13 11:45:25 INFO  time: Connected to build server in 0.28s
2025.12.13 11:45:25 INFO  Connected to Build server: Bloop v2.0.17
2025.12.13 11:45:27 INFO  QDox parse error in file:///root/onnx_spinal_project_new/sw/java/test/java/org/forwarder/backend/impls/dl4j/opsets/aiOnnx/v13/ops/DL4JCastV13Test.java (full report at: "/root/onnx_spinal_project_new/.metals/.reports/metals-full/2025-12-01/r_qdox-error_(Onnx_5fSpinalHDL-test)_13-08-59-057.md")
2025.12.13 11:45:28 WARN  Could not find java sources in /usr/lib/jvm/src.zip, /usr/lib/jvm/lib/src.zip, /usr/lib/jvm/java-17-openjdk/src.zip, /usr/lib/jvm/java-17-openjdk/lib/src.zip, /usr/lib/jvm/src.zip, /usr/lib/jvm/lib/src.zip, /usr/lib/jvm/java-17-openjdk-17.0.14.0.7-2.el9.x86_64/src.zip, /usr/lib/jvm/java-17-openjdk-17.0.14.0.7-2.el9.x86_64/lib/src.zip. Java symbols will not be available.
2025.12.13 11:45:28 INFO  time: indexed workspace in 2.83s
2025.12.13 11:45:29 INFO  compiling onnx_spinalhdl (5 scala sources)
2025.12.13 11:45:31 INFO  time: compiled Onnx_SpinalHDL in 1.99s
2025.12.13 11:45:31 INFO  compiling onnx_spinalhdl (7 scala sources)
2025.12.13 11:45:32 INFO  time: compiled Onnx_SpinalHDL in 1.06s
2025.12.13 11:45:33 INFO  running '/root/.local/share/coursier/bin/sbt -Dbloop.export-jar-classifiers=sources bloopInstall'
2025.12.13 11:45:34 INFO  [info] welcome to sbt 1.6.0 (Red Hat, Inc. Java 17.0.14)
2025.12.13 11:45:34 INFO  [info] loading settings for project onnx_spinal_project_new-build-build-build from metals.sbt ...
2025.12.13 11:45:36 INFO  [info] loading project definition from /root/onnx_spinal_project_new/project/project/project
2025.12.13 11:45:36 INFO  [info] loading settings for project onnx_spinal_project_new-build-build from metals.sbt ...
2025.12.13 11:45:36 INFO  [info] loading project definition from /root/onnx_spinal_project_new/project/project
2025.12.13 11:45:38 INFO  [success] Generated .bloop/onnx_spinal_project_new-build-build.json
2025.12.13 11:45:38 INFO  [success] Total time: 2 s, completed Dec 13, 2025, 11:45:38 AM
2025.12.13 11:45:38 INFO  [info] loading settings for project onnx_spinal_project_new-build from metals.sbt,plugins.sbt ...
2025.12.13 11:45:38 INFO  [info] loading project definition from /root/onnx_spinal_project_new/project
2025.12.13 11:45:39 INFO  [success] Generated .bloop/onnx_spinal_project_new-build.json
2025.12.13 11:45:39 INFO  [success] Total time: 0 s, completed Dec 13, 2025, 11:45:39 AM
2025.12.13 11:45:39 INFO  [info] loading settings for project Onnx_SpinalHDL from build.sbt ...
2025.12.13 11:45:39 INFO  [info] set current project to Onnx_SpinalHDL (in build file:/root/onnx_spinal_project_new/)
2025.12.13 11:45:40 INFO  [success] Generated .bloop/Onnx_SpinalHDL.json
2025.12.13 11:45:40 INFO  [success] Generated .bloop/Onnx_SpinalHDL-test.json
2025.12.13 11:45:40 INFO  [success] Total time: 1 s, completed Dec 13, 2025, 11:45:40 AM
2025.12.13 11:45:41 INFO  time: ran 'sbt bloopInstall' in 8.24s
2025.12.13 11:45:41 INFO  Disconnecting from Bloop session...
2025.12.13 11:45:41 INFO  Shut down connection with build server.
2025.12.13 11:45:41 INFO  Shut down connection with build server.
2025.12.13 11:45:41 INFO  Shut down connection with build server.
2025.12.13 11:45:41 INFO  Attempting to connect to the build server...
2025.12.13 11:45:41 INFO  Found a Bloop server running
2025.12.13 11:45:41 INFO  tracing is disabled for protocol BSP, to enable tracing of incoming and outgoing JSON messages create an empty file at /root/onnx_spinal_project_new/.metals/bsp.trace.json or /root/.cache/metals/bsp.trace.json
2025.12.13 11:45:41 INFO  Attempting to connect to the build server...
2025.12.13 11:45:41 INFO  Found a Bloop server running
2025.12.13 11:45:41 INFO  Attempting to connect to the build server...
2025.12.13 11:45:41 INFO  Found a Bloop server running
2025.12.13 11:45:41 INFO  tracing is disabled for protocol BSP, to enable tracing of incoming and outgoing JSON messages create an empty file at /root/onnx_spinal_project_new/project/.metals/bsp.trace.json or /root/.cache/metals/bsp.trace.json
2025.12.13 11:45:41 INFO  tracing is disabled for protocol BSP, to enable tracing of incoming and outgoing JSON messages create an empty file at /root/onnx_spinal_project_new/project/project/.metals/bsp.trace.json or /root/.cache/metals/bsp.trace.json
2025.12.13 11:45:41 INFO  time: Connected to build server in 0.26s
2025.12.13 11:45:41 INFO  Connected to Build server: Bloop v2.0.17
2025.12.13 11:45:42 INFO  QDox parse error in file:///root/onnx_spinal_project_new/sw/java/test/java/org/forwarder/backend/impls/dl4j/opsets/aiOnnx/v13/ops/DL4JCastV13Test.java (full report at: "/root/onnx_spinal_project_new/.metals/.reports/metals-full/2025-12-01/r_qdox-error_(Onnx_5fSpinalHDL-test)_13-08-59-057.md")
2025.12.13 11:45:43 WARN  Could not find java sources in /usr/lib/jvm/src.zip, /usr/lib/jvm/lib/src.zip, /usr/lib/jvm/java-17-openjdk/src.zip, /usr/lib/jvm/java-17-openjdk/lib/src.zip, /usr/lib/jvm/src.zip, /usr/lib/jvm/lib/src.zip, /usr/lib/jvm/java-17-openjdk-17.0.14.0.7-2.el9.x86_64/src.zip, /usr/lib/jvm/java-17-openjdk-17.0.14.0.7-2.el9.x86_64/lib/src.zip. Java symbols will not be available.
2025.12.13 11:45:43 INFO  time: indexed workspace in 1.83s
2025.12.13 11:45:43 INFO  compiling onnx_spinalhdl (5 scala sources)
2025.12.13 11:45:45 INFO  time: compiled Onnx_SpinalHDL in 1.71s
2025.12.13 11:45:45 INFO  compiling onnx_spinalhdl (7 scala sources)
2025.12.13 11:45:45 INFO  time: compiled Onnx_SpinalHDL in 0.34s
2025.12.13 11:46:02 WARN  Could not load snapshot text for /root/onnx_spinal_project_new/hw/spinal/Tiling/tb_Slicer.scala
Dec 13, 2025 11:46:02 AM org.eclipse.lsp4j.jsonrpc.RemoteEndpoint handleCancellation
WARNING: Unmatched cancel notification for request id 5196
2025.12.13 11:46:03 WARN  Could not load snapshot text for /root/onnx_spinal_project_new/hw/spinal/Tiling/tb_Slicer.scala
2025.12.13 11:46:04 WARN  Could not load snapshot text for /root/onnx_spinal_project_new/hw/spinal/Tiling/tb_Slicer.scala
2025.12.13 11:46:04 WARN  Could not load snapshot text for /root/onnx_spinal_project_new/hw/spinal/Tiling/tb_Slicer.scala
2025.12.13 11:46:04 WARN  Could not load snapshot text for /root/onnx_spinal_project_new/hw/spinal/Tiling/tb_Slicer.scala
2025.12.13 11:46:06 INFO  compiling onnx_spinalhdl (5 scala sources)
2025.12.13 11:46:06 INFO  time: compiled Onnx_SpinalHDL in 0.39s
2025.12.13 11:46:07 WARN  Could not load snapshot text for /root/onnx_spinal_project_new/hw/spinal/Tiling/tb_Slicer.scala
Dec 13, 2025 11:49:58 AM org.eclipse.lsp4j.jsonrpc.RemoteEndpoint handleNotification
WARNING: Notification threw an exception: {
  "jsonrpc": "2.0",
  "method": "metals/didFocusTextDocument",
  "params": [
    "vscode-local:/c%3A/accelerator_projects/hw_spinal/validation/wrapper/InputMatrixCache.scala"
  ]
}
java.nio.file.FileSystemNotFoundException: Provider "vscode-local" not installed
	at java.base/java.nio.file.Path.of(Path.java:212)
	at java.base/java.nio.file.Paths.get(Paths.java:98)
	at scala.meta.internal.mtags.MtagsEnrichments$XtensionURIMtags.toAbsolutePath(MtagsEnrichments.scala:149)
	at scala.meta.internal.mtags.MtagsEnrichments$XtensionStringMtags.toAbsolutePath(MtagsEnrichments.scala:209)
	at scala.meta.internal.metals.MetalsEnrichments$XtensionString.toAbsolutePath(MetalsEnrichments.scala:778)
	at scala.meta.internal.metals.MetalsEnrichments$XtensionString.toAbsolutePath(MetalsEnrichments.scala:775)
	at scala.meta.internal.metals.WorkspaceLspService.didFocus(WorkspaceLspService.scala:789)
	at scala.meta.metals.lsp.DelegatingScalaService.didFocus(DelegatingScalaService.scala:42)
	at jdk.internal.reflect.GeneratedMethodAccessor11.invoke(Unknown Source)
	at java.base/jdk.internal.reflect.DelegatingMethodAccessorImpl.invoke(DelegatingMethodAccessorImpl.java:43)
	at java.base/java.lang.reflect.Method.invoke(Method.java:569)
	at org.eclipse.lsp4j.jsonrpc.services.GenericEndpoint.lambda$recursiveFindRpcMethods$0(GenericEndpoint.java:65)
	at org.eclipse.lsp4j.jsonrpc.services.GenericEndpoint.notify(GenericEndpoint.java:160)
	at org.eclipse.lsp4j.jsonrpc.RemoteEndpoint.handleNotification(RemoteEndpoint.java:231)
	at org.eclipse.lsp4j.jsonrpc.RemoteEndpoint.consume(RemoteEndpoint.java:198)
	at org.eclipse.lsp4j.jsonrpc.json.StreamMessageProducer.handleMessage(StreamMessageProducer.java:185)
	at org.eclipse.lsp4j.jsonrpc.json.StreamMessageProducer.listen(StreamMessageProducer.java:97)
	at org.eclipse.lsp4j.jsonrpc.json.ConcurrentMessageProcessor.run(ConcurrentMessageProcessor.java:114)
	at java.base/java.util.concurrent.Executors$RunnableAdapter.call(Executors.java:539)
	at java.base/java.util.concurrent.FutureTask.run(FutureTask.java:264)
	at java.base/java.util.concurrent.ThreadPoolExecutor.runWorker(ThreadPoolExecutor.java:1136)
	at java.base/java.util.concurrent.ThreadPoolExecutor$Worker.run(ThreadPoolExecutor.java:635)
	at java.base/java.lang.Thread.run(Thread.java:840)

Dec 13, 2025 11:50:12 AM org.eclipse.lsp4j.jsonrpc.RemoteEndpoint handleNotification
WARNING: Notification threw an exception: {
  "jsonrpc": "2.0",
  "method": "metals/didFocusTextDocument",
  "params": [
    "vscode-local:/c%3A/accelerator_projects/hw_spinal/validation/wrapper/OutputMatrixCache.scala"
  ]
}
java.nio.file.FileSystemNotFoundException: Provider "vscode-local" not installed
	at java.base/java.nio.file.Path.of(Path.java:212)
	at java.base/java.nio.file.Paths.get(Paths.java:98)
	at scala.meta.internal.mtags.MtagsEnrichments$XtensionURIMtags.toAbsolutePath(MtagsEnrichments.scala:149)
	at scala.meta.internal.mtags.MtagsEnrichments$XtensionStringMtags.toAbsolutePath(MtagsEnrichments.scala:209)
	at scala.meta.internal.metals.MetalsEnrichments$XtensionString.toAbsolutePath(MetalsEnrichments.scala:778)
	at scala.meta.internal.metals.MetalsEnrichments$XtensionString.toAbsolutePath(MetalsEnrichments.scala:775)
	at scala.meta.internal.metals.WorkspaceLspService.didFocus(WorkspaceLspService.scala:789)
	at scala.meta.metals.lsp.DelegatingScalaService.didFocus(DelegatingScalaService.scala:42)
	at jdk.internal.reflect.GeneratedMethodAccessor11.invoke(Unknown Source)
	at java.base/jdk.internal.reflect.DelegatingMethodAccessorImpl.invoke(DelegatingMethodAccessorImpl.java:43)
	at java.base/java.lang.reflect.Method.invoke(Method.java:569)
	at org.eclipse.lsp4j.jsonrpc.services.GenericEndpoint.lambda$recursiveFindRpcMethods$0(GenericEndpoint.java:65)
	at org.eclipse.lsp4j.jsonrpc.services.GenericEndpoint.notify(GenericEndpoint.java:160)
	at org.eclipse.lsp4j.jsonrpc.RemoteEndpoint.handleNotification(RemoteEndpoint.java:231)
	at org.eclipse.lsp4j.jsonrpc.RemoteEndpoint.consume(RemoteEndpoint.java:198)
	at org.eclipse.lsp4j.jsonrpc.json.StreamMessageProducer.handleMessage(StreamMessageProducer.java:185)
	at org.eclipse.lsp4j.jsonrpc.json.StreamMessageProducer.listen(StreamMessageProducer.java:97)
	at org.eclipse.lsp4j.jsonrpc.json.ConcurrentMessageProcessor.run(ConcurrentMessageProcessor.java:114)
	at java.base/java.util.concurrent.Executors$RunnableAdapter.call(Executors.java:539)
	at java.base/java.util.concurrent.FutureTask.run(FutureTask.java:264)
	at java.base/java.util.concurrent.ThreadPoolExecutor.runWorker(ThreadPoolExecutor.java:1136)
	at java.base/java.util.concurrent.ThreadPoolExecutor$Worker.run(ThreadPoolExecutor.java:635)
	at java.base/java.lang.Thread.run(Thread.java:840)

Dec 13, 2025 11:50:21 AM org.eclipse.lsp4j.jsonrpc.RemoteEndpoint handleNotification
WARNING: Notification threw an exception: {
  "jsonrpc": "2.0",
  "method": "metals/didFocusTextDocument",
  "params": [
    "vscode-local:/c%3A/accelerator_projects/hw_spinal/validation/wrapper/MatrixCache.scala"
  ]
}
java.nio.file.FileSystemNotFoundException: Provider "vscode-local" not installed
	at java.base/java.nio.file.Path.of(Path.java:212)
	at java.base/java.nio.file.Paths.get(Paths.java:98)
	at scala.meta.internal.mtags.MtagsEnrichments$XtensionURIMtags.toAbsolutePath(MtagsEnrichments.scala:149)
	at scala.meta.internal.mtags.MtagsEnrichments$XtensionStringMtags.toAbsolutePath(MtagsEnrichments.scala:209)
	at scala.meta.internal.metals.MetalsEnrichments$XtensionString.toAbsolutePath(MetalsEnrichments.scala:778)
	at scala.meta.internal.metals.MetalsEnrichments$XtensionString.toAbsolutePath(MetalsEnrichments.scala:775)
	at scala.meta.internal.metals.WorkspaceLspService.didFocus(WorkspaceLspService.scala:789)
	at scala.meta.metals.lsp.DelegatingScalaService.didFocus(DelegatingScalaService.scala:42)
	at jdk.internal.reflect.GeneratedMethodAccessor11.invoke(Unknown Source)
	at java.base/jdk.internal.reflect.DelegatingMethodAccessorImpl.invoke(DelegatingMethodAccessorImpl.java:43)
	at java.base/java.lang.reflect.Method.invoke(Method.java:569)
	at org.eclipse.lsp4j.jsonrpc.services.GenericEndpoint.lambda$recursiveFindRpcMethods$0(GenericEndpoint.java:65)
	at org.eclipse.lsp4j.jsonrpc.services.GenericEndpoint.notify(GenericEndpoint.java:160)
	at org.eclipse.lsp4j.jsonrpc.RemoteEndpoint.handleNotification(RemoteEndpoint.java:231)
	at org.eclipse.lsp4j.jsonrpc.RemoteEndpoint.consume(RemoteEndpoint.java:198)
	at org.eclipse.lsp4j.jsonrpc.json.StreamMessageProducer.handleMessage(StreamMessageProducer.java:185)
	at org.eclipse.lsp4j.jsonrpc.json.StreamMessageProducer.listen(StreamMessageProducer.java:97)
	at org.eclipse.lsp4j.jsonrpc.json.ConcurrentMessageProcessor.run(ConcurrentMessageProcessor.java:114)
	at java.base/java.util.concurrent.Executors$RunnableAdapter.call(Executors.java:539)
	at java.base/java.util.concurrent.FutureTask.run(FutureTask.java:264)
	at java.base/java.util.concurrent.ThreadPoolExecutor.runWorker(ThreadPoolExecutor.java:1136)
	at java.base/java.util.concurrent.ThreadPoolExecutor$Worker.run(ThreadPoolExecutor.java:635)
	at java.base/java.lang.Thread.run(Thread.java:840)

Dec 13, 2025 11:51:09 AM org.eclipse.lsp4j.jsonrpc.RemoteEndpoint handleNotification
WARNING: Notification threw an exception: {
  "jsonrpc": "2.0",
  "method": "metals/didFocusTextDocument",
  "params": [
    "vscode-local:/c%3A/accelerator_projects/hw_spinal/validation/wrapper/MatrixCache.scala"
  ]
}
java.nio.file.FileSystemNotFoundException: Provider "vscode-local" not installed
	at java.base/java.nio.file.Path.of(Path.java:212)
	at java.base/java.nio.file.Paths.get(Paths.java:98)
	at scala.meta.internal.mtags.MtagsEnrichments$XtensionURIMtags.toAbsolutePath(MtagsEnrichments.scala:149)
	at scala.meta.internal.mtags.MtagsEnrichments$XtensionStringMtags.toAbsolutePath(MtagsEnrichments.scala:209)
	at scala.meta.internal.metals.MetalsEnrichments$XtensionString.toAbsolutePath(MetalsEnrichments.scala:778)
	at scala.meta.internal.metals.MetalsEnrichments$XtensionString.toAbsolutePath(MetalsEnrichments.scala:775)
	at scala.meta.internal.metals.WorkspaceLspService.didFocus(WorkspaceLspService.scala:789)
	at scala.meta.metals.lsp.DelegatingScalaService.didFocus(DelegatingScalaService.scala:42)
	at jdk.internal.reflect.GeneratedMethodAccessor11.invoke(Unknown Source)
	at java.base/jdk.internal.reflect.DelegatingMethodAccessorImpl.invoke(DelegatingMethodAccessorImpl.java:43)
	at java.base/java.lang.reflect.Method.invoke(Method.java:569)
	at org.eclipse.lsp4j.jsonrpc.services.GenericEndpoint.lambda$recursiveFindRpcMethods$0(GenericEndpoint.java:65)
	at org.eclipse.lsp4j.jsonrpc.services.GenericEndpoint.notify(GenericEndpoint.java:160)
	at org.eclipse.lsp4j.jsonrpc.RemoteEndpoint.handleNotification(RemoteEndpoint.java:231)
	at org.eclipse.lsp4j.jsonrpc.RemoteEndpoint.consume(RemoteEndpoint.java:198)
	at org.eclipse.lsp4j.jsonrpc.json.StreamMessageProducer.handleMessage(StreamMessageProducer.java:185)
	at org.eclipse.lsp4j.jsonrpc.json.StreamMessageProducer.listen(StreamMessageProducer.java:97)
	at org.eclipse.lsp4j.jsonrpc.json.ConcurrentMessageProcessor.run(ConcurrentMessageProcessor.java:114)
	at java.base/java.util.concurrent.Executors$RunnableAdapter.call(Executors.java:539)
	at java.base/java.util.concurrent.FutureTask.run(FutureTask.java:264)
	at java.base/java.util.concurrent.ThreadPoolExecutor.runWorker(ThreadPoolExecutor.java:1136)
	at java.base/java.util.concurrent.ThreadPoolExecutor$Worker.run(ThreadPoolExecutor.java:635)
	at java.base/java.lang.Thread.run(Thread.java:840)

2025.12.13 11:51:09 INFO  compiling onnx_spinalhdl (5 scala sources)
2025.12.13 11:51:09 INFO  time: compiled Onnx_SpinalHDL in 0.53s
2025.12.13 11:51:33 INFO  compiling onnx_spinalhdl (6 scala sources)
2025.12.13 11:51:33 INFO  time: compiled Onnx_SpinalHDL in 0.36s
Dec 13, 2025 11:51:57 AM org.eclipse.lsp4j.jsonrpc.RemoteEndpoint handleNotification
WARNING: Notification threw an exception: {
  "jsonrpc": "2.0",
  "method": "metals/didFocusTextDocument",
  "params": [
    "vscode-local:/c%3A/accelerator_projects/hw_spinal/validation/wrapper/inputCache_ctrl.scala"
  ]
}
java.nio.file.FileSystemNotFoundException: Provider "vscode-local" not installed
	at java.base/java.nio.file.Path.of(Path.java:212)
	at java.base/java.nio.file.Paths.get(Paths.java:98)
	at scala.meta.internal.mtags.MtagsEnrichments$XtensionURIMtags.toAbsolutePath(MtagsEnrichments.scala:149)
	at scala.meta.internal.mtags.MtagsEnrichments$XtensionStringMtags.toAbsolutePath(MtagsEnrichments.scala:209)
	at scala.meta.internal.metals.MetalsEnrichments$XtensionString.toAbsolutePath(MetalsEnrichments.scala:778)
	at scala.meta.internal.metals.MetalsEnrichments$XtensionString.toAbsolutePath(MetalsEnrichments.scala:775)
	at scala.meta.internal.metals.WorkspaceLspService.didFocus(WorkspaceLspService.scala:789)
	at scala.meta.metals.lsp.DelegatingScalaService.didFocus(DelegatingScalaService.scala:42)
	at jdk.internal.reflect.GeneratedMethodAccessor11.invoke(Unknown Source)
	at java.base/jdk.internal.reflect.DelegatingMethodAccessorImpl.invoke(DelegatingMethodAccessorImpl.java:43)
	at java.base/java.lang.reflect.Method.invoke(Method.java:569)
	at org.eclipse.lsp4j.jsonrpc.services.GenericEndpoint.lambda$recursiveFindRpcMethods$0(GenericEndpoint.java:65)
	at org.eclipse.lsp4j.jsonrpc.services.GenericEndpoint.notify(GenericEndpoint.java:160)
	at org.eclipse.lsp4j.jsonrpc.RemoteEndpoint.handleNotification(RemoteEndpoint.java:231)
	at org.eclipse.lsp4j.jsonrpc.RemoteEndpoint.consume(RemoteEndpoint.java:198)
	at org.eclipse.lsp4j.jsonrpc.json.StreamMessageProducer.handleMessage(StreamMessageProducer.java:185)
	at org.eclipse.lsp4j.jsonrpc.json.StreamMessageProducer.listen(StreamMessageProducer.java:97)
	at org.eclipse.lsp4j.jsonrpc.json.ConcurrentMessageProcessor.run(ConcurrentMessageProcessor.java:114)
	at java.base/java.util.concurrent.Executors$RunnableAdapter.call(Executors.java:539)
	at java.base/java.util.concurrent.FutureTask.run(FutureTask.java:264)
	at java.base/java.util.concurrent.ThreadPoolExecutor.runWorker(ThreadPoolExecutor.java:1136)
	at java.base/java.util.concurrent.ThreadPoolExecutor$Worker.run(ThreadPoolExecutor.java:635)
	at java.base/java.lang.Thread.run(Thread.java:840)

2025.12.13 11:53:11 INFO  compiling onnx_spinalhdl (5 scala sources)
2025.12.13 11:53:11 INFO  time: compiled Onnx_SpinalHDL in 0.55s
2025.12.13 11:53:25 INFO  compiling onnx_spinalhdl (6 scala sources)
2025.12.13 11:53:25 INFO  time: compiled Onnx_SpinalHDL in 0.32s
Dec 13, 2025 11:53:47 AM org.eclipse.lsp4j.jsonrpc.RemoteEndpoint handleNotification
WARNING: Notification threw an exception: {
  "jsonrpc": "2.0",
  "method": "metals/didFocusTextDocument",
  "params": [
    "vscode-local:/c%3A/accelerator_projects/hw_spinal/validation/wrapper/inputCache_ctrl.scala"
  ]
}
java.nio.file.FileSystemNotFoundException: Provider "vscode-local" not installed
	at java.base/java.nio.file.Path.of(Path.java:212)
	at java.base/java.nio.file.Paths.get(Paths.java:98)
	at scala.meta.internal.mtags.MtagsEnrichments$XtensionURIMtags.toAbsolutePath(MtagsEnrichments.scala:149)
	at scala.meta.internal.mtags.MtagsEnrichments$XtensionStringMtags.toAbsolutePath(MtagsEnrichments.scala:209)
	at scala.meta.internal.metals.MetalsEnrichments$XtensionString.toAbsolutePath(MetalsEnrichments.scala:778)
	at scala.meta.internal.metals.MetalsEnrichments$XtensionString.toAbsolutePath(MetalsEnrichments.scala:775)
	at scala.meta.internal.metals.WorkspaceLspService.didFocus(WorkspaceLspService.scala:789)
	at scala.meta.metals.lsp.DelegatingScalaService.didFocus(DelegatingScalaService.scala:42)
	at jdk.internal.reflect.GeneratedMethodAccessor11.invoke(Unknown Source)
	at java.base/jdk.internal.reflect.DelegatingMethodAccessorImpl.invoke(DelegatingMethodAccessorImpl.java:43)
	at java.base/java.lang.reflect.Method.invoke(Method.java:569)
	at org.eclipse.lsp4j.jsonrpc.services.GenericEndpoint.lambda$recursiveFindRpcMethods$0(GenericEndpoint.java:65)
	at org.eclipse.lsp4j.jsonrpc.services.GenericEndpoint.notify(GenericEndpoint.java:160)
	at org.eclipse.lsp4j.jsonrpc.RemoteEndpoint.handleNotification(RemoteEndpoint.java:231)
	at org.eclipse.lsp4j.jsonrpc.RemoteEndpoint.consume(RemoteEndpoint.java:198)
	at org.eclipse.lsp4j.jsonrpc.json.StreamMessageProducer.handleMessage(StreamMessageProducer.java:185)
	at org.eclipse.lsp4j.jsonrpc.json.StreamMessageProducer.listen(StreamMessageProducer.java:97)
	at org.eclipse.lsp4j.jsonrpc.json.ConcurrentMessageProcessor.run(ConcurrentMessageProcessor.java:114)
	at java.base/java.util.concurrent.Executors$RunnableAdapter.call(Executors.java:539)
	at java.base/java.util.concurrent.FutureTask.run(FutureTask.java:264)
	at java.base/java.util.concurrent.ThreadPoolExecutor.runWorker(ThreadPoolExecutor.java:1136)
	at java.base/java.util.concurrent.ThreadPoolExecutor$Worker.run(ThreadPoolExecutor.java:635)
	at java.base/java.lang.Thread.run(Thread.java:840)

Dec 14, 2025 6:39:29 AM org.eclipse.lsp4j.jsonrpc.RemoteEndpoint fallbackResponseError
SEVERE: Internal error: Provider "vscode-local" not installed
java.nio.file.FileSystemNotFoundException: Provider "vscode-local" not installed
	at java.base/java.nio.file.Path.of(Path.java:212)
	at java.base/java.nio.file.Paths.get(Paths.java:98)
	at scala.meta.internal.mtags.MtagsEnrichments$XtensionURIMtags.toAbsolutePath(MtagsEnrichments.scala:149)
	at scala.meta.internal.mtags.MtagsEnrichments$XtensionStringMtags.toAbsolutePath(MtagsEnrichments.scala:209)
	at scala.meta.internal.metals.MetalsEnrichments$XtensionString.toAbsolutePath(MetalsEnrichments.scala:778)
	at scala.meta.internal.metals.MetalsEnrichments$XtensionString.toAbsolutePath(MetalsEnrichments.scala:775)
	at scala.meta.internal.metals.MetalsPasteProvider.didPaste(MetalsPasteProvider.scala:29)
	at scala.meta.internal.metals.MetalsLspService.didPaste(MetalsLspService.scala:1277)
	at scala.meta.internal.metals.WorkspaceLspService.executeCommand(WorkspaceLspService.scala:1244)
	at scala.meta.metals.lsp.DelegatingScalaService.executeCommand(DelegatingScalaService.scala:169)
	at jdk.internal.reflect.GeneratedMethodAccessor20.invoke(Unknown Source)
	at java.base/jdk.internal.reflect.DelegatingMethodAccessorImpl.invoke(DelegatingMethodAccessorImpl.java:43)
	at java.base/java.lang.reflect.Method.invoke(Method.java:569)
	at org.eclipse.lsp4j.jsonrpc.services.GenericEndpoint.lambda$recursiveFindRpcMethods$0(GenericEndpoint.java:65)
	at org.eclipse.lsp4j.jsonrpc.services.GenericEndpoint.request(GenericEndpoint.java:128)
	at org.eclipse.lsp4j.jsonrpc.RemoteEndpoint.handleRequest(RemoteEndpoint.java:271)
	at org.eclipse.lsp4j.jsonrpc.RemoteEndpoint.consume(RemoteEndpoint.java:201)
	at org.eclipse.lsp4j.jsonrpc.json.StreamMessageProducer.handleMessage(StreamMessageProducer.java:185)
	at org.eclipse.lsp4j.jsonrpc.json.StreamMessageProducer.listen(StreamMessageProducer.java:97)
	at org.eclipse.lsp4j.jsonrpc.json.ConcurrentMessageProcessor.run(ConcurrentMessageProcessor.java:114)
	at java.base/java.util.concurrent.Executors$RunnableAdapter.call(Executors.java:539)
	at java.base/java.util.concurrent.FutureTask.run(FutureTask.java:264)
	at java.base/java.util.concurrent.ThreadPoolExecutor.runWorker(ThreadPoolExecutor.java:1136)
	at java.base/java.util.concurrent.ThreadPoolExecutor$Worker.run(ThreadPoolExecutor.java:635)
	at java.base/java.lang.Thread.run(Thread.java:840)

2025.12.14 06:40:11 INFO  compiling onnx_spinalhdl (7 scala sources)
2025.12.14 06:40:12 INFO  time: compiled Onnx_SpinalHDL in 1.31s
Dec 14, 2025 6:43:41 AM org.eclipse.lsp4j.jsonrpc.RemoteEndpoint handleNotification
WARNING: Notification threw an exception: {
  "jsonrpc": "2.0",
  "method": "metals/didFocusTextDocument",
  "params": [
    "vscode-local:/c%3A/accelerator_projects/hw_spinal/validation/wrapper/OutputCache_Ctrl.scala"
  ]
}
java.nio.file.FileSystemNotFoundException: Provider "vscode-local" not installed
	at java.base/java.nio.file.Path.of(Path.java:212)
	at java.base/java.nio.file.Paths.get(Paths.java:98)
	at scala.meta.internal.mtags.MtagsEnrichments$XtensionURIMtags.toAbsolutePath(MtagsEnrichments.scala:149)
	at scala.meta.internal.mtags.MtagsEnrichments$XtensionStringMtags.toAbsolutePath(MtagsEnrichments.scala:209)
	at scala.meta.internal.metals.MetalsEnrichments$XtensionString.toAbsolutePath(MetalsEnrichments.scala:778)
	at scala.meta.internal.metals.MetalsEnrichments$XtensionString.toAbsolutePath(MetalsEnrichments.scala:775)
	at scala.meta.internal.metals.WorkspaceLspService.didFocus(WorkspaceLspService.scala:789)
	at scala.meta.metals.lsp.DelegatingScalaService.didFocus(DelegatingScalaService.scala:42)
	at jdk.internal.reflect.GeneratedMethodAccessor11.invoke(Unknown Source)
	at java.base/jdk.internal.reflect.DelegatingMethodAccessorImpl.invoke(DelegatingMethodAccessorImpl.java:43)
	at java.base/java.lang.reflect.Method.invoke(Method.java:569)
	at org.eclipse.lsp4j.jsonrpc.services.GenericEndpoint.lambda$recursiveFindRpcMethods$0(GenericEndpoint.java:65)
	at org.eclipse.lsp4j.jsonrpc.services.GenericEndpoint.notify(GenericEndpoint.java:160)
	at org.eclipse.lsp4j.jsonrpc.RemoteEndpoint.handleNotification(RemoteEndpoint.java:231)
	at org.eclipse.lsp4j.jsonrpc.RemoteEndpoint.consume(RemoteEndpoint.java:198)
	at org.eclipse.lsp4j.jsonrpc.json.StreamMessageProducer.handleMessage(StreamMessageProducer.java:185)
	at org.eclipse.lsp4j.jsonrpc.json.StreamMessageProducer.listen(StreamMessageProducer.java:97)
	at org.eclipse.lsp4j.jsonrpc.json.ConcurrentMessageProcessor.run(ConcurrentMessageProcessor.java:114)
	at java.base/java.util.concurrent.Executors$RunnableAdapter.call(Executors.java:539)
	at java.base/java.util.concurrent.FutureTask.run(FutureTask.java:264)
	at java.base/java.util.concurrent.ThreadPoolExecutor.runWorker(ThreadPoolExecutor.java:1136)
	at java.base/java.util.concurrent.ThreadPoolExecutor$Worker.run(ThreadPoolExecutor.java:635)
	at java.base/java.lang.Thread.run(Thread.java:840)

Dec 14, 2025 6:43:53 AM org.eclipse.lsp4j.jsonrpc.RemoteEndpoint handleNotification
WARNING: Notification threw an exception: {
  "jsonrpc": "2.0",
  "method": "metals/didFocusTextDocument",
  "params": [
    "vscode-local:/c%3A/accelerator_projects/hw_spinal/validation/wrapper/OutputMatrixCache.scala"
  ]
}
java.nio.file.FileSystemNotFoundException: Provider "vscode-local" not installed
	at java.base/java.nio.file.Path.of(Path.java:212)
	at java.base/java.nio.file.Paths.get(Paths.java:98)
	at scala.meta.internal.mtags.MtagsEnrichments$XtensionURIMtags.toAbsolutePath(MtagsEnrichments.scala:149)
	at scala.meta.internal.mtags.MtagsEnrichments$XtensionStringMtags.toAbsolutePath(MtagsEnrichments.scala:209)
	at scala.meta.internal.metals.MetalsEnrichments$XtensionString.toAbsolutePath(MetalsEnrichments.scala:778)
	at scala.meta.internal.metals.MetalsEnrichments$XtensionString.toAbsolutePath(MetalsEnrichments.scala:775)
	at scala.meta.internal.metals.WorkspaceLspService.didFocus(WorkspaceLspService.scala:789)
	at scala.meta.metals.lsp.DelegatingScalaService.didFocus(DelegatingScalaService.scala:42)
	at jdk.internal.reflect.GeneratedMethodAccessor11.invoke(Unknown Source)
	at java.base/jdk.internal.reflect.DelegatingMethodAccessorImpl.invoke(DelegatingMethodAccessorImpl.java:43)
	at java.base/java.lang.reflect.Method.invoke(Method.java:569)
	at org.eclipse.lsp4j.jsonrpc.services.GenericEndpoint.lambda$recursiveFindRpcMethods$0(GenericEndpoint.java:65)
	at org.eclipse.lsp4j.jsonrpc.services.GenericEndpoint.notify(GenericEndpoint.java:160)
	at org.eclipse.lsp4j.jsonrpc.RemoteEndpoint.handleNotification(RemoteEndpoint.java:231)
	at org.eclipse.lsp4j.jsonrpc.RemoteEndpoint.consume(RemoteEndpoint.java:198)
	at org.eclipse.lsp4j.jsonrpc.json.StreamMessageProducer.handleMessage(StreamMessageProducer.java:185)
	at org.eclipse.lsp4j.jsonrpc.json.StreamMessageProducer.listen(StreamMessageProducer.java:97)
	at org.eclipse.lsp4j.jsonrpc.json.ConcurrentMessageProcessor.run(ConcurrentMessageProcessor.java:114)
	at java.base/java.util.concurrent.Executors$RunnableAdapter.call(Executors.java:539)
	at java.base/java.util.concurrent.FutureTask.run(FutureTask.java:264)
	at java.base/java.util.concurrent.ThreadPoolExecutor.runWorker(ThreadPoolExecutor.java:1136)
	at java.base/java.util.concurrent.ThreadPoolExecutor$Worker.run(ThreadPoolExecutor.java:635)
	at java.base/java.lang.Thread.run(Thread.java:840)

2025.12.14 06:45:38 INFO  compiling onnx_spinalhdl (7 scala sources)
2025.12.14 06:45:38 INFO  time: compiled Onnx_SpinalHDL in 0.73s
2025.12.14 06:46:23 INFO  compiling onnx_spinalhdl (7 scala sources)
2025.12.14 06:46:23 INFO  time: compiled Onnx_SpinalHDL in 0.54s
2025.12.14 07:48:54 INFO  compiling onnx_spinalhdl (7 scala sources)
2025.12.14 07:48:54 INFO  time: compiled Onnx_SpinalHDL in 0.78s
2025.12.14 07:50:07 INFO  compiling onnx_spinalhdl (7 scala sources)
2025.12.14 07:50:07 INFO  time: compiled Onnx_SpinalHDL in 0.5s
Dec 14, 2025 7:52:15 AM org.eclipse.lsp4j.jsonrpc.RemoteEndpoint handleNotification
WARNING: Notification threw an exception: {
  "jsonrpc": "2.0",
  "method": "metals/didFocusTextDocument",
  "params": [
    "vscode-local:/c%3A/accelerator_projects/hw_spinal/validation/wrapper/OutputCache_Ctrl.scala"
  ]
}
java.nio.file.FileSystemNotFoundException: Provider "vscode-local" not installed
	at java.base/java.nio.file.Path.of(Path.java:212)
	at java.base/java.nio.file.Paths.get(Paths.java:98)
	at scala.meta.internal.mtags.MtagsEnrichments$XtensionURIMtags.toAbsolutePath(MtagsEnrichments.scala:149)
	at scala.meta.internal.mtags.MtagsEnrichments$XtensionStringMtags.toAbsolutePath(MtagsEnrichments.scala:209)
	at scala.meta.internal.metals.MetalsEnrichments$XtensionString.toAbsolutePath(MetalsEnrichments.scala:778)
	at scala.meta.internal.metals.MetalsEnrichments$XtensionString.toAbsolutePath(MetalsEnrichments.scala:775)
	at scala.meta.internal.metals.WorkspaceLspService.didFocus(WorkspaceLspService.scala:789)
	at scala.meta.metals.lsp.DelegatingScalaService.didFocus(DelegatingScalaService.scala:42)
	at jdk.internal.reflect.GeneratedMethodAccessor11.invoke(Unknown Source)
	at java.base/jdk.internal.reflect.DelegatingMethodAccessorImpl.invoke(DelegatingMethodAccessorImpl.java:43)
	at java.base/java.lang.reflect.Method.invoke(Method.java:569)
	at org.eclipse.lsp4j.jsonrpc.services.GenericEndpoint.lambda$recursiveFindRpcMethods$0(GenericEndpoint.java:65)
	at org.eclipse.lsp4j.jsonrpc.services.GenericEndpoint.notify(GenericEndpoint.java:160)
	at org.eclipse.lsp4j.jsonrpc.RemoteEndpoint.handleNotification(RemoteEndpoint.java:231)
	at org.eclipse.lsp4j.jsonrpc.RemoteEndpoint.consume(RemoteEndpoint.java:198)
	at org.eclipse.lsp4j.jsonrpc.json.StreamMessageProducer.handleMessage(StreamMessageProducer.java:185)
	at org.eclipse.lsp4j.jsonrpc.json.StreamMessageProducer.listen(StreamMessageProducer.java:97)
	at org.eclipse.lsp4j.jsonrpc.json.ConcurrentMessageProcessor.run(ConcurrentMessageProcessor.java:114)
	at java.base/java.util.concurrent.Executors$RunnableAdapter.call(Executors.java:539)
	at java.base/java.util.concurrent.FutureTask.run(FutureTask.java:264)
	at java.base/java.util.concurrent.ThreadPoolExecutor.runWorker(ThreadPoolExecutor.java:1136)
	at java.base/java.util.concurrent.ThreadPoolExecutor$Worker.run(ThreadPoolExecutor.java:635)
	at java.base/java.lang.Thread.run(Thread.java:840)

Dec 14, 2025 7:52:23 AM org.eclipse.lsp4j.jsonrpc.RemoteEndpoint handleNotification
WARNING: Notification threw an exception: {
  "jsonrpc": "2.0",
  "method": "metals/didFocusTextDocument",
  "params": [
    "vscode-local:/c%3A/accelerator_projects/hw_spinal/validation/wrapper/inputCache_ctrl.scala"
  ]
}
java.nio.file.FileSystemNotFoundException: Provider "vscode-local" not installed
	at java.base/java.nio.file.Path.of(Path.java:212)
	at java.base/java.nio.file.Paths.get(Paths.java:98)
	at scala.meta.internal.mtags.MtagsEnrichments$XtensionURIMtags.toAbsolutePath(MtagsEnrichments.scala:149)
	at scala.meta.internal.mtags.MtagsEnrichments$XtensionStringMtags.toAbsolutePath(MtagsEnrichments.scala:209)
	at scala.meta.internal.metals.MetalsEnrichments$XtensionString.toAbsolutePath(MetalsEnrichments.scala:778)
	at scala.meta.internal.metals.MetalsEnrichments$XtensionString.toAbsolutePath(MetalsEnrichments.scala:775)
	at scala.meta.internal.metals.WorkspaceLspService.didFocus(WorkspaceLspService.scala:789)
	at scala.meta.metals.lsp.DelegatingScalaService.didFocus(DelegatingScalaService.scala:42)
	at jdk.internal.reflect.GeneratedMethodAccessor11.invoke(Unknown Source)
	at java.base/jdk.internal.reflect.DelegatingMethodAccessorImpl.invoke(DelegatingMethodAccessorImpl.java:43)
	at java.base/java.lang.reflect.Method.invoke(Method.java:569)
	at org.eclipse.lsp4j.jsonrpc.services.GenericEndpoint.lambda$recursiveFindRpcMethods$0(GenericEndpoint.java:65)
	at org.eclipse.lsp4j.jsonrpc.services.GenericEndpoint.notify(GenericEndpoint.java:160)
	at org.eclipse.lsp4j.jsonrpc.RemoteEndpoint.handleNotification(RemoteEndpoint.java:231)
	at org.eclipse.lsp4j.jsonrpc.RemoteEndpoint.consume(RemoteEndpoint.java:198)
	at org.eclipse.lsp4j.jsonrpc.json.StreamMessageProducer.handleMessage(StreamMessageProducer.java:185)
	at org.eclipse.lsp4j.jsonrpc.json.StreamMessageProducer.listen(StreamMessageProducer.java:97)
	at org.eclipse.lsp4j.jsonrpc.json.ConcurrentMessageProcessor.run(ConcurrentMessageProcessor.java:114)
	at java.base/java.util.concurrent.Executors$RunnableAdapter.call(Executors.java:539)
	at java.base/java.util.concurrent.FutureTask.run(FutureTask.java:264)
	at java.base/java.util.concurrent.ThreadPoolExecutor.runWorker(ThreadPoolExecutor.java:1136)
	at java.base/java.util.concurrent.ThreadPoolExecutor$Worker.run(ThreadPoolExecutor.java:635)
	at java.base/java.lang.Thread.run(Thread.java:840)

2025.12.14 07:53:29 INFO  compiling onnx_spinalhdl (8 scala sources)
2025.12.14 07:53:29 INFO  time: compiled Onnx_SpinalHDL in 0.43s
Dec 14, 2025 7:53:44 AM org.eclipse.lsp4j.jsonrpc.RemoteEndpoint handleNotification
WARNING: Notification threw an exception: {
  "jsonrpc": "2.0",
  "method": "metals/didFocusTextDocument",
  "params": [
    "vscode-local:/c%3A/accelerator_projects/hw_spinal/validation/wrapper/MatrixCache.scala"
  ]
}
java.nio.file.FileSystemNotFoundException: Provider "vscode-local" not installed
	at java.base/java.nio.file.Path.of(Path.java:212)
	at java.base/java.nio.file.Paths.get(Paths.java:98)
	at scala.meta.internal.mtags.MtagsEnrichments$XtensionURIMtags.toAbsolutePath(MtagsEnrichments.scala:149)
	at scala.meta.internal.mtags.MtagsEnrichments$XtensionStringMtags.toAbsolutePath(MtagsEnrichments.scala:209)
	at scala.meta.internal.metals.MetalsEnrichments$XtensionString.toAbsolutePath(MetalsEnrichments.scala:778)
	at scala.meta.internal.metals.MetalsEnrichments$XtensionString.toAbsolutePath(MetalsEnrichments.scala:775)
	at scala.meta.internal.metals.WorkspaceLspService.didFocus(WorkspaceLspService.scala:789)
	at scala.meta.metals.lsp.DelegatingScalaService.didFocus(DelegatingScalaService.scala:42)
	at jdk.internal.reflect.GeneratedMethodAccessor11.invoke(Unknown Source)
	at java.base/jdk.internal.reflect.DelegatingMethodAccessorImpl.invoke(DelegatingMethodAccessorImpl.java:43)
	at java.base/java.lang.reflect.Method.invoke(Method.java:569)
	at org.eclipse.lsp4j.jsonrpc.services.GenericEndpoint.lambda$recursiveFindRpcMethods$0(GenericEndpoint.java:65)
	at org.eclipse.lsp4j.jsonrpc.services.GenericEndpoint.notify(GenericEndpoint.java:160)
	at org.eclipse.lsp4j.jsonrpc.RemoteEndpoint.handleNotification(RemoteEndpoint.java:231)
	at org.eclipse.lsp4j.jsonrpc.RemoteEndpoint.consume(RemoteEndpoint.java:198)
	at org.eclipse.lsp4j.jsonrpc.json.StreamMessageProducer.handleMessage(StreamMessageProducer.java:185)
	at org.eclipse.lsp4j.jsonrpc.json.StreamMessageProducer.listen(StreamMessageProducer.java:97)
	at org.eclipse.lsp4j.jsonrpc.json.ConcurrentMessageProcessor.run(ConcurrentMessageProcessor.java:114)
	at java.base/java.util.concurrent.Executors$RunnableAdapter.call(Executors.java:539)
	at java.base/java.util.concurrent.FutureTask.run(FutureTask.java:264)
	at java.base/java.util.concurrent.ThreadPoolExecutor.runWorker(ThreadPoolExecutor.java:1136)
	at java.base/java.util.concurrent.ThreadPoolExecutor$Worker.run(ThreadPoolExecutor.java:635)
	at java.base/java.lang.Thread.run(Thread.java:840)

Dec 14, 2025 7:54:20 AM org.eclipse.lsp4j.jsonrpc.RemoteEndpoint handleNotification
WARNING: Notification threw an exception: {
  "jsonrpc": "2.0",
  "method": "metals/didFocusTextDocument",
  "params": [
    "vscode-local:/c%3A/accelerator_projects/hw_spinal/validation/wrapper/MatrixCache_ctrl.scala"
  ]
}
java.nio.file.FileSystemNotFoundException: Provider "vscode-local" not installed
	at java.base/java.nio.file.Path.of(Path.java:212)
	at java.base/java.nio.file.Paths.get(Paths.java:98)
	at scala.meta.internal.mtags.MtagsEnrichments$XtensionURIMtags.toAbsolutePath(MtagsEnrichments.scala:149)
	at scala.meta.internal.mtags.MtagsEnrichments$XtensionStringMtags.toAbsolutePath(MtagsEnrichments.scala:209)
	at scala.meta.internal.metals.MetalsEnrichments$XtensionString.toAbsolutePath(MetalsEnrichments.scala:778)
	at scala.meta.internal.metals.MetalsEnrichments$XtensionString.toAbsolutePath(MetalsEnrichments.scala:775)
	at scala.meta.internal.metals.WorkspaceLspService.didFocus(WorkspaceLspService.scala:789)
	at scala.meta.metals.lsp.DelegatingScalaService.didFocus(DelegatingScalaService.scala:42)
	at jdk.internal.reflect.GeneratedMethodAccessor11.invoke(Unknown Source)
	at java.base/jdk.internal.reflect.DelegatingMethodAccessorImpl.invoke(DelegatingMethodAccessorImpl.java:43)
	at java.base/java.lang.reflect.Method.invoke(Method.java:569)
	at org.eclipse.lsp4j.jsonrpc.services.GenericEndpoint.lambda$recursiveFindRpcMethods$0(GenericEndpoint.java:65)
	at org.eclipse.lsp4j.jsonrpc.services.GenericEndpoint.notify(GenericEndpoint.java:160)
	at org.eclipse.lsp4j.jsonrpc.RemoteEndpoint.handleNotification(RemoteEndpoint.java:231)
	at org.eclipse.lsp4j.jsonrpc.RemoteEndpoint.consume(RemoteEndpoint.java:198)
	at org.eclipse.lsp4j.jsonrpc.json.StreamMessageProducer.handleMessage(StreamMessageProducer.java:185)
	at org.eclipse.lsp4j.jsonrpc.json.StreamMessageProducer.listen(StreamMessageProducer.java:97)
	at org.eclipse.lsp4j.jsonrpc.json.ConcurrentMessageProcessor.run(ConcurrentMessageProcessor.java:114)
	at java.base/java.util.concurrent.Executors$RunnableAdapter.call(Executors.java:539)
	at java.base/java.util.concurrent.FutureTask.run(FutureTask.java:264)
	at java.base/java.util.concurrent.ThreadPoolExecutor.runWorker(ThreadPoolExecutor.java:1136)
	at java.base/java.util.concurrent.ThreadPoolExecutor$Worker.run(ThreadPoolExecutor.java:635)
	at java.base/java.lang.Thread.run(Thread.java:840)

Dec 14, 2025 7:58:45 AM org.eclipse.lsp4j.jsonrpc.RemoteEndpoint handleNotification
WARNING: Notification threw an exception: {
  "jsonrpc": "2.0",
  "method": "metals/didFocusTextDocument",
  "params": [
    "vscode-local:/c%3A/accelerator_projects/hw_spinal/validation/wrapper/MatrixCache_ctrl.scala"
  ]
}
java.nio.file.FileSystemNotFoundException: Provider "vscode-local" not installed
	at java.base/java.nio.file.Path.of(Path.java:212)
	at java.base/java.nio.file.Paths.get(Paths.java:98)
	at scala.meta.internal.mtags.MtagsEnrichments$XtensionURIMtags.toAbsolutePath(MtagsEnrichments.scala:149)
	at scala.meta.internal.mtags.MtagsEnrichments$XtensionStringMtags.toAbsolutePath(MtagsEnrichments.scala:209)
	at scala.meta.internal.metals.MetalsEnrichments$XtensionString.toAbsolutePath(MetalsEnrichments.scala:778)
	at scala.meta.internal.metals.MetalsEnrichments$XtensionString.toAbsolutePath(MetalsEnrichments.scala:775)
	at scala.meta.internal.metals.WorkspaceLspService.didFocus(WorkspaceLspService.scala:789)
	at scala.meta.metals.lsp.DelegatingScalaService.didFocus(DelegatingScalaService.scala:42)
	at jdk.internal.reflect.GeneratedMethodAccessor11.invoke(Unknown Source)
	at java.base/jdk.internal.reflect.DelegatingMethodAccessorImpl.invoke(DelegatingMethodAccessorImpl.java:43)
	at java.base/java.lang.reflect.Method.invoke(Method.java:569)
	at org.eclipse.lsp4j.jsonrpc.services.GenericEndpoint.lambda$recursiveFindRpcMethods$0(GenericEndpoint.java:65)
	at org.eclipse.lsp4j.jsonrpc.services.GenericEndpoint.notify(GenericEndpoint.java:160)
	at org.eclipse.lsp4j.jsonrpc.RemoteEndpoint.handleNotification(RemoteEndpoint.java:231)
	at org.eclipse.lsp4j.jsonrpc.RemoteEndpoint.consume(RemoteEndpoint.java:198)
	at org.eclipse.lsp4j.jsonrpc.json.StreamMessageProducer.handleMessage(StreamMessageProducer.java:185)
	at org.eclipse.lsp4j.jsonrpc.json.StreamMessageProducer.listen(StreamMessageProducer.java:97)
	at org.eclipse.lsp4j.jsonrpc.json.ConcurrentMessageProcessor.run(ConcurrentMessageProcessor.java:114)
	at java.base/java.util.concurrent.Executors$RunnableAdapter.call(Executors.java:539)
	at java.base/java.util.concurrent.FutureTask.run(FutureTask.java:264)
	at java.base/java.util.concurrent.ThreadPoolExecutor.runWorker(ThreadPoolExecutor.java:1136)
	at java.base/java.util.concurrent.ThreadPoolExecutor$Worker.run(ThreadPoolExecutor.java:635)
	at java.base/java.lang.Thread.run(Thread.java:840)

Dec 14, 2025 7:58:47 AM org.eclipse.lsp4j.jsonrpc.RemoteEndpoint fallbackResponseError
SEVERE: Internal error: Provider "vscode-local" not installed
java.nio.file.FileSystemNotFoundException: Provider "vscode-local" not installed
	at java.base/java.nio.file.Path.of(Path.java:212)
	at java.base/java.nio.file.Paths.get(Paths.java:98)
	at scala.meta.internal.mtags.MtagsEnrichments$XtensionURIMtags.toAbsolutePath(MtagsEnrichments.scala:149)
	at scala.meta.internal.mtags.MtagsEnrichments$XtensionStringMtags.toAbsolutePath(MtagsEnrichments.scala:209)
	at scala.meta.internal.metals.MetalsEnrichments$XtensionString.toAbsolutePath(MetalsEnrichments.scala:778)
	at scala.meta.internal.metals.MetalsEnrichments$XtensionString.toAbsolutePath(MetalsEnrichments.scala:775)
	at scala.meta.internal.metals.MetalsPasteProvider.didPaste(MetalsPasteProvider.scala:29)
	at scala.meta.internal.metals.MetalsLspService.didPaste(MetalsLspService.scala:1277)
	at scala.meta.internal.metals.WorkspaceLspService.executeCommand(WorkspaceLspService.scala:1244)
	at scala.meta.metals.lsp.DelegatingScalaService.executeCommand(DelegatingScalaService.scala:169)
	at jdk.internal.reflect.GeneratedMethodAccessor20.invoke(Unknown Source)
	at java.base/jdk.internal.reflect.DelegatingMethodAccessorImpl.invoke(DelegatingMethodAccessorImpl.java:43)
	at java.base/java.lang.reflect.Method.invoke(Method.java:569)
	at org.eclipse.lsp4j.jsonrpc.services.GenericEndpoint.lambda$recursiveFindRpcMethods$0(GenericEndpoint.java:65)
	at org.eclipse.lsp4j.jsonrpc.services.GenericEndpoint.request(GenericEndpoint.java:128)
	at org.eclipse.lsp4j.jsonrpc.RemoteEndpoint.handleRequest(RemoteEndpoint.java:271)
	at org.eclipse.lsp4j.jsonrpc.RemoteEndpoint.consume(RemoteEndpoint.java:201)
	at org.eclipse.lsp4j.jsonrpc.json.StreamMessageProducer.handleMessage(StreamMessageProducer.java:185)
	at org.eclipse.lsp4j.jsonrpc.json.StreamMessageProducer.listen(StreamMessageProducer.java:97)
	at org.eclipse.lsp4j.jsonrpc.json.ConcurrentMessageProcessor.run(ConcurrentMessageProcessor.java:114)
	at java.base/java.util.concurrent.Executors$RunnableAdapter.call(Executors.java:539)
	at java.base/java.util.concurrent.FutureTask.run(FutureTask.java:264)
	at java.base/java.util.concurrent.ThreadPoolExecutor.runWorker(ThreadPoolExecutor.java:1136)
	at java.base/java.util.concurrent.ThreadPoolExecutor$Worker.run(ThreadPoolExecutor.java:635)
	at java.base/java.lang.Thread.run(Thread.java:840)

2025.12.14 08:04:07 INFO  running '/root/.local/share/coursier/bin/sbt -Dbloop.export-jar-classifiers=sources bloopInstall'
2025.12.14 08:04:08 INFO  [info] welcome to sbt 1.6.0 (Red Hat, Inc. Java 17.0.14)
2025.12.14 08:04:08 INFO  [info] loading settings for project onnx_spinal_project_new-build-build-build from metals.sbt ...
2025.12.14 08:04:10 INFO  [info] loading project definition from /root/onnx_spinal_project_new/project/project/project
2025.12.14 08:04:10 INFO  [info] loading settings for project onnx_spinal_project_new-build-build from metals.sbt ...
2025.12.14 08:04:10 INFO  [info] loading project definition from /root/onnx_spinal_project_new/project/project
2025.12.14 08:04:12 INFO  [success] Generated .bloop/onnx_spinal_project_new-build-build.json
2025.12.14 08:04:12 INFO  [success] Total time: 1 s, completed Dec 14, 2025, 8:04:12 AM
2025.12.14 08:04:12 INFO  [info] loading settings for project onnx_spinal_project_new-build from metals.sbt,plugins.sbt ...
2025.12.14 08:04:12 INFO  [info] loading project definition from /root/onnx_spinal_project_new/project
2025.12.14 08:04:12 INFO  [success] Generated .bloop/onnx_spinal_project_new-build.json
2025.12.14 08:04:12 INFO  [success] Total time: 0 s, completed Dec 14, 2025, 8:04:13 AM
2025.12.14 08:04:13 INFO  [info] loading settings for project Onnx_SpinalHDL from build.sbt ...
2025.12.14 08:04:13 INFO  [info] set current project to Onnx_SpinalHDL (in build file:/root/onnx_spinal_project_new/)
2025.12.14 08:04:13 INFO  [success] Generated .bloop/Onnx_SpinalHDL-test.json
2025.12.14 08:04:13 INFO  [success] Generated .bloop/Onnx_SpinalHDL.json
2025.12.14 08:04:13 INFO  [success] Total time: 0 s, completed Dec 14, 2025, 8:04:13 AM
2025.12.14 08:04:14 INFO  time: ran 'sbt bloopInstall' in 6.82s
2025.12.14 08:04:14 INFO  Disconnecting from Bloop session...
2025.12.14 08:04:14 INFO  Shut down connection with build server.
2025.12.14 08:04:14 INFO  Shut down connection with build server.
2025.12.14 08:04:14 INFO  Shut down connection with build server.
2025.12.14 08:04:14 INFO  Attempting to connect to the build server...
2025.12.14 08:04:14 INFO  Found a Bloop server running
2025.12.14 08:04:14 INFO  tracing is disabled for protocol BSP, to enable tracing of incoming and outgoing JSON messages create an empty file at /root/onnx_spinal_project_new/.metals/bsp.trace.json or /root/.cache/metals/bsp.trace.json
2025.12.14 08:04:14 INFO  Attempting to connect to the build server...
2025.12.14 08:04:14 INFO  Found a Bloop server running
2025.12.14 08:04:14 INFO  Attempting to connect to the build server...
2025.12.14 08:04:14 INFO  Found a Bloop server running
2025.12.14 08:04:14 INFO  tracing is disabled for protocol BSP, to enable tracing of incoming and outgoing JSON messages create an empty file at /root/onnx_spinal_project_new/project/project/.metals/bsp.trace.json or /root/.cache/metals/bsp.trace.json
2025.12.14 08:04:14 INFO  tracing is disabled for protocol BSP, to enable tracing of incoming and outgoing JSON messages create an empty file at /root/onnx_spinal_project_new/project/.metals/bsp.trace.json or /root/.cache/metals/bsp.trace.json
2025.12.14 08:04:14 INFO  time: Connected to build server in 0.24s
2025.12.14 08:04:14 INFO  Connected to Build server: Bloop v2.0.17
2025.12.14 08:04:16 INFO  QDox parse error in file:///root/onnx_spinal_project_new/sw/java/test/java/org/forwarder/backend/impls/dl4j/opsets/aiOnnx/v13/ops/DL4JCastV13Test.java (full report at: "/root/onnx_spinal_project_new/.metals/.reports/metals-full/2025-12-01/r_qdox-error_(Onnx_5fSpinalHDL-test)_13-08-59-057.md")
2025.12.14 08:04:17 WARN  Could not find java sources in /usr/lib/jvm/src.zip, /usr/lib/jvm/lib/src.zip, /usr/lib/jvm/java-17-openjdk/src.zip, /usr/lib/jvm/java-17-openjdk/lib/src.zip, /usr/lib/jvm/src.zip, /usr/lib/jvm/lib/src.zip, /usr/lib/jvm/java-17-openjdk-17.0.14.0.7-2.el9.x86_64/src.zip, /usr/lib/jvm/java-17-openjdk-17.0.14.0.7-2.el9.x86_64/lib/src.zip. Java symbols will not be available.
2025.12.14 08:04:17 INFO  time: indexed workspace in 2.77s
2025.12.14 08:04:17 INFO  compiling onnx_spinalhdl (8 scala sources)
2025.12.14 08:04:17 INFO  time: compiled Onnx_SpinalHDL in 0.6s
2025.12.14 08:05:03 INFO  compiling onnx_spinalhdl (8 scala sources)
2025.12.14 08:05:03 INFO  time: compiled Onnx_SpinalHDL in 0.65s
2025.12.14 08:06:19 WARN  Could not load snapshot text for /root/onnx_spinal_project_new/hw/spinal/Tiling/tb_Slicer.scala
2025.12.14 08:06:23 WARN  Could not load snapshot text for /root/onnx_spinal_project_new/hw/spinal/Tiling/tb_Slicer.scala
2025.12.14 08:08:33 INFO  time: code lens generation in 2.66s
2025.12.14 08:08:47 WARN  Could not load snapshot text for /root/onnx_spinal_project_new/hw/spinal/Tiling/tb_Slicer.scala
2025.12.14 08:08:47 WARN  Could not load snapshot text for /root/onnx_spinal_project_new/hw/spinal/Tiling/tb_Slicer.scala
2025.12.14 08:08:51 WARN  Could not load snapshot text for /root/onnx_spinal_project_new/hw/spinal/Tiling/tb_Slicer.scala
2025.12.14 08:08:54 INFO  compiling onnx_spinalhdl (8 scala sources)
2025.12.14 08:08:55 WARN  Could not load snapshot text for /root/onnx_spinal_project_new/hw/spinal/Tiling/tb_Slicer.scala
2025.12.14 08:08:57 INFO  time: compiled Onnx_SpinalHDL in 2.85s
2025.12.14 08:08:57 INFO  compiling onnx_spinalhdl (7 scala sources)
2025.12.14 08:08:57 INFO  time: compiled Onnx_SpinalHDL in 0.5s
2025.12.14 08:08:57 WARN  Could not load snapshot text for /root/onnx_spinal_project_new/hw/spinal/Tiling/tb_Slicer.scala
2025.12.14 08:09:47 INFO  compiling onnx_spinalhdl (9 scala sources)
Dec 14, 2025 8:09:48 AM org.eclipse.lsp4j.jsonrpc.RemoteEndpoint handleCancellation
WARNING: Unmatched cancel notification for request id 6913
Exception in thread "pool-19-thread-1" java.lang.InterruptedException
	at scala.meta.internal.metals.FutureCancelToken.checkCanceled(FutureCancelToken.scala:29)
	at scala.meta.internal.pc.CompilerAccess.$anonfun$onCompilerJobQueue$1(CompilerAccess.scala:207)
	at scala.meta.internal.pc.CompilerJobQueue$Job.run(CompilerJobQueue.scala:152)
	at java.base/java.util.concurrent.ThreadPoolExecutor.runWorker(ThreadPoolExecutor.java:1136)
	at java.base/java.util.concurrent.ThreadPoolExecutor$Worker.run(ThreadPoolExecutor.java:635)
	at java.base/java.lang.Thread.run(Thread.java:840)
Dec 14, 2025 8:09:49 AM org.eclipse.lsp4j.jsonrpc.RemoteEndpoint handleCancellation
WARNING: Unmatched cancel notification for request id 6918
2025.12.14 08:09:49 INFO  time: compiled Onnx_SpinalHDL in 2.71s
2025.12.14 08:09:49 INFO  compiling onnx_spinalhdl (6 scala sources and 10 java sources)
2025.12.14 08:09:49 INFO  time: compiled Onnx_SpinalHDL in 0.59s
2025.12.14 08:09:49 INFO  compiling onnx_spinalhdl (11 scala sources)
2025.12.14 08:10:24 INFO  running '/root/.local/share/coursier/bin/sbt -Dbloop.export-jar-classifiers=sources bloopInstall'
Dec 14, 2025 8:10:24 AM org.eclipse.lsp4j.jsonrpc.RemoteEndpoint handleCancellation
WARNING: Unmatched cancel notification for request id 6945
Dec 14, 2025 8:10:24 AM org.eclipse.lsp4j.jsonrpc.RemoteEndpoint handleCancellation
WARNING: Unmatched cancel notification for request id 6947
2025.12.14 08:10:24 INFO  time: compiled Onnx_SpinalHDL in 34s
2025.12.14 08:10:24 INFO  compiling onnx_spinalhdl (4 scala sources and 10 java sources)
2025.12.14 08:10:25 INFO  [info] welcome to sbt 1.6.0 (Red Hat, Inc. Java 17.0.14)
2025.12.14 08:10:25 INFO  [info] loading settings for project onnx_spinal_project_new-build-build-build from metals.sbt ...
2025.12.14 08:10:26 INFO  [info] loading project definition from /root/onnx_spinal_project_new/project/project/project
2025.12.14 08:10:26 INFO  [info] loading settings for project onnx_spinal_project_new-build-build from metals.sbt ...
2025.12.14 08:10:27 INFO  [info] loading project definition from /root/onnx_spinal_project_new/project/project
2025.12.14 08:10:56 WARN  javac exited with exit code 1
2025.12.14 08:10:56 INFO  time: compiled Onnx_SpinalHDL in 32s
2025.12.14 08:10:57 INFO  [success] Generated .bloop/onnx_spinal_project_new-build-build.json
2025.12.14 08:10:57 INFO  [success] Total time: 30 s, completed Dec 14, 2025, 8:10:57 AM
2025.12.14 08:10:57 INFO  [info] loading settings for project onnx_spinal_project_new-build from metals.sbt,plugins.sbt ...
2025.12.14 08:10:57 INFO  [info] loading project definition from /root/onnx_spinal_project_new/project
2025.12.14 08:10:57 INFO  [success] Generated .bloop/onnx_spinal_project_new-build.json
2025.12.14 08:10:57 INFO  [success] Total time: 0 s, completed Dec 14, 2025, 8:10:58 AM
2025.12.14 08:10:58 INFO  [info] loading settings for project Onnx_SpinalHDL from build.sbt ...
2025.12.14 08:10:58 INFO  [info] set current project to Onnx_SpinalHDL (in build file:/root/onnx_spinal_project_new/)
2025.12.14 08:10:58 INFO  [success] Generated .bloop/Onnx_SpinalHDL-test.json
2025.12.14 08:10:58 INFO  [success] Generated .bloop/Onnx_SpinalHDL.json
2025.12.14 08:10:58 INFO  [success] Total time: 0 s, completed Dec 14, 2025, 8:10:58 AM
2025.12.14 08:10:59 INFO  time: ran 'sbt bloopInstall' in 35s
2025.12.14 08:10:59 INFO  Disconnecting from Bloop session...
2025.12.14 08:10:59 INFO  Shut down connection with build server.
2025.12.14 08:10:59 INFO  Shut down connection with build server.
2025.12.14 08:10:59 INFO  Shut down connection with build server.
2025.12.14 08:10:59 INFO  Attempting to connect to the build server...
2025.12.14 08:10:59 INFO  Found a Bloop server running
2025.12.14 08:10:59 INFO  tracing is disabled for protocol BSP, to enable tracing of incoming and outgoing JSON messages create an empty file at /root/onnx_spinal_project_new/.metals/bsp.trace.json or /root/.cache/metals/bsp.trace.json
2025.12.14 08:10:59 INFO  Attempting to connect to the build server...
2025.12.14 08:10:59 INFO  Found a Bloop server running
2025.12.14 08:10:59 INFO  Attempting to connect to the build server...
2025.12.14 08:10:59 INFO  Found a Bloop server running
2025.12.14 08:10:59 INFO  tracing is disabled for protocol BSP, to enable tracing of incoming and outgoing JSON messages create an empty file at /root/onnx_spinal_project_new/project/project/.metals/bsp.trace.json or /root/.cache/metals/bsp.trace.json
2025.12.14 08:10:59 INFO  tracing is disabled for protocol BSP, to enable tracing of incoming and outgoing JSON messages create an empty file at /root/onnx_spinal_project_new/project/.metals/bsp.trace.json or /root/.cache/metals/bsp.trace.json
2025.12.14 08:10:59 INFO  time: Connected to build server in 0.23s
2025.12.14 08:10:59 INFO  Connected to Build server: Bloop v2.0.17
2025.12.14 08:11:00 INFO  QDox parse error in file:///root/onnx_spinal_project_new/sw/java/test/java/org/forwarder/backend/impls/dl4j/opsets/aiOnnx/v13/ops/DL4JCastV13Test.java (full report at: "/root/onnx_spinal_project_new/.metals/.reports/metals-full/2025-12-01/r_qdox-error_(Onnx_5fSpinalHDL-test)_13-08-59-057.md")
2025.12.14 08:11:01 WARN  Could not find java sources in /usr/lib/jvm/src.zip, /usr/lib/jvm/lib/src.zip, /usr/lib/jvm/java-17-openjdk/src.zip, /usr/lib/jvm/java-17-openjdk/lib/src.zip, /usr/lib/jvm/src.zip, /usr/lib/jvm/lib/src.zip, /usr/lib/jvm/java-17-openjdk-17.0.14.0.7-2.el9.x86_64/src.zip, /usr/lib/jvm/java-17-openjdk-17.0.14.0.7-2.el9.x86_64/lib/src.zip. Java symbols will not be available.
Dec 14, 2025 8:11:01 AM org.eclipse.lsp4j.jsonrpc.RemoteEndpoint handleCancellation
WARNING: Unmatched cancel notification for request id 6962
Dec 14, 2025 8:11:01 AM org.eclipse.lsp4j.jsonrpc.RemoteEndpoint handleCancellation
WARNING: Unmatched cancel notification for request id 6963
Dec 14, 2025 8:11:01 AM org.eclipse.lsp4j.jsonrpc.RemoteEndpoint handleCancellation
WARNING: Unmatched cancel notification for request id 6969
Dec 14, 2025 8:11:01 AM org.eclipse.lsp4j.jsonrpc.RemoteEndpoint handleCancellation
WARNING: Unmatched cancel notification for request id 6970
Dec 14, 2025 8:11:01 AM org.eclipse.lsp4j.jsonrpc.RemoteEndpoint handleCancellation
WARNING: Unmatched cancel notification for request id 6971
Dec 14, 2025 8:11:01 AM org.eclipse.lsp4j.jsonrpc.RemoteEndpoint handleCancellation
WARNING: Unmatched cancel notification for request id 6972
Dec 14, 2025 8:11:01 AM org.eclipse.lsp4j.jsonrpc.RemoteEndpoint handleCancellation
WARNING: Unmatched cancel notification for request id 6973
Dec 14, 2025 8:11:01 AM org.eclipse.lsp4j.jsonrpc.RemoteEndpoint handleCancellation
WARNING: Unmatched cancel notification for request id 6974
Dec 14, 2025 8:11:01 AM org.eclipse.lsp4j.jsonrpc.RemoteEndpoint handleCancellation
WARNING: Unmatched cancel notification for request id 6975
2025.12.14 08:11:01 INFO  time: indexed workspace in 1.91s
2025.12.14 08:11:01 INFO  compiling onnx_spinalhdl (11 scala sources)
2025.12.14 08:11:01 INFO  Deduplicating compilation of Onnx_SpinalHDL from bsp client 'Metals 1.6.4' (since 2.201s)
2025.12.14 08:11:01 INFO  compiling onnx_spinalhdl (11 scala sources)
2025.12.14 08:11:03 INFO  time: compiled Onnx_SpinalHDL in 1.7s
2025.12.14 08:11:03 INFO  compiling onnx_spinalhdl (4 scala sources and 10 java sources)
2025.12.14 08:11:03 INFO  time: compiled Onnx_SpinalHDL in 3ms
2025.12.14 08:11:03 INFO  compiling onnx_spinalhdl (4 scala sources and 10 java sources)
2025.12.14 08:11:06 WARN  javac exited with exit code 1
2025.12.14 08:11:06 WARN  javac exited with exit code 1
2025.12.14 08:11:06 INFO  time: compiled Onnx_SpinalHDL in 2.59s
Dec 14, 2025 8:11:28 AM org.eclipse.lsp4j.jsonrpc.RemoteEndpoint handleCancellation
WARNING: Unmatched cancel notification for request id 6991
Dec 14, 2025 8:11:28 AM org.eclipse.lsp4j.jsonrpc.RemoteEndpoint handleCancellation
WARNING: Unmatched cancel notification for request id 7000
Dec 14, 2025 8:11:28 AM org.eclipse.lsp4j.jsonrpc.RemoteEndpoint handleCancellation
WARNING: Unmatched cancel notification for request id 7001
Dec 14, 2025 8:11:35 AM org.eclipse.lsp4j.jsonrpc.RemoteEndpoint handleCancellation
WARNING: Unmatched cancel notification for request id 7015
Dec 14, 2025 8:11:35 AM org.eclipse.lsp4j.jsonrpc.RemoteEndpoint handleCancellation
WARNING: Unmatched cancel notification for request id 7016
Dec 14, 2025 8:11:35 AM org.eclipse.lsp4j.jsonrpc.RemoteEndpoint handleCancellation
WARNING: Unmatched cancel notification for request id 7017
Dec 14, 2025 8:11:35 AM org.eclipse.lsp4j.jsonrpc.RemoteEndpoint handleCancellation
WARNING: Unmatched cancel notification for request id 7018
Dec 14, 2025 8:11:35 AM org.eclipse.lsp4j.jsonrpc.RemoteEndpoint handleCancellation
WARNING: Unmatched cancel notification for request id 7019
Dec 14, 2025 8:11:35 AM org.eclipse.lsp4j.jsonrpc.RemoteEndpoint handleCancellation
WARNING: Unmatched cancel notification for request id 7020
2025.12.14 08:12:04 INFO  compiling onnx_spinalhdl (10 scala sources)
2025.12.14 08:13:37 INFO  Started: Metals version 1.6.4 in folders '/root/onnx_spinal_project_new' for client Visual Studio Code 1.106.3.
2025.12.14 08:13:41 WARN  Using H2 2.4.240 which is newer than the version Flyway has been verified with. The latest verified version of H2 is 2.3.232.
2025.12.14 08:13:41 INFO  Attempting to connect to the build server...
2025.12.14 08:13:41 INFO  Found a Bloop server running
2025.12.14 08:13:41 INFO  tracing is disabled for protocol BSP, to enable tracing of incoming and outgoing JSON messages create an empty file at /root/onnx_spinal_project_new/.metals/bsp.trace.json or /root/.cache/metals/bsp.trace.json
2025.12.14 08:13:41 INFO  Attempting to connect to the build server...
2025.12.14 08:13:41 INFO  Found a Bloop server running
2025.12.14 08:13:41 INFO  Attempting to connect to the build server...
2025.12.14 08:13:41 INFO  Found a Bloop server running
2025.12.14 08:13:41 INFO  tracing is disabled for protocol BSP, to enable tracing of incoming and outgoing JSON messages create an empty file at /root/onnx_spinal_project_new/project/project/.metals/bsp.trace.json or /root/.cache/metals/bsp.trace.json
2025.12.14 08:13:41 INFO  tracing is disabled for protocol BSP, to enable tracing of incoming and outgoing JSON messages create an empty file at /root/onnx_spinal_project_new/project/.metals/bsp.trace.json or /root/.cache/metals/bsp.trace.json
2025.12.14 08:13:41 INFO  time: Connected to build server in 0.5s
2025.12.14 08:13:41 INFO  Connected to Build server: Bloop v2.0.17
2025.12.14 08:13:41 WARN  2.12.15 is no longer supported in the current Metals versions, using the last known supported version 1.3.3
2025.12.14 08:13:44 WARN  2.13.14 is no longer supported in the current Metals versions, using the last known supported version 1.6.3
2025.12.14 08:13:46 INFO  QDox parse error in file:///root/onnx_spinal_project_new/sw/java/test/java/org/forwarder/backend/impls/dl4j/opsets/aiOnnx/v13/ops/DL4JCastV13Test.java (full report at: "/root/onnx_spinal_project_new/.metals/.reports/metals-full/2025-12-01/r_qdox-error_(Onnx_5fSpinalHDL-test)_13-08-59-057.md")
2025.12.14 08:13:47 WARN  Could not find java sources in /usr/lib/jvm/src.zip, /usr/lib/jvm/lib/src.zip, /usr/lib/jvm/java-17-openjdk/src.zip, /usr/lib/jvm/java-17-openjdk/lib/src.zip, /usr/lib/jvm/src.zip, /usr/lib/jvm/lib/src.zip, /usr/lib/jvm/java-17-openjdk-17.0.14.0.7-2.el9.x86_64/src.zip, /usr/lib/jvm/java-17-openjdk-17.0.14.0.7-2.el9.x86_64/lib/src.zip. Java symbols will not be available.
2025.12.14 08:13:48 INFO  time: indexed workspace in 6.41s
2025.12.14 08:13:48 INFO  compiling onnx_spinalhdl (10 scala sources)
2025.12.14 08:13:51 INFO  time: compiled Onnx_SpinalHDL in 2.52s
2025.12.14 08:13:51 INFO  compiling onnx_spinalhdl (5 scala sources)
2025.12.14 08:13:51 INFO  time: compiled Onnx_SpinalHDL in 0.42s
2025.12.14 08:23:32 INFO  Started: Metals version 1.6.4 in folders '/root/onnx_spinal_project_new' for client Visual Studio Code 1.107.0.
2025.12.14 08:23:36 WARN  Using H2 2.4.240 which is newer than the version Flyway has been verified with. The latest verified version of H2 is 2.3.232.
2025.12.14 08:23:36 INFO  no build target found for /root/onnx_spinal_project_new/hw/spinal/Accelerator/InstSim.scala. Using presentation compiler with project's scala-library version: 3.3.6
2025.12.14 08:23:36 INFO  Attempting to connect to the build server...
2025.12.14 08:23:36 INFO  No running Bloop server found, starting one.
2025.12.14 08:23:37 INFO  Starting compilation server
2025.12.14 08:23:37 INFO  no build target found for /root/onnx_spinal_project_new/hw/spinal/MatrixCacheInterface/MatrixCache.scala. Using presentation compiler with project's scala-library version: 3.3.6
2025.12.14 08:23:37 INFO  no build target found for /root/onnx_spinal_project_new/hw/spinal/MatrixCacheInterface/MatrixCache.scala. Using presentation compiler with project's scala-library version: 3.3.6
2025.12.14 08:23:38 INFO  no build target found for /root/onnx_spinal_project_new/hw/spinal/Accelerator/InstSim.scala. Using presentation compiler with project's scala-library version: 3.3.6
2025.12.14 08:23:39 INFO  tracing is disabled for protocol BSP, to enable tracing of incoming and outgoing JSON messages create an empty file at /root/onnx_spinal_project_new/.metals/bsp.trace.json or /root/.cache/metals/bsp.trace.json
2025.12.14 08:23:39 INFO  Attempting to connect to the build server...
2025.12.14 08:23:39 INFO  Found a Bloop server running
2025.12.14 08:23:39 INFO  Attempting to connect to the build server...
2025.12.14 08:23:39 INFO  Found a Bloop server running
2025.12.14 08:23:40 INFO  tracing is disabled for protocol BSP, to enable tracing of incoming and outgoing JSON messages create an empty file at /root/onnx_spinal_project_new/project/project/.metals/bsp.trace.json or /root/.cache/metals/bsp.trace.json
2025.12.14 08:23:39 INFO  tracing is disabled for protocol BSP, to enable tracing of incoming and outgoing JSON messages create an empty file at /root/onnx_spinal_project_new/project/.metals/bsp.trace.json or /root/.cache/metals/bsp.trace.json
2025.12.14 08:23:45 INFO  time: Connected to build server in 8.85s
2025.12.14 08:23:45 INFO  Connected to Build server: Bloop v2.0.17
2025.12.14 08:23:45 INFO  time: Imported build in 0.2s
2025.12.14 08:23:45 WARN  2.12.15 is no longer supported in the current Metals versions, using the last known supported version 1.3.3
2025.12.14 08:23:45 WARN  2.13.14 is no longer supported in the current Metals versions, using the last known supported version 1.6.3
2025.12.14 08:23:46 INFO  compiling onnx_spinalhdl (10 scala sources)
2025.12.14 08:23:49 INFO  QDox parse error in file:///root/onnx_spinal_project_new/sw/java/test/java/org/forwarder/backend/impls/dl4j/opsets/aiOnnx/v13/ops/DL4JCastV13Test.java (full report at: "/root/onnx_spinal_project_new/.metals/.reports/metals-full/2025-12-01/r_qdox-error_(Onnx_5fSpinalHDL-test)_13-08-59-057.md")
Dec 14, 2025 8:23:49 AM org.eclipse.lsp4j.jsonrpc.RemoteEndpoint handleCancellation
WARNING: Unmatched cancel notification for request id 23
2025.12.14 08:23:50 WARN  Could not find java sources in /usr/lib/jvm/src.zip, /usr/lib/jvm/lib/src.zip, /usr/lib/jvm/java-17-openjdk/src.zip, /usr/lib/jvm/java-17-openjdk/lib/src.zip, /usr/lib/jvm/src.zip, /usr/lib/jvm/lib/src.zip, /usr/lib/jvm/java-17-openjdk-17.0.14.0.7-2.el9.x86_64/src.zip, /usr/lib/jvm/java-17-openjdk-17.0.14.0.7-2.el9.x86_64/lib/src.zip. Java symbols will not be available.
2025.12.14 08:23:52 INFO  time: indexed workspace in 6.77s
2025.12.14 08:23:52 INFO  Deduplicating compilation of Onnx_SpinalHDL from bsp client 'Metals 1.6.4' (since 13.1s)
2025.12.14 08:23:52 INFO  compiling onnx_spinalhdl (10 scala sources)
2025.12.14 08:23:55 WARN  Invalid text document uri received from build server: file:///root/onnx_spinal_project_new/hw/spinal/WrapForFPGA/tb_Axi4NarrowWeaver.scala
2025.12.14 08:23:55 INFO  time: compiled Onnx_SpinalHDL in 3.33s
2025.12.14 08:23:55 INFO  compiling onnx_spinalhdl (5 scala sources)
2025.12.14 08:23:55 WARN  Invalid text document uri received from build server: file:///root/onnx_spinal_project_new/hw/spinal/WrapForFPGA/tb_Axi4NarrowWeaver.scala
2025.12.14 08:23:55 INFO  time: compiled Onnx_SpinalHDL in 3ms
2025.12.14 08:23:55 INFO  compiling onnx_spinalhdl (5 scala sources)
2025.12.14 08:23:55 WARN  Invalid text document uri received from build server: file:///root/onnx_spinal_project_new/hw/spinal/WrapForFPGA/tb_Axi4NarrowWeaver.scala
2025.12.14 08:23:55 INFO  time: compiled Onnx_SpinalHDL in 0.64s
2025.12.14 08:23:55 WARN  Invalid text document uri received from build server: file:///root/onnx_spinal_project_new/hw/spinal/WrapForFPGA/tb_Axi4NarrowWeaver.scala
2025.12.14 08:23:57 WARN  Could not load snapshot text for /root/onnx_spinal_project_new/hw/spinal/Accelerator/tb_Accelerator.scala
2025.12.14 08:23:57 WARN  Could not load snapshot text for /root/onnx_spinal_project_new/hw/spinal/Accelerator/tb_Accelerator.scala
2025.12.14 08:23:57 WARN  Could not load snapshot text for /root/onnx_spinal_project_new/hw/spinal/Accelerator/tb_Accelerator.scala
2025.12.14 08:23:57 WARN  Could not load snapshot text for /root/onnx_spinal_project_new/hw/spinal/Accelerator/performanceTest.scala
2025.12.14 08:23:59 WARN  Could not load snapshot text for /root/onnx_spinal_project_new/hw/spinal/Accelerator/tb_Accelerator.scala
2025.12.14 08:24:08 WARN  Could not load snapshot text for /root/onnx_spinal_project_new/hw/spinal/Tiling/tb_Slicer.scala
2025.12.14 08:24:08 WARN  Could not load snapshot text for /root/onnx_spinal_project_new/hw/spinal/Tiling/tb_Slicer.scala
Dec 14, 2025 8:24:09 AM org.eclipse.lsp4j.jsonrpc.RemoteEndpoint handleCancellation
WARNING: Unmatched cancel notification for request id 71
2025.12.14 08:24:10 INFO  compiling onnx_spinalhdl (10 scala sources)
2025.12.14 08:24:10 INFO  time: compiled Onnx_SpinalHDL in 0.96s
2025.12.14 08:24:11 WARN  Could not load snapshot text for /root/onnx_spinal_project_new/hw/spinal/Tiling/tb_Slicer.scala
Dec 14, 2025 8:28:36 AM org.eclipse.lsp4j.jsonrpc.RemoteEndpoint handleCancellation
WARNING: Unmatched cancel notification for request id 112
2025.12.14 08:28:37 WARN  Could not load snapshot text for /root/onnx_spinal_project_new/hw/spinal/Accelerator/Accelerator.scala
2025.12.14 08:28:52 WARN  Could not load snapshot text for /root/onnx_spinal_project_new/hw/spinal/WrapForFPGA/WrapForFPGA.scala
2025.12.14 08:29:36 WARN  Could not load snapshot text for /root/onnx_spinal_project_new/hw/spinal/WrapForFPGA/WrapForFPGA.scala
2025.12.14 08:29:36 WARN  Could not load snapshot text for /root/onnx_spinal_project_new/hw/spinal/Tiling/Slicer.scala
2025.12.14 08:29:36 WARN  Could not load snapshot text for /root/onnx_spinal_project_new/hw/spinal/Tiling/Slicer.scala
2025.12.14 08:29:46 WARN  Could not load snapshot text for /root/onnx_spinal_project_new/hw/spinal/WrapForFPGA/WrapForFPGA.scala
2025.12.14 08:29:55 WARN  Could not load snapshot text for /root/onnx_spinal_project_new/hw/spinal/WrapForFPGA/WrapForFPGA.scala
2025.12.14 08:30:02 INFO  compiling onnx_spinalhdl (10 scala sources)
2025.12.14 08:30:03 INFO  time: compiled Onnx_SpinalHDL in 1.1s
2025.12.14 08:30:03 WARN  Could not load snapshot text for /root/onnx_spinal_project_new/hw/spinal/WrapForFPGA/WrapForFPGA.scala
2025.12.14 09:06:54 WARN  Could not load snapshot text for /root/onnx_spinal_project_new/hw/spinal/WrapForFPGA/WrapForFPGA.scala
2025.12.14 09:06:54 WARN  Could not load snapshot text for /root/onnx_spinal_project_new/hw/spinal/WrapForFPGA/WrapForFPGA.scala
2025.12.14 09:06:55 WARN  Could not load snapshot text for /root/onnx_spinal_project_new/hw/spinal/WrapForFPGA/WrapForFPGA.scala
2025.12.14 09:06:54 INFO  Created report: Optional[file:///root/onnx_spinal_project_new/hw/spinal/WrapForFPGA/WrapForFPGA.scala]
2025.12.14 09:06:54 INFO  empty definition using pc, found symbol in pc: inst (full report at: "/root/onnx_spinal_project_new/.metals/.reports/metals-full/2025-12-14/r_empty-definition_(Onnx_5fSpinalHDL)_09-06-55-543.md")
2025.12.14 09:07:00 WARN  Could not load snapshot text for /root/onnx_spinal_project_new/hw/spinal/WrapForFPGA/WrapForFPGA.scala
2025.12.14 09:07:01 WARN  Could not load snapshot text for /root/onnx_spinal_project_new/hw/spinal/WrapForFPGA/WrapForFPGA.scala
2025.12.14 09:07:01 WARN  Could not load snapshot text for /root/onnx_spinal_project_new/hw/spinal/WrapForFPGA/WrapForFPGA.scala
2025.12.14 09:07:01 WARN  Could not load snapshot text for /root/onnx_spinal_project_new/hw/spinal/WrapForFPGA/WrapForFPGA.scala
2025.12.14 09:07:01 INFO  empty definition using pc, found symbol in pc: inst (full report at: "/root/onnx_spinal_project_new/.metals/.reports/metals-full/2025-12-14/r_empty-definition_(Onnx_5fSpinalHDL)_09-06-55-543.md")
2025.12.14 09:07:09 WARN  Could not load snapshot text for /root/onnx_spinal_project_new/hw/spinal/Tiling/Slicer.scala
2025.12.14 09:07:16 WARN  Could not load snapshot text for /root/onnx_spinal_project_new/hw/spinal/WrapForFPGA/WrapForFPGA.scala
2025.12.14 09:07:22 WARN  Could not load snapshot text for /root/onnx_spinal_project_new/hw/spinal/WrapForFPGA/WrapForFPGA.scala
2025.12.14 09:07:22 WARN  Could not load snapshot text for /root/onnx_spinal_project_new/hw/spinal/WrapForFPGA/WrapForFPGA.scala
2025.12.14 09:07:22 INFO  empty definition using pc, found symbol in pc: inst (full report at: "/root/onnx_spinal_project_new/.metals/.reports/metals-full/2025-12-14/r_empty-definition_(Onnx_5fSpinalHDL)_09-06-55-543.md")
2025.12.14 09:07:23 WARN  Could not load snapshot text for /root/onnx_spinal_project_new/hw/spinal/WrapForFPGA/WrapForFPGA.scala
2025.12.14 09:07:27 WARN  Could not load snapshot text for /root/onnx_spinal_project_new/hw/spinal/WrapForFPGA/WrapForFPGA.scala
2025.12.14 09:07:33 WARN  Could not load snapshot text for /root/onnx_spinal_project_new/hw/spinal/Tiling/Slicer.scala
2025.12.14 09:07:53 WARN  Could not load snapshot text for /root/onnx_spinal_project_new/hw/spinal/Tiling/Slicer.scala
2025.12.14 09:07:53 WARN  Could not load snapshot text for /root/onnx_spinal_project_new/hw/spinal/Tiling/Slicer.scala
2025.12.14 09:07:53 WARN  Could not load snapshot text for /root/onnx_spinal_project_new/hw/spinal/Tiling/Slicer.scala
2025.12.14 09:08:29 WARN  Could not load snapshot text for /root/onnx_spinal_project_new/hw/spinal/Tiling/Slicer.scala
2025.12.14 09:08:29 WARN  Could not load snapshot text for /root/onnx_spinal_project_new/hw/spinal/Interface/Interface.scala
2025.12.14 09:08:30 WARN  Could not load snapshot text for /root/onnx_spinal_project_new/hw/spinal/Interface/Interface.scala
2025.12.14 09:09:44 WARN  Could not load snapshot text for /root/onnx_spinal_project_new/hw/spinal/WrapForFPGA/WrapForFPGA.scala
2025.12.14 09:10:51 WARN  Could not load snapshot text for /root/onnx_spinal_project_new/hw/spinal/Accelerator/Accelerator.scala
2025.12.14 09:11:00 WARN  Could not load snapshot text for /root/onnx_spinal_project_new/hw/spinal/Accelerator/Accelerator.scala
2025.12.14 09:12:23 WARN  Could not load snapshot text for /root/onnx_spinal_project_new/hw/spinal/Tiling/Slicer.scala
2025.12.14 09:12:57 WARN  Could not load snapshot text for /root/onnx_spinal_project_new/hw/spinal/Tiling/Slicer.scala
2025.12.14 09:13:05 WARN  Could not load snapshot text for /root/onnx_spinal_project_new/hw/spinal/Tiling/Slicer.scala
2025.12.14 09:13:17 WARN  Could not load snapshot text for /root/onnx_spinal_project_new/hw/spinal/WrapForFPGA/WrapForFPGA.scala
2025.12.14 09:13:20 WARN  Could not load snapshot text for /root/onnx_spinal_project_new/hw/spinal/Tiling/Slicer.scala
2025.12.14 09:14:07 WARN  Could not load snapshot text for /root/onnx_spinal_project_new/hw/spinal/Accelerator/Accelerator.scala
2025.12.14 09:14:21 WARN  Could not load snapshot text for /root/onnx_spinal_project_new/hw/spinal/Accelerator/Accelerator.scala
2025.12.14 09:15:06 WARN  Could not load snapshot text for /root/onnx_spinal_project_new/hw/spinal/Accelerator/Accelerator.scala
2025.12.14 09:15:13 WARN  Could not load snapshot text for /root/onnx_spinal_project_new/hw/spinal/Accelerator/Accelerator.scala
2025.12.14 09:15:22 WARN  Could not load snapshot text for /root/onnx_spinal_project_new/hw/spinal/Accelerator/Accelerator.scala
2025.12.14 09:15:22 WARN  Could not load snapshot text for /root/onnx_spinal_project_new/hw/spinal/Accelerator/Accelerator.scala
2025.12.14 09:15:22 WARN  Could not load snapshot text for /root/onnx_spinal_project_new/hw/spinal/Accelerator/Accelerator.scala
2025.12.14 09:15:22 WARN  Could not load snapshot text for /root/onnx_spinal_project_new/hw/spinal/Accelerator/Accelerator.scala
2025.12.14 09:15:22 WARN  Could not load snapshot text for /root/onnx_spinal_project_new/hw/spinal/Accelerator/tb_Accelerator.scala
2025.12.14 09:15:22 WARN  Could not load snapshot text for /root/onnx_spinal_project_new/hw/spinal/Accelerator/performanceTest.scala
2025.12.14 09:15:22 WARN  Could not load snapshot text for /root/onnx_spinal_project_new/hw/spinal/Accelerator/Accelerator.scala
2025.12.14 09:15:24 WARN  Could not load snapshot text for /root/onnx_spinal_project_new/hw/spinal/Accelerator/Accelerator.scala
2025.12.14 09:15:33 WARN  Could not load snapshot text for /root/onnx_spinal_project_new/hw/spinal/WrapForFPGA/WrapForFPGA.scala
2025.12.14 09:15:37 WARN  Could not load snapshot text for /root/onnx_spinal_project_new/hw/spinal/Accelerator/Accelerator.scala
2025.12.14 09:15:39 WARN  Could not load snapshot text for /root/onnx_spinal_project_new/hw/spinal/WrapForFPGA/WrapForFPGA.scala
2025.12.14 09:15:40 WARN  Could not load snapshot text for /root/onnx_spinal_project_new/hw/spinal/WrapForFPGA/WrapForFPGA.scala
2025.12.14 09:15:40 WARN  Could not load snapshot text for /root/onnx_spinal_project_new/hw/spinal/WrapForFPGA/WrapForFPGA.scala
2025.12.14 09:15:40 WARN  Could not load snapshot text for /root/onnx_spinal_project_new/hw/spinal/WrapForFPGA/WrapForFPGA.scala
2025.12.14 09:15:40 WARN  Could not load snapshot text for /root/onnx_spinal_project_new/hw/spinal/WrapForFPGA/WrapForFPGA.scala
2025.12.14 09:16:00 WARN  Could not load snapshot text for /root/onnx_spinal_project_new/hw/spinal/WrapForFPGA/WrapForFPGA.scala
2025.12.14 09:16:04 WARN  Could not load snapshot text for /root/onnx_spinal_project_new/hw/spinal/Accelerator/Accelerator.scala
2025.12.14 09:16:06 WARN  Could not load snapshot text for /root/onnx_spinal_project_new/hw/spinal/WrapForFPGA/WrapForFPGA.scala
Dec 14, 2025 9:17:47 AM org.eclipse.lsp4j.jsonrpc.RemoteEndpoint handleCancellation
WARNING: Unmatched cancel notification for request id 715
2025.12.14 09:17:47 WARN  Could not load snapshot text for /root/onnx_spinal_project_new/hw/spinal/Accelerator/Accelerator.scala
2025.12.14 09:17:49 INFO  time: code lens generation in 1.87s
2025.12.14 09:18:18 INFO  no build target found for /root/onnx_spinal_project_new/build.sc. Using presentation compiler with project's scala-library version: 2.13.18
2025.12.14 09:18:18 INFO  no build target found for /root/onnx_spinal_project_new/build.sc. Using presentation compiler with project's scala-library version: 2.13.18
2025.12.14 09:18:18 WARN  no build target for: /root/onnx_spinal_project_new/build.sc
2025.12.14 09:18:18 INFO  no build target found for /root/onnx_spinal_project_new/build.sc. Using presentation compiler with project's scala-library version: 2.13.18
2025.12.14 09:18:20 INFO  no build target found for /root/onnx_spinal_project_new/build.sc. Using presentation compiler with project's scala-library version: 2.13.18
2025.12.14 09:18:24 INFO  no build target found for /root/onnx_spinal_project_new/build.sc. Using presentation compiler with project's scala-library version: 2.13.18
2025.12.14 10:45:08 WARN  Could not load snapshot text for /root/onnx_spinal_project_new/hw/spinal/Tiling/tb_Slicer.scala
2025.12.14 10:45:09 WARN  Could not load snapshot text for /root/onnx_spinal_project_new/hw/spinal/Tiling/tb_Slicer.scala
2025.12.14 10:45:12 WARN  Could not load snapshot text for /root/onnx_spinal_project_new/hw/spinal/Tiling/tb_Slicer.scala
2025.12.14 10:45:19 INFO  compiling onnx_spinalhdl (10 scala sources)
2025.12.14 10:45:22 INFO  time: compiled Onnx_SpinalHDL in 3.72s
2025.12.14 10:45:22 INFO  compiling onnx_spinalhdl (5 scala sources)
2025.12.14 10:45:22 INFO  time: compiled Onnx_SpinalHDL in 0.48s
2025.12.14 10:45:23 WARN  Could not load snapshot text for /root/onnx_spinal_project_new/hw/spinal/Tiling/tb_Slicer.scala
2025.12.14 10:45:23 WARN  Could not load snapshot text for /root/onnx_spinal_project_new/hw/spinal/Accelerator/Accelerator.scala
2025.12.14 10:45:39 INFO  compiling onnx_spinalhdl (11 scala sources)
2025.12.14 10:45:41 INFO  time: compiled Onnx_SpinalHDL in 2.07s
2025.12.14 10:45:41 INFO  compiling onnx_spinalhdl (4 scala sources and 10 java sources)
2025.12.14 10:45:44 WARN  javac exited with exit code 1
2025.12.14 10:45:44 INFO  time: compiled Onnx_SpinalHDL in 3.15s
2025.12.14 10:45:44 WARN  Could not load snapshot text for /root/onnx_spinal_project_new/hw/spinal/Accelerator/Accelerator.scala
2025.12.14 10:47:14 WARN  Could not load snapshot text for /root/onnx_spinal_project_new/hw/spinal/Accelerator/Accelerator.scala
Dec 14, 2025 10:47:27 AM org.eclipse.lsp4j.jsonrpc.RemoteEndpoint handleNotification
WARNING: Notification threw an exception: {
  "jsonrpc": "2.0",
  "method": "metals/didFocusTextDocument",
  "params": [
    "vscode-local:/c%3A/accelerator_projects/hw_spinal/validation/wrapper/build.sbt"
  ]
}
java.nio.file.FileSystemNotFoundException: Provider "vscode-local" not installed
	at java.base/java.nio.file.Path.of(Path.java:212)
	at java.base/java.nio.file.Paths.get(Paths.java:98)
	at scala.meta.internal.mtags.MtagsEnrichments$XtensionURIMtags.toAbsolutePath(MtagsEnrichments.scala:149)
	at scala.meta.internal.mtags.MtagsEnrichments$XtensionStringMtags.toAbsolutePath(MtagsEnrichments.scala:209)
	at scala.meta.internal.metals.MetalsEnrichments$XtensionString.toAbsolutePath(MetalsEnrichments.scala:778)
	at scala.meta.internal.metals.MetalsEnrichments$XtensionString.toAbsolutePath(MetalsEnrichments.scala:775)
	at scala.meta.internal.metals.WorkspaceLspService.didFocus(WorkspaceLspService.scala:789)
	at scala.meta.metals.lsp.DelegatingScalaService.didFocus(DelegatingScalaService.scala:42)
	at jdk.internal.reflect.GeneratedMethodAccessor13.invoke(Unknown Source)
	at java.base/jdk.internal.reflect.DelegatingMethodAccessorImpl.invoke(DelegatingMethodAccessorImpl.java:43)
	at java.base/java.lang.reflect.Method.invoke(Method.java:569)
	at org.eclipse.lsp4j.jsonrpc.services.GenericEndpoint.lambda$recursiveFindRpcMethods$0(GenericEndpoint.java:65)
	at org.eclipse.lsp4j.jsonrpc.services.GenericEndpoint.notify(GenericEndpoint.java:160)
	at org.eclipse.lsp4j.jsonrpc.RemoteEndpoint.handleNotification(RemoteEndpoint.java:231)
	at org.eclipse.lsp4j.jsonrpc.RemoteEndpoint.consume(RemoteEndpoint.java:198)
	at org.eclipse.lsp4j.jsonrpc.json.StreamMessageProducer.handleMessage(StreamMessageProducer.java:185)
	at org.eclipse.lsp4j.jsonrpc.json.StreamMessageProducer.listen(StreamMessageProducer.java:97)
	at org.eclipse.lsp4j.jsonrpc.json.ConcurrentMessageProcessor.run(ConcurrentMessageProcessor.java:114)
	at java.base/java.util.concurrent.Executors$RunnableAdapter.call(Executors.java:539)
	at java.base/java.util.concurrent.FutureTask.run(FutureTask.java:264)
	at java.base/java.util.concurrent.ThreadPoolExecutor.runWorker(ThreadPoolExecutor.java:1136)
	at java.base/java.util.concurrent.ThreadPoolExecutor$Worker.run(ThreadPoolExecutor.java:635)
	at java.base/java.lang.Thread.run(Thread.java:840)

Dec 14, 2025 10:57:58 AM org.eclipse.lsp4j.jsonrpc.RemoteEndpoint fallbackResponseError
SEVERE: Internal error: Provider "vscode-local" not installed
java.nio.file.FileSystemNotFoundException: Provider "vscode-local" not installed
	at java.base/java.nio.file.Path.of(Path.java:212)
	at java.base/java.nio.file.Paths.get(Paths.java:98)
	at scala.meta.internal.mtags.MtagsEnrichments$XtensionURIMtags.toAbsolutePath(MtagsEnrichments.scala:149)
	at scala.meta.internal.mtags.MtagsEnrichments$XtensionStringMtags.toAbsolutePath(MtagsEnrichments.scala:209)
	at scala.meta.internal.metals.MetalsEnrichments$XtensionString.toAbsolutePath(MetalsEnrichments.scala:778)
	at scala.meta.internal.metals.MetalsEnrichments$XtensionString.toAbsolutePath(MetalsEnrichments.scala:775)
	at scala.meta.internal.metals.MetalsPasteProvider.didPaste(MetalsPasteProvider.scala:29)
	at scala.meta.internal.metals.MetalsLspService.didPaste(MetalsLspService.scala:1277)
	at scala.meta.internal.metals.WorkspaceLspService.executeCommand(WorkspaceLspService.scala:1244)
	at scala.meta.metals.lsp.DelegatingScalaService.executeCommand(DelegatingScalaService.scala:169)
	at java.base/jdk.internal.reflect.NativeMethodAccessorImpl.invoke0(Native Method)
	at java.base/jdk.internal.reflect.NativeMethodAccessorImpl.invoke(NativeMethodAccessorImpl.java:77)
	at java.base/jdk.internal.reflect.DelegatingMethodAccessorImpl.invoke(DelegatingMethodAccessorImpl.java:43)
	at java.base/java.lang.reflect.Method.invoke(Method.java:569)
	at org.eclipse.lsp4j.jsonrpc.services.GenericEndpoint.lambda$recursiveFindRpcMethods$0(GenericEndpoint.java:65)
	at org.eclipse.lsp4j.jsonrpc.services.GenericEndpoint.request(GenericEndpoint.java:128)
	at org.eclipse.lsp4j.jsonrpc.RemoteEndpoint.handleRequest(RemoteEndpoint.java:271)
	at org.eclipse.lsp4j.jsonrpc.RemoteEndpoint.consume(RemoteEndpoint.java:201)
	at org.eclipse.lsp4j.jsonrpc.json.StreamMessageProducer.handleMessage(StreamMessageProducer.java:185)
	at org.eclipse.lsp4j.jsonrpc.json.StreamMessageProducer.listen(StreamMessageProducer.java:97)
	at org.eclipse.lsp4j.jsonrpc.json.ConcurrentMessageProcessor.run(ConcurrentMessageProcessor.java:114)
	at java.base/java.util.concurrent.Executors$RunnableAdapter.call(Executors.java:539)
	at java.base/java.util.concurrent.FutureTask.run(FutureTask.java:264)
	at java.base/java.util.concurrent.ThreadPoolExecutor.runWorker(ThreadPoolExecutor.java:1136)
	at java.base/java.util.concurrent.ThreadPoolExecutor$Worker.run(ThreadPoolExecutor.java:635)
	at java.base/java.lang.Thread.run(Thread.java:840)

2025.12.14 10:58:33 WARN  Could not load snapshot text for /root/onnx_spinal_project_new/hw/spinal/Accelerator/Accelerator.scala
Dec 14, 2025 11:00:53 AM org.eclipse.lsp4j.jsonrpc.RemoteEndpoint fallbackResponseError
SEVERE: Internal error: Provider "vscode-local" not installed
java.nio.file.FileSystemNotFoundException: Provider "vscode-local" not installed
	at java.base/java.nio.file.Path.of(Path.java:212)
	at java.base/java.nio.file.Paths.get(Paths.java:98)
	at scala.meta.internal.mtags.MtagsEnrichments$XtensionURIMtags.toAbsolutePath(MtagsEnrichments.scala:149)
	at scala.meta.internal.mtags.MtagsEnrichments$XtensionStringMtags.toAbsolutePath(MtagsEnrichments.scala:209)
	at scala.meta.internal.metals.MetalsEnrichments$XtensionString.toAbsolutePath(MetalsEnrichments.scala:778)
	at scala.meta.internal.metals.MetalsEnrichments$XtensionString.toAbsolutePath(MetalsEnrichments.scala:775)
	at scala.meta.internal.metals.MetalsPasteProvider.didPaste(MetalsPasteProvider.scala:29)
	at scala.meta.internal.metals.MetalsLspService.didPaste(MetalsLspService.scala:1277)
	at scala.meta.internal.metals.WorkspaceLspService.executeCommand(WorkspaceLspService.scala:1244)
	at scala.meta.metals.lsp.DelegatingScalaService.executeCommand(DelegatingScalaService.scala:169)
	at java.base/jdk.internal.reflect.NativeMethodAccessorImpl.invoke0(Native Method)
	at java.base/jdk.internal.reflect.NativeMethodAccessorImpl.invoke(NativeMethodAccessorImpl.java:77)
	at java.base/jdk.internal.reflect.DelegatingMethodAccessorImpl.invoke(DelegatingMethodAccessorImpl.java:43)
	at java.base/java.lang.reflect.Method.invoke(Method.java:569)
	at org.eclipse.lsp4j.jsonrpc.services.GenericEndpoint.lambda$recursiveFindRpcMethods$0(GenericEndpoint.java:65)
	at org.eclipse.lsp4j.jsonrpc.services.GenericEndpoint.request(GenericEndpoint.java:128)
	at org.eclipse.lsp4j.jsonrpc.RemoteEndpoint.handleRequest(RemoteEndpoint.java:271)
	at org.eclipse.lsp4j.jsonrpc.RemoteEndpoint.consume(RemoteEndpoint.java:201)
	at org.eclipse.lsp4j.jsonrpc.json.StreamMessageProducer.handleMessage(StreamMessageProducer.java:185)
	at org.eclipse.lsp4j.jsonrpc.json.StreamMessageProducer.listen(StreamMessageProducer.java:97)
	at org.eclipse.lsp4j.jsonrpc.json.ConcurrentMessageProcessor.run(ConcurrentMessageProcessor.java:114)
	at java.base/java.util.concurrent.Executors$RunnableAdapter.call(Executors.java:539)
	at java.base/java.util.concurrent.FutureTask.run(FutureTask.java:264)
	at java.base/java.util.concurrent.ThreadPoolExecutor.runWorker(ThreadPoolExecutor.java:1136)
	at java.base/java.util.concurrent.ThreadPoolExecutor$Worker.run(ThreadPoolExecutor.java:635)
	at java.base/java.lang.Thread.run(Thread.java:840)

Dec 14, 2025 11:01:55 AM org.eclipse.lsp4j.jsonrpc.RemoteEndpoint fallbackResponseError
SEVERE: Internal error: Provider "vscode-local" not installed
java.nio.file.FileSystemNotFoundException: Provider "vscode-local" not installed
	at java.base/java.nio.file.Path.of(Path.java:212)
	at java.base/java.nio.file.Paths.get(Paths.java:98)
	at scala.meta.internal.mtags.MtagsEnrichments$XtensionURIMtags.toAbsolutePath(MtagsEnrichments.scala:149)
	at scala.meta.internal.mtags.MtagsEnrichments$XtensionStringMtags.toAbsolutePath(MtagsEnrichments.scala:209)
	at scala.meta.internal.metals.MetalsEnrichments$XtensionString.toAbsolutePath(MetalsEnrichments.scala:778)
	at scala.meta.internal.metals.MetalsEnrichments$XtensionString.toAbsolutePath(MetalsEnrichments.scala:775)
	at scala.meta.internal.metals.WorkspaceLspService.executeCommand(WorkspaceLspService.scala:1243)
	at scala.meta.metals.lsp.DelegatingScalaService.executeCommand(DelegatingScalaService.scala:169)
	at java.base/jdk.internal.reflect.NativeMethodAccessorImpl.invoke0(Native Method)
	at java.base/jdk.internal.reflect.NativeMethodAccessorImpl.invoke(NativeMethodAccessorImpl.java:77)
	at java.base/jdk.internal.reflect.DelegatingMethodAccessorImpl.invoke(DelegatingMethodAccessorImpl.java:43)
	at java.base/java.lang.reflect.Method.invoke(Method.java:569)
	at org.eclipse.lsp4j.jsonrpc.services.GenericEndpoint.lambda$recursiveFindRpcMethods$0(GenericEndpoint.java:65)
	at org.eclipse.lsp4j.jsonrpc.services.GenericEndpoint.request(GenericEndpoint.java:128)
	at org.eclipse.lsp4j.jsonrpc.RemoteEndpoint.handleRequest(RemoteEndpoint.java:271)
	at org.eclipse.lsp4j.jsonrpc.RemoteEndpoint.consume(RemoteEndpoint.java:201)
	at org.eclipse.lsp4j.jsonrpc.json.StreamMessageProducer.handleMessage(StreamMessageProducer.java:185)
	at org.eclipse.lsp4j.jsonrpc.json.StreamMessageProducer.listen(StreamMessageProducer.java:97)
	at org.eclipse.lsp4j.jsonrpc.json.ConcurrentMessageProcessor.run(ConcurrentMessageProcessor.java:114)
	at java.base/java.util.concurrent.Executors$RunnableAdapter.call(Executors.java:539)
	at java.base/java.util.concurrent.FutureTask.run(FutureTask.java:264)
	at java.base/java.util.concurrent.ThreadPoolExecutor.runWorker(ThreadPoolExecutor.java:1136)
	at java.base/java.util.concurrent.ThreadPoolExecutor$Worker.run(ThreadPoolExecutor.java:635)
	at java.base/java.lang.Thread.run(Thread.java:840)

Dec 14, 2025 11:03:48 AM org.eclipse.lsp4j.jsonrpc.RemoteEndpoint fallbackResponseError
SEVERE: Internal error: Provider "vscode-local" not installed
java.nio.file.FileSystemNotFoundException: Provider "vscode-local" not installed
	at java.base/java.nio.file.Path.of(Path.java:212)
	at java.base/java.nio.file.Paths.get(Paths.java:98)
	at scala.meta.internal.mtags.MtagsEnrichments$XtensionURIMtags.toAbsolutePath(MtagsEnrichments.scala:149)
	at scala.meta.internal.mtags.MtagsEnrichments$XtensionStringMtags.toAbsolutePath(MtagsEnrichments.scala:209)
	at scala.meta.internal.metals.MetalsEnrichments$XtensionString.toAbsolutePath(MetalsEnrichments.scala:778)
	at scala.meta.internal.metals.MetalsEnrichments$XtensionString.toAbsolutePath(MetalsEnrichments.scala:775)
	at scala.meta.internal.metals.WorkspaceLspService.executeCommand(WorkspaceLspService.scala:1243)
	at scala.meta.metals.lsp.DelegatingScalaService.executeCommand(DelegatingScalaService.scala:169)
	at java.base/jdk.internal.reflect.NativeMethodAccessorImpl.invoke0(Native Method)
	at java.base/jdk.internal.reflect.NativeMethodAccessorImpl.invoke(NativeMethodAccessorImpl.java:77)
	at java.base/jdk.internal.reflect.DelegatingMethodAccessorImpl.invoke(DelegatingMethodAccessorImpl.java:43)
	at java.base/java.lang.reflect.Method.invoke(Method.java:569)
	at org.eclipse.lsp4j.jsonrpc.services.GenericEndpoint.lambda$recursiveFindRpcMethods$0(GenericEndpoint.java:65)
	at org.eclipse.lsp4j.jsonrpc.services.GenericEndpoint.request(GenericEndpoint.java:128)
	at org.eclipse.lsp4j.jsonrpc.RemoteEndpoint.handleRequest(RemoteEndpoint.java:271)
	at org.eclipse.lsp4j.jsonrpc.RemoteEndpoint.consume(RemoteEndpoint.java:201)
	at org.eclipse.lsp4j.jsonrpc.json.StreamMessageProducer.handleMessage(StreamMessageProducer.java:185)
	at org.eclipse.lsp4j.jsonrpc.json.StreamMessageProducer.listen(StreamMessageProducer.java:97)
	at org.eclipse.lsp4j.jsonrpc.json.ConcurrentMessageProcessor.run(ConcurrentMessageProcessor.java:114)
	at java.base/java.util.concurrent.Executors$RunnableAdapter.call(Executors.java:539)
	at java.base/java.util.concurrent.FutureTask.run(FutureTask.java:264)
	at java.base/java.util.concurrent.ThreadPoolExecutor.runWorker(ThreadPoolExecutor.java:1136)
	at java.base/java.util.concurrent.ThreadPoolExecutor$Worker.run(ThreadPoolExecutor.java:635)
	at java.base/java.lang.Thread.run(Thread.java:840)

2025.12.14 11:04:56 WARN  Could not load snapshot text for /root/onnx_spinal_project_new/hw/spinal/Accelerator/performanceTest.scala
2025.12.14 11:04:58 WARN  Could not load snapshot text for /root/onnx_spinal_project_new/hw/spinal/Accelerator/tb_Accelerator.scala
Dec 14, 2025 11:05:06 AM org.eclipse.lsp4j.jsonrpc.RemoteEndpoint handleCancellation
WARNING: Unmatched cancel notification for request id 1213
Dec 14, 2025 11:05:06 AM org.eclipse.lsp4j.jsonrpc.RemoteEndpoint handleCancellation
WARNING: Unmatched cancel notification for request id 1208
Dec 14, 2025 11:05:06 AM org.eclipse.lsp4j.jsonrpc.RemoteEndpoint handleCancellation
WARNING: Unmatched cancel notification for request id 1209
Dec 14, 2025 11:05:06 AM org.eclipse.lsp4j.jsonrpc.RemoteEndpoint handleCancellation
WARNING: Unmatched cancel notification for request id 1216
Dec 14, 2025 11:05:06 AM org.eclipse.lsp4j.jsonrpc.RemoteEndpoint handleCancellation
WARNING: Unmatched cancel notification for request id 1217
Dec 14, 2025 11:05:13 AM org.eclipse.lsp4j.jsonrpc.RemoteEndpoint handleCancellation
WARNING: Unmatched cancel notification for request id 1233
Dec 14, 2025 11:05:13 AM org.eclipse.lsp4j.jsonrpc.RemoteEndpoint handleCancellation
WARNING: Unmatched cancel notification for request id 1234
Dec 14, 2025 11:05:13 AM org.eclipse.lsp4j.jsonrpc.RemoteEndpoint handleCancellation
WARNING: Unmatched cancel notification for request id 1235
Dec 14, 2025 11:05:13 AM org.eclipse.lsp4j.jsonrpc.RemoteEndpoint handleCancellation
WARNING: Unmatched cancel notification for request id 1236
Dec 14, 2025 11:05:13 AM org.eclipse.lsp4j.jsonrpc.RemoteEndpoint handleCancellation
WARNING: Unmatched cancel notification for request id 1237
Dec 14, 2025 11:05:13 AM org.eclipse.lsp4j.jsonrpc.RemoteEndpoint handleCancellation
WARNING: Unmatched cancel notification for request id 1238
2025.12.14 11:05:14 WARN  Could not load snapshot text for /root/onnx_spinal_project_new/hw/spinal/Accelerator/Accelerator.scala
Exception in thread "pool-8-thread-1" java.lang.InterruptedException
	at scala.meta.internal.metals.FutureCancelToken.checkCanceled(FutureCancelToken.scala:29)
	at scala.meta.internal.pc.CompilerAccess.$anonfun$onCompilerJobQueue$1(CompilerAccess.scala:243)
	at scala.meta.internal.pc.CompilerJobQueue$Job.run(CompilerJobQueue.scala:152)
	at java.base/java.util.concurrent.ThreadPoolExecutor.runWorker(ThreadPoolExecutor.java:1136)
	at java.base/java.util.concurrent.ThreadPoolExecutor$Worker.run(ThreadPoolExecutor.java:635)
	at java.base/java.lang.Thread.run(Thread.java:840)
Exception in thread "pool-8-thread-2" java.lang.InterruptedException
	at scala.meta.internal.metals.FutureCancelToken.checkCanceled(FutureCancelToken.scala:29)
	at scala.meta.internal.pc.CompilerAccess.$anonfun$onCompilerJobQueue$1(CompilerAccess.scala:243)
	at scala.meta.internal.pc.CompilerJobQueue$Job.run(CompilerJobQueue.scala:152)
	at java.base/java.util.concurrent.ThreadPoolExecutor.runWorker(ThreadPoolExecutor.java:1136)
	at java.base/java.util.concurrent.ThreadPoolExecutor$Worker.run(ThreadPoolExecutor.java:635)
	at java.base/java.lang.Thread.run(Thread.java:840)
Dec 14, 2025 11:52:51 AM scala.meta.internal.pc.CompilerAccess handleError
SEVERE: A severe compiler error occurred, full details of the error can be found in the error report /root/onnx_spinal_project_new/.metals/.reports/metals-full/2025-12-14/r_compiler-error_(onnx_spinal_project_new-build)_11-52-51-579.md
Dec 14, 2025 11:52:58 AM scala.meta.internal.pc.CompilerAccess handleError
SEVERE: A severe compiler error occurred, full details of the error can be found in the error report /root/onnx_spinal_project_new/.metals/.reports/metals-full/2025-12-14/r_compiler-error_(onnx_spinal_project_new-build)_11-52-58-572.md
Dec 14, 2025 11:53:04 AM scala.meta.internal.pc.CompilerAccess handleError
SEVERE: A severe compiler error occurred, full details of the error can be found in the error report /root/onnx_spinal_project_new/.metals/.reports/metals-full/2025-12-14/r_compiler-error_(onnx_spinal_project_new-build)_11-53-04-201.md
Dec 14, 2025 11:53:10 AM org.eclipse.lsp4j.jsonrpc.RemoteEndpoint handleCancellation
WARNING: Unmatched cancel notification for request id 1457
2025.12.14 11:53:11 WARN  Could not load snapshot text for /root/onnx_spinal_project_new/hw/spinal/Accelerator/Accelerator.scala
Dec 14, 2025 12:03:04 PM org.eclipse.lsp4j.jsonrpc.RemoteEndpoint handleNotification
WARNING: Notification threw an exception: {
  "jsonrpc": "2.0",
  "method": "metals/didFocusTextDocument",
  "params": [
    "vscode-local:/c%3A/accelerator_projects/hw_spinal/validation/build.sbt"
  ]
}
java.nio.file.FileSystemNotFoundException: Provider "vscode-local" not installed
	at java.base/java.nio.file.Path.of(Path.java:212)
	at java.base/java.nio.file.Paths.get(Paths.java:98)
	at scala.meta.internal.mtags.MtagsEnrichments$XtensionURIMtags.toAbsolutePath(MtagsEnrichments.scala:149)
	at scala.meta.internal.mtags.MtagsEnrichments$XtensionStringMtags.toAbsolutePath(MtagsEnrichments.scala:209)
	at scala.meta.internal.metals.MetalsEnrichments$XtensionString.toAbsolutePath(MetalsEnrichments.scala:778)
	at scala.meta.internal.metals.MetalsEnrichments$XtensionString.toAbsolutePath(MetalsEnrichments.scala:775)
	at scala.meta.internal.metals.WorkspaceLspService.didFocus(WorkspaceLspService.scala:789)
	at scala.meta.metals.lsp.DelegatingScalaService.didFocus(DelegatingScalaService.scala:42)
	at jdk.internal.reflect.GeneratedMethodAccessor13.invoke(Unknown Source)
	at java.base/jdk.internal.reflect.DelegatingMethodAccessorImpl.invoke(DelegatingMethodAccessorImpl.java:43)
	at java.base/java.lang.reflect.Method.invoke(Method.java:569)
	at org.eclipse.lsp4j.jsonrpc.services.GenericEndpoint.lambda$recursiveFindRpcMethods$0(GenericEndpoint.java:65)
	at org.eclipse.lsp4j.jsonrpc.services.GenericEndpoint.notify(GenericEndpoint.java:160)
	at org.eclipse.lsp4j.jsonrpc.RemoteEndpoint.handleNotification(RemoteEndpoint.java:231)
	at org.eclipse.lsp4j.jsonrpc.RemoteEndpoint.consume(RemoteEndpoint.java:198)
	at org.eclipse.lsp4j.jsonrpc.json.StreamMessageProducer.handleMessage(StreamMessageProducer.java:185)
	at org.eclipse.lsp4j.jsonrpc.json.StreamMessageProducer.listen(StreamMessageProducer.java:97)
	at org.eclipse.lsp4j.jsonrpc.json.ConcurrentMessageProcessor.run(ConcurrentMessageProcessor.java:114)
	at java.base/java.util.concurrent.Executors$RunnableAdapter.call(Executors.java:539)
	at java.base/java.util.concurrent.FutureTask.run(FutureTask.java:264)
	at java.base/java.util.concurrent.ThreadPoolExecutor.runWorker(ThreadPoolExecutor.java:1136)
	at java.base/java.util.concurrent.ThreadPoolExecutor$Worker.run(ThreadPoolExecutor.java:635)
	at java.base/java.lang.Thread.run(Thread.java:840)

2025.12.14 12:05:22 WARN  Could not load snapshot text for /root/onnx_spinal_project_new/hw/spinal/Accelerator/Accelerator.scala
2025.12.14 12:08:33 WARN  Could not load snapshot text for /root/onnx_spinal_project_new/hw/spinal/Accelerator/Accelerator.scala
2025.12.14 12:10:00 INFO  Created report: Optional[file:///root/onnx_spinal_project_new/hw/spinal/Accelerator/test.java]
2025.12.14 12:10:00 INFO  QDox parse error in file:///root/onnx_spinal_project_new/hw/spinal/Accelerator/test.java (full report at: "/root/onnx_spinal_project_new/.metals/.reports/metals-full/2025-12-14/r_qdox-error_(Onnx_5fSpinalHDL)_12-10-00-835.md")
2025.12.14 12:10:01 INFO  compiling onnx_spinalhdl (11 scala sources and 1 java source)
2025.12.14 12:10:05 INFO  time: compiled Onnx_SpinalHDL in 4.16s
2025.12.14 12:10:05 INFO  compiling onnx_spinalhdl (4 scala sources and 9 java sources)
2025.12.14 12:10:07 WARN  javac exited with exit code 1
2025.12.14 12:10:07 INFO  time: compiled Onnx_SpinalHDL in 2.46s
2025.12.14 12:10:08 WARN  Could not load snapshot text for /root/onnx_spinal_project_new/hw/spinal/Accelerator/Accelerator.scala
2025.12.14 12:11:28 INFO  running '/root/.local/share/coursier/bin/sbt -Dbloop.export-jar-classifiers=sources bloopInstall'
2025.12.14 12:11:30 INFO  [info] welcome to sbt 1.6.0 (Red Hat, Inc. Java 17.0.14)
2025.12.14 12:11:30 INFO  [info] loading settings for project onnx_spinal_project_new-build-build-build from metals.sbt ...
2025.12.14 12:11:31 INFO  [info] loading project definition from /root/onnx_spinal_project_new/project/project/project
2025.12.14 12:11:31 INFO  [info] loading settings for project onnx_spinal_project_new-build-build from metals.sbt ...
2025.12.14 12:11:31 INFO  [info] loading project definition from /root/onnx_spinal_project_new/project/project
2025.12.14 12:11:33 INFO  [success] Generated .bloop/onnx_spinal_project_new-build-build.json
2025.12.14 12:11:33 INFO  [success] Total time: 1 s, completed Dec 14, 2025, 12:11:33 PM
2025.12.14 12:11:33 INFO  [info] loading settings for project onnx_spinal_project_new-build from metals.sbt,plugins.sbt ...
2025.12.14 12:11:33 INFO  [info] loading project definition from /root/onnx_spinal_project_new/project
2025.12.14 12:11:33 INFO  [success] Generated .bloop/onnx_spinal_project_new-build.json
2025.12.14 12:11:33 INFO  [success] Total time: 0 s, completed Dec 14, 2025, 12:11:34 PM
2025.12.14 12:11:33 INFO  [info] loading settings for project Onnx_SpinalHDL from build.sbt ...
2025.12.14 12:11:34 INFO  [info] set current project to Onnx_SpinalHDL (in build file:/root/onnx_spinal_project_new/)
2025.12.14 12:11:34 INFO  [warn] there's a key that's not used by any other settings/tasks:
2025.12.14 12:11:34 INFO  [warn]  
2025.12.14 12:11:34 INFO  [warn] * Onnx_SpinalHDL / Compile / javaSource
2025.12.14 12:11:34 INFO  [warn]   +- /root/onnx_spinal_project_new/build.sbt:18
2025.12.14 12:11:34 INFO  [warn]  
2025.12.14 12:11:34 INFO  [warn] note: a setting might still be used by a command; to exclude a key from this `lintUnused` check
2025.12.14 12:11:34 INFO  [warn] either append it to `Global / excludeLintKeys` or call .withRank(KeyRanks.Invisible) on the key
2025.12.14 12:11:35 INFO  [success] Generated .bloop/Onnx_SpinalHDL.json
2025.12.14 12:11:35 INFO  [success] Generated .bloop/Onnx_SpinalHDL-test.json
2025.12.14 12:11:35 INFO  [success] Total time: 1 s, completed Dec 14, 2025, 12:11:35 PM
2025.12.14 12:11:35 INFO  time: ran 'sbt bloopInstall' in 7.03s
2025.12.14 12:11:35 INFO  Disconnecting from Bloop session...
2025.12.14 12:11:35 INFO  Shut down connection with build server.
2025.12.14 12:11:35 INFO  Shut down connection with build server.
2025.12.14 12:11:35 INFO  Shut down connection with build server.
2025.12.14 12:11:35 INFO  Attempting to connect to the build server...
2025.12.14 12:11:35 INFO  Found a Bloop server running
2025.12.14 12:11:35 INFO  tracing is disabled for protocol BSP, to enable tracing of incoming and outgoing JSON messages create an empty file at /root/onnx_spinal_project_new/.metals/bsp.trace.json or /root/.cache/metals/bsp.trace.json
2025.12.14 12:11:35 INFO  Attempting to connect to the build server...
2025.12.14 12:11:35 INFO  Found a Bloop server running
2025.12.14 12:11:35 INFO  Attempting to connect to the build server...
2025.12.14 12:11:35 INFO  Found a Bloop server running
2025.12.14 12:11:36 INFO  tracing is disabled for protocol BSP, to enable tracing of incoming and outgoing JSON messages create an empty file at /root/onnx_spinal_project_new/project/project/.metals/bsp.trace.json or /root/.cache/metals/bsp.trace.json
2025.12.14 12:11:35 INFO  tracing is disabled for protocol BSP, to enable tracing of incoming and outgoing JSON messages create an empty file at /root/onnx_spinal_project_new/project/.metals/bsp.trace.json or /root/.cache/metals/bsp.trace.json
2025.12.14 12:11:36 INFO  time: Connected to build server in 0.26s
2025.12.14 12:11:36 INFO  Connected to Build server: Bloop v2.0.17
2025.12.14 12:11:39 INFO  QDox parse error in file:///root/onnx_spinal_project_new/hw/spinal/Accelerator/test.java (full report at: "/root/onnx_spinal_project_new/.metals/.reports/metals-full/2025-12-14/r_qdox-error_(Onnx_5fSpinalHDL)_12-10-00-835.md")
2025.12.14 12:11:39 WARN  Could not find java sources in /usr/lib/jvm/src.zip, /usr/lib/jvm/lib/src.zip, /usr/lib/jvm/java-17-openjdk/src.zip, /usr/lib/jvm/java-17-openjdk/lib/src.zip, /usr/lib/jvm/src.zip, /usr/lib/jvm/lib/src.zip, /usr/lib/jvm/java-17-openjdk-17.0.14.0.7-2.el9.x86_64/src.zip, /usr/lib/jvm/java-17-openjdk-17.0.14.0.7-2.el9.x86_64/lib/src.zip. Java symbols will not be available.
2025.12.14 12:11:39 INFO  time: indexed workspace in 4.09s
2025.12.14 12:11:40 INFO  compiling onnx_spinalhdl (143 scala sources and 2 java sources)
2025.12.14 12:11:59 WARN  70 deprecations
2025.12.14 12:11:59 WARN  1 deprecation (since 2.11.0)
2025.12.14 12:11:59 WARN  4 deprecations (since 2.12.16)
2025.12.14 12:11:59 WARN  14 deprecations (since 2.13.0)
2025.12.14 12:11:59 WARN  82 deprecations (since 2.13.3)
2025.12.14 12:11:59 WARN  1 deprecation (since 2.13.4)
2025.12.14 12:11:59 WARN  172 deprecations in total; re-run with -deprecation for details
2025.12.14 12:11:59 WARN  165 feature warnings; re-run with -feature for details
2025.12.14 12:12:01 INFO  time: compiled Onnx_SpinalHDL in 21s
2025.12.14 12:25:17 INFO  Found a Bloop server running
2025.12.14 12:27:04 INFO  Found a Bloop server running
2025.12.14 12:27:04 INFO  Found a Bloop server running
2025.12.14 12:27:36 INFO  tracing is disabled for protocol BSP, to enable tracing of incoming and outgoing JSON messages create an empty file at /root/onnx_spinal_project_new/project/project/.metals/bsp.trace.json or /root/.cache/metals/bsp.trace.json
2025.12.14 12:27:36 INFO  tracing is disabled for protocol BSP, to enable tracing of incoming and outgoing JSON messages create an empty file at /root/onnx_spinal_project_new/.metals/bsp.trace.json or /root/.cache/metals/bsp.trace.json
2025.12.14 12:27:36 INFO  tracing is disabled for protocol BSP, to enable tracing of incoming and outgoing JSON messages create an empty file at /root/onnx_spinal_project_new/project/.metals/bsp.trace.json or /root/.cache/metals/bsp.trace.json
2025.12.14 12:28:21 INFO  Connected to Build server: Bloop v2.0.17
2025.12.14 12:29:47 INFO  time: Imported build in 1m14s
2025.12.14 12:38:59 INFO  Started: Metals version 1.6.4 in folders '/root/onnx_spinal_project_new' for client Visual Studio Code 1.107.0.
2025.12.14 12:39:03 WARN  Using H2 2.4.240 which is newer than the version Flyway has been verified with. The latest verified version of H2 is 2.3.232.
2025.12.14 12:39:03 INFO  no build target found for /root/onnx_spinal_project_new/hw/spinal/Accelerator/Accelerator.scala. Using presentation compiler with project's scala-library version: 3.3.6
2025.12.14 12:39:04 INFO  Attempting to connect to the build server...
2025.12.14 12:39:04 INFO  No running Bloop server found, starting one.
2025.12.14 12:39:05 INFO  Starting compilation server
2025.12.14 12:39:05 INFO  no build target found for /root/onnx_spinal_project_new/hw/spinal/Accelerator/Accelerator.scala. Using presentation compiler with project's scala-library version: 3.3.6
2025.12.14 12:39:07 INFO  tracing is disabled for protocol BSP, to enable tracing of incoming and outgoing JSON messages create an empty file at /root/onnx_spinal_project_new/.metals/bsp.trace.json or /root/.cache/metals/bsp.trace.json
2025.12.14 12:39:07 INFO  Attempting to connect to the build server...
2025.12.14 12:39:07 INFO  Found a Bloop server running
2025.12.14 12:39:07 INFO  Attempting to connect to the build server...
2025.12.14 12:39:07 INFO  Found a Bloop server running
2025.12.14 12:39:07 INFO  tracing is disabled for protocol BSP, to enable tracing of incoming and outgoing JSON messages create an empty file at /root/onnx_spinal_project_new/project/project/.metals/bsp.trace.json or /root/.cache/metals/bsp.trace.json
2025.12.14 12:39:07 INFO  tracing is disabled for protocol BSP, to enable tracing of incoming and outgoing JSON messages create an empty file at /root/onnx_spinal_project_new/project/.metals/bsp.trace.json or /root/.cache/metals/bsp.trace.json
2025.12.14 12:39:10 INFO  time: Connected to build server in 6.72s
2025.12.14 12:39:10 INFO  Connected to Build server: Bloop v2.0.17
2025.12.14 12:39:11 INFO  time: Imported build in 0.16s
2025.12.14 12:39:11 WARN  2.12.15 is no longer supported in the current Metals versions, using the last known supported version 1.3.3
2025.12.14 12:39:11 WARN  2.13.14 is no longer supported in the current Metals versions, using the last known supported version 1.6.3
2025.12.14 12:39:13 INFO  QDox parse error in file:///root/onnx_spinal_project_new/hw/spinal/Accelerator/test.java (full report at: "/root/onnx_spinal_project_new/.metals/.reports/metals-full/2025-12-14/r_qdox-error_(Onnx_5fSpinalHDL)_12-10-00-835.md")
2025.12.14 12:39:14 WARN  Could not find java sources in /usr/lib/jvm/src.zip, /usr/lib/jvm/lib/src.zip, /usr/lib/jvm/java-17-openjdk/src.zip, /usr/lib/jvm/java-17-openjdk/lib/src.zip, /usr/lib/jvm/src.zip, /usr/lib/jvm/lib/src.zip, /usr/lib/jvm/java-17-openjdk-17.0.14.0.7-2.el9.x86_64/src.zip, /usr/lib/jvm/java-17-openjdk-17.0.14.0.7-2.el9.x86_64/lib/src.zip. Java symbols will not be available.
2025.12.14 12:39:15 INFO  time: indexed workspace in 4.07s
2025.12.14 12:39:16 WARN  Invalid text document uri received from build server: file:///root/onnx_spinal_project_new/hw/spinal/WrapForFPGA/tb_Axi4NarrowWeaver.scala
2025.12.14 12:39:16 INFO  BSP server: 
Found top level imports but no class, trait or object is defined in the compilation unit.
The incremental compiler cannot record the dependency information in such case.
Some errors like unused import referring to a non-existent class might not be reported.
    
2025.12.14 12:39:16 WARN  Invalid text document uri received from build server: file:///root/onnx_spinal_project_new/hw/spinal/WrapForFPGA/tb_Axi4NarrowWeaver.scala
2025.12.14 12:39:16 INFO  BSP server: 
Found names but no class, trait or object is defined in the compilation unit.
The incremental compiler cannot record the dependency information in such case.
Some errors like unused import referring to a non-existent class might not be reported.
    
Dec 14, 2025 12:48:47 PM org.eclipse.lsp4j.jsonrpc.services.GenericEndpoint notify
INFO: Unsupported notification method: $/setTrace
2025.12.14 12:48:48 INFO  compiling onnx_spinalhdl (3 scala sources)
2025.12.14 12:48:51 WARN  Invalid text document uri received from build server: file:///root/onnx_spinal_project_new/hw/spinal/WrapForFPGA/tb_Axi4NarrowWeaver.scala
2025.12.14 12:48:51 INFO  time: compiled Onnx_SpinalHDL in 3.26s
2025.12.14 12:48:51 INFO  compiling onnx_spinalhdl (3 scala sources)
2025.12.14 12:48:53 INFO  time: compiled Onnx_SpinalHDL in 0.97s
2025.12.14 12:49:09 INFO  Started: Metals version 1.6.4 in folders '/root/onnx_spinal_project_new' for client Visual Studio Code 1.107.0.
2025.12.14 12:49:13 WARN  Using H2 2.4.240 which is newer than the version Flyway has been verified with. The latest verified version of H2 is 2.3.232.
2025.12.14 12:49:13 INFO  no build target found for /root/onnx_spinal_project_new/hw/spinal/WrapForFPGA/WrapForFPGA.scala. Using presentation compiler with project's scala-library version: 3.3.6
2025.12.14 12:49:14 INFO  Attempting to connect to the build server...
2025.12.14 12:49:14 INFO  Found a Bloop server running
2025.12.14 12:49:14 INFO  tracing is disabled for protocol BSP, to enable tracing of incoming and outgoing JSON messages create an empty file at /root/onnx_spinal_project_new/.metals/bsp.trace.json or /root/.cache/metals/bsp.trace.json
2025.12.14 12:49:14 INFO  Attempting to connect to the build server...
2025.12.14 12:49:14 INFO  Found a Bloop server running
2025.12.14 12:49:14 INFO  Attempting to connect to the build server...
2025.12.14 12:49:14 INFO  Found a Bloop server running
2025.12.14 12:49:14 INFO  tracing is disabled for protocol BSP, to enable tracing of incoming and outgoing JSON messages create an empty file at /root/onnx_spinal_project_new/project/.metals/bsp.trace.json or /root/.cache/metals/bsp.trace.json
2025.12.14 12:49:14 INFO  tracing is disabled for protocol BSP, to enable tracing of incoming and outgoing JSON messages create an empty file at /root/onnx_spinal_project_new/project/project/.metals/bsp.trace.json or /root/.cache/metals/bsp.trace.json
2025.12.14 12:49:14 INFO  time: Connected to build server in 0.32s
2025.12.14 12:49:14 INFO  Connected to Build server: Bloop v2.0.17
2025.12.14 12:49:14 WARN  2.12.15 is no longer supported in the current Metals versions, using the last known supported version 1.3.3
2025.12.14 12:49:15 WARN  2.13.14 is no longer supported in the current Metals versions, using the last known supported version 1.6.3
Dec 14, 2025 12:49:15 PM org.eclipse.lsp4j.jsonrpc.RemoteEndpoint handleCancellation
WARNING: Unmatched cancel notification for request id 5
2025.12.14 12:49:29 INFO  QDox parse error in file:///root/onnx_spinal_project_new/hw/spinal/Accelerator/test.java (full report at: "/root/onnx_spinal_project_new/.metals/.reports/metals-full/2025-12-14/r_qdox-error_(Onnx_5fSpinalHDL)_12-10-00-835.md")
2025.12.14 12:49:30 WARN  Could not find java sources in /usr/lib/jvm/src.zip, /usr/lib/jvm/lib/src.zip, /usr/lib/jvm/java-17-openjdk/src.zip, /usr/lib/jvm/java-17-openjdk/lib/src.zip, /usr/lib/jvm/src.zip, /usr/lib/jvm/lib/src.zip, /usr/lib/jvm/java-17-openjdk-17.0.14.0.7-2.el9.x86_64/src.zip, /usr/lib/jvm/java-17-openjdk-17.0.14.0.7-2.el9.x86_64/lib/src.zip. Java symbols will not be available.
2025.12.14 12:49:31 INFO  time: indexed workspace in 16s
2025.12.14 12:49:31 INFO  compiling onnx_spinalhdl (3 scala sources)
2025.12.14 12:49:57 INFO  time: compiled Onnx_SpinalHDL in 25s
2025.12.14 12:50:14 INFO  Started: Metals version 1.6.4 in folders '/root/onnx_spinal_project_new' for client Visual Studio Code 1.107.0.
2025.12.14 12:50:18 WARN  Using H2 2.4.240 which is newer than the version Flyway has been verified with. The latest verified version of H2 is 2.3.232.
2025.12.14 12:50:18 INFO  no build target found for /root/onnx_spinal_project_new/hw/spinal/WrapForFPGA/WrapForFPGA.scala. Using presentation compiler with project's scala-library version: 3.3.6
2025.12.14 12:50:18 INFO  Attempting to connect to the build server...
2025.12.14 12:50:18 INFO  Found a Bloop server running
2025.12.14 12:50:18 INFO  tracing is disabled for protocol BSP, to enable tracing of incoming and outgoing JSON messages create an empty file at /root/onnx_spinal_project_new/.metals/bsp.trace.json or /root/.cache/metals/bsp.trace.json
2025.12.14 12:50:18 INFO  Attempting to connect to the build server...
2025.12.14 12:50:18 INFO  Found a Bloop server running
2025.12.14 12:50:18 INFO  Attempting to connect to the build server...
2025.12.14 12:50:18 INFO  Found a Bloop server running
2025.12.14 12:50:19 INFO  tracing is disabled for protocol BSP, to enable tracing of incoming and outgoing JSON messages create an empty file at /root/onnx_spinal_project_new/project/project/.metals/bsp.trace.json or /root/.cache/metals/bsp.trace.json
2025.12.14 12:50:19 INFO  tracing is disabled for protocol BSP, to enable tracing of incoming and outgoing JSON messages create an empty file at /root/onnx_spinal_project_new/project/.metals/bsp.trace.json or /root/.cache/metals/bsp.trace.json
2025.12.14 12:50:19 INFO  time: Connected to build server in 0.35s
2025.12.14 12:50:19 INFO  Connected to Build server: Bloop v2.0.17
2025.12.14 12:50:19 WARN  2.12.15 is no longer supported in the current Metals versions, using the last known supported version 1.3.3
2025.12.14 12:50:19 WARN  2.13.14 is no longer supported in the current Metals versions, using the last known supported version 1.6.3
2025.12.14 12:50:34 INFO  Found a Bloop server running
2025.12.14 12:50:34 INFO  Found a Bloop server running
2025.12.14 12:50:34 INFO  Found a Bloop server running
2025.12.14 12:50:34 INFO  tracing is disabled for protocol BSP, to enable tracing of incoming and outgoing JSON messages create an empty file at /root/onnx_spinal_project_new/project/.metals/bsp.trace.json or /root/.cache/metals/bsp.trace.json
2025.12.14 12:50:34 INFO  tracing is disabled for protocol BSP, to enable tracing of incoming and outgoing JSON messages create an empty file at /root/onnx_spinal_project_new/project/project/.metals/bsp.trace.json or /root/.cache/metals/bsp.trace.json
2025.12.14 12:50:34 INFO  tracing is disabled for protocol BSP, to enable tracing of incoming and outgoing JSON messages create an empty file at /root/onnx_spinal_project_new/.metals/bsp.trace.json or /root/.cache/metals/bsp.trace.json
2025.12.14 12:50:35 INFO  QDox parse error in file:///root/onnx_spinal_project_new/hw/spinal/Accelerator/test.java (full report at: "/root/onnx_spinal_project_new/.metals/.reports/metals-full/2025-12-14/r_qdox-error_(Onnx_5fSpinalHDL)_12-10-00-835.md")
2025.12.14 12:50:38 WARN  Could not find java sources in /usr/lib/jvm/src.zip, /usr/lib/jvm/lib/src.zip, /usr/lib/jvm/java-17-openjdk/src.zip, /usr/lib/jvm/java-17-openjdk/lib/src.zip, /usr/lib/jvm/src.zip, /usr/lib/jvm/lib/src.zip, /usr/lib/jvm/java-17-openjdk-17.0.14.0.7-2.el9.x86_64/src.zip, /usr/lib/jvm/java-17-openjdk-17.0.14.0.7-2.el9.x86_64/lib/src.zip. Java symbols will not be available.
2025.12.14 12:51:15 INFO  Found a Bloop server running
2025.12.14 12:51:15 INFO  Found a Bloop server running
2025.12.14 12:51:15 INFO  Found a Bloop server running
2025.12.14 12:51:15 INFO  tracing is disabled for protocol BSP, to enable tracing of incoming and outgoing JSON messages create an empty file at /root/onnx_spinal_project_new/.metals/bsp.trace.json or /root/.cache/metals/bsp.trace.json
2025.12.14 12:51:15 INFO  tracing is disabled for protocol BSP, to enable tracing of incoming and outgoing JSON messages create an empty file at /root/onnx_spinal_project_new/project/.metals/bsp.trace.json or /root/.cache/metals/bsp.trace.json
2025.12.14 12:51:15 INFO  tracing is disabled for protocol BSP, to enable tracing of incoming and outgoing JSON messages create an empty file at /root/onnx_spinal_project_new/project/project/.metals/bsp.trace.json or /root/.cache/metals/bsp.trace.json
2025.12.14 12:51:15 INFO  time: indexed workspace in 56s
2025.12.14 12:51:16 INFO  compiling onnx_spinalhdl (3 scala sources)
2025.12.14 12:51:16 INFO  time: compiled Onnx_SpinalHDL in 0.86s
2025.12.14 12:51:17 INFO  Connected to Build server: Bloop v2.0.17
2025.12.14 12:51:17 INFO  compiling onnx_spinalhdl (3 scala sources)
2025.12.14 12:51:17 INFO  time: compiled Onnx_SpinalHDL in 0.52s
2025.12.14 12:52:46 INFO  Started: Metals version 1.6.4 in folders '/root/onnx_spinal_project_new' for client Visual Studio Code 1.107.0.
2025.12.14 12:52:50 WARN  Using H2 2.4.240 which is newer than the version Flyway has been verified with. The latest verified version of H2 is 2.3.232.
2025.12.14 12:52:50 INFO  no build target found for /root/onnx_spinal_project_new/hw/spinal/Accelerator/Accelerator.scala. Using presentation compiler with project's scala-library version: 3.3.6
2025.12.14 12:52:50 INFO  Attempting to connect to the build server...
2025.12.14 12:52:50 INFO  Found a Bloop server running
2025.12.14 12:52:50 INFO  tracing is disabled for protocol BSP, to enable tracing of incoming and outgoing JSON messages create an empty file at /root/onnx_spinal_project_new/.metals/bsp.trace.json or /root/.cache/metals/bsp.trace.json
2025.12.14 12:52:50 INFO  Attempting to connect to the build server...
2025.12.14 12:52:50 INFO  Found a Bloop server running
2025.12.14 12:52:50 INFO  Attempting to connect to the build server...
2025.12.14 12:52:50 INFO  Found a Bloop server running
2025.12.14 12:52:50 INFO  tracing is disabled for protocol BSP, to enable tracing of incoming and outgoing JSON messages create an empty file at /root/onnx_spinal_project_new/project/project/.metals/bsp.trace.json or /root/.cache/metals/bsp.trace.json
2025.12.14 12:52:50 INFO  tracing is disabled for protocol BSP, to enable tracing of incoming and outgoing JSON messages create an empty file at /root/onnx_spinal_project_new/project/.metals/bsp.trace.json or /root/.cache/metals/bsp.trace.json
2025.12.14 12:52:50 INFO  time: Connected to build server in 0.35s
2025.12.14 12:52:50 INFO  Connected to Build server: Bloop v2.0.17
2025.12.14 12:52:51 WARN  2.12.15 is no longer supported in the current Metals versions, using the last known supported version 1.3.3
2025.12.14 12:52:50 WARN  2.13.14 is no longer supported in the current Metals versions, using the last known supported version 1.6.3
2025.12.14 12:53:17 INFO  [0m[31m[E][0m Exiting BSP server with null
2025.12.14 12:53:17 ERROR Bloop 'bsp' command exited with code 1. Something may be wrong with the current configuration.
Running the [1mclean[0m sub-command to clear the working directory and remove caches might help.
If the error persists, please report the issue as a bug and attach a log with increased verbosity by passing [1m-v -v -v[0m.
2025.12.14 12:53:17 INFO  Found a Bloop server running
2025.12.14 12:53:17 INFO  Found a Bloop server running
2025.12.14 12:53:17 INFO  Found a Bloop server running
2025.12.14 12:53:17 INFO  tracing is disabled for protocol BSP, to enable tracing of incoming and outgoing JSON messages create an empty file at /root/onnx_spinal_project_new/project/project/.metals/bsp.trace.json or /root/.cache/metals/bsp.trace.json
2025.12.14 12:53:18 INFO  tracing is disabled for protocol BSP, to enable tracing of incoming and outgoing JSON messages create an empty file at /root/onnx_spinal_project_new/.metals/bsp.trace.json or /root/.cache/metals/bsp.trace.json
2025.12.14 12:53:18 INFO  tracing is disabled for protocol BSP, to enable tracing of incoming and outgoing JSON messages create an empty file at /root/onnx_spinal_project_new/project/.metals/bsp.trace.json or /root/.cache/metals/bsp.trace.json
2025.12.14 12:53:26 INFO  QDox parse error in file:///root/onnx_spinal_project_new/hw/spinal/Accelerator/test.java (full report at: "/root/onnx_spinal_project_new/.metals/.reports/metals-full/2025-12-14/r_qdox-error_(Onnx_5fSpinalHDL)_12-10-00-835.md")
2025.12.14 12:53:26 WARN  Could not find java sources in /usr/lib/jvm/src.zip, /usr/lib/jvm/lib/src.zip, /usr/lib/jvm/java-17-openjdk/src.zip, /usr/lib/jvm/java-17-openjdk/lib/src.zip, /usr/lib/jvm/src.zip, /usr/lib/jvm/lib/src.zip, /usr/lib/jvm/java-17-openjdk-17.0.14.0.7-2.el9.x86_64/src.zip, /usr/lib/jvm/java-17-openjdk-17.0.14.0.7-2.el9.x86_64/lib/src.zip. Java symbols will not be available.
2025.12.14 12:53:50 INFO  time: indexed workspace in 59s
2025.12.14 12:53:50 INFO  Created report: Optional[file:///root/onnx_spinal_project_new/Main.scala]
2025.12.14 12:53:50 INFO  java.lang.NullPointerException: Cannot read the array length because "a" is null (full report at: "/root/onnx_spinal_project_new/.metals/.reports/metals-full/2025-12-14/r_compiler-error_12-53-50-923.md")
2025.12.14 12:53:51 INFO  compiling onnx_spinalhdl (3 scala sources)
2025.12.14 12:53:51 INFO  time: compiled Onnx_SpinalHDL in 0.78s
2025.12.14 12:53:52 INFO  Connected to Build server: Bloop v2.0.17
2025.12.14 12:53:54 INFO  QDox parse error in file:///root/onnx_spinal_project_new/hw/spinal/Accelerator/test.java (full report at: "/root/onnx_spinal_project_new/.metals/.reports/metals-full/2025-12-14/r_qdox-error_(Onnx_5fSpinalHDL)_12-10-00-835.md")
2025.12.14 12:53:54 WARN  Could not find java sources in /usr/lib/jvm/src.zip, /usr/lib/jvm/lib/src.zip, /usr/lib/jvm/java-17-openjdk/src.zip, /usr/lib/jvm/java-17-openjdk/lib/src.zip, /usr/lib/jvm/src.zip, /usr/lib/jvm/lib/src.zip, /usr/lib/jvm/java-17-openjdk-17.0.14.0.7-2.el9.x86_64/src.zip, /usr/lib/jvm/java-17-openjdk-17.0.14.0.7-2.el9.x86_64/lib/src.zip. Java symbols will not be available.
2025.12.14 12:53:54 INFO  time: indexed workspace in 2.78s
2025.12.14 12:53:55 INFO  compiling onnx_spinalhdl (3 scala sources)
2025.12.14 12:53:55 INFO  time: compiled Onnx_SpinalHDL in 0.54s
2025.12.15 03:54:43 INFO  compiling onnx_spinalhdl (4 scala sources)
2025.12.15 03:54:43 INFO  time: compiled Onnx_SpinalHDL in 0.59s
2025.12.15 03:54:47 WARN  Could not load snapshot text for /root/onnx_spinal_project_new/hw/spinal/WrapForFPGA/InputCache_Ctrl.scala
2025.12.15 04:03:20 INFO  compiling onnx_spinalhdl (4 scala sources)
2025.12.15 04:03:20 INFO  time: compiled Onnx_SpinalHDL in 0.46s
2025.12.15 04:08:15 WARN  Could not load snapshot text for /root/onnx_spinal_project_new/hw/spinal/Accelerator/performanceTest.scala
2025.12.15 04:08:22 WARN  Could not load snapshot text for /root/onnx_spinal_project_new/hw/spinal/Accelerator/tb_Accelerator.scala
2025.12.15 04:08:27 WARN  Could not load snapshot text for /root/onnx_spinal_project_new/hw/spinal/Accelerator/performanceTest.scala
2025.12.15 04:08:27 WARN  Could not load snapshot text for /root/onnx_spinal_project_new/hw/spinal/Accelerator/performanceTest.scala
2025.12.15 04:08:30 WARN  Could not load snapshot text for /root/onnx_spinal_project_new/hw/spinal/Accelerator/performanceTest.scala
Dec 15, 2025 4:08:30 AM org.eclipse.lsp4j.jsonrpc.RemoteEndpoint handleCancellation
WARNING: Unmatched cancel notification for request id 460
2025.12.15 04:08:31 WARN  Could not load snapshot text for /root/onnx_spinal_project_new/hw/spinal/Accelerator/tb_Accelerator.scala
2025.12.15 04:08:31 WARN  Could not load snapshot text for /root/onnx_spinal_project_new/hw/spinal/Accelerator/tb_Accelerator.scala
2025.12.15 04:08:33 WARN  Could not load snapshot text for /root/onnx_spinal_project_new/hw/spinal/Accelerator/tb_Accelerator.scala
Dec 15, 2025 4:08:35 AM org.eclipse.lsp4j.jsonrpc.RemoteEndpoint handleCancellation
WARNING: Unmatched cancel notification for request id 497
Dec 15, 2025 4:08:35 AM org.eclipse.lsp4j.jsonrpc.RemoteEndpoint handleCancellation
WARNING: Unmatched cancel notification for request id 498
2025.12.15 04:08:36 WARN  Could not load snapshot text for /root/onnx_spinal_project_new/hw/spinal/Accelerator/tb_Accelerator.scala
Dec 15, 2025 4:08:39 AM org.eclipse.lsp4j.jsonrpc.RemoteEndpoint handleCancellation
WARNING: Unmatched cancel notification for request id 515
Dec 15, 2025 4:08:39 AM org.eclipse.lsp4j.jsonrpc.RemoteEndpoint handleCancellation
WARNING: Unmatched cancel notification for request id 516
Dec 15, 2025 4:08:39 AM org.eclipse.lsp4j.jsonrpc.RemoteEndpoint handleCancellation
WARNING: Unmatched cancel notification for request id 517
Dec 15, 2025 4:08:39 AM org.eclipse.lsp4j.jsonrpc.RemoteEndpoint handleCancellation
WARNING: Unmatched cancel notification for request id 518
Dec 15, 2025 4:08:39 AM org.eclipse.lsp4j.jsonrpc.RemoteEndpoint handleCancellation
WARNING: Unmatched cancel notification for request id 519
Dec 15, 2025 4:08:39 AM org.eclipse.lsp4j.jsonrpc.RemoteEndpoint handleCancellation
WARNING: Unmatched cancel notification for request id 520
2025.12.15 04:08:40 WARN  Could not load snapshot text for /root/onnx_spinal_project_new/hw/spinal/Accelerator/tb_Accelerator.scala
2025.12.15 04:08:40 INFO  compiling onnx_spinalhdl (3 scala sources)
2025.12.15 04:08:40 WARN  Could not load snapshot text for /root/onnx_spinal_project_new/hw/spinal/Accelerator/performanceTest.scala
2025.12.15 04:08:42 INFO  time: compiled Onnx_SpinalHDL in 1.54s
2025.12.15 04:08:42 INFO  compiling onnx_spinalhdl (2 scala sources)
2025.12.15 04:08:46 INFO  time: compiled Onnx_SpinalHDL in 3.52s
2025.12.15 04:09:06 INFO  Created report: Optional[file:///root/onnx_spinal_project_new/hw/spinal/Accelerator/InstJavaTODO.java]
2025.12.15 04:09:06 INFO  QDox parse error in file:///root/onnx_spinal_project_new/hw/spinal/Accelerator/InstJavaTODO.java (full report at: "/root/onnx_spinal_project_new/.metals/.reports/metals-full/2025-12-15/r_qdox-error_(Onnx_5fSpinalHDL)_04-09-06-045.md")
2025.12.15 04:09:06 INFO  compiling onnx_spinalhdl (1 java source)
2025.12.15 04:09:07 WARN  Invalid text document uri received from build server: file:///root/onnx_spinal_project_new/hw/spinal/WrapForFPGA/tb_Axi4NarrowWeaver.scala
2025.12.15 04:09:07 INFO  time: compiled Onnx_SpinalHDL in 1.58s
2025.12.15 04:09:07 INFO  compiling onnx_spinalhdl (1 scala source)
2025.12.15 04:09:07 WARN  Invalid text document uri received from build server: file:///root/onnx_spinal_project_new/hw/spinal/WrapForFPGA/tb_Axi4NarrowWeaver.scala
2025.12.15 04:09:07 INFO  time: compiled Onnx_SpinalHDL in 0.32s
Dec 15, 2025 4:09:17 AM org.eclipse.lsp4j.jsonrpc.RemoteEndpoint handleCancellation
WARNING: Unmatched cancel notification for request id 594
2025.12.15 04:09:32 INFO  compiling onnx_spinalhdl (1 scala source and 1 java source)
2025.12.15 04:09:33 INFO  time: compiled Onnx_SpinalHDL in 1.19s
2025.12.15 04:09:33 INFO  compiling onnx_spinalhdl (1 scala source)
2025.12.15 04:09:33 INFO  time: compiled Onnx_SpinalHDL in 0.43s
2025.12.15 04:09:57 WARN  Could not load snapshot text for /root/onnx_spinal_project_new/hw/spinal/Accelerator/test.java
2025.12.15 04:09:57 WARN  Could not load snapshot text for /root/onnx_spinal_project_new/hw/spinal/Accelerator/test.java
2025.12.15 04:09:59 INFO  compiling onnx_spinalhdl (1 scala source and 2 java sources)
2025.12.15 04:10:01 WARN  javac exited with exit code 1
2025.12.15 04:10:01 INFO  time: compiled Onnx_SpinalHDL in 1.31s
2025.12.15 04:10:57 INFO  QDox parse error in file:///root/onnx_spinal_project_new/hw/spinal/Accelerator/InstJavaTODO.java (full report at: "/root/onnx_spinal_project_new/.metals/.reports/metals-full/2025-12-15/r_qdox-error_(Onnx_5fSpinalHDL)_04-09-06-045.md")
2025.12.15 04:10:57 INFO  QDox parse error in file:///root/onnx_spinal_project_new/hw/spinal/Accelerator/InstJavaTODO.java (full report at: "/root/onnx_spinal_project_new/.metals/.reports/metals-full/2025-12-15/r_qdox-error_(Onnx_5fSpinalHDL)_04-09-06-045.md")
2025.12.15 04:10:57 INFO  QDox parse error in file:///root/onnx_spinal_project_new/hw/spinal/Accelerator/InstJavaTODO.java (full report at: "/root/onnx_spinal_project_new/.metals/.reports/metals-full/2025-12-15/r_qdox-error_(Onnx_5fSpinalHDL)_04-09-06-045.md")
2025.12.15 04:11:02 INFO  compiling onnx_spinalhdl (2 scala sources and 2 java sources)
2025.12.15 04:11:02 INFO  time: compiled Onnx_SpinalHDL in 0.61s
2025.12.15 04:11:22 INFO  time: code lens generation in 1.57s
2025.12.15 04:11:26 INFO  skipping build import with status 'Installed'
Dec 15, 2025 4:12:14 AM org.eclipse.lsp4j.jsonrpc.RemoteEndpoint handleCancellation
WARNING: Unmatched cancel notification for request id 865
Dec 15, 2025 4:12:14 AM org.eclipse.lsp4j.jsonrpc.RemoteEndpoint handleCancellation
WARNING: Unmatched cancel notification for request id 866
Dec 15, 2025 4:12:15 AM org.eclipse.lsp4j.jsonrpc.RemoteEndpoint handleCancellation
WARNING: Unmatched cancel notification for request id 869
Dec 15, 2025 4:12:15 AM org.eclipse.lsp4j.jsonrpc.RemoteEndpoint handleCancellation
WARNING: Unmatched cancel notification for request id 870
2025.12.15 04:12:43 INFO  QDox parse error in file:///root/onnx_spinal_project_new/hw/spinal/Accelerator/InstJavaTODO.java (full report at: "/root/onnx_spinal_project_new/.metals/.reports/metals-full/2025-12-15/r_qdox-error_(Onnx_5fSpinalHDL)_04-09-06-045.md")
2025.12.15 04:12:43 INFO  QDox parse error in file:///root/onnx_spinal_project_new/hw/spinal/Accelerator/InstJavaTODO.java (full report at: "/root/onnx_spinal_project_new/.metals/.reports/metals-full/2025-12-15/r_qdox-error_(Onnx_5fSpinalHDL)_04-09-06-045.md")
2025.12.15 04:12:43 INFO  QDox parse error in file:///root/onnx_spinal_project_new/hw/spinal/Accelerator/InstJavaTODO.java (full report at: "/root/onnx_spinal_project_new/.metals/.reports/metals-full/2025-12-15/r_qdox-error_(Onnx_5fSpinalHDL)_04-09-06-045.md")
2025.12.15 04:12:43 INFO  QDox parse error in file:///root/onnx_spinal_project_new/hw/spinal/Accelerator/InstJavaTODO.java (full report at: "/root/onnx_spinal_project_new/.metals/.reports/metals-full/2025-12-15/r_qdox-error_(Onnx_5fSpinalHDL)_04-09-06-045.md")
2025.12.15 04:12:47 INFO  running '/root/.local/share/coursier/bin/sbt -Dbloop.export-jar-classifiers=sources bloopInstall'
2025.12.15 04:12:48 INFO  [info] welcome to sbt 1.6.0 (Red Hat, Inc. Java 17.0.14)
2025.12.15 04:12:48 INFO  [info] loading settings for project onnx_spinal_project_new-build-build-build from metals.sbt ...
2025.12.15 04:12:48 INFO  [info] loading project definition from /root/onnx_spinal_project_new/project/project/project
2025.12.15 04:12:49 INFO  [info] loading settings for project onnx_spinal_project_new-build-build from metals.sbt ...
2025.12.15 04:12:49 INFO  [info] loading project definition from /root/onnx_spinal_project_new/project/project
2025.12.15 04:12:51 INFO  [success] Generated .bloop/onnx_spinal_project_new-build-build.json
2025.12.15 04:12:51 INFO  [success] Total time: 1 s, completed Dec 15, 2025, 4:12:51 AM
2025.12.15 04:12:51 INFO  [info] loading settings for project onnx_spinal_project_new-build from metals.sbt,plugins.sbt ...
2025.12.15 04:12:51 INFO  [info] loading project definition from /root/onnx_spinal_project_new/project
2025.12.15 04:12:51 INFO  [success] Generated .bloop/onnx_spinal_project_new-build.json
2025.12.15 04:12:51 INFO  [success] Total time: 0 s, completed Dec 15, 2025, 4:12:51 AM
2025.12.15 04:12:51 INFO  [info] loading settings for project Onnx_SpinalHDL from build.sbt ...
2025.12.15 04:12:51 INFO  [info] set current project to Onnx_SpinalHDL (in build file:/root/onnx_spinal_project_new/)
2025.12.15 04:12:52 INFO  [warn] there's a key that's not used by any other settings/tasks:
2025.12.15 04:12:52 INFO  [warn]  
2025.12.15 04:12:52 INFO  [warn] * Onnx_SpinalHDL / Compile / javaSource
2025.12.15 04:12:52 INFO  [warn]   +- /root/onnx_spinal_project_new/build.sbt:18
2025.12.15 04:12:52 INFO  [warn]  
2025.12.15 04:12:52 INFO  [warn] note: a setting might still be used by a command; to exclude a key from this `lintUnused` check
2025.12.15 04:12:52 INFO  [warn] either append it to `Global / excludeLintKeys` or call .withRank(KeyRanks.Invisible) on the key
2025.12.15 04:12:52 INFO  [success] Generated .bloop/Onnx_SpinalHDL.json
2025.12.15 04:12:52 INFO  [success] Generated .bloop/Onnx_SpinalHDL-test.json
2025.12.15 04:12:52 INFO  [success] Total time: 0 s, completed Dec 15, 2025, 4:12:52 AM
2025.12.15 04:12:52 INFO  time: ran 'sbt bloopInstall' in 5.73s
2025.12.15 04:12:52 INFO  Disconnecting from Bloop session...
2025.12.15 04:12:52 INFO  Shut down connection with build server.
2025.12.15 04:12:52 INFO  Shut down connection with build server.
2025.12.15 04:12:52 INFO  Shut down connection with build server.
2025.12.15 04:12:52 INFO  Attempting to connect to the build server...
2025.12.15 04:12:52 INFO  Found a Bloop server running
2025.12.15 04:12:52 INFO  tracing is disabled for protocol BSP, to enable tracing of incoming and outgoing JSON messages create an empty file at /root/onnx_spinal_project_new/.metals/bsp.trace.json or /root/.cache/metals/bsp.trace.json
2025.12.15 04:12:52 INFO  Attempting to connect to the build server...
2025.12.15 04:12:52 INFO  Found a Bloop server running
2025.12.15 04:12:52 INFO  Attempting to connect to the build server...
2025.12.15 04:12:52 INFO  Found a Bloop server running
2025.12.15 04:12:52 INFO  tracing is disabled for protocol BSP, to enable tracing of incoming and outgoing JSON messages create an empty file at /root/onnx_spinal_project_new/project/project/.metals/bsp.trace.json or /root/.cache/metals/bsp.trace.json
2025.12.15 04:12:53 INFO  tracing is disabled for protocol BSP, to enable tracing of incoming and outgoing JSON messages create an empty file at /root/onnx_spinal_project_new/project/.metals/bsp.trace.json or /root/.cache/metals/bsp.trace.json
2025.12.15 04:12:52 INFO  time: Connected to build server in 0.27s
2025.12.15 04:12:52 INFO  Connected to Build server: Bloop v2.0.17
2025.12.15 04:12:54 INFO  QDox parse error in file:///root/onnx_spinal_project_new/hw/spinal/Accelerator/InstJavaTODO.java (full report at: "/root/onnx_spinal_project_new/.metals/.reports/metals-full/2025-12-15/r_qdox-error_(Onnx_5fSpinalHDL)_04-09-06-045.md")
2025.12.15 04:12:54 WARN  Could not find java sources in /usr/lib/jvm/src.zip, /usr/lib/jvm/lib/src.zip, /usr/lib/jvm/java-17-openjdk/src.zip, /usr/lib/jvm/java-17-openjdk/lib/src.zip, /usr/lib/jvm/src.zip, /usr/lib/jvm/lib/src.zip, /usr/lib/jvm/java-17-openjdk-17.0.14.0.7-2.el9.x86_64/src.zip, /usr/lib/jvm/java-17-openjdk-17.0.14.0.7-2.el9.x86_64/lib/src.zip. Java symbols will not be available.
2025.12.15 04:12:54 INFO  time: indexed workspace in 1.79s
2025.12.15 04:12:55 INFO  compiling onnx_spinalhdl (2 scala sources and 2 java sources)
2025.12.15 04:12:55 INFO  time: compiled Onnx_SpinalHDL in 0.28s
2025.12.15 04:14:26 INFO  Started: Metals version 1.6.4 in folders '/root/onnx_spinal_project_new' for client Visual Studio Code 1.107.0.
2025.12.15 04:18:18 INFO  Started: Metals version 1.6.4 in folders '/root/onnx_spinal_project_new' for client Visual Studio Code 1.107.0.
2025.12.15 04:18:21 WARN  Using H2 2.4.240 which is newer than the version Flyway has been verified with. The latest verified version of H2 is 2.3.232.
2025.12.15 04:18:21 INFO  no build target found for /root/onnx_spinal_project_new/hw/spinal/Accelerator/test.java. Using fallback presentation compiler.
2025.12.15 04:18:21 INFO  Attempting to connect to the build server...
2025.12.15 04:18:21 INFO  No running Bloop server found, starting one.
2025.12.15 04:18:21 INFO  no build target found for /root/onnx_spinal_project_new/hw/spinal/Accelerator/Accelerator.scala. Using presentation compiler with project's scala-library version: 3.3.6
2025.12.15 04:18:23 INFO  Starting compilation server
2025.12.15 04:18:23 INFO  no build target found for /root/onnx_spinal_project_new/hw/spinal/Accelerator/Accelerator.scala. Using presentation compiler with project's scala-library version: 3.3.6
2025.12.15 04:18:23 INFO  no build target found for /root/onnx_spinal_project_new/hw/spinal/Accelerator/test.java. Using fallback presentation compiler.
Dec 15, 2025 4:18:23 AM org.eclipse.lsp4j.jsonrpc.RemoteEndpoint handleCancellation
WARNING: Unmatched cancel notification for request id 3
Dec 15, 2025 4:18:23 AM org.eclipse.lsp4j.jsonrpc.RemoteEndpoint handleCancellation
WARNING: Unmatched cancel notification for request id 4
2025.12.15 04:18:23 INFO  no build target found for /root/onnx_spinal_project_new/hw/spinal/Accelerator/test.java. Using fallback presentation compiler.
2025.12.15 04:18:23 INFO  no build target found for /root/onnx_spinal_project_new/hw/spinal/Accelerator/Accelerator.scala. Using presentation compiler with project's scala-library version: 3.3.6
2025.12.15 04:18:23 INFO  no build target found for /root/onnx_spinal_project_new/hw/spinal/Accelerator/test.java. Using fallback presentation compiler.
2025.12.15 04:18:23 INFO  no build target found for /root/onnx_spinal_project_new/hw/spinal/Accelerator/Accelerator.scala. Using presentation compiler with project's scala-library version: 3.3.6
2025.12.15 04:18:23 INFO  no build target found for /root/onnx_spinal_project_new/hw/spinal/Accelerator/test.java. Using fallback presentation compiler.
2025.12.15 04:18:23 INFO  no build target found for /root/onnx_spinal_project_new/hw/spinal/Accelerator/Accelerator.scala. Using presentation compiler with project's scala-library version: 3.3.6
2025.12.15 04:18:23 INFO  no build target found for /root/onnx_spinal_project_new/hw/spinal/Accelerator/test.java. Using fallback presentation compiler.
2025.12.15 04:18:23 INFO  no build target found for /root/onnx_spinal_project_new/hw/spinal/Accelerator/Accelerator.scala. Using presentation compiler with project's scala-library version: 3.3.6
Dec 15, 2025 4:18:24 AM org.eclipse.lsp4j.jsonrpc.RemoteEndpoint handleCancellation
WARNING: Unmatched cancel notification for request id 15
Dec 15, 2025 4:18:24 AM org.eclipse.lsp4j.jsonrpc.RemoteEndpoint handleCancellation
WARNING: Unmatched cancel notification for request id 16
Dec 15, 2025 4:18:24 AM org.eclipse.lsp4j.jsonrpc.RemoteEndpoint handleCancellation
WARNING: Unmatched cancel notification for request id 17
Dec 15, 2025 4:18:24 AM org.eclipse.lsp4j.jsonrpc.RemoteEndpoint handleCancellation
WARNING: Unmatched cancel notification for request id 18
Dec 15, 2025 4:18:24 AM org.eclipse.lsp4j.jsonrpc.RemoteEndpoint handleCancellation
WARNING: Unmatched cancel notification for request id 19
Dec 15, 2025 4:18:24 AM org.eclipse.lsp4j.jsonrpc.RemoteEndpoint handleCancellation
WARNING: Unmatched cancel notification for request id 20
Dec 15, 2025 4:18:24 AM org.eclipse.lsp4j.jsonrpc.RemoteEndpoint handleCancellation
WARNING: Unmatched cancel notification for request id 5
Dec 15, 2025 4:18:24 AM org.eclipse.lsp4j.jsonrpc.RemoteEndpoint handleCancellation
WARNING: Unmatched cancel notification for request id 6
Dec 15, 2025 4:18:24 AM org.eclipse.lsp4j.jsonrpc.RemoteEndpoint handleCancellation
WARNING: Unmatched cancel notification for request id 21
Dec 15, 2025 4:18:24 AM org.eclipse.lsp4j.jsonrpc.RemoteEndpoint handleCancellation
WARNING: Unmatched cancel notification for request id 22
2025.12.15 04:18:23 INFO  no build target found for /root/onnx_spinal_project_new/hw/spinal/Accelerator/test.java. Using fallback presentation compiler.
2025.12.15 04:18:23 INFO  no build target found for /root/onnx_spinal_project_new/hw/spinal/Accelerator/Accelerator.scala. Using presentation compiler with project's scala-library version: 3.3.6
Dec 15, 2025 4:18:24 AM org.eclipse.lsp4j.jsonrpc.RemoteEndpoint handleCancellation
WARNING: Unmatched cancel notification for request id 25
Dec 15, 2025 4:18:24 AM org.eclipse.lsp4j.jsonrpc.RemoteEndpoint handleCancellation
WARNING: Unmatched cancel notification for request id 26
2025.12.15 04:18:23 INFO  no build target found for /root/onnx_spinal_project_new/hw/spinal/Accelerator/test.java. Using fallback presentation compiler.
2025.12.15 04:18:23 INFO  no build target found for /root/onnx_spinal_project_new/hw/spinal/Accelerator/Accelerator.scala. Using presentation compiler with project's scala-library version: 3.3.6
2025.12.15 04:18:24 INFO  tracing is disabled for protocol BSP, to enable tracing of incoming and outgoing JSON messages create an empty file at /root/onnx_spinal_project_new/.metals/bsp.trace.json or /root/.cache/metals/bsp.trace.json
2025.12.15 04:18:25 INFO  Attempting to connect to the build server...
2025.12.15 04:18:25 INFO  Found a Bloop server running
2025.12.15 04:18:25 INFO  Attempting to connect to the build server...
2025.12.15 04:18:25 INFO  Found a Bloop server running
2025.12.15 04:18:25 INFO  tracing is disabled for protocol BSP, to enable tracing of incoming and outgoing JSON messages create an empty file at /root/onnx_spinal_project_new/project/project/.metals/bsp.trace.json or /root/.cache/metals/bsp.trace.json
2025.12.15 04:18:25 INFO  tracing is disabled for protocol BSP, to enable tracing of incoming and outgoing JSON messages create an empty file at /root/onnx_spinal_project_new/project/.metals/bsp.trace.json or /root/.cache/metals/bsp.trace.json
2025.12.15 04:18:27 INFO  time: Connected to build server in 5.91s
2025.12.15 04:18:27 INFO  Connected to Build server: Bloop v2.0.17
2025.12.15 04:18:27 INFO  time: Imported build in 0.17s
2025.12.15 04:18:28 WARN  2.12.15 is no longer supported in the current Metals versions, using the last known supported version 1.3.3
2025.12.15 04:18:28 WARN  2.13.14 is no longer supported in the current Metals versions, using the last known supported version 1.6.3
2025.12.15 04:18:29 INFO  QDox parse error in file:///root/onnx_spinal_project_new/hw/spinal/Accelerator/InstJavaTODO.java (full report at: "/root/onnx_spinal_project_new/.metals/.reports/metals-full/2025-12-15/r_qdox-error_(Onnx_5fSpinalHDL)_04-09-06-045.md")
2025.12.15 04:18:30 WARN  Could not find java sources in /usr/lib/jvm/src.zip, /usr/lib/jvm/lib/src.zip, /usr/lib/jvm/java-17-openjdk/src.zip, /usr/lib/jvm/java-17-openjdk/lib/src.zip, /usr/lib/jvm/src.zip, /usr/lib/jvm/lib/src.zip, /usr/lib/jvm/java-17-openjdk-17.0.14.0.7-2.el9.x86_64/src.zip, /usr/lib/jvm/java-17-openjdk-17.0.14.0.7-2.el9.x86_64/lib/src.zip. Java symbols will not be available.
2025.12.15 04:18:31 INFO  time: indexed workspace in 3.79s
2025.12.15 04:18:32 INFO  Deduplicating compilation of Onnx_SpinalHDL from bsp client 'Metals 1.6.4' (since 7.182s)
2025.12.15 04:18:32 INFO  compiling onnx_spinalhdl (2 scala sources and 2 java sources)
2025.12.15 04:18:32 INFO  compiling onnx_spinalhdl (2 scala sources and 2 java sources)
2025.12.15 04:18:34 WARN  Invalid text document uri received from build server: file:///root/onnx_spinal_project_new/hw/spinal/WrapForFPGA/tb_Axi4NarrowWeaver.scala
2025.12.15 04:18:36 INFO  time: compiled Onnx_SpinalHDL in 3.87s
2025.12.15 04:18:36 WARN  Invalid text document uri received from build server: file:///root/onnx_spinal_project_new/hw/spinal/WrapForFPGA/tb_Axi4NarrowWeaver.scala
2025.12.15 04:18:36 WARN  Could not load snapshot text for /root/onnx_spinal_project_new/hw/spinal/Accelerator/InstJavaTODO.java
2025.12.15 04:18:36 WARN  Could not load snapshot text for /root/onnx_spinal_project_new/hw/spinal/Accelerator/InstJavaTODO.java
2025.12.15 04:18:46 WARN  Could not load snapshot text for /root/onnx_spinal_project_new/hw/spinal/Accelerator/AcceleratorSimInterface.scala
2025.12.15 04:18:53 WARN  Could not load snapshot text for /root/onnx_spinal_project_new/hw/spinal/Accelerator/InstSim.scala
2025.12.15 04:18:55 WARN  Could not load snapshot text for /root/onnx_spinal_project_new/hw/spinal/Accelerator/AcceleratorSimInterface.scala
2025.12.15 04:19:12 WARN  Could not load snapshot text for /root/onnx_spinal_project_new/hw/spinal/Accelerator/InstJavaTODO.java
Dec 15, 2025 4:19:24 AM org.eclipse.lsp4j.jsonrpc.services.GenericEndpoint notify
INFO: Unsupported notification method: $/setTrace
Dec 15, 2025 4:19:25 AM org.eclipse.lsp4j.jsonrpc.services.GenericEndpoint notify
INFO: Unsupported notification method: $/setTrace
2025.12.15 04:20:14 WARN  Could not load snapshot text for /root/onnx_spinal_project_new/hw/spinal/Accelerator/AcceleratorSimInterface.scala
2025.12.15 04:20:14 WARN  Could not load snapshot text for /root/onnx_spinal_project_new/hw/spinal/Accelerator/AcceleratorSimInterface.scala
2025.12.15 04:20:17 INFO  compiling onnx_spinalhdl (1 scala source and 2 java sources)
2025.12.15 04:20:18 WARN  javac exited with exit code 1
2025.12.15 04:20:18 INFO  time: compiled Onnx_SpinalHDL in 1.8s
2025.12.15 04:20:21 INFO  QDox parse error in file:///root/onnx_spinal_project_new/hw/spinal/Accelerator/test.java (full report at: "/root/onnx_spinal_project_new/.metals/.reports/metals-full/2025-12-14/r_qdox-error_(Onnx_5fSpinalHDL)_12-10-00-835.md")
2025.12.15 04:20:21 INFO  compiling onnx_spinalhdl (1 scala source and 1 java source)
2025.12.15 04:20:23 INFO  time: compiled Onnx_SpinalHDL in 1.19s
2025.12.15 04:20:23 INFO  compiling onnx_spinalhdl (1 scala source)
2025.12.15 04:20:23 INFO  time: compiled Onnx_SpinalHDL in 0.64s
2025.12.15 04:20:23 WARN  Could not load snapshot text for /root/onnx_spinal_project_new/hw/spinal/Accelerator/InstSim.scala
2025.12.15 04:20:24 WARN  Could not load snapshot text for /root/onnx_spinal_project_new/hw/spinal/Accelerator/InstSim.scala
2025.12.15 04:21:06 WARN  Could not load snapshot text for /root/onnx_spinal_project_new/hw/spinal/Accelerator/InstJavaTODO.java
2025.12.15 04:21:08 WARN  Could not load snapshot text for /root/onnx_spinal_project_new/hw/spinal/Accelerator/InstJavaTODO.java
2025.12.15 04:21:10 INFO  Created report: Optional[file:///root/onnx_spinal_project_new/hw/spinal/Tiling/tb_Collector.scala]
2025.12.15 04:21:10 INFO  empty definition using pc, found symbol in pc: Accelerator/InstSim#input0Shape0. (full report at: "/root/onnx_spinal_project_new/.metals/.reports/metals-full/2025-12-15/r_empty-definition_(Onnx_5fSpinalHDL)_04-21-10-542.md")
2025.12.15 04:21:11 INFO  empty definition using pc, found symbol in pc: Accelerator/InstSim#input0Shape0. (full report at: "/root/onnx_spinal_project_new/.metals/.reports/metals-full/2025-12-15/r_empty-definition_(Onnx_5fSpinalHDL)_04-21-10-542.md")
2025.12.15 04:21:12 INFO  compiling onnx_spinalhdl (2 scala sources and 1 java source)
2025.12.15 04:21:14 INFO  time: compiled Onnx_SpinalHDL in 1.72s
2025.12.15 04:21:21 WARN  Could not load snapshot text for /root/onnx_spinal_project_new/hw/spinal/Accelerator/InstJavaTODO.java
2025.12.15 04:21:22 INFO  QDox parse error in file:///root/onnx_spinal_project_new/hw/spinal/Accelerator/InstJavaTODO.java (full report at: "/root/onnx_spinal_project_new/.metals/.reports/metals-full/2025-12-15/r_qdox-error_(Onnx_5fSpinalHDL)_04-09-06-045.md")
2025.12.15 04:21:22 WARN  Could not load snapshot text for /root/onnx_spinal_project_new/hw/spinal/Accelerator/InstJavaTODO.java
2025.12.15 04:21:21 WARN  Could not load snapshot text for /root/onnx_spinal_project_new/hw/spinal/Accelerator/InstJavaTODO.java
2025.12.15 04:21:23 WARN  Could not load snapshot text for /root/onnx_spinal_project_new/hw/spinal/Accelerator/InstJavaTODO.java
2025.12.15 04:35:22 INFO  compiling onnx_spinalhdl (1 scala source)
2025.12.15 04:35:24 WARN  Invalid text document uri received from build server: file:///root/onnx_spinal_project_new/hw/spinal/WrapForFPGA/tb_Axi4NarrowWeaver.scala
2025.12.15 04:35:24 INFO  time: compiled Onnx_SpinalHDL in 2.83s
2025.12.15 06:08:09 INFO  compiling onnx_spinalhdl (1 scala source)
2025.12.15 06:08:11 WARN  Invalid text document uri received from build server: file:///root/onnx_spinal_project_new/hw/spinal/WrapForFPGA/tb_Axi4NarrowWeaver.scala
2025.12.15 06:08:11 INFO  time: compiled Onnx_SpinalHDL in 2.44s
Dec 15, 2025 6:08:15 AM org.eclipse.lsp4j.jsonrpc.services.GenericEndpoint notify
INFO: Unsupported notification method: $/setTrace
2025.12.15 06:08:16 INFO  compiling onnx_spinalhdl (3 scala sources)
2025.12.15 06:08:16 WARN  Invalid text document uri received from build server: file:///root/onnx_spinal_project_new/hw/spinal/WrapForFPGA/tb_Axi4NarrowWeaver.scala
2025.12.15 06:08:16 INFO  time: compiled Onnx_SpinalHDL in 0.65s
2025.12.15 06:08:16 INFO  compiling onnx_spinalhdl (3 scala sources)
2025.12.15 06:08:17 INFO  time: compiled Onnx_SpinalHDL in 0.7s
2025.12.15 14:39:16 INFO  compiling onnx_spinalhdl (4 scala sources)
2025.12.15 14:39:17 INFO  time: compiled Onnx_SpinalHDL in 1.3s
2025.12.15 14:41:15 INFO  time: code lens generation in 2.36s
2025.12.15 14:42:58 INFO  Started: Metals version 1.6.4 in folders '/root/onnx_spinal_project_new' for client Visual Studio Code 1.107.0.
2025.12.15 14:43:02 WARN  Using H2 2.4.240 which is newer than the version Flyway has been verified with. The latest verified version of H2 is 2.3.232.
2025.12.15 14:43:02 INFO  no build target found for /root/onnx_spinal_project_new/build.sbt. Using presentation compiler with project's scala-library version: 3.3.6
2025.12.15 14:43:02 INFO  Attempting to connect to the build server...
2025.12.15 14:43:02 INFO  No running Bloop server found, starting one.
2025.12.15 14:43:03 INFO  Starting compilation server
2025.12.15 14:43:05 INFO  no build target found for /root/onnx_spinal_project_new/hw/spinal/Accelerator/Accelerator.scala. Using presentation compiler with project's scala-library version: 3.3.6
2025.12.15 14:43:05 INFO  tracing is disabled for protocol BSP, to enable tracing of incoming and outgoing JSON messages create an empty file at /root/onnx_spinal_project_new/.metals/bsp.trace.json or /root/.cache/metals/bsp.trace.json
2025.12.15 14:43:05 INFO  no build target found for /root/onnx_spinal_project_new/build.sbt. Using presentation compiler with project's scala-library version: 3.3.6
2025.12.15 14:43:05 INFO  no build target found for /root/onnx_spinal_project_new/hw/spinal/Accelerator/Accelerator.scala. Using presentation compiler with project's scala-library version: 3.3.6
2025.12.15 14:43:05 INFO  Attempting to connect to the build server...
2025.12.15 14:43:05 INFO  Found a Bloop server running
2025.12.15 14:43:05 INFO  Attempting to connect to the build server...
2025.12.15 14:43:05 INFO  Found a Bloop server running
2025.12.15 14:43:05 INFO  tracing is disabled for protocol BSP, to enable tracing of incoming and outgoing JSON messages create an empty file at /root/onnx_spinal_project_new/project/project/.metals/bsp.trace.json or /root/.cache/metals/bsp.trace.json
2025.12.15 14:43:05 INFO  tracing is disabled for protocol BSP, to enable tracing of incoming and outgoing JSON messages create an empty file at /root/onnx_spinal_project_new/project/.metals/bsp.trace.json or /root/.cache/metals/bsp.trace.json
2025.12.15 14:43:10 INFO  time: Connected to build server in 8.07s
2025.12.15 14:43:10 INFO  no build target found for /root/onnx_spinal_project_new/hw/spinal/Accelerator/Accelerator.scala. Using presentation compiler with project's scala-library version: 3.3.6
2025.12.15 14:43:10 WARN  no build target for: /root/onnx_spinal_project_new/hw/spinal/Accelerator/Accelerator.scala
2025.12.15 14:43:10 WARN  no build target for: /root/onnx_spinal_project_new/build.sbt
2025.12.15 14:43:10 INFO  running '/root/.local/share/coursier/bin/sbt -Dbloop.export-jar-classifiers=sources bloopInstall'
2025.12.15 14:43:10 INFO  no build target found for /root/onnx_spinal_project_new/build.sbt. Using presentation compiler with project's scala-library version: 3.3.6
2025.12.15 14:43:10 INFO  no build target found for /root/onnx_spinal_project_new/hw/spinal/Accelerator/Accelerator.scala. Using presentation compiler with project's scala-library version: 3.3.6
2025.12.15 14:43:10 INFO  no build target found for /root/onnx_spinal_project_new/hw/spinal/Accelerator/Accelerator.scala. Using presentation compiler with project's scala-library version: 3.3.6
2025.12.15 14:43:11 INFO  no build target found for /root/onnx_spinal_project_new/build.sbt. Using presentation compiler with project's scala-library version: 3.3.6
2025.12.15 14:43:11 INFO  [info] welcome to sbt 1.6.0 (Red Hat, Inc. Java 17.0.14)
2025.12.15 14:43:11 INFO  [info] loading settings for project onnx_spinal_project_new-build-build-build from metals.sbt ...
2025.12.15 14:43:12 INFO  no build target found for /root/onnx_spinal_project_new/hw/spinal/Accelerator/Accelerator.scala. Using presentation compiler with project's scala-library version: 3.3.6
2025.12.15 14:43:12 INFO  no build target found for /root/onnx_spinal_project_new/build.sbt. Using presentation compiler with project's scala-library version: 3.3.6
2025.12.15 14:43:13 INFO  [info] loading project definition from /root/onnx_spinal_project_new/project/project/project
2025.12.15 14:43:13 INFO  [info] loading settings for project onnx_spinal_project_new-build-build from metals.sbt ...
2025.12.15 14:43:13 INFO  [info] loading project definition from /root/onnx_spinal_project_new/project/project
2025.12.15 14:43:15 INFO  [success] Generated .bloop/onnx_spinal_project_new-build-build.json
2025.12.15 14:43:15 INFO  [success] Total time: 1 s, completed Dec 15, 2025, 2:43:15 PM
2025.12.15 14:43:15 INFO  [info] loading settings for project onnx_spinal_project_new-build from metals.sbt,plugins.sbt ...
2025.12.15 14:43:15 INFO  [info] loading project definition from /root/onnx_spinal_project_new/project
2025.12.15 14:43:15 INFO  [success] Generated .bloop/onnx_spinal_project_new-build.json
2025.12.15 14:43:15 INFO  [success] Total time: 0 s, completed Dec 15, 2025, 2:43:15 PM
2025.12.15 14:43:15 INFO  [info] loading settings for project Onnx_SpinalHDL from build.sbt ...
2025.12.15 14:43:15 INFO  [info] set current project to Onnx_SpinalHDL (in build file:/root/onnx_spinal_project_new/)
2025.12.15 14:43:15 INFO  [warn] there's a key that's not used by any other settings/tasks:
2025.12.15 14:43:15 INFO  [warn]  
2025.12.15 14:43:15 INFO  [warn] * Onnx_SpinalHDL / Compile / javaSource
2025.12.15 14:43:15 INFO  [warn]   +- /root/onnx_spinal_project_new/build.sbt:18
2025.12.15 14:43:15 INFO  [warn]  
2025.12.15 14:43:15 INFO  [warn] note: a setting might still be used by a command; to exclude a key from this `lintUnused` check
2025.12.15 14:43:15 INFO  [warn] either append it to `Global / excludeLintKeys` or call .withRank(KeyRanks.Invisible) on the key
2025.12.15 14:43:16 INFO  [success] Generated .bloop/Onnx_SpinalHDL-test.json
2025.12.15 14:43:16 INFO  [success] Generated .bloop/Onnx_SpinalHDL.json
2025.12.15 14:43:16 INFO  [success] Total time: 0 s, completed Dec 15, 2025, 2:43:16 PM
2025.12.15 14:43:16 INFO  time: ran 'sbt bloopInstall' in 6.03s
2025.12.15 14:43:16 INFO  Attempting to connect to the build server...
2025.12.15 14:43:16 INFO  Found a Bloop server running
2025.12.15 14:43:16 INFO  tracing is disabled for protocol BSP, to enable tracing of incoming and outgoing JSON messages create an empty file at /root/onnx_spinal_project_new/.metals/bsp.trace.json or /root/.cache/metals/bsp.trace.json
2025.12.15 14:43:16 INFO  Attempting to connect to the build server...
2025.12.15 14:43:16 INFO  Found a Bloop server running
2025.12.15 14:43:16 INFO  Attempting to connect to the build server...
2025.12.15 14:43:16 INFO  Found a Bloop server running
2025.12.15 14:43:17 INFO  tracing is disabled for protocol BSP, to enable tracing of incoming and outgoing JSON messages create an empty file at /root/onnx_spinal_project_new/project/project/.metals/bsp.trace.json or /root/.cache/metals/bsp.trace.json
2025.12.15 14:43:17 INFO  tracing is disabled for protocol BSP, to enable tracing of incoming and outgoing JSON messages create an empty file at /root/onnx_spinal_project_new/project/.metals/bsp.trace.json or /root/.cache/metals/bsp.trace.json
2025.12.15 14:43:17 INFO  time: Connected to build server in 0.23s
2025.12.15 14:43:17 INFO  Connected to Build server: Bloop v2.0.17
2025.12.15 14:43:17 INFO  time: Imported build in 0.11s
2025.12.15 14:43:17 WARN  2.12.15 is no longer supported in the current Metals versions, using the last known supported version 1.3.3
2025.12.15 14:43:17 WARN  2.13.14 is no longer supported in the current Metals versions, using the last known supported version 1.6.3
2025.12.15 14:43:18 INFO  QDox parse error in file:///root/onnx_spinal_project_new/hw/spinal/Accelerator/InstJavaTODO.java (full report at: "/root/onnx_spinal_project_new/.metals/.reports/metals-full/2025-12-15/r_qdox-error_(Onnx_5fSpinalHDL)_04-09-06-045.md")
2025.12.15 14:43:18 INFO  QDox parse error in file:///root/onnx_spinal_project_new/hw/spinal/Accelerator/test.java (full report at: "/root/onnx_spinal_project_new/.metals/.reports/metals-full/2025-12-14/r_qdox-error_(Onnx_5fSpinalHDL)_12-10-00-835.md")
2025.12.15 14:43:19 WARN  Could not find java sources in /usr/lib/jvm/src.zip, /usr/lib/jvm/lib/src.zip, /usr/lib/jvm/java-17-openjdk/src.zip, /usr/lib/jvm/java-17-openjdk/lib/src.zip, /usr/lib/jvm/src.zip, /usr/lib/jvm/lib/src.zip, /usr/lib/jvm/java-17-openjdk-17.0.14.0.7-2.el9.x86_64/src.zip, /usr/lib/jvm/java-17-openjdk-17.0.14.0.7-2.el9.x86_64/lib/src.zip. Java symbols will not be available.
2025.12.15 14:43:20 INFO  time: indexed workspace in 3.22s
2025.12.15 14:43:21 INFO  compiling onnx_spinalhdl (4 scala sources)
2025.12.15 14:43:23 WARN  Invalid text document uri received from build server: file:///root/onnx_spinal_project_new/hw/spinal/WrapForFPGA/tb_Axi4NarrowWeaver.scala
2025.12.15 14:43:23 INFO  time: compiled Onnx_SpinalHDL in 2.71s
2025.12.15 14:43:55 WARN  Could not load snapshot text for /root/onnx_spinal_project_new/hw/spinal/Accelerator/InstSim.scala
Dec 15, 2025 2:44:00 PM org.eclipse.lsp4j.jsonrpc.RemoteEndpoint handleCancellation
WARNING: Unmatched cancel notification for request id 70
2025.12.15 14:44:02 WARN  Could not load snapshot text for /root/onnx_spinal_project_new/hw/spinal/Accelerator/test.java
Dec 15, 2025 2:44:05 PM org.eclipse.lsp4j.jsonrpc.RemoteEndpoint handleCancellation
WARNING: Unmatched cancel notification for request id 89
Dec 15, 2025 2:44:05 PM org.eclipse.lsp4j.jsonrpc.RemoteEndpoint handleCancellation
WARNING: Unmatched cancel notification for request id 90
Dec 15, 2025 2:44:05 PM org.eclipse.lsp4j.jsonrpc.RemoteEndpoint handleCancellation
WARNING: Unmatched cancel notification for request id 91
Dec 15, 2025 2:44:05 PM org.eclipse.lsp4j.jsonrpc.RemoteEndpoint handleCancellation
WARNING: Unmatched cancel notification for request id 92
Dec 15, 2025 2:44:05 PM org.eclipse.lsp4j.jsonrpc.RemoteEndpoint handleCancellation
WARNING: Unmatched cancel notification for request id 93
Dec 15, 2025 2:44:05 PM org.eclipse.lsp4j.jsonrpc.RemoteEndpoint handleCancellation
WARNING: Unmatched cancel notification for request id 94
Dec 15, 2025 2:44:05 PM org.eclipse.lsp4j.jsonrpc.RemoteEndpoint handleCancellation
WARNING: Unmatched cancel notification for request id 99
Dec 15, 2025 2:44:05 PM org.eclipse.lsp4j.jsonrpc.RemoteEndpoint handleCancellation
WARNING: Unmatched cancel notification for request id 100
2025.12.15 14:44:07 WARN  Could not load snapshot text for /root/onnx_spinal_project_new/hw/spinal/Accelerator/tb_Accelerator.scala
2025.12.15 14:45:12 WARN  Could not load snapshot text for /root/onnx_spinal_project_new/hw/spinal/Accelerator/InstSim.scala
2025.12.15 14:45:14 WARN  Could not load snapshot text for /root/onnx_spinal_project_new/hw/spinal/Accelerator/performanceTest.scala
2025.12.15 14:45:37 INFO  compiling onnx_spinalhdl (143 scala sources and 2 java sources)
2025.12.15 14:45:45 INFO  time: compiled Onnx_SpinalHDL in 8.03s
2025.12.15 14:45:47 INFO  running '/root/.local/share/coursier/bin/sbt -Dbloop.export-jar-classifiers=sources bloopInstall'
2025.12.15 14:45:48 INFO  [info] welcome to sbt 1.6.0 (Red Hat, Inc. Java 17.0.14)
2025.12.15 14:45:48 INFO  [info] loading settings for project onnx_spinal_project_new-build-build-build from metals.sbt ...
2025.12.15 14:45:49 INFO  [info] loading project definition from /root/onnx_spinal_project_new/project/project/project
2025.12.15 14:45:49 INFO  [info] loading settings for project onnx_spinal_project_new-build-build from metals.sbt ...
2025.12.15 14:45:49 INFO  [info] loading project definition from /root/onnx_spinal_project_new/project/project
2025.12.15 14:45:51 INFO  [success] Generated .bloop/onnx_spinal_project_new-build-build.json
2025.12.15 14:45:51 INFO  [success] Total time: 1 s, completed Dec 15, 2025, 2:45:51 PM
2025.12.15 14:45:51 INFO  [info] loading settings for project onnx_spinal_project_new-build from metals.sbt,plugins.sbt ...
2025.12.15 14:45:51 INFO  [info] loading project definition from /root/onnx_spinal_project_new/project
2025.12.15 14:45:51 INFO  [success] Generated .bloop/onnx_spinal_project_new-build.json
2025.12.15 14:45:51 INFO  [success] Total time: 0 s, completed Dec 15, 2025, 2:45:52 PM
2025.12.15 14:45:51 INFO  [info] loading settings for project Onnx_SpinalHDL from build.sbt ...
2025.12.15 14:45:52 INFO  [info] set current project to Onnx_SpinalHDL (in build file:/root/onnx_spinal_project_new/)
2025.12.15 14:45:52 INFO  [warn] there's a key that's not used by any other settings/tasks:
2025.12.15 14:45:52 INFO  [warn]  
2025.12.15 14:45:52 INFO  [warn] * Onnx_SpinalHDL / Compile / javaSource
2025.12.15 14:45:52 INFO  [warn]   +- /root/onnx_spinal_project_new/build.sbt:18
2025.12.15 14:45:52 INFO  [warn]  
2025.12.15 14:45:52 INFO  [warn] note: a setting might still be used by a command; to exclude a key from this `lintUnused` check
2025.12.15 14:45:52 INFO  [warn] either append it to `Global / excludeLintKeys` or call .withRank(KeyRanks.Invisible) on the key
2025.12.15 14:45:52 INFO  [success] Generated .bloop/Onnx_SpinalHDL.json
2025.12.15 14:45:52 INFO  [success] Generated .bloop/Onnx_SpinalHDL-test.json
2025.12.15 14:45:52 INFO  [success] Total time: 0 s, completed Dec 15, 2025, 2:45:52 PM
2025.12.15 14:45:53 INFO  time: ran 'sbt bloopInstall' in 5.81s
2025.12.15 14:45:53 INFO  Disconnecting from Bloop session...
2025.12.15 14:45:53 INFO  Shut down connection with build server.
2025.12.15 14:45:53 INFO  Shut down connection with build server.
2025.12.15 14:45:53 INFO  Shut down connection with build server.
2025.12.15 14:45:53 INFO  Attempting to connect to the build server...
2025.12.15 14:45:53 INFO  Found a Bloop server running
2025.12.15 14:45:53 INFO  tracing is disabled for protocol BSP, to enable tracing of incoming and outgoing JSON messages create an empty file at /root/onnx_spinal_project_new/.metals/bsp.trace.json or /root/.cache/metals/bsp.trace.json
2025.12.15 14:45:53 INFO  Attempting to connect to the build server...
2025.12.15 14:45:53 INFO  Found a Bloop server running
2025.12.15 14:45:53 INFO  Attempting to connect to the build server...
2025.12.15 14:45:53 INFO  Found a Bloop server running
2025.12.15 14:45:53 INFO  tracing is disabled for protocol BSP, to enable tracing of incoming and outgoing JSON messages create an empty file at /root/onnx_spinal_project_new/project/project/.metals/bsp.trace.json or /root/.cache/metals/bsp.trace.json
2025.12.15 14:45:53 INFO  tracing is disabled for protocol BSP, to enable tracing of incoming and outgoing JSON messages create an empty file at /root/onnx_spinal_project_new/project/.metals/bsp.trace.json or /root/.cache/metals/bsp.trace.json
2025.12.15 14:45:53 INFO  time: Connected to build server in 0.23s
2025.12.15 14:45:53 INFO  Connected to Build server: Bloop v2.0.17
2025.12.15 14:45:54 INFO  QDox parse error in file:///root/onnx_spinal_project_new/hw/spinal/Accelerator/InstJavaTODO.java (full report at: "/root/onnx_spinal_project_new/.metals/.reports/metals-full/2025-12-15/r_qdox-error_(Onnx_5fSpinalHDL)_04-09-06-045.md")
2025.12.15 14:45:54 INFO  QDox parse error in file:///root/onnx_spinal_project_new/hw/spinal/Accelerator/test.java (full report at: "/root/onnx_spinal_project_new/.metals/.reports/metals-full/2025-12-14/r_qdox-error_(Onnx_5fSpinalHDL)_12-10-00-835.md")
2025.12.15 14:45:54 WARN  Could not find java sources in /usr/lib/jvm/src.zip, /usr/lib/jvm/lib/src.zip, /usr/lib/jvm/java-17-openjdk/src.zip, /usr/lib/jvm/java-17-openjdk/lib/src.zip, /usr/lib/jvm/src.zip, /usr/lib/jvm/lib/src.zip, /usr/lib/jvm/java-17-openjdk-17.0.14.0.7-2.el9.x86_64/src.zip, /usr/lib/jvm/java-17-openjdk-17.0.14.0.7-2.el9.x86_64/lib/src.zip. Java symbols will not be available.
2025.12.15 14:45:54 INFO  time: indexed workspace in 1.89s
2025.12.15 14:45:55 INFO  compiling onnx_spinalhdl (143 scala sources and 2 java sources)
2025.12.15 14:46:00 INFO  time: compiled Onnx_SpinalHDL in 4.66s
2025.12.15 14:46:49 INFO  compiling onnx_spinalhdl (143 scala sources and 2 java sources)
2025.12.15 14:46:55 INFO  time: compiled Onnx_SpinalHDL in 5.61s
2025.12.15 14:46:55 INFO  compiling onnx_spinalhdl (143 scala sources and 2 java sources)
2025.12.15 14:46:58 INFO  time: compiled Onnx_SpinalHDL in 3.23s
2025.12.15 14:47:04 INFO  compiling onnx_spinalhdl (143 scala sources and 2 java sources)
2025.12.15 14:47:17 INFO  running '/root/.local/share/coursier/bin/sbt -Dbloop.export-jar-classifiers=sources bloopInstall'
2025.12.15 14:47:18 INFO  [info] welcome to sbt 1.6.0 (Red Hat, Inc. Java 17.0.14)
2025.12.15 14:47:18 INFO  [info] loading settings for project onnx_spinal_project_new-build-build-build from metals.sbt ...
2025.12.15 14:47:19 INFO  [info] loading project definition from /root/onnx_spinal_project_new/project/project/project
2025.12.15 14:47:20 WARN  70 deprecations
2025.12.15 14:47:20 WARN  1 deprecation (since 2.11.0)
2025.12.15 14:47:20 WARN  4 deprecations (since 2.12.16)
2025.12.15 14:47:20 WARN  14 deprecations (since 2.13.0)
2025.12.15 14:47:20 WARN  82 deprecations (since 2.13.3)
2025.12.15 14:47:20 WARN  1 deprecation (since 2.13.4)
2025.12.15 14:47:20 WARN  172 deprecations in total; re-run with -deprecation for details
2025.12.15 14:47:20 WARN  165 feature warnings; re-run with -feature for details
2025.12.15 14:47:19 INFO  [info] loading settings for project onnx_spinal_project_new-build-build from metals.sbt ...
2025.12.15 14:47:19 INFO  [info] loading project definition from /root/onnx_spinal_project_new/project/project
2025.12.15 14:47:21 INFO  [success] Generated .bloop/onnx_spinal_project_new-build-build.json
2025.12.15 14:47:21 INFO  time: compiled Onnx_SpinalHDL in 17s
2025.12.15 14:47:21 INFO  [success] Total time: 1 s, completed Dec 15, 2025, 2:47:21 PM
2025.12.15 14:47:21 INFO  [info] loading settings for project onnx_spinal_project_new-build from metals.sbt,plugins.sbt ...
2025.12.15 14:47:21 INFO  [info] loading project definition from /root/onnx_spinal_project_new/project
2025.12.15 14:47:21 INFO  [success] Generated .bloop/onnx_spinal_project_new-build.json
2025.12.15 14:47:21 INFO  [success] Total time: 0 s, completed Dec 15, 2025, 2:47:22 PM
2025.12.15 14:47:21 INFO  [info] loading settings for project Onnx_SpinalHDL from build.sbt ...
2025.12.15 14:47:21 INFO  [info] set current project to Onnx_SpinalHDL (in build file:/root/onnx_spinal_project_new/)
2025.12.15 14:47:21 INFO  [warn] there's a key that's not used by any other settings/tasks:
2025.12.15 14:47:21 INFO  [warn]  
2025.12.15 14:47:21 INFO  [warn] * Onnx_SpinalHDL / Compile / javaSource
2025.12.15 14:47:21 INFO  [warn]   +- /root/onnx_spinal_project_new/build.sbt:18
2025.12.15 14:47:21 INFO  [warn]  
2025.12.15 14:47:21 INFO  [warn] note: a setting might still be used by a command; to exclude a key from this `lintUnused` check
2025.12.15 14:47:21 INFO  [warn] either append it to `Global / excludeLintKeys` or call .withRank(KeyRanks.Invisible) on the key
2025.12.15 14:47:23 INFO  [success] Generated .bloop/Onnx_SpinalHDL.json
2025.12.15 14:47:23 INFO  [success] Generated .bloop/Onnx_SpinalHDL-test.json
2025.12.15 14:47:23 INFO  [success] Total time: 0 s, completed Dec 15, 2025, 2:47:23 PM
2025.12.15 14:47:23 INFO  time: ran 'sbt bloopInstall' in 6.4s
2025.12.15 14:47:23 INFO  Disconnecting from Bloop session...
2025.12.15 14:47:23 INFO  Shut down connection with build server.
2025.12.15 14:47:23 INFO  Shut down connection with build server.
2025.12.15 14:47:23 INFO  Shut down connection with build server.
2025.12.15 14:47:23 INFO  Attempting to connect to the build server...
2025.12.15 14:47:23 INFO  Found a Bloop server running
2025.12.15 14:47:23 INFO  tracing is disabled for protocol BSP, to enable tracing of incoming and outgoing JSON messages create an empty file at /root/onnx_spinal_project_new/.metals/bsp.trace.json or /root/.cache/metals/bsp.trace.json
2025.12.15 14:47:23 INFO  Attempting to connect to the build server...
2025.12.15 14:47:23 INFO  Found a Bloop server running
2025.12.15 14:47:23 INFO  Attempting to connect to the build server...
2025.12.15 14:47:23 INFO  Found a Bloop server running
2025.12.15 14:47:23 INFO  tracing is disabled for protocol BSP, to enable tracing of incoming and outgoing JSON messages create an empty file at /root/onnx_spinal_project_new/project/project/.metals/bsp.trace.json or /root/.cache/metals/bsp.trace.json
2025.12.15 14:47:23 INFO  tracing is disabled for protocol BSP, to enable tracing of incoming and outgoing JSON messages create an empty file at /root/onnx_spinal_project_new/project/.metals/bsp.trace.json or /root/.cache/metals/bsp.trace.json
2025.12.15 14:47:23 INFO  time: Connected to build server in 0.24s
2025.12.15 14:47:23 INFO  Connected to Build server: Bloop v2.0.17
2025.12.15 14:47:25 INFO  QDox parse error in file:///root/onnx_spinal_project_new/hw/spinal/Accelerator/InstJavaTODO.java (full report at: "/root/onnx_spinal_project_new/.metals/.reports/metals-full/2025-12-15/r_qdox-error_(Onnx_5fSpinalHDL)_04-09-06-045.md")
2025.12.15 14:47:25 INFO  QDox parse error in file:///root/onnx_spinal_project_new/hw/spinal/Accelerator/test.java (full report at: "/root/onnx_spinal_project_new/.metals/.reports/metals-full/2025-12-14/r_qdox-error_(Onnx_5fSpinalHDL)_12-10-00-835.md")
2025.12.15 14:47:25 WARN  Could not find java sources in /usr/lib/jvm/src.zip, /usr/lib/jvm/lib/src.zip, /usr/lib/jvm/java-17-openjdk/src.zip, /usr/lib/jvm/java-17-openjdk/lib/src.zip, /usr/lib/jvm/src.zip, /usr/lib/jvm/lib/src.zip, /usr/lib/jvm/java-17-openjdk-17.0.14.0.7-2.el9.x86_64/src.zip, /usr/lib/jvm/java-17-openjdk-17.0.14.0.7-2.el9.x86_64/lib/src.zip. Java symbols will not be available.
2025.12.15 14:47:25 INFO  time: indexed workspace in 1.57s
2025.12.15 14:49:17 INFO  compiling onnx_spinalhdl (1 scala source)
2025.12.15 14:49:19 INFO  time: compiled Onnx_SpinalHDL in 1.32s
2025.12.15 15:10:07 INFO  compiling onnx_spinalhdl (1 scala source)
2025.12.15 15:10:07 INFO  time: compiled Onnx_SpinalHDL in 0.86s
2025.12.15 15:11:25 INFO  Created report: Optional[file:///root/onnx_spinal_project_new/hw/spinal/DataPump/BRAMPORT.scala]
2025.12.15 15:11:25 INFO  java.util.NoSuchElementException: head of empty String (full report at: "/root/onnx_spinal_project_new/.metals/.reports/metals-full/2025-12-15/r_compiler-error_(Onnx_5fSpinalHDL)_15-11-25-192.md")
2025.12.15 15:11:27 INFO  compiling onnx_spinalhdl (1 scala source)
2025.12.15 15:11:27 INFO  time: compiled Onnx_SpinalHDL in 0.29s
2025.12.15 15:11:34 INFO  Created report: Optional[file:///root/onnx_spinal_project_new/hw/spinal/DataPump/BRAMPORT.scala]
2025.12.15 15:11:34 INFO  empty definition using pc, found symbol in pc:  (full report at: "/root/onnx_spinal_project_new/.metals/.reports/metals-full/2025-12-15/r_empty-definition_(Onnx_5fSpinalHDL)_15-11-34-575.md")
2025.12.15 15:11:34 INFO  empty definition using pc, found symbol in pc:  (full report at: "/root/onnx_spinal_project_new/.metals/.reports/metals-full/2025-12-15/r_empty-definition_(Onnx_5fSpinalHDL)_15-11-34-575.md")
2025.12.15 15:11:35 INFO  compiling onnx_spinalhdl (1 scala source)
2025.12.15 15:11:37 INFO  time: compiled Onnx_SpinalHDL in 1.21s
2025.12.15 15:15:18 INFO  compiling onnx_spinalhdl (1 scala source)
2025.12.15 15:15:18 INFO  time: compiled Onnx_SpinalHDL in 0.9s
2025.12.15 15:15:18 INFO  compiling onnx_spinalhdl (1 scala source)
2025.12.15 15:15:20 INFO  time: compiled Onnx_SpinalHDL in 0.14s
2025.12.15 15:15:47 INFO  compiling onnx_spinalhdl (2 scala sources)
2025.12.15 15:15:47 INFO  time: compiled Onnx_SpinalHDL in 0.77s
2025.12.15 15:15:47 INFO  compiling onnx_spinalhdl (1 scala source)
2025.12.15 15:15:47 INFO  time: compiled Onnx_SpinalHDL in 0.18s
Dec 15, 2025 3:17:42 PM org.eclipse.lsp4j.jsonrpc.RemoteEndpoint handleNotification
WARNING: Notification threw an exception: {
  "jsonrpc": "2.0",
  "method": "metals/didFocusTextDocument",
  "params": [
    "vscode-local:/c%3A/accelerator_projects/hw_spinal/validation/wrapper/inputCache_ctrl.scala"
  ]
}
java.nio.file.FileSystemNotFoundException: Provider "vscode-local" not installed
	at java.base/java.nio.file.Path.of(Path.java:212)
	at java.base/java.nio.file.Paths.get(Paths.java:98)
	at scala.meta.internal.mtags.MtagsEnrichments$XtensionURIMtags.toAbsolutePath(MtagsEnrichments.scala:149)
	at scala.meta.internal.mtags.MtagsEnrichments$XtensionStringMtags.toAbsolutePath(MtagsEnrichments.scala:209)
	at scala.meta.internal.metals.MetalsEnrichments$XtensionString.toAbsolutePath(MetalsEnrichments.scala:778)
	at scala.meta.internal.metals.MetalsEnrichments$XtensionString.toAbsolutePath(MetalsEnrichments.scala:775)
	at scala.meta.internal.metals.WorkspaceLspService.didFocus(WorkspaceLspService.scala:789)
	at scala.meta.metals.lsp.DelegatingScalaService.didFocus(DelegatingScalaService.scala:42)
	at jdk.internal.reflect.GeneratedMethodAccessor28.invoke(Unknown Source)
	at java.base/jdk.internal.reflect.DelegatingMethodAccessorImpl.invoke(DelegatingMethodAccessorImpl.java:43)
	at java.base/java.lang.reflect.Method.invoke(Method.java:569)
	at org.eclipse.lsp4j.jsonrpc.services.GenericEndpoint.lambda$recursiveFindRpcMethods$0(GenericEndpoint.java:65)
	at org.eclipse.lsp4j.jsonrpc.services.GenericEndpoint.notify(GenericEndpoint.java:160)
	at org.eclipse.lsp4j.jsonrpc.RemoteEndpoint.handleNotification(RemoteEndpoint.java:231)
	at org.eclipse.lsp4j.jsonrpc.RemoteEndpoint.consume(RemoteEndpoint.java:198)
	at org.eclipse.lsp4j.jsonrpc.json.StreamMessageProducer.handleMessage(StreamMessageProducer.java:185)
	at org.eclipse.lsp4j.jsonrpc.json.StreamMessageProducer.listen(StreamMessageProducer.java:97)
	at org.eclipse.lsp4j.jsonrpc.json.ConcurrentMessageProcessor.run(ConcurrentMessageProcessor.java:114)
	at java.base/java.util.concurrent.Executors$RunnableAdapter.call(Executors.java:539)
	at java.base/java.util.concurrent.FutureTask.run(FutureTask.java:264)
	at java.base/java.util.concurrent.ThreadPoolExecutor.runWorker(ThreadPoolExecutor.java:1136)
	at java.base/java.util.concurrent.ThreadPoolExecutor$Worker.run(ThreadPoolExecutor.java:635)
	at java.base/java.lang.Thread.run(Thread.java:840)

Dec 15, 2025 3:17:52 PM org.eclipse.lsp4j.jsonrpc.RemoteEndpoint handleNotification
WARNING: Notification threw an exception: {
  "jsonrpc": "2.0",
  "method": "metals/didFocusTextDocument",
  "params": [
    "vscode-local:/c%3A/accelerator_projects/hw_spinal/validation/wrapper/OutputCache_Ctrl.scala"
  ]
}
java.nio.file.FileSystemNotFoundException: Provider "vscode-local" not installed
	at java.base/java.nio.file.Path.of(Path.java:212)
	at java.base/java.nio.file.Paths.get(Paths.java:98)
	at scala.meta.internal.mtags.MtagsEnrichments$XtensionURIMtags.toAbsolutePath(MtagsEnrichments.scala:149)
	at scala.meta.internal.mtags.MtagsEnrichments$XtensionStringMtags.toAbsolutePath(MtagsEnrichments.scala:209)
	at scala.meta.internal.metals.MetalsEnrichments$XtensionString.toAbsolutePath(MetalsEnrichments.scala:778)
	at scala.meta.internal.metals.MetalsEnrichments$XtensionString.toAbsolutePath(MetalsEnrichments.scala:775)
	at scala.meta.internal.metals.WorkspaceLspService.didFocus(WorkspaceLspService.scala:789)
	at scala.meta.metals.lsp.DelegatingScalaService.didFocus(DelegatingScalaService.scala:42)
	at jdk.internal.reflect.GeneratedMethodAccessor28.invoke(Unknown Source)
	at java.base/jdk.internal.reflect.DelegatingMethodAccessorImpl.invoke(DelegatingMethodAccessorImpl.java:43)
	at java.base/java.lang.reflect.Method.invoke(Method.java:569)
	at org.eclipse.lsp4j.jsonrpc.services.GenericEndpoint.lambda$recursiveFindRpcMethods$0(GenericEndpoint.java:65)
	at org.eclipse.lsp4j.jsonrpc.services.GenericEndpoint.notify(GenericEndpoint.java:160)
	at org.eclipse.lsp4j.jsonrpc.RemoteEndpoint.handleNotification(RemoteEndpoint.java:231)
	at org.eclipse.lsp4j.jsonrpc.RemoteEndpoint.consume(RemoteEndpoint.java:198)
	at org.eclipse.lsp4j.jsonrpc.json.StreamMessageProducer.handleMessage(StreamMessageProducer.java:185)
	at org.eclipse.lsp4j.jsonrpc.json.StreamMessageProducer.listen(StreamMessageProducer.java:97)
	at org.eclipse.lsp4j.jsonrpc.json.ConcurrentMessageProcessor.run(ConcurrentMessageProcessor.java:114)
	at java.base/java.util.concurrent.Executors$RunnableAdapter.call(Executors.java:539)
	at java.base/java.util.concurrent.FutureTask.run(FutureTask.java:264)
	at java.base/java.util.concurrent.ThreadPoolExecutor.runWorker(ThreadPoolExecutor.java:1136)
	at java.base/java.util.concurrent.ThreadPoolExecutor$Worker.run(ThreadPoolExecutor.java:635)
	at java.base/java.lang.Thread.run(Thread.java:840)

Dec 15, 2025 3:18:13 PM org.eclipse.lsp4j.jsonrpc.RemoteEndpoint handleNotification
WARNING: Notification threw an exception: {
  "jsonrpc": "2.0",
  "method": "metals/didFocusTextDocument",
  "params": [
    "vscode-local:/c%3A/accelerator_projects/hw_spinal/validation/wrapper/BRAMPORT.scala"
  ]
}
java.nio.file.FileSystemNotFoundException: Provider "vscode-local" not installed
	at java.base/java.nio.file.Path.of(Path.java:212)
	at java.base/java.nio.file.Paths.get(Paths.java:98)
	at scala.meta.internal.mtags.MtagsEnrichments$XtensionURIMtags.toAbsolutePath(MtagsEnrichments.scala:149)
	at scala.meta.internal.mtags.MtagsEnrichments$XtensionStringMtags.toAbsolutePath(MtagsEnrichments.scala:209)
	at scala.meta.internal.metals.MetalsEnrichments$XtensionString.toAbsolutePath(MetalsEnrichments.scala:778)
	at scala.meta.internal.metals.MetalsEnrichments$XtensionString.toAbsolutePath(MetalsEnrichments.scala:775)
	at scala.meta.internal.metals.WorkspaceLspService.didFocus(WorkspaceLspService.scala:789)
	at scala.meta.metals.lsp.DelegatingScalaService.didFocus(DelegatingScalaService.scala:42)
	at jdk.internal.reflect.GeneratedMethodAccessor28.invoke(Unknown Source)
	at java.base/jdk.internal.reflect.DelegatingMethodAccessorImpl.invoke(DelegatingMethodAccessorImpl.java:43)
	at java.base/java.lang.reflect.Method.invoke(Method.java:569)
	at org.eclipse.lsp4j.jsonrpc.services.GenericEndpoint.lambda$recursiveFindRpcMethods$0(GenericEndpoint.java:65)
	at org.eclipse.lsp4j.jsonrpc.services.GenericEndpoint.notify(GenericEndpoint.java:160)
	at org.eclipse.lsp4j.jsonrpc.RemoteEndpoint.handleNotification(RemoteEndpoint.java:231)
	at org.eclipse.lsp4j.jsonrpc.RemoteEndpoint.consume(RemoteEndpoint.java:198)
	at org.eclipse.lsp4j.jsonrpc.json.StreamMessageProducer.handleMessage(StreamMessageProducer.java:185)
	at org.eclipse.lsp4j.jsonrpc.json.StreamMessageProducer.listen(StreamMessageProducer.java:97)
	at org.eclipse.lsp4j.jsonrpc.json.ConcurrentMessageProcessor.run(ConcurrentMessageProcessor.java:114)
	at java.base/java.util.concurrent.Executors$RunnableAdapter.call(Executors.java:539)
	at java.base/java.util.concurrent.FutureTask.run(FutureTask.java:264)
	at java.base/java.util.concurrent.ThreadPoolExecutor.runWorker(ThreadPoolExecutor.java:1136)
	at java.base/java.util.concurrent.ThreadPoolExecutor$Worker.run(ThreadPoolExecutor.java:635)
	at java.base/java.lang.Thread.run(Thread.java:840)

2025.12.15 15:28:02 INFO  compiling onnx_spinalhdl (3 scala sources)
2025.12.15 15:28:03 INFO  time: compiled Onnx_SpinalHDL in 1.18s
2025.12.15 15:28:03 INFO  compiling onnx_spinalhdl (1 scala source)
2025.12.15 15:28:03 INFO  time: compiled Onnx_SpinalHDL in 0.15s
Dec 15, 2025 3:28:28 PM org.eclipse.lsp4j.jsonrpc.RemoteEndpoint handleNotification
WARNING: Notification threw an exception: {
  "jsonrpc": "2.0",
  "method": "metals/didFocusTextDocument",
  "params": [
    "vscode-local:/c%3A/accelerator_projects/hw_spinal/validation/wrapper/BRAMPORT.scala"
  ]
}
java.nio.file.FileSystemNotFoundException: Provider "vscode-local" not installed
	at java.base/java.nio.file.Path.of(Path.java:212)
	at java.base/java.nio.file.Paths.get(Paths.java:98)
	at scala.meta.internal.mtags.MtagsEnrichments$XtensionURIMtags.toAbsolutePath(MtagsEnrichments.scala:149)
	at scala.meta.internal.mtags.MtagsEnrichments$XtensionStringMtags.toAbsolutePath(MtagsEnrichments.scala:209)
	at scala.meta.internal.metals.MetalsEnrichments$XtensionString.toAbsolutePath(MetalsEnrichments.scala:778)
	at scala.meta.internal.metals.MetalsEnrichments$XtensionString.toAbsolutePath(MetalsEnrichments.scala:775)
	at scala.meta.internal.metals.WorkspaceLspService.didFocus(WorkspaceLspService.scala:789)
	at scala.meta.metals.lsp.DelegatingScalaService.didFocus(DelegatingScalaService.scala:42)
	at jdk.internal.reflect.GeneratedMethodAccessor28.invoke(Unknown Source)
	at java.base/jdk.internal.reflect.DelegatingMethodAccessorImpl.invoke(DelegatingMethodAccessorImpl.java:43)
	at java.base/java.lang.reflect.Method.invoke(Method.java:569)
	at org.eclipse.lsp4j.jsonrpc.services.GenericEndpoint.lambda$recursiveFindRpcMethods$0(GenericEndpoint.java:65)
	at org.eclipse.lsp4j.jsonrpc.services.GenericEndpoint.notify(GenericEndpoint.java:160)
	at org.eclipse.lsp4j.jsonrpc.RemoteEndpoint.handleNotification(RemoteEndpoint.java:231)
	at org.eclipse.lsp4j.jsonrpc.RemoteEndpoint.consume(RemoteEndpoint.java:198)
	at org.eclipse.lsp4j.jsonrpc.json.StreamMessageProducer.handleMessage(StreamMessageProducer.java:185)
	at org.eclipse.lsp4j.jsonrpc.json.StreamMessageProducer.listen(StreamMessageProducer.java:97)
	at org.eclipse.lsp4j.jsonrpc.json.ConcurrentMessageProcessor.run(ConcurrentMessageProcessor.java:114)
	at java.base/java.util.concurrent.Executors$RunnableAdapter.call(Executors.java:539)
	at java.base/java.util.concurrent.FutureTask.run(FutureTask.java:264)
	at java.base/java.util.concurrent.ThreadPoolExecutor.runWorker(ThreadPoolExecutor.java:1136)
	at java.base/java.util.concurrent.ThreadPoolExecutor$Worker.run(ThreadPoolExecutor.java:635)
	at java.base/java.lang.Thread.run(Thread.java:840)

Dec 15, 2025 3:29:36 PM org.eclipse.lsp4j.jsonrpc.RemoteEndpoint fallbackResponseError
SEVERE: Internal error: Provider "vscode-local" not installed
java.nio.file.FileSystemNotFoundException: Provider "vscode-local" not installed
	at java.base/java.nio.file.Path.of(Path.java:212)
	at java.base/java.nio.file.Paths.get(Paths.java:98)
	at scala.meta.internal.mtags.MtagsEnrichments$XtensionURIMtags.toAbsolutePath(MtagsEnrichments.scala:149)
	at scala.meta.internal.mtags.MtagsEnrichments$XtensionStringMtags.toAbsolutePath(MtagsEnrichments.scala:209)
	at scala.meta.internal.metals.MetalsEnrichments$XtensionString.toAbsolutePath(MetalsEnrichments.scala:778)
	at scala.meta.internal.metals.MetalsEnrichments$XtensionString.toAbsolutePath(MetalsEnrichments.scala:775)
	at scala.meta.internal.metals.WorkspaceLspService.executeCommand(WorkspaceLspService.scala:1243)
	at scala.meta.metals.lsp.DelegatingScalaService.executeCommand(DelegatingScalaService.scala:169)
	at jdk.internal.reflect.GeneratedMethodAccessor32.invoke(Unknown Source)
	at java.base/jdk.internal.reflect.DelegatingMethodAccessorImpl.invoke(DelegatingMethodAccessorImpl.java:43)
	at java.base/java.lang.reflect.Method.invoke(Method.java:569)
	at org.eclipse.lsp4j.jsonrpc.services.GenericEndpoint.lambda$recursiveFindRpcMethods$0(GenericEndpoint.java:65)
	at org.eclipse.lsp4j.jsonrpc.services.GenericEndpoint.request(GenericEndpoint.java:128)
	at org.eclipse.lsp4j.jsonrpc.RemoteEndpoint.handleRequest(RemoteEndpoint.java:271)
	at org.eclipse.lsp4j.jsonrpc.RemoteEndpoint.consume(RemoteEndpoint.java:201)
	at org.eclipse.lsp4j.jsonrpc.json.StreamMessageProducer.handleMessage(StreamMessageProducer.java:185)
	at org.eclipse.lsp4j.jsonrpc.json.StreamMessageProducer.listen(StreamMessageProducer.java:97)
	at org.eclipse.lsp4j.jsonrpc.json.ConcurrentMessageProcessor.run(ConcurrentMessageProcessor.java:114)
	at java.base/java.util.concurrent.Executors$RunnableAdapter.call(Executors.java:539)
	at java.base/java.util.concurrent.FutureTask.run(FutureTask.java:264)
	at java.base/java.util.concurrent.ThreadPoolExecutor.runWorker(ThreadPoolExecutor.java:1136)
	at java.base/java.util.concurrent.ThreadPoolExecutor$Worker.run(ThreadPoolExecutor.java:635)
	at java.base/java.lang.Thread.run(Thread.java:840)

2025.12.16 05:19:20 INFO  compiling onnx_spinalhdl (2 scala sources)
2025.12.16 05:19:22 INFO  time: compiled Onnx_SpinalHDL in 1.55s
2025.12.16 05:19:22 INFO  compiling onnx_spinalhdl (1 scala source)
2025.12.16 05:19:22 INFO  time: compiled Onnx_SpinalHDL in 0.11s
2025.12.16 05:19:40 INFO  compiling onnx_spinalhdl (1 scala source)
2025.12.16 05:19:40 INFO  time: compiled Onnx_SpinalHDL in 0.88s
2025.12.16 05:20:14 INFO  compiling onnx_spinalhdl (1 scala source)
2025.12.16 05:20:14 INFO  time: compiled Onnx_SpinalHDL in 0.25s
2025.12.16 05:22:16 INFO  compiling onnx_spinalhdl (1 scala source)
2025.12.16 05:22:16 INFO  time: compiled Onnx_SpinalHDL in 0.61s
Dec 16, 2025 5:23:52 AM org.eclipse.lsp4j.jsonrpc.RemoteEndpoint handleCancellation
WARNING: Unmatched cancel notification for request id 2413
Dec 16, 2025 5:23:52 AM org.eclipse.lsp4j.jsonrpc.RemoteEndpoint handleCancellation
WARNING: Unmatched cancel notification for request id 2415
Dec 16, 2025 5:23:55 AM org.eclipse.lsp4j.jsonrpc.RemoteEndpoint handleCancellation
WARNING: Unmatched cancel notification for request id 2462
Dec 16, 2025 5:23:55 AM org.eclipse.lsp4j.jsonrpc.RemoteEndpoint handleCancellation
WARNING: Unmatched cancel notification for request id 2465
Dec 16, 2025 5:23:55 AM org.eclipse.lsp4j.jsonrpc.RemoteEndpoint handleCancellation
WARNING: Unmatched cancel notification for request id 2466
Dec 16, 2025 5:23:55 AM org.eclipse.lsp4j.jsonrpc.RemoteEndpoint handleCancellation
WARNING: Unmatched cancel notification for request id 2467
Dec 16, 2025 5:25:26 AM org.eclipse.lsp4j.jsonrpc.RemoteEndpoint handleCancellation
WARNING: Unmatched cancel notification for request id 2688
2025.12.16 05:28:18 INFO  compiling onnx_spinalhdl (1 scala source)
2025.12.16 05:28:19 INFO  time: compiled Onnx_SpinalHDL in 1.02s
2025.12.16 05:30:15 INFO  compiling onnx_spinalhdl (2 scala sources)
2025.12.16 05:30:15 INFO  time: compiled Onnx_SpinalHDL in 0.17s
2025.12.16 05:31:07 INFO  compiling onnx_spinalhdl (2 scala sources)
2025.12.16 05:31:08 INFO  time: compiled Onnx_SpinalHDL in 1.12s
Dec 16, 2025 5:31:10 AM org.eclipse.lsp4j.jsonrpc.services.GenericEndpoint notify
INFO: Unsupported notification method: $/setTrace
2025.12.16 05:32:06 INFO  compiling onnx_spinalhdl (1 scala source)
2025.12.16 05:32:06 INFO  time: compiled Onnx_SpinalHDL in 0.96s
2025.12.16 05:33:49 INFO  compiling onnx_spinalhdl (1 scala source)
2025.12.16 05:33:50 INFO  time: compiled Onnx_SpinalHDL in 1.17s
Dec 16, 2025 7:58:03 AM org.eclipse.lsp4j.jsonrpc.RemoteEndpoint handleNotification
WARNING: Notification threw an exception: {
  "jsonrpc": "2.0",
  "method": "metals/didFocusTextDocument",
  "params": [
    "vscode-local:/c%3A/accelerator_projects/hw_spinal/validation/wrapper/Slicer.scala"
  ]
}
java.nio.file.FileSystemNotFoundException: Provider "vscode-local" not installed
	at java.base/java.nio.file.Path.of(Path.java:212)
	at java.base/java.nio.file.Paths.get(Paths.java:98)
	at scala.meta.internal.mtags.MtagsEnrichments$XtensionURIMtags.toAbsolutePath(MtagsEnrichments.scala:149)
	at scala.meta.internal.mtags.MtagsEnrichments$XtensionStringMtags.toAbsolutePath(MtagsEnrichments.scala:209)
	at scala.meta.internal.metals.MetalsEnrichments$XtensionString.toAbsolutePath(MetalsEnrichments.scala:778)
	at scala.meta.internal.metals.MetalsEnrichments$XtensionString.toAbsolutePath(MetalsEnrichments.scala:775)
	at scala.meta.internal.metals.WorkspaceLspService.didFocus(WorkspaceLspService.scala:789)
	at scala.meta.metals.lsp.DelegatingScalaService.didFocus(DelegatingScalaService.scala:42)
	at jdk.internal.reflect.GeneratedMethodAccessor28.invoke(Unknown Source)
	at java.base/jdk.internal.reflect.DelegatingMethodAccessorImpl.invoke(DelegatingMethodAccessorImpl.java:43)
	at java.base/java.lang.reflect.Method.invoke(Method.java:569)
	at org.eclipse.lsp4j.jsonrpc.services.GenericEndpoint.lambda$recursiveFindRpcMethods$0(GenericEndpoint.java:65)
	at org.eclipse.lsp4j.jsonrpc.services.GenericEndpoint.notify(GenericEndpoint.java:160)
	at org.eclipse.lsp4j.jsonrpc.RemoteEndpoint.handleNotification(RemoteEndpoint.java:231)
	at org.eclipse.lsp4j.jsonrpc.RemoteEndpoint.consume(RemoteEndpoint.java:198)
	at org.eclipse.lsp4j.jsonrpc.json.StreamMessageProducer.handleMessage(StreamMessageProducer.java:185)
	at org.eclipse.lsp4j.jsonrpc.json.StreamMessageProducer.listen(StreamMessageProducer.java:97)
	at org.eclipse.lsp4j.jsonrpc.json.ConcurrentMessageProcessor.run(ConcurrentMessageProcessor.java:114)
	at java.base/java.util.concurrent.Executors$RunnableAdapter.call(Executors.java:539)
	at java.base/java.util.concurrent.FutureTask.run(FutureTask.java:264)
	at java.base/java.util.concurrent.ThreadPoolExecutor.runWorker(ThreadPoolExecutor.java:1136)
	at java.base/java.util.concurrent.ThreadPoolExecutor$Worker.run(ThreadPoolExecutor.java:635)
	at java.base/java.lang.Thread.run(Thread.java:840)

Dec 16, 2025 7:58:20 AM org.eclipse.lsp4j.jsonrpc.RemoteEndpoint handleNotification
WARNING: Notification threw an exception: {
  "jsonrpc": "2.0",
  "method": "metals/didFocusTextDocument",
  "params": [
    "vscode-local:/c%3A/accelerator_projects/hw_spinal/validation/wrapper/InstrAxi4LiteToStream.scala"
  ]
}
java.nio.file.FileSystemNotFoundException: Provider "vscode-local" not installed
	at java.base/java.nio.file.Path.of(Path.java:212)
	at java.base/java.nio.file.Paths.get(Paths.java:98)
	at scala.meta.internal.mtags.MtagsEnrichments$XtensionURIMtags.toAbsolutePath(MtagsEnrichments.scala:149)
	at scala.meta.internal.mtags.MtagsEnrichments$XtensionStringMtags.toAbsolutePath(MtagsEnrichments.scala:209)
	at scala.meta.internal.metals.MetalsEnrichments$XtensionString.toAbsolutePath(MetalsEnrichments.scala:778)
	at scala.meta.internal.metals.MetalsEnrichments$XtensionString.toAbsolutePath(MetalsEnrichments.scala:775)
	at scala.meta.internal.metals.WorkspaceLspService.didFocus(WorkspaceLspService.scala:789)
	at scala.meta.metals.lsp.DelegatingScalaService.didFocus(DelegatingScalaService.scala:42)
	at jdk.internal.reflect.GeneratedMethodAccessor28.invoke(Unknown Source)
	at java.base/jdk.internal.reflect.DelegatingMethodAccessorImpl.invoke(DelegatingMethodAccessorImpl.java:43)
	at java.base/java.lang.reflect.Method.invoke(Method.java:569)
	at org.eclipse.lsp4j.jsonrpc.services.GenericEndpoint.lambda$recursiveFindRpcMethods$0(GenericEndpoint.java:65)
	at org.eclipse.lsp4j.jsonrpc.services.GenericEndpoint.notify(GenericEndpoint.java:160)
	at org.eclipse.lsp4j.jsonrpc.RemoteEndpoint.handleNotification(RemoteEndpoint.java:231)
	at org.eclipse.lsp4j.jsonrpc.RemoteEndpoint.consume(RemoteEndpoint.java:198)
	at org.eclipse.lsp4j.jsonrpc.json.StreamMessageProducer.handleMessage(StreamMessageProducer.java:185)
	at org.eclipse.lsp4j.jsonrpc.json.StreamMessageProducer.listen(StreamMessageProducer.java:97)
	at org.eclipse.lsp4j.jsonrpc.json.ConcurrentMessageProcessor.run(ConcurrentMessageProcessor.java:114)
	at java.base/java.util.concurrent.Executors$RunnableAdapter.call(Executors.java:539)
	at java.base/java.util.concurrent.FutureTask.run(FutureTask.java:264)
	at java.base/java.util.concurrent.ThreadPoolExecutor.runWorker(ThreadPoolExecutor.java:1136)
	at java.base/java.util.concurrent.ThreadPoolExecutor$Worker.run(ThreadPoolExecutor.java:635)
	at java.base/java.lang.Thread.run(Thread.java:840)

Dec 16, 2025 4:25:49 PM org.eclipse.lsp4j.jsonrpc.RemoteEndpoint handleCancellation
WARNING: Unmatched cancel notification for request id 3591
Dec 16, 2025 4:25:49 PM org.eclipse.lsp4j.jsonrpc.RemoteEndpoint handleCancellation
WARNING: Unmatched cancel notification for request id 3593
Dec 16, 2025 4:25:49 PM org.eclipse.lsp4j.jsonrpc.RemoteEndpoint handleCancellation
WARNING: Unmatched cancel notification for request id 3594
Dec 16, 2025 4:44:17 PM org.eclipse.lsp4j.jsonrpc.RemoteEndpoint handleCancellation
WARNING: Unmatched cancel notification for request id 3612
Dec 16, 2025 4:44:17 PM org.eclipse.lsp4j.jsonrpc.RemoteEndpoint handleCancellation
WARNING: Unmatched cancel notification for request id 3613
Dec 16, 2025 4:44:17 PM org.eclipse.lsp4j.jsonrpc.RemoteEndpoint handleCancellation
WARNING: Unmatched cancel notification for request id 3614
Dec 16, 2025 4:44:17 PM org.eclipse.lsp4j.jsonrpc.RemoteEndpoint handleCancellation
WARNING: Unmatched cancel notification for request id 3615
Dec 17, 2025 3:49:08 AM org.eclipse.lsp4j.jsonrpc.RemoteEndpoint handleCancellation
WARNING: Unmatched cancel notification for request id 3749
2025.12.17 06:39:56 INFO  compiling onnx_spinalhdl (1 scala source)
2025.12.17 06:39:58 INFO  time: compiled Onnx_SpinalHDL in 1.89s
Dec 17, 2025 6:40:51 AM org.eclipse.lsp4j.jsonrpc.RemoteEndpoint handleCancellation
WARNING: Unmatched cancel notification for request id 3948
Dec 17, 2025 7:39:21 AM scala.meta.internal.pc.CompilerAccess retryWithCleanCompiler
INFO: compiler crashed due to an error in the Scala compiler, retrying with new compiler instance.
Dec 17, 2025 7:47:06 AM org.eclipse.lsp4j.jsonrpc.RemoteEndpoint handleNotification
WARNING: Notification threw an exception: {
  "jsonrpc": "2.0",
  "method": "metals/didFocusTextDocument",
  "params": [
    "git:/root/onnx_spinal_project_new/hw/spinal/Accelerator/Accelerator.scala?%7B%22path%22%3A%22%2Froot%2Fonnx_spinal_project_new%2Fhw%2Fspinal%2FAccelerator%2FAccelerator.scala%22%2C%22ref%22%3A%22ed1fd19614853b9b92cc76e60db3d01a97ca3aff%22%7D"
  ]
}
java.nio.file.FileSystemNotFoundException: Provider "git" not installed
	at java.base/java.nio.file.Path.of(Path.java:212)
	at java.base/java.nio.file.Paths.get(Paths.java:98)
	at scala.meta.internal.mtags.MtagsEnrichments$XtensionURIMtags.toAbsolutePath(MtagsEnrichments.scala:149)
	at scala.meta.internal.mtags.MtagsEnrichments$XtensionStringMtags.toAbsolutePath(MtagsEnrichments.scala:209)
	at scala.meta.internal.metals.MetalsEnrichments$XtensionString.toAbsolutePath(MetalsEnrichments.scala:778)
	at scala.meta.internal.metals.MetalsEnrichments$XtensionString.toAbsolutePath(MetalsEnrichments.scala:775)
	at scala.meta.internal.metals.WorkspaceLspService.didFocus(WorkspaceLspService.scala:789)
	at scala.meta.metals.lsp.DelegatingScalaService.didFocus(DelegatingScalaService.scala:42)
	at jdk.internal.reflect.GeneratedMethodAccessor28.invoke(Unknown Source)
	at java.base/jdk.internal.reflect.DelegatingMethodAccessorImpl.invoke(DelegatingMethodAccessorImpl.java:43)
	at java.base/java.lang.reflect.Method.invoke(Method.java:569)
	at org.eclipse.lsp4j.jsonrpc.services.GenericEndpoint.lambda$recursiveFindRpcMethods$0(GenericEndpoint.java:65)
	at org.eclipse.lsp4j.jsonrpc.services.GenericEndpoint.notify(GenericEndpoint.java:160)
	at org.eclipse.lsp4j.jsonrpc.RemoteEndpoint.handleNotification(RemoteEndpoint.java:231)
	at org.eclipse.lsp4j.jsonrpc.RemoteEndpoint.consume(RemoteEndpoint.java:198)
	at org.eclipse.lsp4j.jsonrpc.json.StreamMessageProducer.handleMessage(StreamMessageProducer.java:185)
	at org.eclipse.lsp4j.jsonrpc.json.StreamMessageProducer.listen(StreamMessageProducer.java:97)
	at org.eclipse.lsp4j.jsonrpc.json.ConcurrentMessageProcessor.run(ConcurrentMessageProcessor.java:114)
	at java.base/java.util.concurrent.Executors$RunnableAdapter.call(Executors.java:539)
	at java.base/java.util.concurrent.FutureTask.run(FutureTask.java:264)
	at java.base/java.util.concurrent.ThreadPoolExecutor.runWorker(ThreadPoolExecutor.java:1136)
	at java.base/java.util.concurrent.ThreadPoolExecutor$Worker.run(ThreadPoolExecutor.java:635)
	at java.base/java.lang.Thread.run(Thread.java:840)

Dec 17, 2025 7:47:08 AM org.eclipse.lsp4j.jsonrpc.RemoteEndpoint handleNotification
WARNING: Notification threw an exception: {
  "jsonrpc": "2.0",
  "method": "metals/didFocusTextDocument",
  "params": [
    "git:/root/onnx_spinal_project_new/hw/spinal/Interface/Interface.scala?%7B%22path%22%3A%22%2Froot%2Fonnx_spinal_project_new%2Fhw%2Fspinal%2FInterface%2FInterface.scala%22%2C%22ref%22%3A%22ed1fd19614853b9b92cc76e60db3d01a97ca3aff%22%7D"
  ]
}
java.nio.file.FileSystemNotFoundException: Provider "git" not installed
	at java.base/java.nio.file.Path.of(Path.java:212)
	at java.base/java.nio.file.Paths.get(Paths.java:98)
	at scala.meta.internal.mtags.MtagsEnrichments$XtensionURIMtags.toAbsolutePath(MtagsEnrichments.scala:149)
	at scala.meta.internal.mtags.MtagsEnrichments$XtensionStringMtags.toAbsolutePath(MtagsEnrichments.scala:209)
	at scala.meta.internal.metals.MetalsEnrichments$XtensionString.toAbsolutePath(MetalsEnrichments.scala:778)
	at scala.meta.internal.metals.MetalsEnrichments$XtensionString.toAbsolutePath(MetalsEnrichments.scala:775)
	at scala.meta.internal.metals.WorkspaceLspService.didFocus(WorkspaceLspService.scala:789)
	at scala.meta.metals.lsp.DelegatingScalaService.didFocus(DelegatingScalaService.scala:42)
	at jdk.internal.reflect.GeneratedMethodAccessor28.invoke(Unknown Source)
	at java.base/jdk.internal.reflect.DelegatingMethodAccessorImpl.invoke(DelegatingMethodAccessorImpl.java:43)
	at java.base/java.lang.reflect.Method.invoke(Method.java:569)
	at org.eclipse.lsp4j.jsonrpc.services.GenericEndpoint.lambda$recursiveFindRpcMethods$0(GenericEndpoint.java:65)
	at org.eclipse.lsp4j.jsonrpc.services.GenericEndpoint.notify(GenericEndpoint.java:160)
	at org.eclipse.lsp4j.jsonrpc.RemoteEndpoint.handleNotification(RemoteEndpoint.java:231)
	at org.eclipse.lsp4j.jsonrpc.RemoteEndpoint.consume(RemoteEndpoint.java:198)
	at org.eclipse.lsp4j.jsonrpc.json.StreamMessageProducer.handleMessage(StreamMessageProducer.java:185)
	at org.eclipse.lsp4j.jsonrpc.json.StreamMessageProducer.listen(StreamMessageProducer.java:97)
	at org.eclipse.lsp4j.jsonrpc.json.ConcurrentMessageProcessor.run(ConcurrentMessageProcessor.java:114)
	at java.base/java.util.concurrent.Executors$RunnableAdapter.call(Executors.java:539)
	at java.base/java.util.concurrent.FutureTask.run(FutureTask.java:264)
	at java.base/java.util.concurrent.ThreadPoolExecutor.runWorker(ThreadPoolExecutor.java:1136)
	at java.base/java.util.concurrent.ThreadPoolExecutor$Worker.run(ThreadPoolExecutor.java:635)
	at java.base/java.lang.Thread.run(Thread.java:840)

Dec 17, 2025 7:47:09 AM org.eclipse.lsp4j.jsonrpc.RemoteEndpoint handleNotification
WARNING: Notification threw an exception: {
  "jsonrpc": "2.0",
  "method": "metals/didFocusTextDocument",
  "params": [
    "git:/root/onnx_spinal_project_new/hw/spinal/Tiling/tb_Slicer.scala?%7B%22path%22%3A%22%2Froot%2Fonnx_spinal_project_new%2Fhw%2Fspinal%2FTiling%2Ftb_Slicer.scala%22%2C%22ref%22%3A%22ed1fd19614853b9b92cc76e60db3d01a97ca3aff%22%7D"
  ]
}
java.nio.file.FileSystemNotFoundException: Provider "git" not installed
	at java.base/java.nio.file.Path.of(Path.java:212)
	at java.base/java.nio.file.Paths.get(Paths.java:98)
	at scala.meta.internal.mtags.MtagsEnrichments$XtensionURIMtags.toAbsolutePath(MtagsEnrichments.scala:149)
	at scala.meta.internal.mtags.MtagsEnrichments$XtensionStringMtags.toAbsolutePath(MtagsEnrichments.scala:209)
	at scala.meta.internal.metals.MetalsEnrichments$XtensionString.toAbsolutePath(MetalsEnrichments.scala:778)
	at scala.meta.internal.metals.MetalsEnrichments$XtensionString.toAbsolutePath(MetalsEnrichments.scala:775)
	at scala.meta.internal.metals.WorkspaceLspService.didFocus(WorkspaceLspService.scala:789)
	at scala.meta.metals.lsp.DelegatingScalaService.didFocus(DelegatingScalaService.scala:42)
	at jdk.internal.reflect.GeneratedMethodAccessor28.invoke(Unknown Source)
	at java.base/jdk.internal.reflect.DelegatingMethodAccessorImpl.invoke(DelegatingMethodAccessorImpl.java:43)
	at java.base/java.lang.reflect.Method.invoke(Method.java:569)
	at org.eclipse.lsp4j.jsonrpc.services.GenericEndpoint.lambda$recursiveFindRpcMethods$0(GenericEndpoint.java:65)
	at org.eclipse.lsp4j.jsonrpc.services.GenericEndpoint.notify(GenericEndpoint.java:160)
	at org.eclipse.lsp4j.jsonrpc.RemoteEndpoint.handleNotification(RemoteEndpoint.java:231)
	at org.eclipse.lsp4j.jsonrpc.RemoteEndpoint.consume(RemoteEndpoint.java:198)
	at org.eclipse.lsp4j.jsonrpc.json.StreamMessageProducer.handleMessage(StreamMessageProducer.java:185)
	at org.eclipse.lsp4j.jsonrpc.json.StreamMessageProducer.listen(StreamMessageProducer.java:97)
	at org.eclipse.lsp4j.jsonrpc.json.ConcurrentMessageProcessor.run(ConcurrentMessageProcessor.java:114)
	at java.base/java.util.concurrent.Executors$RunnableAdapter.call(Executors.java:539)
	at java.base/java.util.concurrent.FutureTask.run(FutureTask.java:264)
	at java.base/java.util.concurrent.ThreadPoolExecutor.runWorker(ThreadPoolExecutor.java:1136)
	at java.base/java.util.concurrent.ThreadPoolExecutor$Worker.run(ThreadPoolExecutor.java:635)
	at java.base/java.lang.Thread.run(Thread.java:840)

Dec 17, 2025 7:47:28 AM org.eclipse.lsp4j.jsonrpc.RemoteEndpoint handleNotification
WARNING: Notification threw an exception: {
  "jsonrpc": "2.0",
  "method": "metals/didFocusTextDocument",
  "params": [
    "git:/root/onnx_spinal_project_new/hw/spinal/Tiling/tb_Slicer.scala?%7B%22path%22%3A%22%2Froot%2Fonnx_spinal_project_new%2Fhw%2Fspinal%2FTiling%2Ftb_Slicer.scala%22%2C%22ref%22%3A%22ed1fd19614853b9b92cc76e60db3d01a97ca3aff%22%7D"
  ]
}
java.nio.file.FileSystemNotFoundException: Provider "git" not installed
	at java.base/java.nio.file.Path.of(Path.java:212)
	at java.base/java.nio.file.Paths.get(Paths.java:98)
	at scala.meta.internal.mtags.MtagsEnrichments$XtensionURIMtags.toAbsolutePath(MtagsEnrichments.scala:149)
	at scala.meta.internal.mtags.MtagsEnrichments$XtensionStringMtags.toAbsolutePath(MtagsEnrichments.scala:209)
	at scala.meta.internal.metals.MetalsEnrichments$XtensionString.toAbsolutePath(MetalsEnrichments.scala:778)
	at scala.meta.internal.metals.MetalsEnrichments$XtensionString.toAbsolutePath(MetalsEnrichments.scala:775)
	at scala.meta.internal.metals.WorkspaceLspService.didFocus(WorkspaceLspService.scala:789)
	at scala.meta.metals.lsp.DelegatingScalaService.didFocus(DelegatingScalaService.scala:42)
	at jdk.internal.reflect.GeneratedMethodAccessor28.invoke(Unknown Source)
	at java.base/jdk.internal.reflect.DelegatingMethodAccessorImpl.invoke(DelegatingMethodAccessorImpl.java:43)
	at java.base/java.lang.reflect.Method.invoke(Method.java:569)
	at org.eclipse.lsp4j.jsonrpc.services.GenericEndpoint.lambda$recursiveFindRpcMethods$0(GenericEndpoint.java:65)
	at org.eclipse.lsp4j.jsonrpc.services.GenericEndpoint.notify(GenericEndpoint.java:160)
	at org.eclipse.lsp4j.jsonrpc.RemoteEndpoint.handleNotification(RemoteEndpoint.java:231)
	at org.eclipse.lsp4j.jsonrpc.RemoteEndpoint.consume(RemoteEndpoint.java:198)
	at org.eclipse.lsp4j.jsonrpc.json.StreamMessageProducer.handleMessage(StreamMessageProducer.java:185)
	at org.eclipse.lsp4j.jsonrpc.json.StreamMessageProducer.listen(StreamMessageProducer.java:97)
	at org.eclipse.lsp4j.jsonrpc.json.ConcurrentMessageProcessor.run(ConcurrentMessageProcessor.java:114)
	at java.base/java.util.concurrent.Executors$RunnableAdapter.call(Executors.java:539)
	at java.base/java.util.concurrent.FutureTask.run(FutureTask.java:264)
	at java.base/java.util.concurrent.ThreadPoolExecutor.runWorker(ThreadPoolExecutor.java:1136)
	at java.base/java.util.concurrent.ThreadPoolExecutor$Worker.run(ThreadPoolExecutor.java:635)
	at java.base/java.lang.Thread.run(Thread.java:840)

Dec 17, 2025 7:48:25 AM org.eclipse.lsp4j.jsonrpc.services.GenericEndpoint notify
INFO: Unsupported notification method: $/setTrace
Dec 17, 2025 7:51:53 AM org.eclipse.lsp4j.jsonrpc.RemoteEndpoint handleCancellation
WARNING: Unmatched cancel notification for request id 4415
Dec 17, 2025 7:51:53 AM org.eclipse.lsp4j.jsonrpc.RemoteEndpoint handleCancellation
WARNING: Unmatched cancel notification for request id 4416
Dec 17, 2025 7:51:53 AM org.eclipse.lsp4j.jsonrpc.RemoteEndpoint handleCancellation
WARNING: Unmatched cancel notification for request id 4417
Dec 17, 2025 7:51:53 AM org.eclipse.lsp4j.jsonrpc.RemoteEndpoint handleCancellation
WARNING: Unmatched cancel notification for request id 4418
Dec 17, 2025 7:52:01 AM org.eclipse.lsp4j.jsonrpc.RemoteEndpoint handleCancellation
WARNING: Unmatched cancel notification for request id 4421
Dec 17, 2025 7:52:01 AM org.eclipse.lsp4j.jsonrpc.RemoteEndpoint handleCancellation
WARNING: Unmatched cancel notification for request id 4422
Dec 17, 2025 7:52:01 AM org.eclipse.lsp4j.jsonrpc.RemoteEndpoint handleCancellation
WARNING: Unmatched cancel notification for request id 4423
Dec 17, 2025 7:52:01 AM org.eclipse.lsp4j.jsonrpc.RemoteEndpoint handleCancellation
WARNING: Unmatched cancel notification for request id 4424
2025.12.17 08:01:03 INFO  compiling onnx_spinalhdl (8 scala sources and 2 java sources)
2025.12.17 08:01:05 INFO  time: compiled Onnx_SpinalHDL in 2.04s
2025.12.17 08:01:05 INFO  compiling onnx_spinalhdl (8 scala sources and 2 java sources)
2025.12.17 08:01:05 INFO  time: compiled Onnx_SpinalHDL in 0.6s
2025.12.17 10:29:51 INFO  compiling onnx_spinalhdl (12 scala sources and 2 java sources)
2025.12.17 10:29:52 INFO  time: compiled Onnx_SpinalHDL in 1.21s
2025.12.17 10:29:52 INFO  compiling onnx_spinalhdl (12 scala sources and 2 java sources)
2025.12.17 10:29:52 INFO  time: compiled Onnx_SpinalHDL in 0.6s
Dec 17, 2025 10:30:19 AM org.eclipse.lsp4j.jsonrpc.RemoteEndpoint handleNotification
WARNING: Notification threw an exception: {
  "jsonrpc": "2.0",
  "method": "metals/didFocusTextDocument",
  "params": [
    "git:/root/onnx_spinal_project_new/hw/spinal/Tiling/Slicer.scala?%7B%22path%22%3A%22%2Froot%2Fonnx_spinal_project_new%2Fhw%2Fspinal%2FTiling%2FSlicer.scala%22%2C%22ref%22%3A%222a537f727acf15407d1470bf552bdcf5de793ffa%22%7D"
  ]
}
java.nio.file.FileSystemNotFoundException: Provider "git" not installed
	at java.base/java.nio.file.Path.of(Path.java:212)
	at java.base/java.nio.file.Paths.get(Paths.java:98)
	at scala.meta.internal.mtags.MtagsEnrichments$XtensionURIMtags.toAbsolutePath(MtagsEnrichments.scala:149)
	at scala.meta.internal.mtags.MtagsEnrichments$XtensionStringMtags.toAbsolutePath(MtagsEnrichments.scala:209)
	at scala.meta.internal.metals.MetalsEnrichments$XtensionString.toAbsolutePath(MetalsEnrichments.scala:778)
	at scala.meta.internal.metals.MetalsEnrichments$XtensionString.toAbsolutePath(MetalsEnrichments.scala:775)
	at scala.meta.internal.metals.WorkspaceLspService.didFocus(WorkspaceLspService.scala:789)
	at scala.meta.metals.lsp.DelegatingScalaService.didFocus(DelegatingScalaService.scala:42)
	at jdk.internal.reflect.GeneratedMethodAccessor28.invoke(Unknown Source)
	at java.base/jdk.internal.reflect.DelegatingMethodAccessorImpl.invoke(DelegatingMethodAccessorImpl.java:43)
	at java.base/java.lang.reflect.Method.invoke(Method.java:569)
	at org.eclipse.lsp4j.jsonrpc.services.GenericEndpoint.lambda$recursiveFindRpcMethods$0(GenericEndpoint.java:65)
	at org.eclipse.lsp4j.jsonrpc.services.GenericEndpoint.notify(GenericEndpoint.java:160)
	at org.eclipse.lsp4j.jsonrpc.RemoteEndpoint.handleNotification(RemoteEndpoint.java:231)
	at org.eclipse.lsp4j.jsonrpc.RemoteEndpoint.consume(RemoteEndpoint.java:198)
	at org.eclipse.lsp4j.jsonrpc.json.StreamMessageProducer.handleMessage(StreamMessageProducer.java:185)
	at org.eclipse.lsp4j.jsonrpc.json.StreamMessageProducer.listen(StreamMessageProducer.java:97)
	at org.eclipse.lsp4j.jsonrpc.json.ConcurrentMessageProcessor.run(ConcurrentMessageProcessor.java:114)
	at java.base/java.util.concurrent.Executors$RunnableAdapter.call(Executors.java:539)
	at java.base/java.util.concurrent.FutureTask.run(FutureTask.java:264)
	at java.base/java.util.concurrent.ThreadPoolExecutor.runWorker(ThreadPoolExecutor.java:1136)
	at java.base/java.util.concurrent.ThreadPoolExecutor$Worker.run(ThreadPoolExecutor.java:635)
	at java.base/java.lang.Thread.run(Thread.java:840)

2025.12.17 10:31:38 INFO  compiling onnx_spinalhdl (11 scala sources and 2 java sources)
2025.12.17 10:31:38 INFO  time: compiled Onnx_SpinalHDL in 0.86s
Dec 17, 2025 10:33:01 AM org.eclipse.lsp4j.jsonrpc.RemoteEndpoint handleNotification
WARNING: Notification threw an exception: {
  "jsonrpc": "2.0",
  "method": "metals/didFocusTextDocument",
  "params": [
    "vscode-local:/c%3A/accelerator_projects/hw_spinal/validation/wrapper/FPGA_top/spinal_wrapper/DualCache_Ctrl.scala"
  ]
}
java.nio.file.FileSystemNotFoundException: Provider "vscode-local" not installed
	at java.base/java.nio.file.Path.of(Path.java:212)
	at java.base/java.nio.file.Paths.get(Paths.java:98)
	at scala.meta.internal.mtags.MtagsEnrichments$XtensionURIMtags.toAbsolutePath(MtagsEnrichments.scala:149)
	at scala.meta.internal.mtags.MtagsEnrichments$XtensionStringMtags.toAbsolutePath(MtagsEnrichments.scala:209)
	at scala.meta.internal.metals.MetalsEnrichments$XtensionString.toAbsolutePath(MetalsEnrichments.scala:778)
	at scala.meta.internal.metals.MetalsEnrichments$XtensionString.toAbsolutePath(MetalsEnrichments.scala:775)
	at scala.meta.internal.metals.WorkspaceLspService.didFocus(WorkspaceLspService.scala:789)
	at scala.meta.metals.lsp.DelegatingScalaService.didFocus(DelegatingScalaService.scala:42)
	at jdk.internal.reflect.GeneratedMethodAccessor28.invoke(Unknown Source)
	at java.base/jdk.internal.reflect.DelegatingMethodAccessorImpl.invoke(DelegatingMethodAccessorImpl.java:43)
	at java.base/java.lang.reflect.Method.invoke(Method.java:569)
	at org.eclipse.lsp4j.jsonrpc.services.GenericEndpoint.lambda$recursiveFindRpcMethods$0(GenericEndpoint.java:65)
	at org.eclipse.lsp4j.jsonrpc.services.GenericEndpoint.notify(GenericEndpoint.java:160)
	at org.eclipse.lsp4j.jsonrpc.RemoteEndpoint.handleNotification(RemoteEndpoint.java:231)
	at org.eclipse.lsp4j.jsonrpc.RemoteEndpoint.consume(RemoteEndpoint.java:198)
	at org.eclipse.lsp4j.jsonrpc.json.StreamMessageProducer.handleMessage(StreamMessageProducer.java:185)
	at org.eclipse.lsp4j.jsonrpc.json.StreamMessageProducer.listen(StreamMessageProducer.java:97)
	at org.eclipse.lsp4j.jsonrpc.json.ConcurrentMessageProcessor.run(ConcurrentMessageProcessor.java:114)
	at java.base/java.util.concurrent.Executors$RunnableAdapter.call(Executors.java:539)
	at java.base/java.util.concurrent.FutureTask.run(FutureTask.java:264)
	at java.base/java.util.concurrent.ThreadPoolExecutor.runWorker(ThreadPoolExecutor.java:1136)
	at java.base/java.util.concurrent.ThreadPoolExecutor$Worker.run(ThreadPoolExecutor.java:635)
	at java.base/java.lang.Thread.run(Thread.java:840)

Dec 17, 2025 10:33:12 AM org.eclipse.lsp4j.jsonrpc.RemoteEndpoint handleNotification
WARNING: Notification threw an exception: {
  "jsonrpc": "2.0",
  "method": "metals/didFocusTextDocument",
  "params": [
    "vscode-local:/c%3A/accelerator_projects/hw_spinal/validation/wrapper/FPGA_top/spinal_wrapper/InputCache_Ctrl.scala"
  ]
}
java.nio.file.FileSystemNotFoundException: Provider "vscode-local" not installed
	at java.base/java.nio.file.Path.of(Path.java:212)
	at java.base/java.nio.file.Paths.get(Paths.java:98)
	at scala.meta.internal.mtags.MtagsEnrichments$XtensionURIMtags.toAbsolutePath(MtagsEnrichments.scala:149)
	at scala.meta.internal.mtags.MtagsEnrichments$XtensionStringMtags.toAbsolutePath(MtagsEnrichments.scala:209)
	at scala.meta.internal.metals.MetalsEnrichments$XtensionString.toAbsolutePath(MetalsEnrichments.scala:778)
	at scala.meta.internal.metals.MetalsEnrichments$XtensionString.toAbsolutePath(MetalsEnrichments.scala:775)
	at scala.meta.internal.metals.WorkspaceLspService.didFocus(WorkspaceLspService.scala:789)
	at scala.meta.metals.lsp.DelegatingScalaService.didFocus(DelegatingScalaService.scala:42)
	at jdk.internal.reflect.GeneratedMethodAccessor28.invoke(Unknown Source)
	at java.base/jdk.internal.reflect.DelegatingMethodAccessorImpl.invoke(DelegatingMethodAccessorImpl.java:43)
	at java.base/java.lang.reflect.Method.invoke(Method.java:569)
	at org.eclipse.lsp4j.jsonrpc.services.GenericEndpoint.lambda$recursiveFindRpcMethods$0(GenericEndpoint.java:65)
	at org.eclipse.lsp4j.jsonrpc.services.GenericEndpoint.notify(GenericEndpoint.java:160)
	at org.eclipse.lsp4j.jsonrpc.RemoteEndpoint.handleNotification(RemoteEndpoint.java:231)
	at org.eclipse.lsp4j.jsonrpc.RemoteEndpoint.consume(RemoteEndpoint.java:198)
	at org.eclipse.lsp4j.jsonrpc.json.StreamMessageProducer.handleMessage(StreamMessageProducer.java:185)
	at org.eclipse.lsp4j.jsonrpc.json.StreamMessageProducer.listen(StreamMessageProducer.java:97)
	at org.eclipse.lsp4j.jsonrpc.json.ConcurrentMessageProcessor.run(ConcurrentMessageProcessor.java:114)
	at java.base/java.util.concurrent.Executors$RunnableAdapter.call(Executors.java:539)
	at java.base/java.util.concurrent.FutureTask.run(FutureTask.java:264)
	at java.base/java.util.concurrent.ThreadPoolExecutor.runWorker(ThreadPoolExecutor.java:1136)
	at java.base/java.util.concurrent.ThreadPoolExecutor$Worker.run(ThreadPoolExecutor.java:635)
	at java.base/java.lang.Thread.run(Thread.java:840)

Dec 17, 2025 10:33:44 AM org.eclipse.lsp4j.jsonrpc.RemoteEndpoint handleNotification
WARNING: Notification threw an exception: {
  "jsonrpc": "2.0",
  "method": "metals/didFocusTextDocument",
  "params": [
    "vscode-local:/c%3A/accelerator_projects/hw_spinal/validation/wrapper/FPGA_top/spinal_wrapper/InstrAxi4LiteToStream.scala"
  ]
}
java.nio.file.FileSystemNotFoundException: Provider "vscode-local" not installed
	at java.base/java.nio.file.Path.of(Path.java:212)
	at java.base/java.nio.file.Paths.get(Paths.java:98)
	at scala.meta.internal.mtags.MtagsEnrichments$XtensionURIMtags.toAbsolutePath(MtagsEnrichments.scala:149)
	at scala.meta.internal.mtags.MtagsEnrichments$XtensionStringMtags.toAbsolutePath(MtagsEnrichments.scala:209)
	at scala.meta.internal.metals.MetalsEnrichments$XtensionString.toAbsolutePath(MetalsEnrichments.scala:778)
	at scala.meta.internal.metals.MetalsEnrichments$XtensionString.toAbsolutePath(MetalsEnrichments.scala:775)
	at scala.meta.internal.metals.WorkspaceLspService.didFocus(WorkspaceLspService.scala:789)
	at scala.meta.metals.lsp.DelegatingScalaService.didFocus(DelegatingScalaService.scala:42)
	at jdk.internal.reflect.GeneratedMethodAccessor28.invoke(Unknown Source)
	at java.base/jdk.internal.reflect.DelegatingMethodAccessorImpl.invoke(DelegatingMethodAccessorImpl.java:43)
	at java.base/java.lang.reflect.Method.invoke(Method.java:569)
	at org.eclipse.lsp4j.jsonrpc.services.GenericEndpoint.lambda$recursiveFindRpcMethods$0(GenericEndpoint.java:65)
	at org.eclipse.lsp4j.jsonrpc.services.GenericEndpoint.notify(GenericEndpoint.java:160)
	at org.eclipse.lsp4j.jsonrpc.RemoteEndpoint.handleNotification(RemoteEndpoint.java:231)
	at org.eclipse.lsp4j.jsonrpc.RemoteEndpoint.consume(RemoteEndpoint.java:198)
	at org.eclipse.lsp4j.jsonrpc.json.StreamMessageProducer.handleMessage(StreamMessageProducer.java:185)
	at org.eclipse.lsp4j.jsonrpc.json.StreamMessageProducer.listen(StreamMessageProducer.java:97)
	at org.eclipse.lsp4j.jsonrpc.json.ConcurrentMessageProcessor.run(ConcurrentMessageProcessor.java:114)
	at java.base/java.util.concurrent.Executors$RunnableAdapter.call(Executors.java:539)
	at java.base/java.util.concurrent.FutureTask.run(FutureTask.java:264)
	at java.base/java.util.concurrent.ThreadPoolExecutor.runWorker(ThreadPoolExecutor.java:1136)
	at java.base/java.util.concurrent.ThreadPoolExecutor$Worker.run(ThreadPoolExecutor.java:635)
	at java.base/java.lang.Thread.run(Thread.java:840)

Dec 17, 2025 10:33:53 AM org.eclipse.lsp4j.jsonrpc.RemoteEndpoint handleNotification
WARNING: Notification threw an exception: {
  "jsonrpc": "2.0",
  "method": "metals/didFocusTextDocument",
  "params": [
    "vscode-local:/c%3A/accelerator_projects/hw_spinal/validation/wrapper/FPGA_top/spinal_wrapper/MatrixCache_ctrl.scala"
  ]
}
java.nio.file.FileSystemNotFoundException: Provider "vscode-local" not installed
	at java.base/java.nio.file.Path.of(Path.java:212)
	at java.base/java.nio.file.Paths.get(Paths.java:98)
	at scala.meta.internal.mtags.MtagsEnrichments$XtensionURIMtags.toAbsolutePath(MtagsEnrichments.scala:149)
	at scala.meta.internal.mtags.MtagsEnrichments$XtensionStringMtags.toAbsolutePath(MtagsEnrichments.scala:209)
	at scala.meta.internal.metals.MetalsEnrichments$XtensionString.toAbsolutePath(MetalsEnrichments.scala:778)
	at scala.meta.internal.metals.MetalsEnrichments$XtensionString.toAbsolutePath(MetalsEnrichments.scala:775)
	at scala.meta.internal.metals.WorkspaceLspService.didFocus(WorkspaceLspService.scala:789)
	at scala.meta.metals.lsp.DelegatingScalaService.didFocus(DelegatingScalaService.scala:42)
	at jdk.internal.reflect.GeneratedMethodAccessor28.invoke(Unknown Source)
	at java.base/jdk.internal.reflect.DelegatingMethodAccessorImpl.invoke(DelegatingMethodAccessorImpl.java:43)
	at java.base/java.lang.reflect.Method.invoke(Method.java:569)
	at org.eclipse.lsp4j.jsonrpc.services.GenericEndpoint.lambda$recursiveFindRpcMethods$0(GenericEndpoint.java:65)
	at org.eclipse.lsp4j.jsonrpc.services.GenericEndpoint.notify(GenericEndpoint.java:160)
	at org.eclipse.lsp4j.jsonrpc.RemoteEndpoint.handleNotification(RemoteEndpoint.java:231)
	at org.eclipse.lsp4j.jsonrpc.RemoteEndpoint.consume(RemoteEndpoint.java:198)
	at org.eclipse.lsp4j.jsonrpc.json.StreamMessageProducer.handleMessage(StreamMessageProducer.java:185)
	at org.eclipse.lsp4j.jsonrpc.json.StreamMessageProducer.listen(StreamMessageProducer.java:97)
	at org.eclipse.lsp4j.jsonrpc.json.ConcurrentMessageProcessor.run(ConcurrentMessageProcessor.java:114)
	at java.base/java.util.concurrent.Executors$RunnableAdapter.call(Executors.java:539)
	at java.base/java.util.concurrent.FutureTask.run(FutureTask.java:264)
	at java.base/java.util.concurrent.ThreadPoolExecutor.runWorker(ThreadPoolExecutor.java:1136)
	at java.base/java.util.concurrent.ThreadPoolExecutor$Worker.run(ThreadPoolExecutor.java:635)
	at java.base/java.lang.Thread.run(Thread.java:840)

Dec 17, 2025 10:33:53 AM org.eclipse.lsp4j.jsonrpc.RemoteEndpoint handleCancellation
WARNING: Unmatched cancel notification for request id 4761
Dec 17, 2025 10:33:59 AM org.eclipse.lsp4j.jsonrpc.RemoteEndpoint handleNotification
WARNING: Notification threw an exception: {
  "jsonrpc": "2.0",
  "method": "metals/didFocusTextDocument",
  "params": [
    "vscode-local:/c%3A/accelerator_projects/hw_spinal/validation/wrapper/FPGA_top/spinal_wrapper/OutputCache_Ctrl.scala"
  ]
}
java.nio.file.FileSystemNotFoundException: Provider "vscode-local" not installed
	at java.base/java.nio.file.Path.of(Path.java:212)
	at java.base/java.nio.file.Paths.get(Paths.java:98)
	at scala.meta.internal.mtags.MtagsEnrichments$XtensionURIMtags.toAbsolutePath(MtagsEnrichments.scala:149)
	at scala.meta.internal.mtags.MtagsEnrichments$XtensionStringMtags.toAbsolutePath(MtagsEnrichments.scala:209)
	at scala.meta.internal.metals.MetalsEnrichments$XtensionString.toAbsolutePath(MetalsEnrichments.scala:778)
	at scala.meta.internal.metals.MetalsEnrichments$XtensionString.toAbsolutePath(MetalsEnrichments.scala:775)
	at scala.meta.internal.metals.WorkspaceLspService.didFocus(WorkspaceLspService.scala:789)
	at scala.meta.metals.lsp.DelegatingScalaService.didFocus(DelegatingScalaService.scala:42)
	at jdk.internal.reflect.GeneratedMethodAccessor28.invoke(Unknown Source)
	at java.base/jdk.internal.reflect.DelegatingMethodAccessorImpl.invoke(DelegatingMethodAccessorImpl.java:43)
	at java.base/java.lang.reflect.Method.invoke(Method.java:569)
	at org.eclipse.lsp4j.jsonrpc.services.GenericEndpoint.lambda$recursiveFindRpcMethods$0(GenericEndpoint.java:65)
	at org.eclipse.lsp4j.jsonrpc.services.GenericEndpoint.notify(GenericEndpoint.java:160)
	at org.eclipse.lsp4j.jsonrpc.RemoteEndpoint.handleNotification(RemoteEndpoint.java:231)
	at org.eclipse.lsp4j.jsonrpc.RemoteEndpoint.consume(RemoteEndpoint.java:198)
	at org.eclipse.lsp4j.jsonrpc.json.StreamMessageProducer.handleMessage(StreamMessageProducer.java:185)
	at org.eclipse.lsp4j.jsonrpc.json.StreamMessageProducer.listen(StreamMessageProducer.java:97)
	at org.eclipse.lsp4j.jsonrpc.json.ConcurrentMessageProcessor.run(ConcurrentMessageProcessor.java:114)
	at java.base/java.util.concurrent.Executors$RunnableAdapter.call(Executors.java:539)
	at java.base/java.util.concurrent.FutureTask.run(FutureTask.java:264)
	at java.base/java.util.concurrent.ThreadPoolExecutor.runWorker(ThreadPoolExecutor.java:1136)
	at java.base/java.util.concurrent.ThreadPoolExecutor$Worker.run(ThreadPoolExecutor.java:635)
	at java.base/java.lang.Thread.run(Thread.java:840)

Dec 17, 2025 10:34:09 AM org.eclipse.lsp4j.jsonrpc.RemoteEndpoint handleNotification
WARNING: Notification threw an exception: {
  "jsonrpc": "2.0",
  "method": "metals/didFocusTextDocument",
  "params": [
    "vscode-local:/c%3A/accelerator_projects/hw_spinal/validation/wrapper/FPGA_top/spinal_wrapper/WrapForFPGA.scala"
  ]
}
java.nio.file.FileSystemNotFoundException: Provider "vscode-local" not installed
	at java.base/java.nio.file.Path.of(Path.java:212)
	at java.base/java.nio.file.Paths.get(Paths.java:98)
	at scala.meta.internal.mtags.MtagsEnrichments$XtensionURIMtags.toAbsolutePath(MtagsEnrichments.scala:149)
	at scala.meta.internal.mtags.MtagsEnrichments$XtensionStringMtags.toAbsolutePath(MtagsEnrichments.scala:209)
	at scala.meta.internal.metals.MetalsEnrichments$XtensionString.toAbsolutePath(MetalsEnrichments.scala:778)
	at scala.meta.internal.metals.MetalsEnrichments$XtensionString.toAbsolutePath(MetalsEnrichments.scala:775)
	at scala.meta.internal.metals.WorkspaceLspService.didFocus(WorkspaceLspService.scala:789)
	at scala.meta.metals.lsp.DelegatingScalaService.didFocus(DelegatingScalaService.scala:42)
	at jdk.internal.reflect.GeneratedMethodAccessor28.invoke(Unknown Source)
	at java.base/jdk.internal.reflect.DelegatingMethodAccessorImpl.invoke(DelegatingMethodAccessorImpl.java:43)
	at java.base/java.lang.reflect.Method.invoke(Method.java:569)
	at org.eclipse.lsp4j.jsonrpc.services.GenericEndpoint.lambda$recursiveFindRpcMethods$0(GenericEndpoint.java:65)
	at org.eclipse.lsp4j.jsonrpc.services.GenericEndpoint.notify(GenericEndpoint.java:160)
	at org.eclipse.lsp4j.jsonrpc.RemoteEndpoint.handleNotification(RemoteEndpoint.java:231)
	at org.eclipse.lsp4j.jsonrpc.RemoteEndpoint.consume(RemoteEndpoint.java:198)
	at org.eclipse.lsp4j.jsonrpc.json.StreamMessageProducer.handleMessage(StreamMessageProducer.java:185)
	at org.eclipse.lsp4j.jsonrpc.json.StreamMessageProducer.listen(StreamMessageProducer.java:97)
	at org.eclipse.lsp4j.jsonrpc.json.ConcurrentMessageProcessor.run(ConcurrentMessageProcessor.java:114)
	at java.base/java.util.concurrent.Executors$RunnableAdapter.call(Executors.java:539)
	at java.base/java.util.concurrent.FutureTask.run(FutureTask.java:264)
	at java.base/java.util.concurrent.ThreadPoolExecutor.runWorker(ThreadPoolExecutor.java:1136)
	at java.base/java.util.concurrent.ThreadPoolExecutor$Worker.run(ThreadPoolExecutor.java:635)
	at java.base/java.lang.Thread.run(Thread.java:840)

2025.12.17 10:34:19 INFO  compiling onnx_spinalhdl (12 scala sources and 2 java sources)
2025.12.17 10:34:19 INFO  time: compiled Onnx_SpinalHDL in 0.66s
2025.12.17 10:34:19 INFO  compiling onnx_spinalhdl (12 scala sources and 2 java sources)
2025.12.17 10:34:20 INFO  time: compiled Onnx_SpinalHDL in 0.4s
Dec 17, 2025 10:35:04 AM org.eclipse.lsp4j.jsonrpc.RemoteEndpoint fallbackResponseError
SEVERE: Internal error: Provider "vscode-local" not installed
java.nio.file.FileSystemNotFoundException: Provider "vscode-local" not installed
	at java.base/java.nio.file.Path.of(Path.java:212)
	at java.base/java.nio.file.Paths.get(Paths.java:98)
	at scala.meta.internal.mtags.MtagsEnrichments$XtensionURIMtags.toAbsolutePath(MtagsEnrichments.scala:149)
	at scala.meta.internal.mtags.MtagsEnrichments$XtensionStringMtags.toAbsolutePath(MtagsEnrichments.scala:209)
	at scala.meta.internal.metals.MetalsEnrichments$XtensionString.toAbsolutePath(MetalsEnrichments.scala:778)
	at scala.meta.internal.metals.MetalsEnrichments$XtensionString.toAbsolutePath(MetalsEnrichments.scala:775)
	at scala.meta.internal.metals.MetalsPasteProvider.didPaste(MetalsPasteProvider.scala:29)
	at scala.meta.internal.metals.MetalsLspService.didPaste(MetalsLspService.scala:1277)
	at scala.meta.internal.metals.WorkspaceLspService.executeCommand(WorkspaceLspService.scala:1244)
	at scala.meta.metals.lsp.DelegatingScalaService.executeCommand(DelegatingScalaService.scala:169)
	at jdk.internal.reflect.GeneratedMethodAccessor32.invoke(Unknown Source)
	at java.base/jdk.internal.reflect.DelegatingMethodAccessorImpl.invoke(DelegatingMethodAccessorImpl.java:43)
	at java.base/java.lang.reflect.Method.invoke(Method.java:569)
	at org.eclipse.lsp4j.jsonrpc.services.GenericEndpoint.lambda$recursiveFindRpcMethods$0(GenericEndpoint.java:65)
	at org.eclipse.lsp4j.jsonrpc.services.GenericEndpoint.request(GenericEndpoint.java:128)
	at org.eclipse.lsp4j.jsonrpc.RemoteEndpoint.handleRequest(RemoteEndpoint.java:271)
	at org.eclipse.lsp4j.jsonrpc.RemoteEndpoint.consume(RemoteEndpoint.java:201)
	at org.eclipse.lsp4j.jsonrpc.json.StreamMessageProducer.handleMessage(StreamMessageProducer.java:185)
	at org.eclipse.lsp4j.jsonrpc.json.StreamMessageProducer.listen(StreamMessageProducer.java:97)
	at org.eclipse.lsp4j.jsonrpc.json.ConcurrentMessageProcessor.run(ConcurrentMessageProcessor.java:114)
	at java.base/java.util.concurrent.Executors$RunnableAdapter.call(Executors.java:539)
	at java.base/java.util.concurrent.FutureTask.run(FutureTask.java:264)
	at java.base/java.util.concurrent.ThreadPoolExecutor.runWorker(ThreadPoolExecutor.java:1136)
	at java.base/java.util.concurrent.ThreadPoolExecutor$Worker.run(ThreadPoolExecutor.java:635)
	at java.base/java.lang.Thread.run(Thread.java:840)

Dec 17, 2025 10:35:08 AM org.eclipse.lsp4j.jsonrpc.RemoteEndpoint fallbackResponseError
SEVERE: Internal error: Provider "vscode-local" not installed
java.nio.file.FileSystemNotFoundException: Provider "vscode-local" not installed
	at java.base/java.nio.file.Path.of(Path.java:212)
	at java.base/java.nio.file.Paths.get(Paths.java:98)
	at scala.meta.internal.mtags.MtagsEnrichments$XtensionURIMtags.toAbsolutePath(MtagsEnrichments.scala:149)
	at scala.meta.internal.mtags.MtagsEnrichments$XtensionStringMtags.toAbsolutePath(MtagsEnrichments.scala:209)
	at scala.meta.internal.metals.MetalsEnrichments$XtensionString.toAbsolutePath(MetalsEnrichments.scala:778)
	at scala.meta.internal.metals.MetalsEnrichments$XtensionString.toAbsolutePath(MetalsEnrichments.scala:775)
	at scala.meta.internal.metals.MetalsPasteProvider.didPaste(MetalsPasteProvider.scala:29)
	at scala.meta.internal.metals.MetalsLspService.didPaste(MetalsLspService.scala:1277)
	at scala.meta.internal.metals.WorkspaceLspService.executeCommand(WorkspaceLspService.scala:1244)
	at scala.meta.metals.lsp.DelegatingScalaService.executeCommand(DelegatingScalaService.scala:169)
	at jdk.internal.reflect.GeneratedMethodAccessor32.invoke(Unknown Source)
	at java.base/jdk.internal.reflect.DelegatingMethodAccessorImpl.invoke(DelegatingMethodAccessorImpl.java:43)
	at java.base/java.lang.reflect.Method.invoke(Method.java:569)
	at org.eclipse.lsp4j.jsonrpc.services.GenericEndpoint.lambda$recursiveFindRpcMethods$0(GenericEndpoint.java:65)
	at org.eclipse.lsp4j.jsonrpc.services.GenericEndpoint.request(GenericEndpoint.java:128)
	at org.eclipse.lsp4j.jsonrpc.RemoteEndpoint.handleRequest(RemoteEndpoint.java:271)
	at org.eclipse.lsp4j.jsonrpc.RemoteEndpoint.consume(RemoteEndpoint.java:201)
	at org.eclipse.lsp4j.jsonrpc.json.StreamMessageProducer.handleMessage(StreamMessageProducer.java:185)
	at org.eclipse.lsp4j.jsonrpc.json.StreamMessageProducer.listen(StreamMessageProducer.java:97)
	at org.eclipse.lsp4j.jsonrpc.json.ConcurrentMessageProcessor.run(ConcurrentMessageProcessor.java:114)
	at java.base/java.util.concurrent.Executors$RunnableAdapter.call(Executors.java:539)
	at java.base/java.util.concurrent.FutureTask.run(FutureTask.java:264)
	at java.base/java.util.concurrent.ThreadPoolExecutor.runWorker(ThreadPoolExecutor.java:1136)
	at java.base/java.util.concurrent.ThreadPoolExecutor$Worker.run(ThreadPoolExecutor.java:635)
	at java.base/java.lang.Thread.run(Thread.java:840)

Dec 17, 2025 10:35:17 AM org.eclipse.lsp4j.jsonrpc.RemoteEndpoint fallbackResponseError
SEVERE: Internal error: Provider "vscode-local" not installed
java.nio.file.FileSystemNotFoundException: Provider "vscode-local" not installed
	at java.base/java.nio.file.Path.of(Path.java:212)
	at java.base/java.nio.file.Paths.get(Paths.java:98)
	at scala.meta.internal.mtags.MtagsEnrichments$XtensionURIMtags.toAbsolutePath(MtagsEnrichments.scala:149)
	at scala.meta.internal.mtags.MtagsEnrichments$XtensionStringMtags.toAbsolutePath(MtagsEnrichments.scala:209)
	at scala.meta.internal.metals.MetalsEnrichments$XtensionString.toAbsolutePath(MetalsEnrichments.scala:778)
	at scala.meta.internal.metals.MetalsEnrichments$XtensionString.toAbsolutePath(MetalsEnrichments.scala:775)
	at scala.meta.internal.metals.MetalsPasteProvider.didPaste(MetalsPasteProvider.scala:29)
	at scala.meta.internal.metals.MetalsLspService.didPaste(MetalsLspService.scala:1277)
	at scala.meta.internal.metals.WorkspaceLspService.executeCommand(WorkspaceLspService.scala:1244)
	at scala.meta.metals.lsp.DelegatingScalaService.executeCommand(DelegatingScalaService.scala:169)
	at jdk.internal.reflect.GeneratedMethodAccessor32.invoke(Unknown Source)
	at java.base/jdk.internal.reflect.DelegatingMethodAccessorImpl.invoke(DelegatingMethodAccessorImpl.java:43)
	at java.base/java.lang.reflect.Method.invoke(Method.java:569)
	at org.eclipse.lsp4j.jsonrpc.services.GenericEndpoint.lambda$recursiveFindRpcMethods$0(GenericEndpoint.java:65)
	at org.eclipse.lsp4j.jsonrpc.services.GenericEndpoint.request(GenericEndpoint.java:128)
	at org.eclipse.lsp4j.jsonrpc.RemoteEndpoint.handleRequest(RemoteEndpoint.java:271)
	at org.eclipse.lsp4j.jsonrpc.RemoteEndpoint.consume(RemoteEndpoint.java:201)
	at org.eclipse.lsp4j.jsonrpc.json.StreamMessageProducer.handleMessage(StreamMessageProducer.java:185)
	at org.eclipse.lsp4j.jsonrpc.json.StreamMessageProducer.listen(StreamMessageProducer.java:97)
	at org.eclipse.lsp4j.jsonrpc.json.ConcurrentMessageProcessor.run(ConcurrentMessageProcessor.java:114)
	at java.base/java.util.concurrent.Executors$RunnableAdapter.call(Executors.java:539)
	at java.base/java.util.concurrent.FutureTask.run(FutureTask.java:264)
	at java.base/java.util.concurrent.ThreadPoolExecutor.runWorker(ThreadPoolExecutor.java:1136)
	at java.base/java.util.concurrent.ThreadPoolExecutor$Worker.run(ThreadPoolExecutor.java:635)
	at java.base/java.lang.Thread.run(Thread.java:840)

2025.12.17 10:36:30 INFO  compiling onnx_spinalhdl (11 scala sources and 2 java sources)
2025.12.17 10:36:30 INFO  time: compiled Onnx_SpinalHDL in 0.97s
2025.12.17 10:39:40 INFO  compiling onnx_spinalhdl (12 scala sources and 2 java sources)
2025.12.17 10:39:40 INFO  time: compiled Onnx_SpinalHDL in 0.54s
2025.12.17 10:39:55 INFO  compiling onnx_spinalhdl (12 scala sources and 2 java sources)
2025.12.17 10:39:55 INFO  time: compiled Onnx_SpinalHDL in 0.69s
2025.12.17 10:40:49 INFO  compiling onnx_spinalhdl (12 scala sources and 2 java sources)
2025.12.17 10:40:49 INFO  time: compiled Onnx_SpinalHDL in 0.63s
2025.12.17 10:41:05 INFO  compiling onnx_spinalhdl (11 scala sources and 2 java sources)
2025.12.17 10:41:05 INFO  time: compiled Onnx_SpinalHDL in 0.41s
2025.12.17 10:42:16 INFO  compiling onnx_spinalhdl (12 scala sources and 2 java sources)
2025.12.17 10:42:16 INFO  time: compiled Onnx_SpinalHDL in 0.59s
2025.12.17 10:42:24 INFO  compiling onnx_spinalhdl (12 scala sources and 2 java sources)
2025.12.17 10:42:24 INFO  time: compiled Onnx_SpinalHDL in 0.47s
2025.12.17 10:43:06 INFO  compiling onnx_spinalhdl (12 scala sources and 2 java sources)
2025.12.17 10:43:06 INFO  time: compiled Onnx_SpinalHDL in 0.63s
2025.12.17 10:43:12 INFO  compiling onnx_spinalhdl (11 scala sources and 2 java sources)
2025.12.17 10:43:12 INFO  time: compiled Onnx_SpinalHDL in 0.68s
2025.12.18 05:56:10 INFO  Started: Metals version 1.6.4 in folders '/root/onnx_spinal_project_new' for client Visual Studio Code 1.107.0.
2025.12.18 05:56:14 WARN  Using H2 2.4.240 which is newer than the version Flyway has been verified with. The latest verified version of H2 is 2.3.232.
2025.12.18 05:56:14 INFO  no build target found for /root/onnx_spinal_project_new/hw/spinal/Accelerator/Accelerator.scala. Using presentation compiler with project's scala-library version: 3.3.6
2025.12.18 05:56:14 INFO  Attempting to connect to the build server...
2025.12.18 05:56:14 INFO  No running Bloop server found, starting one.
2025.12.18 05:56:15 INFO  Starting compilation server
2025.12.18 05:56:16 INFO  no build target found for /root/onnx_spinal_project_new/hw/spinal/WrapForFPGA/WrapForFPGA.scala. Using presentation compiler with project's scala-library version: 3.3.6
2025.12.18 05:56:16 INFO  no build target found for /root/onnx_spinal_project_new/hw/spinal/Accelerator/Accelerator.scala. Using presentation compiler with project's scala-library version: 3.3.6
2025.12.18 05:56:16 INFO  tracing is disabled for protocol BSP, to enable tracing of incoming and outgoing JSON messages create an empty file at /root/onnx_spinal_project_new/.metals/bsp.trace.json or /root/.cache/metals/bsp.trace.json
2025.12.18 05:56:17 INFO  Attempting to connect to the build server...
2025.12.18 05:56:17 INFO  Found a Bloop server running
2025.12.18 05:56:17 INFO  Attempting to connect to the build server...
2025.12.18 05:56:17 INFO  Found a Bloop server running
2025.12.18 05:56:17 INFO  tracing is disabled for protocol BSP, to enable tracing of incoming and outgoing JSON messages create an empty file at /root/onnx_spinal_project_new/project/project/.metals/bsp.trace.json or /root/.cache/metals/bsp.trace.json
2025.12.18 05:56:17 INFO  tracing is disabled for protocol BSP, to enable tracing of incoming and outgoing JSON messages create an empty file at /root/onnx_spinal_project_new/project/.metals/bsp.trace.json or /root/.cache/metals/bsp.trace.json
2025.12.18 05:56:18 INFO  no build target found for /root/onnx_spinal_project_new/hw/spinal/Accelerator/Accelerator.scala. Using presentation compiler with project's scala-library version: 3.3.6
2025.12.18 05:56:18 INFO  no build target found for /root/onnx_spinal_project_new/hw/spinal/Accelerator/Accelerator.scala. Using presentation compiler with project's scala-library version: 3.3.6
2025.12.18 05:56:18 INFO  no build target found for /root/onnx_spinal_project_new/hw/spinal/Accelerator/Accelerator.scala. Using presentation compiler with project's scala-library version: 3.3.6
Dec 18, 2025 5:56:18 AM org.eclipse.lsp4j.jsonrpc.RemoteEndpoint handleCancellation
WARNING: Unmatched cancel notification for request id 16
Dec 18, 2025 5:56:18 AM org.eclipse.lsp4j.jsonrpc.RemoteEndpoint handleCancellation
WARNING: Unmatched cancel notification for request id 17
Dec 18, 2025 5:56:18 AM org.eclipse.lsp4j.jsonrpc.services.GenericEndpoint notify
INFO: Unsupported notification method: $/setTrace
2025.12.18 05:56:21 INFO  time: Connected to build server in 7.56s
2025.12.18 05:56:21 INFO  Connected to Build server: Bloop v2.0.17
2025.12.18 05:56:21 INFO  time: Imported build in 0.12s
2025.12.18 05:56:21 WARN  2.12.15 is no longer supported in the current Metals versions, using the last known supported version 1.3.3
2025.12.18 05:56:21 WARN  2.13.14 is no longer supported in the current Metals versions, using the last known supported version 1.6.3
2025.12.18 05:56:25 WARN  Could not find java sources in /usr/lib/jvm/src.zip, /usr/lib/jvm/lib/src.zip, /usr/lib/jvm/java-17-openjdk/src.zip, /usr/lib/jvm/java-17-openjdk/lib/src.zip, /usr/lib/jvm/src.zip, /usr/lib/jvm/lib/src.zip, /usr/lib/jvm/java-17-openjdk-17.0.14.0.7-2.el9.x86_64/src.zip, /usr/lib/jvm/java-17-openjdk-17.0.14.0.7-2.el9.x86_64/lib/src.zip. Java symbols will not be available.
2025.12.18 05:56:26 INFO  time: indexed workspace in 5s
2025.12.18 05:56:28 INFO  compiling onnx_spinalhdl (11 scala sources and 2 java sources)
2025.12.18 05:56:32 INFO  time: compiled Onnx_SpinalHDL in 4.13s
2025.12.18 05:56:33 WARN  Could not load snapshot text for /root/onnx_spinal_project_new/hw/spinal/WrapForFPGA/WrapForFPGA.scala
2025.12.18 05:56:33 WARN  Could not load snapshot text for /root/onnx_spinal_project_new/hw/spinal/WrapForFPGA/WrapForFPGA.scala
2025.12.18 05:56:33 WARN  Could not load snapshot text for /root/onnx_spinal_project_new/hw/spinal/WrapForFPGA/WrapForFPGA.scala
Dec 18, 2025 5:56:54 AM org.eclipse.lsp4j.jsonrpc.services.GenericEndpoint notify
INFO: Unsupported notification method: $/setTrace
2025.12.18 05:57:10 INFO  compiling onnx_spinalhdl (13 scala sources and 2 java sources)
2025.12.18 05:57:12 INFO  time: compiled Onnx_SpinalHDL in 1.66s
2025.12.18 05:57:12 INFO  compiling onnx_spinalhdl (13 scala sources and 2 java sources)
2025.12.18 05:57:13 INFO  time: compiled Onnx_SpinalHDL in 1.42s
2025.12.18 05:57:23 WARN  Could not load snapshot text for /root/onnx_spinal_project_new/hw/spinal/Tiling/Slicer.scala
Dec 18, 2025 5:57:35 AM org.eclipse.lsp4j.jsonrpc.RemoteEndpoint handleNotification
WARNING: Notification threw an exception: {
  "jsonrpc": "2.0",
  "method": "metals/didFocusTextDocument",
  "params": [
    "git:/root/onnx_spinal_project_new/hw/spinal/Tiling/Slicer.scala?%7B%22path%22%3A%22%2Froot%2Fonnx_spinal_project_new%2Fhw%2Fspinal%2FTiling%2FSlicer.scala%22%2C%22ref%22%3A%22e032a88c1c743486ba249214a23d5aba6f7433da%22%7D"
  ]
}
java.nio.file.FileSystemNotFoundException: Provider "git" not installed
	at java.base/java.nio.file.Path.of(Path.java:212)
	at java.base/java.nio.file.Paths.get(Paths.java:98)
	at scala.meta.internal.mtags.MtagsEnrichments$XtensionURIMtags.toAbsolutePath(MtagsEnrichments.scala:149)
	at scala.meta.internal.mtags.MtagsEnrichments$XtensionStringMtags.toAbsolutePath(MtagsEnrichments.scala:209)
	at scala.meta.internal.metals.MetalsEnrichments$XtensionString.toAbsolutePath(MetalsEnrichments.scala:778)
	at scala.meta.internal.metals.MetalsEnrichments$XtensionString.toAbsolutePath(MetalsEnrichments.scala:775)
	at scala.meta.internal.metals.WorkspaceLspService.didFocus(WorkspaceLspService.scala:789)
	at scala.meta.metals.lsp.DelegatingScalaService.didFocus(DelegatingScalaService.scala:42)
	at java.base/jdk.internal.reflect.NativeMethodAccessorImpl.invoke0(Native Method)
	at java.base/jdk.internal.reflect.NativeMethodAccessorImpl.invoke(NativeMethodAccessorImpl.java:77)
	at java.base/jdk.internal.reflect.DelegatingMethodAccessorImpl.invoke(DelegatingMethodAccessorImpl.java:43)
	at java.base/java.lang.reflect.Method.invoke(Method.java:569)
	at org.eclipse.lsp4j.jsonrpc.services.GenericEndpoint.lambda$recursiveFindRpcMethods$0(GenericEndpoint.java:65)
	at org.eclipse.lsp4j.jsonrpc.services.GenericEndpoint.notify(GenericEndpoint.java:160)
	at org.eclipse.lsp4j.jsonrpc.RemoteEndpoint.handleNotification(RemoteEndpoint.java:231)
	at org.eclipse.lsp4j.jsonrpc.RemoteEndpoint.consume(RemoteEndpoint.java:198)
	at org.eclipse.lsp4j.jsonrpc.json.StreamMessageProducer.handleMessage(StreamMessageProducer.java:185)
	at org.eclipse.lsp4j.jsonrpc.json.StreamMessageProducer.listen(StreamMessageProducer.java:97)
	at org.eclipse.lsp4j.jsonrpc.json.ConcurrentMessageProcessor.run(ConcurrentMessageProcessor.java:114)
	at java.base/java.util.concurrent.Executors$RunnableAdapter.call(Executors.java:539)
	at java.base/java.util.concurrent.FutureTask.run(FutureTask.java:264)
	at java.base/java.util.concurrent.ThreadPoolExecutor.runWorker(ThreadPoolExecutor.java:1136)
	at java.base/java.util.concurrent.ThreadPoolExecutor$Worker.run(ThreadPoolExecutor.java:635)
	at java.base/java.lang.Thread.run(Thread.java:840)

2025.12.18 05:58:39 WARN  Could not load snapshot text for /root/onnx_spinal_project_new/hw/spinal/Tiling/Slicer.scala
2025.12.18 05:58:46 WARN  Could not load snapshot text for /root/onnx_spinal_project_new/hw/spinal/Tiling/Slicer.scala
2025.12.18 05:59:05 WARN  Could not load snapshot text for /root/onnx_spinal_project_new/hw/spinal/Tiling/Slicer.scala
2025.12.18 05:59:05 WARN  Could not load snapshot text for /root/onnx_spinal_project_new/hw/spinal/Tiling/Slicer.scala
2025.12.18 05:59:05 WARN  Could not load snapshot text for /root/onnx_spinal_project_new/hw/spinal/Tiling/Slicer.scala
2025.12.18 05:59:24 WARN  Could not load snapshot text for /root/onnx_spinal_project_new/hw/spinal/WrapForFPGA/WrapForFPGA.scala
2025.12.18 05:59:33 WARN  Could not load snapshot text for /root/onnx_spinal_project_new/hw/spinal/Accelerator/AcceleratorSimInterface.scala
2025.12.18 06:03:33 WARN  Could not load snapshot text for /root/onnx_spinal_project_new/hw/spinal/Accelerator/tb_Accelerator.scala
2025.12.18 06:03:56 WARN  Could not load snapshot text for /root/onnx_spinal_project_new/hw/spinal/Accelerator/tb_Accelerator.scala
2025.12.18 06:03:59 INFO  running '/root/.local/share/coursier/bin/sbt -Dbloop.export-jar-classifiers=sources bloopInstall'
2025.12.18 06:04:00 INFO  [info] welcome to sbt 1.6.0 (Red Hat, Inc. Java 17.0.14)
2025.12.18 06:04:00 INFO  [info] loading settings for project onnx_spinal_project_new-build-build-build from metals.sbt ...
2025.12.18 06:04:02 INFO  [info] loading project definition from /root/onnx_spinal_project_new/project/project/project
2025.12.18 06:04:02 INFO  [info] loading settings for project onnx_spinal_project_new-build-build from metals.sbt ...
2025.12.18 06:04:02 INFO  [info] loading project definition from /root/onnx_spinal_project_new/project/project
2025.12.18 06:04:04 INFO  [success] Generated .bloop/onnx_spinal_project_new-build-build.json
2025.12.18 06:04:04 INFO  [success] Total time: 1 s, completed Dec 18, 2025, 6:04:04 AM
2025.12.18 06:04:04 INFO  [info] loading settings for project onnx_spinal_project_new-build from metals.sbt,plugins.sbt ...
2025.12.18 06:04:04 INFO  [info] loading project definition from /root/onnx_spinal_project_new/project
2025.12.18 06:04:04 INFO  [success] Generated .bloop/onnx_spinal_project_new-build.json
2025.12.18 06:04:04 INFO  [success] Total time: 0 s, completed Dec 18, 2025, 6:04:05 AM
2025.12.18 06:04:08 INFO  [info] loading settings for project Onnx_SpinalHDL from build.sbt ...
2025.12.18 06:04:08 INFO  [info] set current project to Onnx_SpinalHDL (in build file:/root/onnx_spinal_project_new/)
2025.12.18 06:04:10 INFO  [success] Generated .bloop/Onnx_SpinalHDL-test.json
2025.12.18 06:04:10 INFO  [success] Generated .bloop/Onnx_SpinalHDL.json
2025.12.18 06:04:10 INFO  [success] Total time: 2 s, completed Dec 18, 2025, 6:04:10 AM
2025.12.18 06:04:10 INFO  time: ran 'sbt bloopInstall' in 11s
2025.12.18 06:04:10 INFO  Disconnecting from Bloop session...
2025.12.18 06:04:10 INFO  Shut down connection with build server.
2025.12.18 06:04:10 INFO  Shut down connection with build server.
2025.12.18 06:04:10 INFO  Shut down connection with build server.
2025.12.18 06:04:10 INFO  Attempting to connect to the build server...
2025.12.18 06:04:10 INFO  Found a Bloop server running
2025.12.18 06:04:10 INFO  tracing is disabled for protocol BSP, to enable tracing of incoming and outgoing JSON messages create an empty file at /root/onnx_spinal_project_new/.metals/bsp.trace.json or /root/.cache/metals/bsp.trace.json
2025.12.18 06:04:11 INFO  Attempting to connect to the build server...
2025.12.18 06:04:11 INFO  Found a Bloop server running
2025.12.18 06:04:11 INFO  Attempting to connect to the build server...
2025.12.18 06:04:11 INFO  Found a Bloop server running
2025.12.18 06:04:11 INFO  tracing is disabled for protocol BSP, to enable tracing of incoming and outgoing JSON messages create an empty file at /root/onnx_spinal_project_new/project/.metals/bsp.trace.json or /root/.cache/metals/bsp.trace.json
2025.12.18 06:04:11 INFO  tracing is disabled for protocol BSP, to enable tracing of incoming and outgoing JSON messages create an empty file at /root/onnx_spinal_project_new/project/project/.metals/bsp.trace.json or /root/.cache/metals/bsp.trace.json
2025.12.18 06:04:11 INFO  time: Connected to build server in 0.23s
2025.12.18 06:04:11 INFO  Connected to Build server: Bloop v2.0.17
2025.12.18 06:04:12 INFO  QDox parse error in file:///root/onnx_spinal_project_new/sw/java/test/java/org/forwarder/backend/impls/dl4j/opsets/aiOnnx/v13/ops/DL4JCastV13Test.java (full report at: "/root/onnx_spinal_project_new/.metals/.reports/metals-full/2025-12-01/r_qdox-error_(Onnx_5fSpinalHDL-test)_13-08-59-057.md")
2025.12.18 06:04:13 WARN  Could not find java sources in /usr/lib/jvm/src.zip, /usr/lib/jvm/lib/src.zip, /usr/lib/jvm/java-17-openjdk/src.zip, /usr/lib/jvm/java-17-openjdk/lib/src.zip, /usr/lib/jvm/src.zip, /usr/lib/jvm/lib/src.zip, /usr/lib/jvm/java-17-openjdk-17.0.14.0.7-2.el9.x86_64/src.zip, /usr/lib/jvm/java-17-openjdk-17.0.14.0.7-2.el9.x86_64/lib/src.zip. Java symbols will not be available.
2025.12.18 06:04:13 INFO  time: indexed workspace in 2.87s
2025.12.18 06:04:14 INFO  compiling onnx_spinalhdl (148 scala sources and 447 java sources)
2025.12.18 06:04:39 WARN  70 deprecations
2025.12.18 06:04:39 WARN  1 deprecation (since 2.11.0)
2025.12.18 06:04:39 WARN  4 deprecations (since 2.12.16)
2025.12.18 06:04:39 WARN  14 deprecations (since 2.13.0)
2025.12.18 06:04:39 WARN  84 deprecations (since 2.13.3)
2025.12.18 06:04:39 WARN  1 deprecation (since 2.13.4)
2025.12.18 06:04:39 WARN  174 deprecations in total; re-run with -deprecation for details
2025.12.18 06:04:39 WARN  165 feature warnings; re-run with -feature for details
2025.12.18 06:04:50 INFO  compiling onnx_spinalhdl-test (98 java sources)
2025.12.18 06:04:50 INFO  time: compiled Onnx_SpinalHDL in 36s
2025.12.18 06:04:54 INFO  time: compiled Onnx_SpinalHDL-test in 4.19s
2025.12.18 06:05:12 INFO  compiling onnx_spinalhdl (1 scala source)
2025.12.18 06:05:14 INFO  time: compiled Onnx_SpinalHDL in 1.38s
Exception in thread "pool-8-thread-1" java.lang.InterruptedException
	at scala.meta.internal.metals.FutureCancelToken.checkCanceled(FutureCancelToken.scala:29)
	at scala.meta.internal.pc.CompilerAccess.$anonfun$onCompilerJobQueue$1(CompilerAccess.scala:207)
	at scala.meta.internal.pc.CompilerJobQueue$Job.run(CompilerJobQueue.scala:152)
	at java.base/java.util.concurrent.ThreadPoolExecutor.runWorker(ThreadPoolExecutor.java:1136)
	at java.base/java.util.concurrent.ThreadPoolExecutor$Worker.run(ThreadPoolExecutor.java:635)
	at java.base/java.lang.Thread.run(Thread.java:840)
2025.12.18 06:08:03 INFO  compiling onnx_spinalhdl (1 scala source)
2025.12.18 06:08:04 INFO  time: compiled Onnx_SpinalHDL in 1.39s
Dec 18, 2025 6:08:11 AM org.eclipse.lsp4j.jsonrpc.services.GenericEndpoint notify
INFO: Unsupported notification method: $/setTrace
Dec 18, 2025 6:08:12 AM org.eclipse.lsp4j.jsonrpc.services.GenericEndpoint notify
INFO: Unsupported notification method: $/setTrace
2025.12.18 06:13:15 INFO  compiling onnx_spinalhdl (1 scala source)
2025.12.18 06:13:15 INFO  time: compiled Onnx_SpinalHDL in 0.24s
2025.12.18 06:13:34 INFO  Created report: Optional[file:///root/onnx_spinal_project_new/hw/spinal/WrapForFPGA/WrapForFPGA.scala]
2025.12.18 06:13:34 INFO  empty definition using pc, found symbol in pc:  (full report at: "/root/onnx_spinal_project_new/.metals/.reports/metals-full/2025-12-18/r_empty-definition_(Onnx_5fSpinalHDL)_06-13-34-454.md")
2025.12.18 06:13:34 INFO  empty definition using pc, found symbol in pc:  (full report at: "/root/onnx_spinal_project_new/.metals/.reports/metals-full/2025-12-12/r_empty-definition_(Onnx_5fSpinalHDL)_06-42-16-665.md")
2025.12.18 06:13:51 INFO  compiling onnx_spinalhdl (1 scala source)
2025.12.18 06:13:52 INFO  time: compiled Onnx_SpinalHDL in 1.18s
Dec 18, 2025 6:14:10 AM org.eclipse.lsp4j.jsonrpc.RemoteEndpoint handleNotification
WARNING: Notification threw an exception: {
  "jsonrpc": "2.0",
  "method": "metals/didFocusTextDocument",
  "params": [
    "git:/root/onnx_spinal_project_new/hw/spinal/Tiling/Collector.scala?%7B%22path%22%3A%22%2Froot%2Fonnx_spinal_project_new%2Fhw%2Fspinal%2FTiling%2FCollector.scala%22%2C%22ref%22%3A%22e032a88c1c743486ba249214a23d5aba6f7433da%22%7D"
  ]
}
java.nio.file.FileSystemNotFoundException: Provider "git" not installed
	at java.base/java.nio.file.Path.of(Path.java:212)
	at java.base/java.nio.file.Paths.get(Paths.java:98)
	at scala.meta.internal.mtags.MtagsEnrichments$XtensionURIMtags.toAbsolutePath(MtagsEnrichments.scala:149)
	at scala.meta.internal.mtags.MtagsEnrichments$XtensionStringMtags.toAbsolutePath(MtagsEnrichments.scala:209)
	at scala.meta.internal.metals.MetalsEnrichments$XtensionString.toAbsolutePath(MetalsEnrichments.scala:778)
	at scala.meta.internal.metals.MetalsEnrichments$XtensionString.toAbsolutePath(MetalsEnrichments.scala:775)
	at scala.meta.internal.metals.WorkspaceLspService.didFocus(WorkspaceLspService.scala:789)
	at scala.meta.metals.lsp.DelegatingScalaService.didFocus(DelegatingScalaService.scala:42)
	at jdk.internal.reflect.GeneratedMethodAccessor22.invoke(Unknown Source)
	at java.base/jdk.internal.reflect.DelegatingMethodAccessorImpl.invoke(DelegatingMethodAccessorImpl.java:43)
	at java.base/java.lang.reflect.Method.invoke(Method.java:569)
	at org.eclipse.lsp4j.jsonrpc.services.GenericEndpoint.lambda$recursiveFindRpcMethods$0(GenericEndpoint.java:65)
	at org.eclipse.lsp4j.jsonrpc.services.GenericEndpoint.notify(GenericEndpoint.java:160)
	at org.eclipse.lsp4j.jsonrpc.RemoteEndpoint.handleNotification(RemoteEndpoint.java:231)
	at org.eclipse.lsp4j.jsonrpc.RemoteEndpoint.consume(RemoteEndpoint.java:198)
	at org.eclipse.lsp4j.jsonrpc.json.StreamMessageProducer.handleMessage(StreamMessageProducer.java:185)
	at org.eclipse.lsp4j.jsonrpc.json.StreamMessageProducer.listen(StreamMessageProducer.java:97)
	at org.eclipse.lsp4j.jsonrpc.json.ConcurrentMessageProcessor.run(ConcurrentMessageProcessor.java:114)
	at java.base/java.util.concurrent.Executors$RunnableAdapter.call(Executors.java:539)
	at java.base/java.util.concurrent.FutureTask.run(FutureTask.java:264)
	at java.base/java.util.concurrent.ThreadPoolExecutor.runWorker(ThreadPoolExecutor.java:1136)
	at java.base/java.util.concurrent.ThreadPoolExecutor$Worker.run(ThreadPoolExecutor.java:635)
	at java.base/java.lang.Thread.run(Thread.java:840)

Exception in thread "pool-8-thread-2" java.lang.InterruptedException
	at scala.meta.internal.metals.FutureCancelToken.checkCanceled(FutureCancelToken.scala:29)
	at scala.meta.internal.pc.CompilerAccess.$anonfun$onCompilerJobQueue$1(CompilerAccess.scala:207)
	at scala.meta.internal.pc.CompilerJobQueue$Job.run(CompilerJobQueue.scala:152)
	at java.base/java.util.concurrent.ThreadPoolExecutor.runWorker(ThreadPoolExecutor.java:1136)
	at java.base/java.util.concurrent.ThreadPoolExecutor$Worker.run(ThreadPoolExecutor.java:635)
	at java.base/java.lang.Thread.run(Thread.java:840)
Dec 18, 2025 6:14:31 AM org.eclipse.lsp4j.jsonrpc.RemoteEndpoint fallbackResponseError
SEVERE: Internal error: Provider "git" not installed
java.nio.file.FileSystemNotFoundException: Provider "git" not installed
	at java.base/java.nio.file.Path.of(Path.java:212)
	at java.base/java.nio.file.Paths.get(Paths.java:98)
	at scala.meta.internal.mtags.MtagsEnrichments$XtensionURIMtags.toAbsolutePath(MtagsEnrichments.scala:149)
	at scala.meta.internal.mtags.MtagsEnrichments$XtensionStringMtags.toAbsolutePath(MtagsEnrichments.scala:209)
	at scala.meta.internal.metals.MetalsEnrichments$XtensionString.toAbsolutePath(MetalsEnrichments.scala:778)
	at scala.meta.internal.metals.MetalsEnrichments$XtensionString.toAbsolutePath(MetalsEnrichments.scala:775)
	at scala.meta.internal.metals.WorkspaceLspService.executeCommand(WorkspaceLspService.scala:1243)
	at scala.meta.metals.lsp.DelegatingScalaService.executeCommand(DelegatingScalaService.scala:169)
	at java.base/jdk.internal.reflect.NativeMethodAccessorImpl.invoke0(Native Method)
	at java.base/jdk.internal.reflect.NativeMethodAccessorImpl.invoke(NativeMethodAccessorImpl.java:77)
	at java.base/jdk.internal.reflect.DelegatingMethodAccessorImpl.invoke(DelegatingMethodAccessorImpl.java:43)
	at java.base/java.lang.reflect.Method.invoke(Method.java:569)
	at org.eclipse.lsp4j.jsonrpc.services.GenericEndpoint.lambda$recursiveFindRpcMethods$0(GenericEndpoint.java:65)
	at org.eclipse.lsp4j.jsonrpc.services.GenericEndpoint.request(GenericEndpoint.java:128)
	at org.eclipse.lsp4j.jsonrpc.RemoteEndpoint.handleRequest(RemoteEndpoint.java:271)
	at org.eclipse.lsp4j.jsonrpc.RemoteEndpoint.consume(RemoteEndpoint.java:201)
	at org.eclipse.lsp4j.jsonrpc.json.StreamMessageProducer.handleMessage(StreamMessageProducer.java:185)
	at org.eclipse.lsp4j.jsonrpc.json.StreamMessageProducer.listen(StreamMessageProducer.java:97)
	at org.eclipse.lsp4j.jsonrpc.json.ConcurrentMessageProcessor.run(ConcurrentMessageProcessor.java:114)
	at java.base/java.util.concurrent.Executors$RunnableAdapter.call(Executors.java:539)
	at java.base/java.util.concurrent.FutureTask.run(FutureTask.java:264)
	at java.base/java.util.concurrent.ThreadPoolExecutor.runWorker(ThreadPoolExecutor.java:1136)
	at java.base/java.util.concurrent.ThreadPoolExecutor$Worker.run(ThreadPoolExecutor.java:635)
	at java.base/java.lang.Thread.run(Thread.java:840)

2025.12.18 06:14:32 INFO  compiling onnx_spinalhdl (1 scala source)
2025.12.18 06:14:33 INFO  time: compiled Onnx_SpinalHDL in 1.19s
2025.12.18 06:15:49 INFO  compiling onnx_spinalhdl (1 scala source)
2025.12.18 06:15:50 INFO  time: compiled Onnx_SpinalHDL in 1.19s
Exception in thread "pool-8-thread-3" java.lang.InterruptedException
	at scala.meta.internal.metals.FutureCancelToken.checkCanceled(FutureCancelToken.scala:29)
	at scala.meta.internal.pc.CompilerAccess.$anonfun$onCompilerJobQueue$1(CompilerAccess.scala:207)
	at scala.meta.internal.pc.CompilerJobQueue$Job.run(CompilerJobQueue.scala:152)
	at java.base/java.util.concurrent.ThreadPoolExecutor.runWorker(ThreadPoolExecutor.java:1136)
	at java.base/java.util.concurrent.ThreadPoolExecutor$Worker.run(ThreadPoolExecutor.java:635)
	at java.base/java.lang.Thread.run(Thread.java:840)
2025.12.18 06:16:29 INFO  compiling onnx_spinalhdl (1 scala source)
2025.12.18 06:16:30 INFO  time: compiled Onnx_SpinalHDL in 1.09s
Dec 18, 2025 6:19:07 AM org.eclipse.lsp4j.jsonrpc.RemoteEndpoint handleNotification
WARNING: Notification threw an exception: {
  "jsonrpc": "2.0",
  "method": "metals/didFocusTextDocument",
  "params": [
    "vscode-local:/c%3A/accelerator_projects/hw_spinal/validation/wrapper/FPGA_top/spinal_wrapper/WrapForFPGA.scala"
  ]
}
java.nio.file.FileSystemNotFoundException: Provider "vscode-local" not installed
	at java.base/java.nio.file.Path.of(Path.java:212)
	at java.base/java.nio.file.Paths.get(Paths.java:98)
	at scala.meta.internal.mtags.MtagsEnrichments$XtensionURIMtags.toAbsolutePath(MtagsEnrichments.scala:149)
	at scala.meta.internal.mtags.MtagsEnrichments$XtensionStringMtags.toAbsolutePath(MtagsEnrichments.scala:209)
	at scala.meta.internal.metals.MetalsEnrichments$XtensionString.toAbsolutePath(MetalsEnrichments.scala:778)
	at scala.meta.internal.metals.MetalsEnrichments$XtensionString.toAbsolutePath(MetalsEnrichments.scala:775)
	at scala.meta.internal.metals.WorkspaceLspService.didFocus(WorkspaceLspService.scala:789)
	at scala.meta.metals.lsp.DelegatingScalaService.didFocus(DelegatingScalaService.scala:42)
	at jdk.internal.reflect.GeneratedMethodAccessor22.invoke(Unknown Source)
	at java.base/jdk.internal.reflect.DelegatingMethodAccessorImpl.invoke(DelegatingMethodAccessorImpl.java:43)
	at java.base/java.lang.reflect.Method.invoke(Method.java:569)
	at org.eclipse.lsp4j.jsonrpc.services.GenericEndpoint.lambda$recursiveFindRpcMethods$0(GenericEndpoint.java:65)
	at org.eclipse.lsp4j.jsonrpc.services.GenericEndpoint.notify(GenericEndpoint.java:160)
	at org.eclipse.lsp4j.jsonrpc.RemoteEndpoint.handleNotification(RemoteEndpoint.java:231)
	at org.eclipse.lsp4j.jsonrpc.RemoteEndpoint.consume(RemoteEndpoint.java:198)
	at org.eclipse.lsp4j.jsonrpc.json.StreamMessageProducer.handleMessage(StreamMessageProducer.java:185)
	at org.eclipse.lsp4j.jsonrpc.json.StreamMessageProducer.listen(StreamMessageProducer.java:97)
	at org.eclipse.lsp4j.jsonrpc.json.ConcurrentMessageProcessor.run(ConcurrentMessageProcessor.java:114)
	at java.base/java.util.concurrent.Executors$RunnableAdapter.call(Executors.java:539)
	at java.base/java.util.concurrent.FutureTask.run(FutureTask.java:264)
	at java.base/java.util.concurrent.ThreadPoolExecutor.runWorker(ThreadPoolExecutor.java:1136)
	at java.base/java.util.concurrent.ThreadPoolExecutor$Worker.run(ThreadPoolExecutor.java:635)
	at java.base/java.lang.Thread.run(Thread.java:840)

Dec 18, 2025 6:19:15 AM org.eclipse.lsp4j.jsonrpc.RemoteEndpoint handleNotification
WARNING: Notification threw an exception: {
  "jsonrpc": "2.0",
  "method": "metals/didFocusTextDocument",
  "params": [
    "vscode-local:/c%3A/accelerator_projects/hw_spinal/validation/wrapper/FPGA_top/spinal_wrapper/Slicer.scala"
  ]
}
java.nio.file.FileSystemNotFoundException: Provider "vscode-local" not installed
	at java.base/java.nio.file.Path.of(Path.java:212)
	at java.base/java.nio.file.Paths.get(Paths.java:98)
	at scala.meta.internal.mtags.MtagsEnrichments$XtensionURIMtags.toAbsolutePath(MtagsEnrichments.scala:149)
	at scala.meta.internal.mtags.MtagsEnrichments$XtensionStringMtags.toAbsolutePath(MtagsEnrichments.scala:209)
	at scala.meta.internal.metals.MetalsEnrichments$XtensionString.toAbsolutePath(MetalsEnrichments.scala:778)
	at scala.meta.internal.metals.MetalsEnrichments$XtensionString.toAbsolutePath(MetalsEnrichments.scala:775)
	at scala.meta.internal.metals.WorkspaceLspService.didFocus(WorkspaceLspService.scala:789)
	at scala.meta.metals.lsp.DelegatingScalaService.didFocus(DelegatingScalaService.scala:42)
	at jdk.internal.reflect.GeneratedMethodAccessor22.invoke(Unknown Source)
	at java.base/jdk.internal.reflect.DelegatingMethodAccessorImpl.invoke(DelegatingMethodAccessorImpl.java:43)
	at java.base/java.lang.reflect.Method.invoke(Method.java:569)
	at org.eclipse.lsp4j.jsonrpc.services.GenericEndpoint.lambda$recursiveFindRpcMethods$0(GenericEndpoint.java:65)
	at org.eclipse.lsp4j.jsonrpc.services.GenericEndpoint.notify(GenericEndpoint.java:160)
	at org.eclipse.lsp4j.jsonrpc.RemoteEndpoint.handleNotification(RemoteEndpoint.java:231)
	at org.eclipse.lsp4j.jsonrpc.RemoteEndpoint.consume(RemoteEndpoint.java:198)
	at org.eclipse.lsp4j.jsonrpc.json.StreamMessageProducer.handleMessage(StreamMessageProducer.java:185)
	at org.eclipse.lsp4j.jsonrpc.json.StreamMessageProducer.listen(StreamMessageProducer.java:97)
	at org.eclipse.lsp4j.jsonrpc.json.ConcurrentMessageProcessor.run(ConcurrentMessageProcessor.java:114)
	at java.base/java.util.concurrent.Executors$RunnableAdapter.call(Executors.java:539)
	at java.base/java.util.concurrent.FutureTask.run(FutureTask.java:264)
	at java.base/java.util.concurrent.ThreadPoolExecutor.runWorker(ThreadPoolExecutor.java:1136)
	at java.base/java.util.concurrent.ThreadPoolExecutor$Worker.run(ThreadPoolExecutor.java:635)
	at java.base/java.lang.Thread.run(Thread.java:840)

Dec 18, 2025 6:21:22 AM org.eclipse.lsp4j.jsonrpc.RemoteEndpoint handleNotification
WARNING: Notification threw an exception: {
  "jsonrpc": "2.0",
  "method": "metals/didFocusTextDocument",
  "params": [
    "vscode-local:/c%3A/accelerator_projects/hw_spinal/validation/wrapper/FPGA_top/spinal_wrapper/WrapForFPGA.scala"
  ]
}
java.nio.file.FileSystemNotFoundException: Provider "vscode-local" not installed
	at java.base/java.nio.file.Path.of(Path.java:212)
	at java.base/java.nio.file.Paths.get(Paths.java:98)
	at scala.meta.internal.mtags.MtagsEnrichments$XtensionURIMtags.toAbsolutePath(MtagsEnrichments.scala:149)
	at scala.meta.internal.mtags.MtagsEnrichments$XtensionStringMtags.toAbsolutePath(MtagsEnrichments.scala:209)
	at scala.meta.internal.metals.MetalsEnrichments$XtensionString.toAbsolutePath(MetalsEnrichments.scala:778)
	at scala.meta.internal.metals.MetalsEnrichments$XtensionString.toAbsolutePath(MetalsEnrichments.scala:775)
	at scala.meta.internal.metals.WorkspaceLspService.didFocus(WorkspaceLspService.scala:789)
	at scala.meta.metals.lsp.DelegatingScalaService.didFocus(DelegatingScalaService.scala:42)
	at jdk.internal.reflect.GeneratedMethodAccessor22.invoke(Unknown Source)
	at java.base/jdk.internal.reflect.DelegatingMethodAccessorImpl.invoke(DelegatingMethodAccessorImpl.java:43)
	at java.base/java.lang.reflect.Method.invoke(Method.java:569)
	at org.eclipse.lsp4j.jsonrpc.services.GenericEndpoint.lambda$recursiveFindRpcMethods$0(GenericEndpoint.java:65)
	at org.eclipse.lsp4j.jsonrpc.services.GenericEndpoint.notify(GenericEndpoint.java:160)
	at org.eclipse.lsp4j.jsonrpc.RemoteEndpoint.handleNotification(RemoteEndpoint.java:231)
	at org.eclipse.lsp4j.jsonrpc.RemoteEndpoint.consume(RemoteEndpoint.java:198)
	at org.eclipse.lsp4j.jsonrpc.json.StreamMessageProducer.handleMessage(StreamMessageProducer.java:185)
	at org.eclipse.lsp4j.jsonrpc.json.StreamMessageProducer.listen(StreamMessageProducer.java:97)
	at org.eclipse.lsp4j.jsonrpc.json.ConcurrentMessageProcessor.run(ConcurrentMessageProcessor.java:114)
	at java.base/java.util.concurrent.Executors$RunnableAdapter.call(Executors.java:539)
	at java.base/java.util.concurrent.FutureTask.run(FutureTask.java:264)
	at java.base/java.util.concurrent.ThreadPoolExecutor.runWorker(ThreadPoolExecutor.java:1136)
	at java.base/java.util.concurrent.ThreadPoolExecutor$Worker.run(ThreadPoolExecutor.java:635)
	at java.base/java.lang.Thread.run(Thread.java:840)

Dec 18, 2025 6:21:23 AM org.eclipse.lsp4j.jsonrpc.RemoteEndpoint handleNotification
WARNING: Notification threw an exception: {
  "jsonrpc": "2.0",
  "method": "metals/didFocusTextDocument",
  "params": [
    "vscode-local:/c%3A/accelerator_projects/hw_spinal/validation/wrapper/FPGA_top/spinal_wrapper/OutputCache_Ctrl.scala"
  ]
}
java.nio.file.FileSystemNotFoundException: Provider "vscode-local" not installed
	at java.base/java.nio.file.Path.of(Path.java:212)
	at java.base/java.nio.file.Paths.get(Paths.java:98)
	at scala.meta.internal.mtags.MtagsEnrichments$XtensionURIMtags.toAbsolutePath(MtagsEnrichments.scala:149)
	at scala.meta.internal.mtags.MtagsEnrichments$XtensionStringMtags.toAbsolutePath(MtagsEnrichments.scala:209)
	at scala.meta.internal.metals.MetalsEnrichments$XtensionString.toAbsolutePath(MetalsEnrichments.scala:778)
	at scala.meta.internal.metals.MetalsEnrichments$XtensionString.toAbsolutePath(MetalsEnrichments.scala:775)
	at scala.meta.internal.metals.WorkspaceLspService.didFocus(WorkspaceLspService.scala:789)
	at scala.meta.metals.lsp.DelegatingScalaService.didFocus(DelegatingScalaService.scala:42)
	at jdk.internal.reflect.GeneratedMethodAccessor22.invoke(Unknown Source)
	at java.base/jdk.internal.reflect.DelegatingMethodAccessorImpl.invoke(DelegatingMethodAccessorImpl.java:43)
	at java.base/java.lang.reflect.Method.invoke(Method.java:569)
	at org.eclipse.lsp4j.jsonrpc.services.GenericEndpoint.lambda$recursiveFindRpcMethods$0(GenericEndpoint.java:65)
	at org.eclipse.lsp4j.jsonrpc.services.GenericEndpoint.notify(GenericEndpoint.java:160)
	at org.eclipse.lsp4j.jsonrpc.RemoteEndpoint.handleNotification(RemoteEndpoint.java:231)
	at org.eclipse.lsp4j.jsonrpc.RemoteEndpoint.consume(RemoteEndpoint.java:198)
	at org.eclipse.lsp4j.jsonrpc.json.StreamMessageProducer.handleMessage(StreamMessageProducer.java:185)
	at org.eclipse.lsp4j.jsonrpc.json.StreamMessageProducer.listen(StreamMessageProducer.java:97)
	at org.eclipse.lsp4j.jsonrpc.json.ConcurrentMessageProcessor.run(ConcurrentMessageProcessor.java:114)
	at java.base/java.util.concurrent.Executors$RunnableAdapter.call(Executors.java:539)
	at java.base/java.util.concurrent.FutureTask.run(FutureTask.java:264)
	at java.base/java.util.concurrent.ThreadPoolExecutor.runWorker(ThreadPoolExecutor.java:1136)
	at java.base/java.util.concurrent.ThreadPoolExecutor$Worker.run(ThreadPoolExecutor.java:635)
	at java.base/java.lang.Thread.run(Thread.java:840)

Dec 18, 2025 6:21:24 AM org.eclipse.lsp4j.jsonrpc.RemoteEndpoint handleNotification
WARNING: Notification threw an exception: {
  "jsonrpc": "2.0",
  "method": "metals/didFocusTextDocument",
  "params": [
    "vscode-local:/c%3A/accelerator_projects/hw_spinal/validation/wrapper/FPGA_top/spinal_wrapper/WrapForFPGA.scala"
  ]
}
java.nio.file.FileSystemNotFoundException: Provider "vscode-local" not installed
	at java.base/java.nio.file.Path.of(Path.java:212)
	at java.base/java.nio.file.Paths.get(Paths.java:98)
	at scala.meta.internal.mtags.MtagsEnrichments$XtensionURIMtags.toAbsolutePath(MtagsEnrichments.scala:149)
	at scala.meta.internal.mtags.MtagsEnrichments$XtensionStringMtags.toAbsolutePath(MtagsEnrichments.scala:209)
	at scala.meta.internal.metals.MetalsEnrichments$XtensionString.toAbsolutePath(MetalsEnrichments.scala:778)
	at scala.meta.internal.metals.MetalsEnrichments$XtensionString.toAbsolutePath(MetalsEnrichments.scala:775)
	at scala.meta.internal.metals.WorkspaceLspService.didFocus(WorkspaceLspService.scala:789)
	at scala.meta.metals.lsp.DelegatingScalaService.didFocus(DelegatingScalaService.scala:42)
	at jdk.internal.reflect.GeneratedMethodAccessor22.invoke(Unknown Source)
	at java.base/jdk.internal.reflect.DelegatingMethodAccessorImpl.invoke(DelegatingMethodAccessorImpl.java:43)
	at java.base/java.lang.reflect.Method.invoke(Method.java:569)
	at org.eclipse.lsp4j.jsonrpc.services.GenericEndpoint.lambda$recursiveFindRpcMethods$0(GenericEndpoint.java:65)
	at org.eclipse.lsp4j.jsonrpc.services.GenericEndpoint.notify(GenericEndpoint.java:160)
	at org.eclipse.lsp4j.jsonrpc.RemoteEndpoint.handleNotification(RemoteEndpoint.java:231)
	at org.eclipse.lsp4j.jsonrpc.RemoteEndpoint.consume(RemoteEndpoint.java:198)
	at org.eclipse.lsp4j.jsonrpc.json.StreamMessageProducer.handleMessage(StreamMessageProducer.java:185)
	at org.eclipse.lsp4j.jsonrpc.json.StreamMessageProducer.listen(StreamMessageProducer.java:97)
	at org.eclipse.lsp4j.jsonrpc.json.ConcurrentMessageProcessor.run(ConcurrentMessageProcessor.java:114)
	at java.base/java.util.concurrent.Executors$RunnableAdapter.call(Executors.java:539)
	at java.base/java.util.concurrent.FutureTask.run(FutureTask.java:264)
	at java.base/java.util.concurrent.ThreadPoolExecutor.runWorker(ThreadPoolExecutor.java:1136)
	at java.base/java.util.concurrent.ThreadPoolExecutor$Worker.run(ThreadPoolExecutor.java:635)
	at java.base/java.lang.Thread.run(Thread.java:840)

Dec 18, 2025 6:21:26 AM org.eclipse.lsp4j.jsonrpc.RemoteEndpoint handleNotification
WARNING: Notification threw an exception: {
  "jsonrpc": "2.0",
  "method": "metals/didFocusTextDocument",
  "params": [
    "vscode-local:/c%3A/accelerator_projects/hw_spinal/validation/wrapper/FPGA_top/spinal_wrapper/InstrAxi4LiteToStream.scala"
  ]
}
java.nio.file.FileSystemNotFoundException: Provider "vscode-local" not installed
	at java.base/java.nio.file.Path.of(Path.java:212)
	at java.base/java.nio.file.Paths.get(Paths.java:98)
	at scala.meta.internal.mtags.MtagsEnrichments$XtensionURIMtags.toAbsolutePath(MtagsEnrichments.scala:149)
	at scala.meta.internal.mtags.MtagsEnrichments$XtensionStringMtags.toAbsolutePath(MtagsEnrichments.scala:209)
	at scala.meta.internal.metals.MetalsEnrichments$XtensionString.toAbsolutePath(MetalsEnrichments.scala:778)
	at scala.meta.internal.metals.MetalsEnrichments$XtensionString.toAbsolutePath(MetalsEnrichments.scala:775)
	at scala.meta.internal.metals.WorkspaceLspService.didFocus(WorkspaceLspService.scala:789)
	at scala.meta.metals.lsp.DelegatingScalaService.didFocus(DelegatingScalaService.scala:42)
	at jdk.internal.reflect.GeneratedMethodAccessor22.invoke(Unknown Source)
	at java.base/jdk.internal.reflect.DelegatingMethodAccessorImpl.invoke(DelegatingMethodAccessorImpl.java:43)
	at java.base/java.lang.reflect.Method.invoke(Method.java:569)
	at org.eclipse.lsp4j.jsonrpc.services.GenericEndpoint.lambda$recursiveFindRpcMethods$0(GenericEndpoint.java:65)
	at org.eclipse.lsp4j.jsonrpc.services.GenericEndpoint.notify(GenericEndpoint.java:160)
	at org.eclipse.lsp4j.jsonrpc.RemoteEndpoint.handleNotification(RemoteEndpoint.java:231)
	at org.eclipse.lsp4j.jsonrpc.RemoteEndpoint.consume(RemoteEndpoint.java:198)
	at org.eclipse.lsp4j.jsonrpc.json.StreamMessageProducer.handleMessage(StreamMessageProducer.java:185)
	at org.eclipse.lsp4j.jsonrpc.json.StreamMessageProducer.listen(StreamMessageProducer.java:97)
	at org.eclipse.lsp4j.jsonrpc.json.ConcurrentMessageProcessor.run(ConcurrentMessageProcessor.java:114)
	at java.base/java.util.concurrent.Executors$RunnableAdapter.call(Executors.java:539)
	at java.base/java.util.concurrent.FutureTask.run(FutureTask.java:264)
	at java.base/java.util.concurrent.ThreadPoolExecutor.runWorker(ThreadPoolExecutor.java:1136)
	at java.base/java.util.concurrent.ThreadPoolExecutor$Worker.run(ThreadPoolExecutor.java:635)
	at java.base/java.lang.Thread.run(Thread.java:840)

Dec 18, 2025 6:21:26 AM org.eclipse.lsp4j.jsonrpc.RemoteEndpoint handleNotification
WARNING: Notification threw an exception: {
  "jsonrpc": "2.0",
  "method": "metals/didFocusTextDocument",
  "params": [
    "vscode-local:/c%3A/accelerator_projects/hw_spinal/validation/wrapper/FPGA_top/spinal_wrapper/WrapForFPGA.scala"
  ]
}
java.nio.file.FileSystemNotFoundException: Provider "vscode-local" not installed
	at java.base/java.nio.file.Path.of(Path.java:212)
	at java.base/java.nio.file.Paths.get(Paths.java:98)
	at scala.meta.internal.mtags.MtagsEnrichments$XtensionURIMtags.toAbsolutePath(MtagsEnrichments.scala:149)
	at scala.meta.internal.mtags.MtagsEnrichments$XtensionStringMtags.toAbsolutePath(MtagsEnrichments.scala:209)
	at scala.meta.internal.metals.MetalsEnrichments$XtensionString.toAbsolutePath(MetalsEnrichments.scala:778)
	at scala.meta.internal.metals.MetalsEnrichments$XtensionString.toAbsolutePath(MetalsEnrichments.scala:775)
	at scala.meta.internal.metals.WorkspaceLspService.didFocus(WorkspaceLspService.scala:789)
	at scala.meta.metals.lsp.DelegatingScalaService.didFocus(DelegatingScalaService.scala:42)
	at jdk.internal.reflect.GeneratedMethodAccessor22.invoke(Unknown Source)
	at java.base/jdk.internal.reflect.DelegatingMethodAccessorImpl.invoke(DelegatingMethodAccessorImpl.java:43)
	at java.base/java.lang.reflect.Method.invoke(Method.java:569)
	at org.eclipse.lsp4j.jsonrpc.services.GenericEndpoint.lambda$recursiveFindRpcMethods$0(GenericEndpoint.java:65)
	at org.eclipse.lsp4j.jsonrpc.services.GenericEndpoint.notify(GenericEndpoint.java:160)
	at org.eclipse.lsp4j.jsonrpc.RemoteEndpoint.handleNotification(RemoteEndpoint.java:231)
	at org.eclipse.lsp4j.jsonrpc.RemoteEndpoint.consume(RemoteEndpoint.java:198)
	at org.eclipse.lsp4j.jsonrpc.json.StreamMessageProducer.handleMessage(StreamMessageProducer.java:185)
	at org.eclipse.lsp4j.jsonrpc.json.StreamMessageProducer.listen(StreamMessageProducer.java:97)
	at org.eclipse.lsp4j.jsonrpc.json.ConcurrentMessageProcessor.run(ConcurrentMessageProcessor.java:114)
	at java.base/java.util.concurrent.Executors$RunnableAdapter.call(Executors.java:539)
	at java.base/java.util.concurrent.FutureTask.run(FutureTask.java:264)
	at java.base/java.util.concurrent.ThreadPoolExecutor.runWorker(ThreadPoolExecutor.java:1136)
	at java.base/java.util.concurrent.ThreadPoolExecutor$Worker.run(ThreadPoolExecutor.java:635)
	at java.base/java.lang.Thread.run(Thread.java:840)

Dec 18, 2025 8:15:59 AM org.eclipse.lsp4j.jsonrpc.RemoteEndpoint handleCancellation
WARNING: Unmatched cancel notification for request id 1844
Dec 18, 2025 8:16:43 AM org.eclipse.lsp4j.jsonrpc.RemoteEndpoint handleCancellation
WARNING: Unmatched cancel notification for request id 1946
2025.12.18 09:16:30 INFO  running '/root/.local/share/coursier/bin/sbt -Dbloop.export-jar-classifiers=sources bloopInstall'
2025.12.18 09:16:32 INFO  [info] welcome to sbt 1.6.0 (Red Hat, Inc. Java 17.0.14)
2025.12.18 09:16:32 INFO  [info] loading settings for project onnx_spinal_project_new-build-build-build from metals.sbt ...
2025.12.18 09:16:33 INFO  [info] loading project definition from /root/onnx_spinal_project_new/project/project/project
2025.12.18 09:16:33 INFO  [info] loading settings for project onnx_spinal_project_new-build-build from metals.sbt ...
2025.12.18 09:16:33 INFO  [info] loading project definition from /root/onnx_spinal_project_new/project/project
2025.12.18 09:16:35 INFO  [success] Generated .bloop/onnx_spinal_project_new-build-build.json
2025.12.18 09:16:35 INFO  [success] Total time: 1 s, completed Dec 18, 2025, 9:16:35 AM
2025.12.18 09:16:35 INFO  [info] loading settings for project onnx_spinal_project_new-build from metals.sbt,plugins.sbt ...
2025.12.18 09:16:35 INFO  [info] loading project definition from /root/onnx_spinal_project_new/project
2025.12.18 09:16:35 INFO  [success] Generated .bloop/onnx_spinal_project_new-build.json
2025.12.18 09:16:35 INFO  [success] Total time: 1 s, completed Dec 18, 2025, 9:16:36 AM
2025.12.18 09:16:36 INFO  [info] loading settings for project Onnx_SpinalHDL from build.sbt ...
2025.12.18 09:16:36 INFO  [info] set current project to Onnx_SpinalHDL (in build file:/root/onnx_spinal_project_new/)
2025.12.18 09:16:36 INFO  [success] Generated .bloop/Onnx_SpinalHDL-test.json
2025.12.18 09:16:36 INFO  [success] Generated .bloop/Onnx_SpinalHDL.json
2025.12.18 09:16:36 INFO  [success] Total time: 0 s, completed Dec 18, 2025, 9:16:37 AM
2025.12.18 09:16:37 INFO  time: ran 'sbt bloopInstall' in 6.83s
2025.12.18 09:16:37 INFO  running '/root/.local/share/coursier/bin/sbt -Dbloop.export-jar-classifiers=sources bloopInstall'
2025.12.18 09:16:38 INFO  [info] welcome to sbt 1.6.0 (Red Hat, Inc. Java 17.0.14)
2025.12.18 09:16:38 INFO  [info] loading settings for project onnx_spinal_project_new-build-build-build from metals.sbt ...
2025.12.18 09:16:39 INFO  [info] loading project definition from /root/onnx_spinal_project_new/project/project/project
2025.12.18 09:16:39 INFO  [info] loading settings for project onnx_spinal_project_new-build-build from metals.sbt ...
2025.12.18 09:16:39 INFO  [info] loading project definition from /root/onnx_spinal_project_new/project/project
2025.12.18 09:16:41 INFO  [success] Generated .bloop/onnx_spinal_project_new-build-build.json
2025.12.18 09:16:41 INFO  [success] Total time: 1 s, completed Dec 18, 2025, 9:16:41 AM
2025.12.18 09:16:41 INFO  [info] loading settings for project onnx_spinal_project_new-build from metals.sbt,plugins.sbt ...
2025.12.18 09:16:41 INFO  [info] loading project definition from /root/onnx_spinal_project_new/project
2025.12.18 09:16:41 INFO  [success] Generated .bloop/onnx_spinal_project_new-build.json
2025.12.18 09:16:41 INFO  [success] Total time: 0 s, completed Dec 18, 2025, 9:16:42 AM
2025.12.18 09:16:42 INFO  [info] loading settings for project Onnx_SpinalHDL from build.sbt ...
2025.12.18 09:16:42 INFO  [info] set current project to Onnx_SpinalHDL (in build file:/root/onnx_spinal_project_new/)
2025.12.18 09:16:42 INFO  [success] Generated .bloop/Onnx_SpinalHDL-test.json
2025.12.18 09:16:42 INFO  [success] Generated .bloop/Onnx_SpinalHDL.json
2025.12.18 09:16:42 INFO  [success] Total time: 0 s, completed Dec 18, 2025, 9:16:43 AM
2025.12.18 09:16:43 INFO  time: ran 'sbt bloopInstall' in 6.04s
2025.12.18 09:16:43 INFO  Disconnecting from Bloop session...
2025.12.18 09:16:43 INFO  Shut down connection with build server.
2025.12.18 09:16:43 INFO  Shut down connection with build server.
2025.12.18 09:16:43 INFO  Shut down connection with build server.
2025.12.18 09:16:43 INFO  Attempting to connect to the build server...
2025.12.18 09:16:43 INFO  Found a Bloop server running
2025.12.18 09:16:43 INFO  tracing is disabled for protocol BSP, to enable tracing of incoming and outgoing JSON messages create an empty file at /root/onnx_spinal_project_new/.metals/bsp.trace.json or /root/.cache/metals/bsp.trace.json
2025.12.18 09:16:43 INFO  Attempting to connect to the build server...
2025.12.18 09:16:43 INFO  Found a Bloop server running
2025.12.18 09:16:43 INFO  Attempting to connect to the build server...
2025.12.18 09:16:43 INFO  Found a Bloop server running
2025.12.18 09:16:43 INFO  tracing is disabled for protocol BSP, to enable tracing of incoming and outgoing JSON messages create an empty file at /root/onnx_spinal_project_new/project/project/.metals/bsp.trace.json or /root/.cache/metals/bsp.trace.json
2025.12.18 09:16:43 INFO  tracing is disabled for protocol BSP, to enable tracing of incoming and outgoing JSON messages create an empty file at /root/onnx_spinal_project_new/project/.metals/bsp.trace.json or /root/.cache/metals/bsp.trace.json
2025.12.18 09:16:43 INFO  time: Connected to build server in 0.29s
2025.12.18 09:16:43 INFO  Connected to Build server: Bloop v2.0.17
2025.12.18 09:16:46 INFO  QDox parse error in file:///root/onnx_spinal_project_new/sw/java/test/java/org/forwarder/backend/impls/dl4j/opsets/aiOnnx/v13/ops/DL4JCastV13Test.java (full report at: "/root/onnx_spinal_project_new/.metals/.reports/metals-full/2025-12-01/r_qdox-error_(Onnx_5fSpinalHDL-test)_13-08-59-057.md")
2025.12.18 09:16:46 WARN  Could not find java sources in /usr/lib/jvm/src.zip, /usr/lib/jvm/lib/src.zip, /usr/lib/jvm/java-17-openjdk/src.zip, /usr/lib/jvm/java-17-openjdk/lib/src.zip, /usr/lib/jvm/src.zip, /usr/lib/jvm/lib/src.zip, /usr/lib/jvm/java-17-openjdk-17.0.14.0.7-2.el9.x86_64/src.zip, /usr/lib/jvm/java-17-openjdk-17.0.14.0.7-2.el9.x86_64/lib/src.zip. Java symbols will not be available.
2025.12.18 09:16:46 INFO  time: indexed workspace in 3.26s
Dec 18, 2025 9:18:42 AM org.eclipse.lsp4j.jsonrpc.RemoteEndpoint handleCancellation
WARNING: Unmatched cancel notification for request id 2234
2025.12.18 09:19:34 INFO  compiling onnx_spinalhdl (1 scala source)
2025.12.18 09:19:36 INFO  time: compiled Onnx_SpinalHDL in 2.18s
2025.12.18 09:20:16 INFO  compiling onnx_spinalhdl (1 scala source)
2025.12.18 09:20:17 INFO  time: compiled Onnx_SpinalHDL in 1.65s
Dec 18, 2025 9:21:46 AM org.eclipse.lsp4j.jsonrpc.RemoteEndpoint handleCancellation
WARNING: Unmatched cancel notification for request id 2604
2025.12.18 09:22:21 INFO  compiling onnx_spinalhdl (1 scala source)
2025.12.18 09:22:22 INFO  time: compiled Onnx_SpinalHDL in 1.64s
2025.12.18 09:22:22 INFO  compiling onnx_spinalhdl (1 scala source)
2025.12.18 09:22:23 WARN  1 deprecation (since 2.13.3); re-run with -deprecation for details
2025.12.18 09:22:23 INFO  time: compiled Onnx_SpinalHDL in 1.14s
2025.12.18 09:24:27 INFO  Created report: Optional[file:///root/onnx_spinal_project_new/hw/spinal/Tiling/Slicer.scala]
2025.12.18 09:24:27 INFO  empty definition using pc, found symbol in pc:  (full report at: "/root/onnx_spinal_project_new/.metals/.reports/metals-full/2025-12-18/r_empty-definition_(Onnx_5fSpinalHDL)_09-24-27-152.md")
2025.12.18 09:24:27 INFO  empty definition using pc, found symbol in pc:  (full report at: "/root/onnx_spinal_project_new/.metals/.reports/metals-full/2025-12-18/r_empty-definition_(Onnx_5fSpinalHDL)_09-24-27-152.md")
2025.12.18 09:24:27 INFO  Created report: Optional[file:///root/onnx_spinal_project_new/hw/spinal/Tiling/Slicer.scala]
2025.12.18 09:24:27 INFO  empty definition using pc, found symbol in pc:  (full report at: "/root/onnx_spinal_project_new/.metals/.reports/metals-full/2025-12-18/r_empty-definition_(Onnx_5fSpinalHDL)_09-24-28-107.md")
2025.12.18 09:24:27 INFO  Created report: Optional[file:///root/onnx_spinal_project_new/hw/spinal/Tiling/Slicer.scala]
2025.12.18 09:24:27 INFO  empty definition using pc, found symbol in pc:  (full report at: "/root/onnx_spinal_project_new/.metals/.reports/metals-full/2025-12-18/r_empty-definition_(Onnx_5fSpinalHDL)_09-24-28-134.md")
2025.12.18 09:24:28 INFO  Created report: Optional[file:///root/onnx_spinal_project_new/hw/spinal/Tiling/Slicer.scala]
2025.12.18 09:24:28 INFO  empty definition using pc, found symbol in pc:  (full report at: "/root/onnx_spinal_project_new/.metals/.reports/metals-full/2025-12-18/r_empty-definition_(Onnx_5fSpinalHDL)_09-24-28-259.md")
2025.12.18 09:24:29 INFO  empty definition using pc, found symbol in pc:  (full report at: "/root/onnx_spinal_project_new/.metals/.reports/metals-full/2025-12-18/r_empty-definition_(Onnx_5fSpinalHDL)_09-24-28-259.md")
2025.12.18 09:24:32 INFO  empty definition using pc, found symbol in pc:  (full report at: "/root/onnx_spinal_project_new/.metals/.reports/metals-full/2025-12-18/r_empty-definition_(Onnx_5fSpinalHDL)_09-24-28-107.md")
2025.12.18 09:24:32 INFO  empty definition using pc, found symbol in pc:  (full report at: "/root/onnx_spinal_project_new/.metals/.reports/metals-full/2025-12-18/r_empty-definition_(Onnx_5fSpinalHDL)_09-24-27-152.md")
2025.12.18 09:24:33 WARN  Could not find 'asBits' using presentation compiler nor semanticdb. Trying to guess the definition using available information from local class context. 
2025.12.18 09:24:33 INFO  Created report: Optional[file:///root/onnx_spinal_project_new/hw/spinal/Tiling/Slicer.scala]
2025.12.18 09:24:33 INFO  empty definition using pc, found symbol in pc:  (full report at: "/root/onnx_spinal_project_new/.metals/.reports/metals-full/2025-12-18/r_empty-definition_(Onnx_5fSpinalHDL)_09-24-33-574.md")
2025.12.18 09:24:33 INFO  empty definition using pc, found symbol in pc:  (full report at: "/root/onnx_spinal_project_new/.metals/.reports/metals-full/2025-12-18/r_empty-definition_(Onnx_5fSpinalHDL)_09-24-28-107.md")
2025.12.18 09:24:33 INFO  empty definition using pc, found symbol in pc:  (full report at: "/root/onnx_spinal_project_new/.metals/.reports/metals-full/2025-12-18/r_empty-definition_(Onnx_5fSpinalHDL)_09-24-28-134.md")
Dec 18, 2025 9:26:07 AM org.eclipse.lsp4j.jsonrpc.RemoteEndpoint handleCancellation
WARNING: Unmatched cancel notification for request id 3158
2025.12.19 06:12:15 INFO  Started: Metals version 1.6.4 in folders '/root/onnx_spinal_project_new' for client Visual Studio Code 1.107.0.
2025.12.19 06:12:19 WARN  Using H2 2.4.240 which is newer than the version Flyway has been verified with. The latest verified version of H2 is 2.3.232.
2025.12.19 06:12:19 INFO  no build target found for /root/onnx_spinal_project_new/hw/spinal/Accelerator/Accelerator.scala. Using presentation compiler with project's scala-library version: 3.3.6
2025.12.19 06:12:19 INFO  Attempting to connect to the build server...
2025.12.19 06:12:19 INFO  No running Bloop server found, starting one.
2025.12.19 06:12:20 INFO  Starting compilation server
2025.12.19 06:12:22 INFO  tracing is disabled for protocol BSP, to enable tracing of incoming and outgoing JSON messages create an empty file at /root/onnx_spinal_project_new/.metals/bsp.trace.json or /root/.cache/metals/bsp.trace.json
2025.12.19 06:12:22 INFO  no build target found for /root/onnx_spinal_project_new/hw/spinal/Accelerator/Accelerator.scala. Using presentation compiler with project's scala-library version: 3.3.6
2025.12.19 06:12:22 INFO  no build target found for /root/onnx_spinal_project_new/hw/spinal/Tiling/Slicer.scala. Using presentation compiler with project's scala-library version: 3.3.6
2025.12.19 06:12:22 INFO  no build target found for /root/onnx_spinal_project_new/hw/spinal/Accelerator/Accelerator.scala. Using presentation compiler with project's scala-library version: 3.3.6
2025.12.19 06:12:22 INFO  Attempting to connect to the build server...
2025.12.19 06:12:22 INFO  Found a Bloop server running
2025.12.19 06:12:22 INFO  Attempting to connect to the build server...
2025.12.19 06:12:22 INFO  Found a Bloop server running
2025.12.19 06:12:22 INFO  tracing is disabled for protocol BSP, to enable tracing of incoming and outgoing JSON messages create an empty file at /root/onnx_spinal_project_new/project/project/.metals/bsp.trace.json or /root/.cache/metals/bsp.trace.json
2025.12.19 06:12:23 INFO  tracing is disabled for protocol BSP, to enable tracing of incoming and outgoing JSON messages create an empty file at /root/onnx_spinal_project_new/project/.metals/bsp.trace.json or /root/.cache/metals/bsp.trace.json
2025.12.19 06:12:22 INFO  no build target found for /root/onnx_spinal_project_new/hw/spinal/Accelerator/Accelerator.scala. Using presentation compiler with project's scala-library version: 3.3.6
2025.12.19 06:12:22 INFO  no build target found for /root/onnx_spinal_project_new/hw/spinal/Accelerator/Accelerator.scala. Using presentation compiler with project's scala-library version: 3.3.6
Dec 19, 2025 6:12:23 AM org.eclipse.lsp4j.jsonrpc.RemoteEndpoint handleCancellation
WARNING: Unmatched cancel notification for request id 14
Dec 19, 2025 6:12:23 AM org.eclipse.lsp4j.jsonrpc.RemoteEndpoint handleCancellation
WARNING: Unmatched cancel notification for request id 15
Dec 19, 2025 6:12:24 AM org.eclipse.lsp4j.jsonrpc.services.GenericEndpoint notify
INFO: Unsupported notification method: $/setTrace
2025.12.19 06:12:25 INFO  no build target found for /root/onnx_spinal_project_new/hw/spinal/Tiling/Slicer.scala. Using presentation compiler with project's scala-library version: 3.3.6
2025.12.19 06:12:25 INFO  no build target found for /root/onnx_spinal_project_new/hw/spinal/Tiling/Slicer.scala. Using presentation compiler with project's scala-library version: 3.3.6
2025.12.19 06:12:31 INFO  no build target found for /root/onnx_spinal_project_new/hw/spinal/Tiling/Slicer.scala. Using presentation compiler with project's scala-library version: 3.3.6
2025.12.19 06:12:43 ERROR Timeout waiting for 'build/initialize' response
2025.12.19 06:12:43 WARN  Retrying connection to the build server Bloop
2025.12.19 06:12:43 INFO  Found a Bloop server running
2025.12.19 06:12:43 INFO  tracing is disabled for protocol BSP, to enable tracing of incoming and outgoing JSON messages create an empty file at /root/onnx_spinal_project_new/project/.metals/bsp.trace.json or /root/.cache/metals/bsp.trace.json
2025.12.19 06:12:43 INFO  time: Connected to build server in 23s
2025.12.19 06:12:43 INFO  Connected to Build server: Bloop v2.0.17
2025.12.19 06:12:43 INFO  time: Imported build in 0.19s
2025.12.19 06:12:43 WARN  2.12.15 is no longer supported in the current Metals versions, using the last known supported version 1.3.3
2025.12.19 06:12:43 WARN  2.13.14 is no longer supported in the current Metals versions, using the last known supported version 1.6.3
2025.12.19 06:12:46 INFO  QDox parse error in file:///root/onnx_spinal_project_new/sw/java/test/java/org/forwarder/backend/impls/dl4j/opsets/aiOnnx/v13/ops/DL4JCastV13Test.java (full report at: "/root/onnx_spinal_project_new/.metals/.reports/metals-full/2025-12-01/r_qdox-error_(Onnx_5fSpinalHDL-test)_13-08-59-057.md")
2025.12.19 06:12:47 WARN  Could not find java sources in /usr/lib/jvm/src.zip, /usr/lib/jvm/lib/src.zip, /usr/lib/jvm/java-17-openjdk/src.zip, /usr/lib/jvm/java-17-openjdk/lib/src.zip, /usr/lib/jvm/src.zip, /usr/lib/jvm/lib/src.zip, /usr/lib/jvm/java-17-openjdk-17.0.14.0.7-2.el9.x86_64/src.zip, /usr/lib/jvm/java-17-openjdk-17.0.14.0.7-2.el9.x86_64/lib/src.zip. Java symbols will not be available.
2025.12.19 06:12:48 INFO  time: indexed workspace in 5.05s
2025.12.19 06:24:08 INFO  Started: Metals version 1.6.4 in folders '/root/onnx_spinal_project_new' for client Visual Studio Code 1.107.0.
2025.12.19 06:24:12 WARN  Using H2 2.4.240 which is newer than the version Flyway has been verified with. The latest verified version of H2 is 2.3.232.
2025.12.19 06:24:12 INFO  no build target found for /root/onnx_spinal_project_new/hw/spinal/Tiling/Slicer.scala. Using presentation compiler with project's scala-library version: 3.3.6
2025.12.19 06:24:13 INFO  Attempting to connect to the build server...
2025.12.19 06:24:13 INFO  No running Bloop server found, starting one.
2025.12.19 06:24:14 INFO  Starting compilation server
2025.12.19 06:24:14 INFO  no build target found for /root/onnx_spinal_project_new/hw/spinal/Accelerator/Accelerator.scala. Using presentation compiler with project's scala-library version: 3.3.6
2025.12.19 06:24:14 INFO  no build target found for /root/onnx_spinal_project_new/hw/spinal/Accelerator/Accelerator.scala. Using presentation compiler with project's scala-library version: 3.3.6
2025.12.19 06:24:14 INFO  no build target found for /root/onnx_spinal_project_new/hw/spinal/Tiling/Slicer.scala. Using presentation compiler with project's scala-library version: 3.3.6
2025.12.19 06:24:15 INFO  tracing is disabled for protocol BSP, to enable tracing of incoming and outgoing JSON messages create an empty file at /root/onnx_spinal_project_new/.metals/bsp.trace.json or /root/.cache/metals/bsp.trace.json
2025.12.19 06:24:16 INFO  Attempting to connect to the build server...
2025.12.19 06:24:16 INFO  Found a Bloop server running
2025.12.19 06:24:16 INFO  Attempting to connect to the build server...
2025.12.19 06:24:16 INFO  Found a Bloop server running
2025.12.19 06:24:16 INFO  tracing is disabled for protocol BSP, to enable tracing of incoming and outgoing JSON messages create an empty file at /root/onnx_spinal_project_new/project/project/.metals/bsp.trace.json or /root/.cache/metals/bsp.trace.json
2025.12.19 06:24:16 INFO  tracing is disabled for protocol BSP, to enable tracing of incoming and outgoing JSON messages create an empty file at /root/onnx_spinal_project_new/project/.metals/bsp.trace.json or /root/.cache/metals/bsp.trace.json
2025.12.19 06:24:19 INFO  time: Connected to build server in 5.96s
2025.12.19 06:24:19 INFO  Connected to Build server: Bloop v2.0.17
2025.12.19 06:24:19 INFO  time: Imported build in 0.15s
2025.12.19 06:24:19 WARN  2.12.15 is no longer supported in the current Metals versions, using the last known supported version 1.3.3
2025.12.19 06:24:19 WARN  2.13.14 is no longer supported in the current Metals versions, using the last known supported version 1.6.3
2025.12.19 06:24:22 INFO  QDox parse error in file:///root/onnx_spinal_project_new/sw/java/test/java/org/forwarder/backend/impls/dl4j/opsets/aiOnnx/v13/ops/DL4JCastV13Test.java (full report at: "/root/onnx_spinal_project_new/.metals/.reports/metals-full/2025-12-01/r_qdox-error_(Onnx_5fSpinalHDL-test)_13-08-59-057.md")
2025.12.19 06:24:23 WARN  Could not find java sources in /usr/lib/jvm/src.zip, /usr/lib/jvm/lib/src.zip, /usr/lib/jvm/java-17-openjdk/src.zip, /usr/lib/jvm/java-17-openjdk/lib/src.zip, /usr/lib/jvm/src.zip, /usr/lib/jvm/lib/src.zip, /usr/lib/jvm/java-17-openjdk-17.0.14.0.7-2.el9.x86_64/src.zip, /usr/lib/jvm/java-17-openjdk-17.0.14.0.7-2.el9.x86_64/lib/src.zip. Java symbols will not be available.
2025.12.19 06:24:24 INFO  time: indexed workspace in 5.19s
Dec 19, 2025 6:24:29 AM org.eclipse.lsp4j.jsonrpc.services.GenericEndpoint notify
INFO: Unsupported notification method: $/setTrace
2025.12.19 06:28:53 INFO  compiling onnx_spinalhdl (2 scala sources)
2025.12.19 06:28:58 WARN  1 deprecation (since 2.13.3); re-run with -deprecation for details
2025.12.19 06:28:58 INFO  time: compiled Onnx_SpinalHDL in 5.88s
Dec 19, 2025 6:31:04 AM org.eclipse.lsp4j.jsonrpc.RemoteEndpoint handleNotification
WARNING: Notification threw an exception: {
  "jsonrpc": "2.0",
  "method": "metals/didFocusTextDocument",
  "params": [
    "git:/root/onnx_spinal_project_new/hw/spinal/Tiling/Slicer.scala?%7B%22path%22%3A%22%2Froot%2Fonnx_spinal_project_new%2Fhw%2Fspinal%2FTiling%2FSlicer.scala%22%2C%22ref%22%3A%2244fe2dac221ffdc4c4358ed1e810780595ae0dbc%22%7D"
  ]
}
java.nio.file.FileSystemNotFoundException: Provider "git" not installed
	at java.base/java.nio.file.Path.of(Path.java:212)
	at java.base/java.nio.file.Paths.get(Paths.java:98)
	at scala.meta.internal.mtags.MtagsEnrichments$XtensionURIMtags.toAbsolutePath(MtagsEnrichments.scala:149)
	at scala.meta.internal.mtags.MtagsEnrichments$XtensionStringMtags.toAbsolutePath(MtagsEnrichments.scala:209)
	at scala.meta.internal.metals.MetalsEnrichments$XtensionString.toAbsolutePath(MetalsEnrichments.scala:778)
	at scala.meta.internal.metals.MetalsEnrichments$XtensionString.toAbsolutePath(MetalsEnrichments.scala:775)
	at scala.meta.internal.metals.WorkspaceLspService.didFocus(WorkspaceLspService.scala:789)
	at scala.meta.metals.lsp.DelegatingScalaService.didFocus(DelegatingScalaService.scala:42)
	at java.base/jdk.internal.reflect.NativeMethodAccessorImpl.invoke0(Native Method)
	at java.base/jdk.internal.reflect.NativeMethodAccessorImpl.invoke(NativeMethodAccessorImpl.java:77)
	at java.base/jdk.internal.reflect.DelegatingMethodAccessorImpl.invoke(DelegatingMethodAccessorImpl.java:43)
	at java.base/java.lang.reflect.Method.invoke(Method.java:569)
	at org.eclipse.lsp4j.jsonrpc.services.GenericEndpoint.lambda$recursiveFindRpcMethods$0(GenericEndpoint.java:65)
	at org.eclipse.lsp4j.jsonrpc.services.GenericEndpoint.notify(GenericEndpoint.java:160)
	at org.eclipse.lsp4j.jsonrpc.RemoteEndpoint.handleNotification(RemoteEndpoint.java:231)
	at org.eclipse.lsp4j.jsonrpc.RemoteEndpoint.consume(RemoteEndpoint.java:198)
	at org.eclipse.lsp4j.jsonrpc.json.StreamMessageProducer.handleMessage(StreamMessageProducer.java:185)
	at org.eclipse.lsp4j.jsonrpc.json.StreamMessageProducer.listen(StreamMessageProducer.java:97)
	at org.eclipse.lsp4j.jsonrpc.json.ConcurrentMessageProcessor.run(ConcurrentMessageProcessor.java:114)
	at java.base/java.util.concurrent.Executors$RunnableAdapter.call(Executors.java:539)
	at java.base/java.util.concurrent.FutureTask.run(FutureTask.java:264)
	at java.base/java.util.concurrent.ThreadPoolExecutor.runWorker(ThreadPoolExecutor.java:1136)
	at java.base/java.util.concurrent.ThreadPoolExecutor$Worker.run(ThreadPoolExecutor.java:635)
	at java.base/java.lang.Thread.run(Thread.java:840)

2025.12.22 10:14:03 INFO  Started: Metals version 1.6.4 in folders '/root/onnx_spinal_project_new' for client Visual Studio Code 1.107.0.
2025.12.22 10:14:07 WARN  Using H2 2.4.240 which is newer than the version Flyway has been verified with. The latest verified version of H2 is 2.3.232.
2025.12.22 10:14:07 INFO  no build target found for /root/onnx_spinal_project_new/hw/spinal/Accelerator/Accelerator.scala. Using presentation compiler with project's scala-library version: 3.3.6
2025.12.22 10:14:07 INFO  Attempting to connect to the build server...
2025.12.22 10:14:07 INFO  No running Bloop server found, starting one.
2025.12.22 10:14:08 INFO  Starting compilation server
2025.12.22 10:14:09 INFO  no build target found for /root/onnx_spinal_project_new/hw/spinal/Accelerator/Accelerator.scala. Using presentation compiler with project's scala-library version: 3.3.6
2025.12.22 10:14:09 INFO  no build target found for /root/onnx_spinal_project_new/hw/spinal/WrapForFPGA/WrapForFPGA.scala. Using presentation compiler with project's scala-library version: 3.3.6
2025.12.22 10:14:09 INFO  no build target found for /root/onnx_spinal_project_new/hw/spinal/Accelerator/Accelerator.scala. Using presentation compiler with project's scala-library version: 3.3.6
2025.12.22 10:14:09 INFO  no build target found for /root/onnx_spinal_project_new/hw/spinal/Accelerator/Accelerator.scala. Using presentation compiler with project's scala-library version: 3.3.6
2025.12.22 10:14:09 INFO  no build target found for /root/onnx_spinal_project_new/hw/spinal/Accelerator/Accelerator.scala. Using presentation compiler with project's scala-library version: 3.3.6
Dec 22, 2025 10:14:10 AM org.eclipse.lsp4j.jsonrpc.RemoteEndpoint handleCancellation
WARNING: Unmatched cancel notification for request id 14
Dec 22, 2025 10:14:10 AM org.eclipse.lsp4j.jsonrpc.RemoteEndpoint handleCancellation
WARNING: Unmatched cancel notification for request id 15
Dec 22, 2025 10:14:10 AM org.eclipse.lsp4j.jsonrpc.RemoteEndpoint handleCancellation
WARNING: Unmatched cancel notification for request id 4
Dec 22, 2025 10:14:10 AM org.eclipse.lsp4j.jsonrpc.RemoteEndpoint handleCancellation
WARNING: Unmatched cancel notification for request id 17
2025.12.22 10:14:10 INFO  tracing is disabled for protocol BSP, to enable tracing of incoming and outgoing JSON messages create an empty file at /root/onnx_spinal_project_new/.metals/bsp.trace.json or /root/.cache/metals/bsp.trace.json
2025.12.22 10:14:11 INFO  Attempting to connect to the build server...
2025.12.22 10:14:11 INFO  Found a Bloop server running
2025.12.22 10:14:11 INFO  Attempting to connect to the build server...
2025.12.22 10:14:11 INFO  Found a Bloop server running
2025.12.22 10:14:11 INFO  tracing is disabled for protocol BSP, to enable tracing of incoming and outgoing JSON messages create an empty file at /root/onnx_spinal_project_new/project/project/.metals/bsp.trace.json or /root/.cache/metals/bsp.trace.json
2025.12.22 10:14:11 INFO  tracing is disabled for protocol BSP, to enable tracing of incoming and outgoing JSON messages create an empty file at /root/onnx_spinal_project_new/project/.metals/bsp.trace.json or /root/.cache/metals/bsp.trace.json
2025.12.22 10:14:15 INFO  no build target found for /root/onnx_spinal_project_new/hw/spinal/WrapForFPGA/WrapForFPGA.scala. Using presentation compiler with project's scala-library version: 3.3.6
2025.12.22 10:14:15 INFO  no build target found for /root/onnx_spinal_project_new/hw/spinal/WrapForFPGA/WrapForFPGA.scala. Using presentation compiler with project's scala-library version: 3.3.6
2025.12.22 10:14:17 INFO  no build target found for /root/onnx_spinal_project_new/hw/spinal/WrapForFPGA/WrapForFPGA.scala. Using presentation compiler with project's scala-library version: 3.3.6
2025.12.22 10:14:17 INFO  no build target found for /root/onnx_spinal_project_new/hw/spinal/WrapForFPGA/WrapForFPGA.scala. Using presentation compiler with project's scala-library version: 3.3.6
2025.12.22 10:14:21 INFO  no build target found for /root/onnx_spinal_project_new/hw/spinal/WrapForFPGA/WrapForFPGA.scala. Using presentation compiler with project's scala-library version: 3.3.6
2025.12.22 10:14:26 INFO  time: Connected to build server in 18s
2025.12.22 10:14:26 INFO  Connected to Build server: Bloop v2.0.17
2025.12.22 10:14:26 INFO  time: Imported build in 0.15s
2025.12.22 10:14:26 WARN  2.12.15 is no longer supported in the current Metals versions, using the last known supported version 1.3.3
2025.12.22 10:14:26 WARN  2.13.14 is no longer supported in the current Metals versions, using the last known supported version 1.6.3
2025.12.22 10:14:29 INFO  QDox parse error in file:///root/onnx_spinal_project_new/sw/java/test/java/org/forwarder/backend/impls/dl4j/opsets/aiOnnx/v13/ops/DL4JCastV13Test.java (full report at: "/root/onnx_spinal_project_new/.metals/.reports/metals-full/2025-12-01/r_qdox-error_(Onnx_5fSpinalHDL-test)_13-08-59-057.md")
2025.12.22 10:14:30 WARN  Could not find java sources in /usr/lib/jvm/src.zip, /usr/lib/jvm/lib/src.zip, /usr/lib/jvm/java-17-openjdk/src.zip, /usr/lib/jvm/java-17-openjdk/lib/src.zip, /usr/lib/jvm/src.zip, /usr/lib/jvm/lib/src.zip, /usr/lib/jvm/java-17-openjdk-17.0.14.0.7-2.el9.x86_64/src.zip, /usr/lib/jvm/java-17-openjdk-17.0.14.0.7-2.el9.x86_64/lib/src.zip. Java symbols will not be available.
2025.12.22 10:14:31 INFO  time: indexed workspace in 4.92s
2025.12.22 10:15:41 INFO  Created report: Optional[file:///root/onnx_spinal_project_new/hw/spinal/WrapForFPGA/WrapForFPGA.scala]
2025.12.22 10:15:41 INFO  empty definition using pc, found symbol in pc:  (full report at: "/root/onnx_spinal_project_new/.metals/.reports/metals-full/2025-12-22/r_empty-definition_(Onnx_5fSpinalHDL)_10-15-40-996.md")
2025.12.22 10:16:03 INFO  empty definition using pc, found symbol in pc:  (full report at: "/root/onnx_spinal_project_new/.metals/.reports/metals-full/2025-12-22/r_empty-definition_(Onnx_5fSpinalHDL)_10-15-40-996.md")
Dec 22, 2025 10:17:45 AM org.eclipse.lsp4j.jsonrpc.RemoteEndpoint handleNotification
WARNING: Notification threw an exception: {
  "jsonrpc": "2.0",
  "method": "metals/didFocusTextDocument",
  "params": [
    "vscode-local:/c%3A/accelerator_projects/hw_spinal/validation/wrapper/FPGA_top/spinal_wrapper/Slicer.scala"
  ]
}
java.nio.file.FileSystemNotFoundException: Provider "vscode-local" not installed
	at java.base/java.nio.file.Path.of(Path.java:212)
	at java.base/java.nio.file.Paths.get(Paths.java:98)
	at scala.meta.internal.mtags.MtagsEnrichments$XtensionURIMtags.toAbsolutePath(MtagsEnrichments.scala:149)
	at scala.meta.internal.mtags.MtagsEnrichments$XtensionStringMtags.toAbsolutePath(MtagsEnrichments.scala:209)
	at scala.meta.internal.metals.MetalsEnrichments$XtensionString.toAbsolutePath(MetalsEnrichments.scala:778)
	at scala.meta.internal.metals.MetalsEnrichments$XtensionString.toAbsolutePath(MetalsEnrichments.scala:775)
	at scala.meta.internal.metals.WorkspaceLspService.didFocus(WorkspaceLspService.scala:789)
	at scala.meta.metals.lsp.DelegatingScalaService.didFocus(DelegatingScalaService.scala:42)
	at java.base/jdk.internal.reflect.NativeMethodAccessorImpl.invoke0(Native Method)
	at java.base/jdk.internal.reflect.NativeMethodAccessorImpl.invoke(NativeMethodAccessorImpl.java:77)
	at java.base/jdk.internal.reflect.DelegatingMethodAccessorImpl.invoke(DelegatingMethodAccessorImpl.java:43)
	at java.base/java.lang.reflect.Method.invoke(Method.java:569)
	at org.eclipse.lsp4j.jsonrpc.services.GenericEndpoint.lambda$recursiveFindRpcMethods$0(GenericEndpoint.java:65)
	at org.eclipse.lsp4j.jsonrpc.services.GenericEndpoint.notify(GenericEndpoint.java:160)
	at org.eclipse.lsp4j.jsonrpc.RemoteEndpoint.handleNotification(RemoteEndpoint.java:231)
	at org.eclipse.lsp4j.jsonrpc.RemoteEndpoint.consume(RemoteEndpoint.java:198)
	at org.eclipse.lsp4j.jsonrpc.json.StreamMessageProducer.handleMessage(StreamMessageProducer.java:185)
	at org.eclipse.lsp4j.jsonrpc.json.StreamMessageProducer.listen(StreamMessageProducer.java:97)
	at org.eclipse.lsp4j.jsonrpc.json.ConcurrentMessageProcessor.run(ConcurrentMessageProcessor.java:114)
	at java.base/java.util.concurrent.Executors$RunnableAdapter.call(Executors.java:539)
	at java.base/java.util.concurrent.FutureTask.run(FutureTask.java:264)
	at java.base/java.util.concurrent.ThreadPoolExecutor.runWorker(ThreadPoolExecutor.java:1136)
	at java.base/java.util.concurrent.ThreadPoolExecutor$Worker.run(ThreadPoolExecutor.java:635)
	at java.base/java.lang.Thread.run(Thread.java:840)

Dec 22, 2025 10:17:58 AM org.eclipse.lsp4j.jsonrpc.RemoteEndpoint handleNotification
WARNING: Notification threw an exception: {
  "jsonrpc": "2.0",
  "method": "metals/didFocusTextDocument",
  "params": [
    "vscode-local:/c%3A/accelerator_projects/hw_spinal/validation/wrapper/FPGA_top/spinal_wrapper/WrapForFPGA.scala"
  ]
}
java.nio.file.FileSystemNotFoundException: Provider "vscode-local" not installed
	at java.base/java.nio.file.Path.of(Path.java:212)
	at java.base/java.nio.file.Paths.get(Paths.java:98)
	at scala.meta.internal.mtags.MtagsEnrichments$XtensionURIMtags.toAbsolutePath(MtagsEnrichments.scala:149)
	at scala.meta.internal.mtags.MtagsEnrichments$XtensionStringMtags.toAbsolutePath(MtagsEnrichments.scala:209)
	at scala.meta.internal.metals.MetalsEnrichments$XtensionString.toAbsolutePath(MetalsEnrichments.scala:778)
	at scala.meta.internal.metals.MetalsEnrichments$XtensionString.toAbsolutePath(MetalsEnrichments.scala:775)
	at scala.meta.internal.metals.WorkspaceLspService.didFocus(WorkspaceLspService.scala:789)
	at scala.meta.metals.lsp.DelegatingScalaService.didFocus(DelegatingScalaService.scala:42)
	at java.base/jdk.internal.reflect.NativeMethodAccessorImpl.invoke0(Native Method)
	at java.base/jdk.internal.reflect.NativeMethodAccessorImpl.invoke(NativeMethodAccessorImpl.java:77)
	at java.base/jdk.internal.reflect.DelegatingMethodAccessorImpl.invoke(DelegatingMethodAccessorImpl.java:43)
	at java.base/java.lang.reflect.Method.invoke(Method.java:569)
	at org.eclipse.lsp4j.jsonrpc.services.GenericEndpoint.lambda$recursiveFindRpcMethods$0(GenericEndpoint.java:65)
	at org.eclipse.lsp4j.jsonrpc.services.GenericEndpoint.notify(GenericEndpoint.java:160)
	at org.eclipse.lsp4j.jsonrpc.RemoteEndpoint.handleNotification(RemoteEndpoint.java:231)
	at org.eclipse.lsp4j.jsonrpc.RemoteEndpoint.consume(RemoteEndpoint.java:198)
	at org.eclipse.lsp4j.jsonrpc.json.StreamMessageProducer.handleMessage(StreamMessageProducer.java:185)
	at org.eclipse.lsp4j.jsonrpc.json.StreamMessageProducer.listen(StreamMessageProducer.java:97)
	at org.eclipse.lsp4j.jsonrpc.json.ConcurrentMessageProcessor.run(ConcurrentMessageProcessor.java:114)
	at java.base/java.util.concurrent.Executors$RunnableAdapter.call(Executors.java:539)
	at java.base/java.util.concurrent.FutureTask.run(FutureTask.java:264)
	at java.base/java.util.concurrent.ThreadPoolExecutor.runWorker(ThreadPoolExecutor.java:1136)
	at java.base/java.util.concurrent.ThreadPoolExecutor$Worker.run(ThreadPoolExecutor.java:635)
	at java.base/java.lang.Thread.run(Thread.java:840)

Dec 22, 2025 10:17:59 AM org.eclipse.lsp4j.jsonrpc.RemoteEndpoint handleNotification
WARNING: Notification threw an exception: {
  "jsonrpc": "2.0",
  "method": "metals/didFocusTextDocument",
  "params": [
    "vscode-local:/c%3A/accelerator_projects/hw_spinal/validation/wrapper/FPGA_top/spinal_wrapper/Slicer.scala"
  ]
}
java.nio.file.FileSystemNotFoundException: Provider "vscode-local" not installed
	at java.base/java.nio.file.Path.of(Path.java:212)
	at java.base/java.nio.file.Paths.get(Paths.java:98)
	at scala.meta.internal.mtags.MtagsEnrichments$XtensionURIMtags.toAbsolutePath(MtagsEnrichments.scala:149)
	at scala.meta.internal.mtags.MtagsEnrichments$XtensionStringMtags.toAbsolutePath(MtagsEnrichments.scala:209)
	at scala.meta.internal.metals.MetalsEnrichments$XtensionString.toAbsolutePath(MetalsEnrichments.scala:778)
	at scala.meta.internal.metals.MetalsEnrichments$XtensionString.toAbsolutePath(MetalsEnrichments.scala:775)
	at scala.meta.internal.metals.WorkspaceLspService.didFocus(WorkspaceLspService.scala:789)
	at scala.meta.metals.lsp.DelegatingScalaService.didFocus(DelegatingScalaService.scala:42)
	at java.base/jdk.internal.reflect.NativeMethodAccessorImpl.invoke0(Native Method)
	at java.base/jdk.internal.reflect.NativeMethodAccessorImpl.invoke(NativeMethodAccessorImpl.java:77)
	at java.base/jdk.internal.reflect.DelegatingMethodAccessorImpl.invoke(DelegatingMethodAccessorImpl.java:43)
	at java.base/java.lang.reflect.Method.invoke(Method.java:569)
	at org.eclipse.lsp4j.jsonrpc.services.GenericEndpoint.lambda$recursiveFindRpcMethods$0(GenericEndpoint.java:65)
	at org.eclipse.lsp4j.jsonrpc.services.GenericEndpoint.notify(GenericEndpoint.java:160)
	at org.eclipse.lsp4j.jsonrpc.RemoteEndpoint.handleNotification(RemoteEndpoint.java:231)
	at org.eclipse.lsp4j.jsonrpc.RemoteEndpoint.consume(RemoteEndpoint.java:198)
	at org.eclipse.lsp4j.jsonrpc.json.StreamMessageProducer.handleMessage(StreamMessageProducer.java:185)
	at org.eclipse.lsp4j.jsonrpc.json.StreamMessageProducer.listen(StreamMessageProducer.java:97)
	at org.eclipse.lsp4j.jsonrpc.json.ConcurrentMessageProcessor.run(ConcurrentMessageProcessor.java:114)
	at java.base/java.util.concurrent.Executors$RunnableAdapter.call(Executors.java:539)
	at java.base/java.util.concurrent.FutureTask.run(FutureTask.java:264)
	at java.base/java.util.concurrent.ThreadPoolExecutor.runWorker(ThreadPoolExecutor.java:1136)
	at java.base/java.util.concurrent.ThreadPoolExecutor$Worker.run(ThreadPoolExecutor.java:635)
	at java.base/java.lang.Thread.run(Thread.java:840)

Dec 22, 2025 10:18:03 AM org.eclipse.lsp4j.jsonrpc.RemoteEndpoint handleNotification
WARNING: Notification threw an exception: {
  "jsonrpc": "2.0",
  "method": "metals/didFocusTextDocument",
  "params": [
    "git:/root/onnx_spinal_project_new/hw/spinal/Tiling/Slicer.scala?%7B%22path%22%3A%22%2Froot%2Fonnx_spinal_project_new%2Fhw%2Fspinal%2FTiling%2FSlicer.scala%22%2C%22ref%22%3A%2244fe2dac221ffdc4c4358ed1e810780595ae0dbc%22%7D"
  ]
}
java.nio.file.FileSystemNotFoundException: Provider "git" not installed
	at java.base/java.nio.file.Path.of(Path.java:212)
	at java.base/java.nio.file.Paths.get(Paths.java:98)
	at scala.meta.internal.mtags.MtagsEnrichments$XtensionURIMtags.toAbsolutePath(MtagsEnrichments.scala:149)
	at scala.meta.internal.mtags.MtagsEnrichments$XtensionStringMtags.toAbsolutePath(MtagsEnrichments.scala:209)
	at scala.meta.internal.metals.MetalsEnrichments$XtensionString.toAbsolutePath(MetalsEnrichments.scala:778)
	at scala.meta.internal.metals.MetalsEnrichments$XtensionString.toAbsolutePath(MetalsEnrichments.scala:775)
	at scala.meta.internal.metals.WorkspaceLspService.didFocus(WorkspaceLspService.scala:789)
	at scala.meta.metals.lsp.DelegatingScalaService.didFocus(DelegatingScalaService.scala:42)
	at java.base/jdk.internal.reflect.NativeMethodAccessorImpl.invoke0(Native Method)
	at java.base/jdk.internal.reflect.NativeMethodAccessorImpl.invoke(NativeMethodAccessorImpl.java:77)
	at java.base/jdk.internal.reflect.DelegatingMethodAccessorImpl.invoke(DelegatingMethodAccessorImpl.java:43)
	at java.base/java.lang.reflect.Method.invoke(Method.java:569)
	at org.eclipse.lsp4j.jsonrpc.services.GenericEndpoint.lambda$recursiveFindRpcMethods$0(GenericEndpoint.java:65)
	at org.eclipse.lsp4j.jsonrpc.services.GenericEndpoint.notify(GenericEndpoint.java:160)
	at org.eclipse.lsp4j.jsonrpc.RemoteEndpoint.handleNotification(RemoteEndpoint.java:231)
	at org.eclipse.lsp4j.jsonrpc.RemoteEndpoint.consume(RemoteEndpoint.java:198)
	at org.eclipse.lsp4j.jsonrpc.json.StreamMessageProducer.handleMessage(StreamMessageProducer.java:185)
	at org.eclipse.lsp4j.jsonrpc.json.StreamMessageProducer.listen(StreamMessageProducer.java:97)
	at org.eclipse.lsp4j.jsonrpc.json.ConcurrentMessageProcessor.run(ConcurrentMessageProcessor.java:114)
	at java.base/java.util.concurrent.Executors$RunnableAdapter.call(Executors.java:539)
	at java.base/java.util.concurrent.FutureTask.run(FutureTask.java:264)
	at java.base/java.util.concurrent.ThreadPoolExecutor.runWorker(ThreadPoolExecutor.java:1136)
	at java.base/java.util.concurrent.ThreadPoolExecutor$Worker.run(ThreadPoolExecutor.java:635)
	at java.base/java.lang.Thread.run(Thread.java:840)

Dec 22, 2025 10:18:05 AM org.eclipse.lsp4j.jsonrpc.RemoteEndpoint handleNotification
WARNING: Notification threw an exception: {
  "jsonrpc": "2.0",
  "method": "metals/didFocusTextDocument",
  "params": [
    "vscode-local:/c%3A/accelerator_projects/hw_spinal/validation/wrapper/FPGA_top/spinal_wrapper/Slicer.scala"
  ]
}
java.nio.file.FileSystemNotFoundException: Provider "vscode-local" not installed
	at java.base/java.nio.file.Path.of(Path.java:212)
	at java.base/java.nio.file.Paths.get(Paths.java:98)
	at scala.meta.internal.mtags.MtagsEnrichments$XtensionURIMtags.toAbsolutePath(MtagsEnrichments.scala:149)
	at scala.meta.internal.mtags.MtagsEnrichments$XtensionStringMtags.toAbsolutePath(MtagsEnrichments.scala:209)
	at scala.meta.internal.metals.MetalsEnrichments$XtensionString.toAbsolutePath(MetalsEnrichments.scala:778)
	at scala.meta.internal.metals.MetalsEnrichments$XtensionString.toAbsolutePath(MetalsEnrichments.scala:775)
	at scala.meta.internal.metals.WorkspaceLspService.didFocus(WorkspaceLspService.scala:789)
	at scala.meta.metals.lsp.DelegatingScalaService.didFocus(DelegatingScalaService.scala:42)
	at java.base/jdk.internal.reflect.NativeMethodAccessorImpl.invoke0(Native Method)
	at java.base/jdk.internal.reflect.NativeMethodAccessorImpl.invoke(NativeMethodAccessorImpl.java:77)
	at java.base/jdk.internal.reflect.DelegatingMethodAccessorImpl.invoke(DelegatingMethodAccessorImpl.java:43)
	at java.base/java.lang.reflect.Method.invoke(Method.java:569)
	at org.eclipse.lsp4j.jsonrpc.services.GenericEndpoint.lambda$recursiveFindRpcMethods$0(GenericEndpoint.java:65)
	at org.eclipse.lsp4j.jsonrpc.services.GenericEndpoint.notify(GenericEndpoint.java:160)
	at org.eclipse.lsp4j.jsonrpc.RemoteEndpoint.handleNotification(RemoteEndpoint.java:231)
	at org.eclipse.lsp4j.jsonrpc.RemoteEndpoint.consume(RemoteEndpoint.java:198)
	at org.eclipse.lsp4j.jsonrpc.json.StreamMessageProducer.handleMessage(StreamMessageProducer.java:185)
	at org.eclipse.lsp4j.jsonrpc.json.StreamMessageProducer.listen(StreamMessageProducer.java:97)
	at org.eclipse.lsp4j.jsonrpc.json.ConcurrentMessageProcessor.run(ConcurrentMessageProcessor.java:114)
	at java.base/java.util.concurrent.Executors$RunnableAdapter.call(Executors.java:539)
	at java.base/java.util.concurrent.FutureTask.run(FutureTask.java:264)
	at java.base/java.util.concurrent.ThreadPoolExecutor.runWorker(ThreadPoolExecutor.java:1136)
	at java.base/java.util.concurrent.ThreadPoolExecutor$Worker.run(ThreadPoolExecutor.java:635)
	at java.base/java.lang.Thread.run(Thread.java:840)

2025.12.22 10:25:44 INFO  Started: Metals version 1.6.4 in folders '/root/onnx_spinal_project_new' for client Visual Studio Code 1.107.0.
2025.12.22 10:25:47 WARN  Using H2 2.4.240 which is newer than the version Flyway has been verified with. The latest verified version of H2 is 2.3.232.
2025.12.22 10:25:47 INFO  no build target found for /root/onnx_spinal_project_new/hw/spinal/WrapForFPGA/WrapForFPGA.scala. Using presentation compiler with project's scala-library version: 3.3.6
2025.12.22 10:25:48 INFO  Attempting to connect to the build server...
2025.12.22 10:25:48 INFO  No running Bloop server found, starting one.
2025.12.22 10:25:49 INFO  Starting compilation server
2025.12.22 10:25:49 INFO  no build target found for /root/onnx_spinal_project_new/hw/spinal/Accelerator/Accelerator.scala. Using presentation compiler with project's scala-library version: 3.3.6
Dec 22, 2025 10:25:49 AM org.eclipse.lsp4j.jsonrpc.RemoteEndpoint handleCancellation
WARNING: Unmatched cancel notification for request id 3
Dec 22, 2025 10:25:49 AM org.eclipse.lsp4j.jsonrpc.RemoteEndpoint handleCancellation
WARNING: Unmatched cancel notification for request id 4
2025.12.22 10:25:49 INFO  no build target found for /root/onnx_spinal_project_new/hw/spinal/WrapForFPGA/WrapForFPGA.scala. Using presentation compiler with project's scala-library version: 3.3.6
2025.12.22 10:25:49 INFO  no build target found for /root/onnx_spinal_project_new/hw/spinal/Accelerator/Accelerator.scala. Using presentation compiler with project's scala-library version: 3.3.6
2025.12.22 10:25:49 INFO  no build target found for /root/onnx_spinal_project_new/hw/spinal/WrapForFPGA/WrapForFPGA.scala. Using presentation compiler with project's scala-library version: 3.3.6
2025.12.22 10:25:49 INFO  no build target found for /root/onnx_spinal_project_new/hw/spinal/Accelerator/Accelerator.scala. Using presentation compiler with project's scala-library version: 3.3.6
2025.12.22 10:25:49 INFO  no build target found for /root/onnx_spinal_project_new/hw/spinal/WrapForFPGA/WrapForFPGA.scala. Using presentation compiler with project's scala-library version: 3.3.6
2025.12.22 10:25:49 INFO  no build target found for /root/onnx_spinal_project_new/hw/spinal/Accelerator/Accelerator.scala. Using presentation compiler with project's scala-library version: 3.3.6
Dec 22, 2025 10:25:50 AM org.eclipse.lsp4j.jsonrpc.RemoteEndpoint handleCancellation
WARNING: Unmatched cancel notification for request id 11
Dec 22, 2025 10:25:50 AM org.eclipse.lsp4j.jsonrpc.RemoteEndpoint handleCancellation
WARNING: Unmatched cancel notification for request id 12
Dec 22, 2025 10:25:50 AM org.eclipse.lsp4j.jsonrpc.RemoteEndpoint handleCancellation
WARNING: Unmatched cancel notification for request id 13
Dec 22, 2025 10:25:50 AM org.eclipse.lsp4j.jsonrpc.RemoteEndpoint handleCancellation
WARNING: Unmatched cancel notification for request id 14
2025.12.22 10:25:50 INFO  no build target found for /root/onnx_spinal_project_new/hw/spinal/WrapForFPGA/WrapForFPGA.scala. Using presentation compiler with project's scala-library version: 3.3.6
2025.12.22 10:25:50 INFO  no build target found for /root/onnx_spinal_project_new/hw/spinal/Accelerator/Accelerator.scala. Using presentation compiler with project's scala-library version: 3.3.6
Dec 22, 2025 10:25:50 AM org.eclipse.lsp4j.jsonrpc.RemoteEndpoint handleCancellation
WARNING: Unmatched cancel notification for request id 5
2025.12.22 10:25:50 INFO  tracing is disabled for protocol BSP, to enable tracing of incoming and outgoing JSON messages create an empty file at /root/onnx_spinal_project_new/.metals/bsp.trace.json or /root/.cache/metals/bsp.trace.json
2025.12.22 10:25:51 INFO  Attempting to connect to the build server...
2025.12.22 10:25:51 INFO  Found a Bloop server running
2025.12.22 10:25:51 INFO  Attempting to connect to the build server...
2025.12.22 10:25:51 INFO  Found a Bloop server running
2025.12.22 10:25:51 INFO  tracing is disabled for protocol BSP, to enable tracing of incoming and outgoing JSON messages create an empty file at /root/onnx_spinal_project_new/project/project/.metals/bsp.trace.json or /root/.cache/metals/bsp.trace.json
2025.12.22 10:25:51 INFO  tracing is disabled for protocol BSP, to enable tracing of incoming and outgoing JSON messages create an empty file at /root/onnx_spinal_project_new/project/.metals/bsp.trace.json or /root/.cache/metals/bsp.trace.json
2025.12.22 10:25:54 INFO  time: Connected to build server in 6.25s
2025.12.22 10:25:54 INFO  Connected to Build server: Bloop v2.0.17
2025.12.22 10:25:54 INFO  time: Imported build in 0.16s
2025.12.22 10:25:54 WARN  2.12.15 is no longer supported in the current Metals versions, using the last known supported version 1.3.3
2025.12.22 10:25:54 WARN  2.13.14 is no longer supported in the current Metals versions, using the last known supported version 1.6.3
2025.12.22 10:25:56 INFO  QDox parse error in file:///root/onnx_spinal_project_new/sw/java/test/java/org/forwarder/backend/impls/dl4j/opsets/aiOnnx/v13/ops/DL4JCastV13Test.java (full report at: "/root/onnx_spinal_project_new/.metals/.reports/metals-full/2025-12-01/r_qdox-error_(Onnx_5fSpinalHDL-test)_13-08-59-057.md")
2025.12.22 10:25:57 WARN  Could not find java sources in /usr/lib/jvm/src.zip, /usr/lib/jvm/lib/src.zip, /usr/lib/jvm/java-17-openjdk/src.zip, /usr/lib/jvm/java-17-openjdk/lib/src.zip, /usr/lib/jvm/src.zip, /usr/lib/jvm/lib/src.zip, /usr/lib/jvm/java-17-openjdk-17.0.14.0.7-2.el9.x86_64/src.zip, /usr/lib/jvm/java-17-openjdk-17.0.14.0.7-2.el9.x86_64/lib/src.zip. Java symbols will not be available.
2025.12.22 10:25:58 INFO  time: indexed workspace in 4.01s
Dec 22, 2025 10:33:10 AM org.eclipse.lsp4j.jsonrpc.RemoteEndpoint handleNotification
WARNING: Notification threw an exception: {
  "jsonrpc": "2.0",
  "method": "metals/didFocusTextDocument",
  "params": [
    "vscode-local:/c%3A/accelerator_projects/hw_spinal/validation/wrapper/FPGA_top/spinal_wrapper/tb_Slicer.scala"
  ]
}
java.nio.file.FileSystemNotFoundException: Provider "vscode-local" not installed
	at java.base/java.nio.file.Path.of(Path.java:212)
	at java.base/java.nio.file.Paths.get(Paths.java:98)
	at scala.meta.internal.mtags.MtagsEnrichments$XtensionURIMtags.toAbsolutePath(MtagsEnrichments.scala:149)
	at scala.meta.internal.mtags.MtagsEnrichments$XtensionStringMtags.toAbsolutePath(MtagsEnrichments.scala:209)
	at scala.meta.internal.metals.MetalsEnrichments$XtensionString.toAbsolutePath(MetalsEnrichments.scala:778)
	at scala.meta.internal.metals.MetalsEnrichments$XtensionString.toAbsolutePath(MetalsEnrichments.scala:775)
	at scala.meta.internal.metals.WorkspaceLspService.didFocus(WorkspaceLspService.scala:789)
	at scala.meta.metals.lsp.DelegatingScalaService.didFocus(DelegatingScalaService.scala:42)
	at java.base/jdk.internal.reflect.NativeMethodAccessorImpl.invoke0(Native Method)
	at java.base/jdk.internal.reflect.NativeMethodAccessorImpl.invoke(NativeMethodAccessorImpl.java:77)
	at java.base/jdk.internal.reflect.DelegatingMethodAccessorImpl.invoke(DelegatingMethodAccessorImpl.java:43)
	at java.base/java.lang.reflect.Method.invoke(Method.java:569)
	at org.eclipse.lsp4j.jsonrpc.services.GenericEndpoint.lambda$recursiveFindRpcMethods$0(GenericEndpoint.java:65)
	at org.eclipse.lsp4j.jsonrpc.services.GenericEndpoint.notify(GenericEndpoint.java:160)
	at org.eclipse.lsp4j.jsonrpc.RemoteEndpoint.handleNotification(RemoteEndpoint.java:231)
	at org.eclipse.lsp4j.jsonrpc.RemoteEndpoint.consume(RemoteEndpoint.java:198)
	at org.eclipse.lsp4j.jsonrpc.json.StreamMessageProducer.handleMessage(StreamMessageProducer.java:185)
	at org.eclipse.lsp4j.jsonrpc.json.StreamMessageProducer.listen(StreamMessageProducer.java:97)
	at org.eclipse.lsp4j.jsonrpc.json.ConcurrentMessageProcessor.run(ConcurrentMessageProcessor.java:114)
	at java.base/java.util.concurrent.Executors$RunnableAdapter.call(Executors.java:539)
	at java.base/java.util.concurrent.FutureTask.run(FutureTask.java:264)
	at java.base/java.util.concurrent.ThreadPoolExecutor.runWorker(ThreadPoolExecutor.java:1136)
	at java.base/java.util.concurrent.ThreadPoolExecutor$Worker.run(ThreadPoolExecutor.java:635)
	at java.base/java.lang.Thread.run(Thread.java:840)

2025.12.22 10:38:22 INFO  compiling onnx_spinalhdl (1 scala source)
2025.12.22 10:38:24 INFO  time: compiled Onnx_SpinalHDL in 2.79s
2025.12.22 10:39:00 INFO  compiling onnx_spinalhdl (1 scala source)
2025.12.22 10:39:00 INFO  time: compiled Onnx_SpinalHDL in 0.88s
2025.12.22 10:39:02 INFO  compiling onnx_spinalhdl (1 scala source)
2025.12.22 10:39:05 INFO  time: compiled Onnx_SpinalHDL in 3.43s
Dec 22, 2025 10:39:32 AM org.eclipse.lsp4j.jsonrpc.services.GenericEndpoint notify
INFO: Unsupported notification method: $/setTrace
2025.12.22 10:53:35 INFO  compiling onnx_spinalhdl (1 scala source)
2025.12.22 10:53:37 INFO  time: compiled Onnx_SpinalHDL in 2.31s
Dec 22, 2025 11:17:50 AM org.eclipse.lsp4j.jsonrpc.RemoteEndpoint handleNotification
WARNING: Notification threw an exception: {
  "jsonrpc": "2.0",
  "method": "metals/didFocusTextDocument",
  "params": [
    "vscode-local:/c%3A/accelerator_projects/hw_spinal/validation/wrapper/FPGA_top/spinal_wrapper/tb_WrapForFPGA.scala"
  ]
}
java.nio.file.FileSystemNotFoundException: Provider "vscode-local" not installed
	at java.base/java.nio.file.Path.of(Path.java:212)
	at java.base/java.nio.file.Paths.get(Paths.java:98)
	at scala.meta.internal.mtags.MtagsEnrichments$XtensionURIMtags.toAbsolutePath(MtagsEnrichments.scala:149)
	at scala.meta.internal.mtags.MtagsEnrichments$XtensionStringMtags.toAbsolutePath(MtagsEnrichments.scala:209)
	at scala.meta.internal.metals.MetalsEnrichments$XtensionString.toAbsolutePath(MetalsEnrichments.scala:778)
	at scala.meta.internal.metals.MetalsEnrichments$XtensionString.toAbsolutePath(MetalsEnrichments.scala:775)
	at scala.meta.internal.metals.WorkspaceLspService.didFocus(WorkspaceLspService.scala:789)
	at scala.meta.metals.lsp.DelegatingScalaService.didFocus(DelegatingScalaService.scala:42)
	at java.base/jdk.internal.reflect.NativeMethodAccessorImpl.invoke0(Native Method)
	at java.base/jdk.internal.reflect.NativeMethodAccessorImpl.invoke(NativeMethodAccessorImpl.java:77)
	at java.base/jdk.internal.reflect.DelegatingMethodAccessorImpl.invoke(DelegatingMethodAccessorImpl.java:43)
	at java.base/java.lang.reflect.Method.invoke(Method.java:569)
	at org.eclipse.lsp4j.jsonrpc.services.GenericEndpoint.lambda$recursiveFindRpcMethods$0(GenericEndpoint.java:65)
	at org.eclipse.lsp4j.jsonrpc.services.GenericEndpoint.notify(GenericEndpoint.java:160)
	at org.eclipse.lsp4j.jsonrpc.RemoteEndpoint.handleNotification(RemoteEndpoint.java:231)
	at org.eclipse.lsp4j.jsonrpc.RemoteEndpoint.consume(RemoteEndpoint.java:198)
	at org.eclipse.lsp4j.jsonrpc.json.StreamMessageProducer.handleMessage(StreamMessageProducer.java:185)
	at org.eclipse.lsp4j.jsonrpc.json.StreamMessageProducer.listen(StreamMessageProducer.java:97)
	at org.eclipse.lsp4j.jsonrpc.json.ConcurrentMessageProcessor.run(ConcurrentMessageProcessor.java:114)
	at java.base/java.util.concurrent.Executors$RunnableAdapter.call(Executors.java:539)
	at java.base/java.util.concurrent.FutureTask.run(FutureTask.java:264)
	at java.base/java.util.concurrent.ThreadPoolExecutor.runWorker(ThreadPoolExecutor.java:1136)
	at java.base/java.util.concurrent.ThreadPoolExecutor$Worker.run(ThreadPoolExecutor.java:635)
	at java.base/java.lang.Thread.run(Thread.java:840)

Dec 22, 2025 11:17:58 AM org.eclipse.lsp4j.jsonrpc.RemoteEndpoint handleNotification
WARNING: Notification threw an exception: {
  "jsonrpc": "2.0",
  "method": "metals/didFocusTextDocument",
  "params": [
    "vscode-local:/c%3A/accelerator_projects/hw_spinal/validation/wrapper/FPGA_top/spinal_wrapper/tb_WrapForFPGA.scala"
  ]
}
java.nio.file.FileSystemNotFoundException: Provider "vscode-local" not installed
	at java.base/java.nio.file.Path.of(Path.java:212)
	at java.base/java.nio.file.Paths.get(Paths.java:98)
	at scala.meta.internal.mtags.MtagsEnrichments$XtensionURIMtags.toAbsolutePath(MtagsEnrichments.scala:149)
	at scala.meta.internal.mtags.MtagsEnrichments$XtensionStringMtags.toAbsolutePath(MtagsEnrichments.scala:209)
	at scala.meta.internal.metals.MetalsEnrichments$XtensionString.toAbsolutePath(MetalsEnrichments.scala:778)
	at scala.meta.internal.metals.MetalsEnrichments$XtensionString.toAbsolutePath(MetalsEnrichments.scala:775)
	at scala.meta.internal.metals.WorkspaceLspService.didFocus(WorkspaceLspService.scala:789)
	at scala.meta.metals.lsp.DelegatingScalaService.didFocus(DelegatingScalaService.scala:42)
	at java.base/jdk.internal.reflect.NativeMethodAccessorImpl.invoke0(Native Method)
	at java.base/jdk.internal.reflect.NativeMethodAccessorImpl.invoke(NativeMethodAccessorImpl.java:77)
	at java.base/jdk.internal.reflect.DelegatingMethodAccessorImpl.invoke(DelegatingMethodAccessorImpl.java:43)
	at java.base/java.lang.reflect.Method.invoke(Method.java:569)
	at org.eclipse.lsp4j.jsonrpc.services.GenericEndpoint.lambda$recursiveFindRpcMethods$0(GenericEndpoint.java:65)
	at org.eclipse.lsp4j.jsonrpc.services.GenericEndpoint.notify(GenericEndpoint.java:160)
	at org.eclipse.lsp4j.jsonrpc.RemoteEndpoint.handleNotification(RemoteEndpoint.java:231)
	at org.eclipse.lsp4j.jsonrpc.RemoteEndpoint.consume(RemoteEndpoint.java:198)
	at org.eclipse.lsp4j.jsonrpc.json.StreamMessageProducer.handleMessage(StreamMessageProducer.java:185)
	at org.eclipse.lsp4j.jsonrpc.json.StreamMessageProducer.listen(StreamMessageProducer.java:97)
	at org.eclipse.lsp4j.jsonrpc.json.ConcurrentMessageProcessor.run(ConcurrentMessageProcessor.java:114)
	at java.base/java.util.concurrent.Executors$RunnableAdapter.call(Executors.java:539)
	at java.base/java.util.concurrent.FutureTask.run(FutureTask.java:264)
	at java.base/java.util.concurrent.ThreadPoolExecutor.runWorker(ThreadPoolExecutor.java:1136)
	at java.base/java.util.concurrent.ThreadPoolExecutor$Worker.run(ThreadPoolExecutor.java:635)
	at java.base/java.lang.Thread.run(Thread.java:840)

Dec 22, 2025 11:22:20 AM org.eclipse.lsp4j.jsonrpc.RemoteEndpoint fallbackResponseError
SEVERE: Internal error: Provider "vscode-local" not installed
java.nio.file.FileSystemNotFoundException: Provider "vscode-local" not installed
	at java.base/java.nio.file.Path.of(Path.java:212)
	at java.base/java.nio.file.Paths.get(Paths.java:98)
	at scala.meta.internal.mtags.MtagsEnrichments$XtensionURIMtags.toAbsolutePath(MtagsEnrichments.scala:149)
	at scala.meta.internal.mtags.MtagsEnrichments$XtensionStringMtags.toAbsolutePath(MtagsEnrichments.scala:209)
	at scala.meta.internal.metals.MetalsEnrichments$XtensionString.toAbsolutePath(MetalsEnrichments.scala:778)
	at scala.meta.internal.metals.MetalsEnrichments$XtensionString.toAbsolutePath(MetalsEnrichments.scala:775)
	at scala.meta.internal.metals.MetalsPasteProvider.didPaste(MetalsPasteProvider.scala:29)
	at scala.meta.internal.metals.MetalsLspService.didPaste(MetalsLspService.scala:1277)
	at scala.meta.internal.metals.WorkspaceLspService.executeCommand(WorkspaceLspService.scala:1244)
	at scala.meta.metals.lsp.DelegatingScalaService.executeCommand(DelegatingScalaService.scala:169)
	at java.base/jdk.internal.reflect.NativeMethodAccessorImpl.invoke0(Native Method)
	at java.base/jdk.internal.reflect.NativeMethodAccessorImpl.invoke(NativeMethodAccessorImpl.java:77)
	at java.base/jdk.internal.reflect.DelegatingMethodAccessorImpl.invoke(DelegatingMethodAccessorImpl.java:43)
	at java.base/java.lang.reflect.Method.invoke(Method.java:569)
	at org.eclipse.lsp4j.jsonrpc.services.GenericEndpoint.lambda$recursiveFindRpcMethods$0(GenericEndpoint.java:65)
	at org.eclipse.lsp4j.jsonrpc.services.GenericEndpoint.request(GenericEndpoint.java:128)
	at org.eclipse.lsp4j.jsonrpc.RemoteEndpoint.handleRequest(RemoteEndpoint.java:271)
	at org.eclipse.lsp4j.jsonrpc.RemoteEndpoint.consume(RemoteEndpoint.java:201)
	at org.eclipse.lsp4j.jsonrpc.json.StreamMessageProducer.handleMessage(StreamMessageProducer.java:185)
	at org.eclipse.lsp4j.jsonrpc.json.StreamMessageProducer.listen(StreamMessageProducer.java:97)
	at org.eclipse.lsp4j.jsonrpc.json.ConcurrentMessageProcessor.run(ConcurrentMessageProcessor.java:114)
	at java.base/java.util.concurrent.Executors$RunnableAdapter.call(Executors.java:539)
	at java.base/java.util.concurrent.FutureTask.run(FutureTask.java:264)
	at java.base/java.util.concurrent.ThreadPoolExecutor.runWorker(ThreadPoolExecutor.java:1136)
	at java.base/java.util.concurrent.ThreadPoolExecutor$Worker.run(ThreadPoolExecutor.java:635)
	at java.base/java.lang.Thread.run(Thread.java:840)

Dec 22, 2025 11:26:45 AM org.eclipse.lsp4j.jsonrpc.RemoteEndpoint fallbackResponseError
SEVERE: Internal error: Provider "vscode-local" not installed
java.nio.file.FileSystemNotFoundException: Provider "vscode-local" not installed
	at java.base/java.nio.file.Path.of(Path.java:212)
	at java.base/java.nio.file.Paths.get(Paths.java:98)
	at scala.meta.internal.mtags.MtagsEnrichments$XtensionURIMtags.toAbsolutePath(MtagsEnrichments.scala:149)
	at scala.meta.internal.mtags.MtagsEnrichments$XtensionStringMtags.toAbsolutePath(MtagsEnrichments.scala:209)
	at scala.meta.internal.metals.MetalsEnrichments$XtensionString.toAbsolutePath(MetalsEnrichments.scala:778)
	at scala.meta.internal.metals.MetalsEnrichments$XtensionString.toAbsolutePath(MetalsEnrichments.scala:775)
	at scala.meta.internal.metals.WorkspaceLspService.executeCommand(WorkspaceLspService.scala:1243)
	at scala.meta.metals.lsp.DelegatingScalaService.executeCommand(DelegatingScalaService.scala:169)
	at java.base/jdk.internal.reflect.NativeMethodAccessorImpl.invoke0(Native Method)
	at java.base/jdk.internal.reflect.NativeMethodAccessorImpl.invoke(NativeMethodAccessorImpl.java:77)
	at java.base/jdk.internal.reflect.DelegatingMethodAccessorImpl.invoke(DelegatingMethodAccessorImpl.java:43)
	at java.base/java.lang.reflect.Method.invoke(Method.java:569)
	at org.eclipse.lsp4j.jsonrpc.services.GenericEndpoint.lambda$recursiveFindRpcMethods$0(GenericEndpoint.java:65)
	at org.eclipse.lsp4j.jsonrpc.services.GenericEndpoint.request(GenericEndpoint.java:128)
	at org.eclipse.lsp4j.jsonrpc.RemoteEndpoint.handleRequest(RemoteEndpoint.java:271)
	at org.eclipse.lsp4j.jsonrpc.RemoteEndpoint.consume(RemoteEndpoint.java:201)
	at org.eclipse.lsp4j.jsonrpc.json.StreamMessageProducer.handleMessage(StreamMessageProducer.java:185)
	at org.eclipse.lsp4j.jsonrpc.json.StreamMessageProducer.listen(StreamMessageProducer.java:97)
	at org.eclipse.lsp4j.jsonrpc.json.ConcurrentMessageProcessor.run(ConcurrentMessageProcessor.java:114)
	at java.base/java.util.concurrent.Executors$RunnableAdapter.call(Executors.java:539)
	at java.base/java.util.concurrent.FutureTask.run(FutureTask.java:264)
	at java.base/java.util.concurrent.ThreadPoolExecutor.runWorker(ThreadPoolExecutor.java:1136)
	at java.base/java.util.concurrent.ThreadPoolExecutor$Worker.run(ThreadPoolExecutor.java:635)
	at java.base/java.lang.Thread.run(Thread.java:840)

2025.12.22 11:27:41 INFO  running '/root/.local/share/coursier/bin/sbt -Dbloop.export-jar-classifiers=sources bloopInstall'
2025.12.22 11:27:43 INFO  [info] welcome to sbt 1.6.0 (Red Hat, Inc. Java 17.0.14)
2025.12.22 11:27:43 INFO  [info] loading settings for project onnx_spinal_project_new-build-build-build from metals.sbt ...
2025.12.22 11:27:44 INFO  [info] loading project definition from /root/onnx_spinal_project_new/project/project/project
2025.12.22 11:27:44 INFO  [info] loading settings for project onnx_spinal_project_new-build-build from metals.sbt ...
2025.12.22 11:27:44 INFO  [info] loading project definition from /root/onnx_spinal_project_new/project/project
2025.12.22 11:27:46 INFO  [success] Generated .bloop/onnx_spinal_project_new-build-build.json
2025.12.22 11:27:46 INFO  [success] Total time: 1 s, completed Dec 22, 2025, 11:27:46 AM
2025.12.22 11:27:46 INFO  [info] loading settings for project onnx_spinal_project_new-build from metals.sbt,plugins.sbt ...
2025.12.22 11:27:46 INFO  [info] loading project definition from /root/onnx_spinal_project_new/project
2025.12.22 11:27:46 INFO  [success] Generated .bloop/onnx_spinal_project_new-build.json
2025.12.22 11:27:46 INFO  [success] Total time: 0 s, completed Dec 22, 2025, 11:27:47 AM
2025.12.22 11:27:46 INFO  [info] loading settings for project Onnx_SpinalHDL from build.sbt ...
2025.12.22 11:27:47 INFO  [info] set current project to Onnx_SpinalHDL (in build file:/root/onnx_spinal_project_new/)
2025.12.22 11:27:47 INFO  [success] Generated .bloop/Onnx_SpinalHDL.json
2025.12.22 11:27:47 INFO  [success] Generated .bloop/Onnx_SpinalHDL-test.json
2025.12.22 11:27:47 INFO  [success] Total time: 0 s, completed Dec 22, 2025, 11:27:47 AM
2025.12.22 11:27:48 INFO  time: ran 'sbt bloopInstall' in 6.69s
2025.12.22 11:27:48 INFO  Disconnecting from Bloop session...
2025.12.22 11:27:48 INFO  Shut down connection with build server.
2025.12.22 11:27:48 INFO  Shut down connection with build server.
2025.12.22 11:27:48 INFO  Shut down connection with build server.
2025.12.22 11:27:48 INFO  Attempting to connect to the build server...
2025.12.22 11:27:48 INFO  Found a Bloop server running
2025.12.22 11:27:48 INFO  tracing is disabled for protocol BSP, to enable tracing of incoming and outgoing JSON messages create an empty file at /root/onnx_spinal_project_new/.metals/bsp.trace.json or /root/.cache/metals/bsp.trace.json
2025.12.22 11:27:48 INFO  Attempting to connect to the build server...
2025.12.22 11:27:48 INFO  Found a Bloop server running
2025.12.22 11:27:48 INFO  Attempting to connect to the build server...
2025.12.22 11:27:48 INFO  Found a Bloop server running
2025.12.22 11:27:48 INFO  tracing is disabled for protocol BSP, to enable tracing of incoming and outgoing JSON messages create an empty file at /root/onnx_spinal_project_new/project/.metals/bsp.trace.json or /root/.cache/metals/bsp.trace.json
2025.12.22 11:27:48 INFO  tracing is disabled for protocol BSP, to enable tracing of incoming and outgoing JSON messages create an empty file at /root/onnx_spinal_project_new/project/project/.metals/bsp.trace.json or /root/.cache/metals/bsp.trace.json
2025.12.22 11:27:48 INFO  time: Connected to build server in 0.23s
2025.12.22 11:27:48 INFO  Connected to Build server: Bloop v2.0.17
2025.12.22 11:27:50 INFO  QDox parse error in file:///root/onnx_spinal_project_new/sw/java/test/java/org/forwarder/backend/impls/dl4j/opsets/aiOnnx/v13/ops/DL4JCastV13Test.java (full report at: "/root/onnx_spinal_project_new/.metals/.reports/metals-full/2025-12-01/r_qdox-error_(Onnx_5fSpinalHDL-test)_13-08-59-057.md")
2025.12.22 11:27:50 WARN  Could not find java sources in /usr/lib/jvm/src.zip, /usr/lib/jvm/lib/src.zip, /usr/lib/jvm/java-17-openjdk/src.zip, /usr/lib/jvm/java-17-openjdk/lib/src.zip, /usr/lib/jvm/src.zip, /usr/lib/jvm/lib/src.zip, /usr/lib/jvm/java-17-openjdk-17.0.14.0.7-2.el9.x86_64/src.zip, /usr/lib/jvm/java-17-openjdk-17.0.14.0.7-2.el9.x86_64/lib/src.zip. Java symbols will not be available.
2025.12.22 11:27:50 INFO  time: indexed workspace in 2.24s
Dec 22, 2025 11:28:45 AM org.eclipse.lsp4j.jsonrpc.RemoteEndpoint fallbackResponseError
SEVERE: Internal error: Provider "vscode-local" not installed
java.nio.file.FileSystemNotFoundException: Provider "vscode-local" not installed
	at java.base/java.nio.file.Path.of(Path.java:212)
	at java.base/java.nio.file.Paths.get(Paths.java:98)
	at scala.meta.internal.mtags.MtagsEnrichments$XtensionURIMtags.toAbsolutePath(MtagsEnrichments.scala:149)
	at scala.meta.internal.mtags.MtagsEnrichments$XtensionStringMtags.toAbsolutePath(MtagsEnrichments.scala:209)
	at scala.meta.internal.metals.MetalsEnrichments$XtensionString.toAbsolutePath(MetalsEnrichments.scala:778)
	at scala.meta.internal.metals.MetalsEnrichments$XtensionString.toAbsolutePath(MetalsEnrichments.scala:775)
	at scala.meta.internal.metals.WorkspaceLspService.executeCommand(WorkspaceLspService.scala:1243)
	at scala.meta.metals.lsp.DelegatingScalaService.executeCommand(DelegatingScalaService.scala:169)
	at java.base/jdk.internal.reflect.NativeMethodAccessorImpl.invoke0(Native Method)
	at java.base/jdk.internal.reflect.NativeMethodAccessorImpl.invoke(NativeMethodAccessorImpl.java:77)
	at java.base/jdk.internal.reflect.DelegatingMethodAccessorImpl.invoke(DelegatingMethodAccessorImpl.java:43)
	at java.base/java.lang.reflect.Method.invoke(Method.java:569)
	at org.eclipse.lsp4j.jsonrpc.services.GenericEndpoint.lambda$recursiveFindRpcMethods$0(GenericEndpoint.java:65)
	at org.eclipse.lsp4j.jsonrpc.services.GenericEndpoint.request(GenericEndpoint.java:128)
	at org.eclipse.lsp4j.jsonrpc.RemoteEndpoint.handleRequest(RemoteEndpoint.java:271)
	at org.eclipse.lsp4j.jsonrpc.RemoteEndpoint.consume(RemoteEndpoint.java:201)
	at org.eclipse.lsp4j.jsonrpc.json.StreamMessageProducer.handleMessage(StreamMessageProducer.java:185)
	at org.eclipse.lsp4j.jsonrpc.json.StreamMessageProducer.listen(StreamMessageProducer.java:97)
	at org.eclipse.lsp4j.jsonrpc.json.ConcurrentMessageProcessor.run(ConcurrentMessageProcessor.java:114)
	at java.base/java.util.concurrent.Executors$RunnableAdapter.call(Executors.java:539)
	at java.base/java.util.concurrent.FutureTask.run(FutureTask.java:264)
	at java.base/java.util.concurrent.ThreadPoolExecutor.runWorker(ThreadPoolExecutor.java:1136)
	at java.base/java.util.concurrent.ThreadPoolExecutor$Worker.run(ThreadPoolExecutor.java:635)
	at java.base/java.lang.Thread.run(Thread.java:840)

2025.12.22 11:28:47 INFO  compiling onnx_spinalhdl (1 scala source)
2025.12.22 11:28:48 INFO  time: compiled Onnx_SpinalHDL in 1.6s
Dec 22, 2025 11:40:35 AM org.eclipse.lsp4j.jsonrpc.RemoteEndpoint handleNotification
WARNING: Notification threw an exception: {
  "jsonrpc": "2.0",
  "method": "metals/didFocusTextDocument",
  "params": [
    "vscode-local:/c%3A/accelerator_projects/hw_spinal/validation/wrapper/FPGA_top/spinal_wrapper/InstrAxi4LiteToStream.scala"
  ]
}
java.nio.file.FileSystemNotFoundException: Provider "vscode-local" not installed
	at java.base/java.nio.file.Path.of(Path.java:212)
	at java.base/java.nio.file.Paths.get(Paths.java:98)
	at scala.meta.internal.mtags.MtagsEnrichments$XtensionURIMtags.toAbsolutePath(MtagsEnrichments.scala:149)
	at scala.meta.internal.mtags.MtagsEnrichments$XtensionStringMtags.toAbsolutePath(MtagsEnrichments.scala:209)
	at scala.meta.internal.metals.MetalsEnrichments$XtensionString.toAbsolutePath(MetalsEnrichments.scala:778)
	at scala.meta.internal.metals.MetalsEnrichments$XtensionString.toAbsolutePath(MetalsEnrichments.scala:775)
	at scala.meta.internal.metals.WorkspaceLspService.didFocus(WorkspaceLspService.scala:789)
	at scala.meta.metals.lsp.DelegatingScalaService.didFocus(DelegatingScalaService.scala:42)
	at java.base/jdk.internal.reflect.NativeMethodAccessorImpl.invoke0(Native Method)
	at java.base/jdk.internal.reflect.NativeMethodAccessorImpl.invoke(NativeMethodAccessorImpl.java:77)
	at java.base/jdk.internal.reflect.DelegatingMethodAccessorImpl.invoke(DelegatingMethodAccessorImpl.java:43)
	at java.base/java.lang.reflect.Method.invoke(Method.java:569)
	at org.eclipse.lsp4j.jsonrpc.services.GenericEndpoint.lambda$recursiveFindRpcMethods$0(GenericEndpoint.java:65)
	at org.eclipse.lsp4j.jsonrpc.services.GenericEndpoint.notify(GenericEndpoint.java:160)
	at org.eclipse.lsp4j.jsonrpc.RemoteEndpoint.handleNotification(RemoteEndpoint.java:231)
	at org.eclipse.lsp4j.jsonrpc.RemoteEndpoint.consume(RemoteEndpoint.java:198)
	at org.eclipse.lsp4j.jsonrpc.json.StreamMessageProducer.handleMessage(StreamMessageProducer.java:185)
	at org.eclipse.lsp4j.jsonrpc.json.StreamMessageProducer.listen(StreamMessageProducer.java:97)
	at org.eclipse.lsp4j.jsonrpc.json.ConcurrentMessageProcessor.run(ConcurrentMessageProcessor.java:114)
	at java.base/java.util.concurrent.Executors$RunnableAdapter.call(Executors.java:539)
	at java.base/java.util.concurrent.FutureTask.run(FutureTask.java:264)
	at java.base/java.util.concurrent.ThreadPoolExecutor.runWorker(ThreadPoolExecutor.java:1136)
	at java.base/java.util.concurrent.ThreadPoolExecutor$Worker.run(ThreadPoolExecutor.java:635)
	at java.base/java.lang.Thread.run(Thread.java:840)

2025.12.22 11:48:13 INFO  compiling onnx_spinalhdl (1 scala source)
2025.12.22 11:48:15 INFO  time: compiled Onnx_SpinalHDL in 2.01s
2025.12.22 11:48:43 INFO  compiling onnx_spinalhdl (1 scala source)
2025.12.22 11:48:44 INFO  time: compiled Onnx_SpinalHDL in 1.23s
2025.12.22 11:50:30 INFO  compiling onnx_spinalhdl (1 scala source)
2025.12.22 11:50:31 INFO  time: compiled Onnx_SpinalHDL in 1.06s
2025.12.22 11:52:55 INFO  compiling onnx_spinalhdl (1 scala source)
2025.12.22 11:52:56 INFO  time: compiled Onnx_SpinalHDL in 1.18s
Dec 22, 2025 12:03:11 PM org.eclipse.lsp4j.jsonrpc.services.GenericEndpoint notify
INFO: Unsupported notification method: $/setTrace
2026.01.26 05:35:37 INFO  Started: Metals version 1.6.4 in folders '/root/onnx_spinal_project_new' for client Visual Studio Code 1.107.1.
2026.01.26 05:35:42 WARN  Using H2 2.4.240 which is newer than the version Flyway has been verified with. The latest verified version of H2 is 2.3.232.
2026.01.26 05:35:42 INFO  no build target found for /root/onnx_spinal_project_new/hw/spinal/WrapForFPGA/InstrAxi4LiteToStream.scala. Using presentation compiler with project's scala-library version: 3.3.6
2026.01.26 05:35:42 INFO  Attempting to connect to the build server...
2026.01.26 05:35:42 INFO  No running Bloop server found, starting one.
2026.01.26 05:35:43 INFO  Starting compilation server
2026.01.26 05:35:44 INFO  no build target found for /root/onnx_spinal_project_new/hw/spinal/Accelerator/Accelerator.scala. Using presentation compiler with project's scala-library version: 3.3.6
2026.01.26 05:35:44 INFO  no build target found for /root/onnx_spinal_project_new/hw/spinal/WrapForFPGA/InstrAxi4LiteToStream.scala. Using presentation compiler with project's scala-library version: 3.3.6
2026.01.26 05:35:44 INFO  no build target found for /root/onnx_spinal_project_new/hw/spinal/Accelerator/Accelerator.scala. Using presentation compiler with project's scala-library version: 3.3.6
Jan 26, 2026 5:35:44 AM org.eclipse.lsp4j.jsonrpc.RemoteEndpoint handleCancellation
WARNING: Unmatched cancel notification for request id 5
Jan 26, 2026 5:35:44 AM org.eclipse.lsp4j.jsonrpc.RemoteEndpoint handleCancellation
WARNING: Unmatched cancel notification for request id 13
2026.01.26 05:35:45 INFO  tracing is disabled for protocol BSP, to enable tracing of incoming and outgoing JSON messages create an empty file at /root/onnx_spinal_project_new/.metals/bsp.trace.json or /root/.cache/metals/bsp.trace.json
2026.01.26 05:35:46 INFO  Attempting to connect to the build server...
2026.01.26 05:35:46 INFO  Found a Bloop server running
2026.01.26 05:35:46 INFO  Attempting to connect to the build server...
2026.01.26 05:35:46 INFO  Found a Bloop server running
2026.01.26 05:35:46 INFO  tracing is disabled for protocol BSP, to enable tracing of incoming and outgoing JSON messages create an empty file at /root/onnx_spinal_project_new/project/project/.metals/bsp.trace.json or /root/.cache/metals/bsp.trace.json
2026.01.26 05:35:46 INFO  tracing is disabled for protocol BSP, to enable tracing of incoming and outgoing JSON messages create an empty file at /root/onnx_spinal_project_new/project/.metals/bsp.trace.json or /root/.cache/metals/bsp.trace.json
2026.01.26 05:35:48 INFO  no build target found for /root/onnx_spinal_project_new/hw/spinal/WrapForFPGA/InstrAxi4LiteToStream.scala. Using presentation compiler with project's scala-library version: 3.3.6
2026.01.26 05:35:51 INFO  time: Connected to build server in 8.71s
2026.01.26 05:35:51 INFO  Connected to Build server: Bloop v2.0.17
2026.01.26 05:35:51 INFO  time: Imported build in 0.21s
2026.01.26 05:35:51 WARN  2.12.15 is no longer supported in the current Metals versions, using the last known supported version 1.3.3
2026.01.26 05:35:51 WARN  2.13.14 is no longer supported in the current Metals versions, using the last known supported version 1.6.3
2026.01.26 05:35:53 INFO  QDox parse error in file:///root/onnx_spinal_project_new/sw/java/test/java/org/forwarder/backend/impls/dl4j/opsets/aiOnnx/v13/ops/DL4JCastV13Test.java (full report at: "/root/onnx_spinal_project_new/.metals/.reports/metals-full/2025-12-01/r_qdox-error_(Onnx_5fSpinalHDL-test)_13-08-59-057.md")
2026.01.26 05:35:54 WARN  Could not find java sources in /usr/lib/jvm/src.zip, /usr/lib/jvm/lib/src.zip, /usr/lib/jvm/java-17-openjdk/src.zip, /usr/lib/jvm/java-17-openjdk/lib/src.zip, /usr/lib/jvm/src.zip, /usr/lib/jvm/lib/src.zip, /usr/lib/jvm/java-17-openjdk-17.0.14.0.7-2.el9.x86_64/src.zip, /usr/lib/jvm/java-17-openjdk-17.0.14.0.7-2.el9.x86_64/lib/src.zip. Java symbols will not be available.
2026.01.26 05:35:55 INFO  time: indexed workspace in 4.54s
Jan 26, 2026 5:35:58 AM org.eclipse.lsp4j.jsonrpc.RemoteEndpoint handleCancellation
WARNING: Unmatched cancel notification for request id 22
Jan 26, 2026 5:40:26 AM org.eclipse.lsp4j.jsonrpc.RemoteEndpoint handleNotification
WARNING: Notification threw an exception: {
  "jsonrpc": "2.0",
  "method": "metals/didFocusTextDocument",
  "params": [
    "vscode-local:/c%3A/accelerator_projects/hw_spinal/validation/wrapper/build.sbt"
  ]
}
java.nio.file.FileSystemNotFoundException: Provider "vscode-local" not installed
	at java.base/java.nio.file.Path.of(Path.java:212)
	at java.base/java.nio.file.Paths.get(Paths.java:98)
	at scala.meta.internal.mtags.MtagsEnrichments$XtensionURIMtags.toAbsolutePath(MtagsEnrichments.scala:149)
	at scala.meta.internal.mtags.MtagsEnrichments$XtensionStringMtags.toAbsolutePath(MtagsEnrichments.scala:209)
	at scala.meta.internal.metals.MetalsEnrichments$XtensionString.toAbsolutePath(MetalsEnrichments.scala:778)
	at scala.meta.internal.metals.MetalsEnrichments$XtensionString.toAbsolutePath(MetalsEnrichments.scala:775)
	at scala.meta.internal.metals.WorkspaceLspService.didFocus(WorkspaceLspService.scala:789)
	at scala.meta.metals.lsp.DelegatingScalaService.didFocus(DelegatingScalaService.scala:42)
	at java.base/jdk.internal.reflect.NativeMethodAccessorImpl.invoke0(Native Method)
	at java.base/jdk.internal.reflect.NativeMethodAccessorImpl.invoke(NativeMethodAccessorImpl.java:77)
	at java.base/jdk.internal.reflect.DelegatingMethodAccessorImpl.invoke(DelegatingMethodAccessorImpl.java:43)
	at java.base/java.lang.reflect.Method.invoke(Method.java:569)
	at org.eclipse.lsp4j.jsonrpc.services.GenericEndpoint.lambda$recursiveFindRpcMethods$0(GenericEndpoint.java:65)
	at org.eclipse.lsp4j.jsonrpc.services.GenericEndpoint.notify(GenericEndpoint.java:160)
	at org.eclipse.lsp4j.jsonrpc.RemoteEndpoint.handleNotification(RemoteEndpoint.java:231)
	at org.eclipse.lsp4j.jsonrpc.RemoteEndpoint.consume(RemoteEndpoint.java:198)
	at org.eclipse.lsp4j.jsonrpc.json.StreamMessageProducer.handleMessage(StreamMessageProducer.java:185)
	at org.eclipse.lsp4j.jsonrpc.json.StreamMessageProducer.listen(StreamMessageProducer.java:97)
	at org.eclipse.lsp4j.jsonrpc.json.ConcurrentMessageProcessor.run(ConcurrentMessageProcessor.java:114)
	at java.base/java.util.concurrent.Executors$RunnableAdapter.call(Executors.java:539)
	at java.base/java.util.concurrent.FutureTask.run(FutureTask.java:264)
	at java.base/java.util.concurrent.ThreadPoolExecutor.runWorker(ThreadPoolExecutor.java:1136)
	at java.base/java.util.concurrent.ThreadPoolExecutor$Worker.run(ThreadPoolExecutor.java:635)
	at java.base/java.lang.Thread.run(Thread.java:840)

Jan 26, 2026 5:40:39 AM org.eclipse.lsp4j.jsonrpc.services.GenericEndpoint notify
INFO: Unsupported notification method: $/setTrace
Jan 26, 2026 5:41:02 AM org.eclipse.lsp4j.jsonrpc.RemoteEndpoint handleCancellation
WARNING: Unmatched cancel notification for request id 123
Jan 26, 2026 7:35:48 AM org.eclipse.lsp4j.jsonrpc.services.GenericEndpoint notify
INFO: Unsupported notification method: $/setTrace
2026.01.29 05:44:45 INFO  Started: Metals version 1.6.5 in folders '/root/onnx_spinal_project_new' for client Visual Studio Code 1.107.1.
2026.01.29 05:44:45 INFO  Memory monitor started
2026.01.29 05:44:48 WARN  Using H2 2.4.240 which is newer than the version Flyway has been verified with. The latest verified version of H2 is 2.3.232.
2026.01.29 05:44:48 INFO  no build target found for /root/onnx_spinal_project_new/hw/spinal/WrapForFPGA/OutputCache_Ctrl.scala. Using presentation compiler with project's scala-library version: 3.3.7
2026.01.29 05:44:49 INFO  Attempting to connect to the build server...
2026.01.29 05:44:49 INFO  No running Bloop server found, starting one.
2026.01.29 05:44:55 INFO  Starting compilation server
2026.01.29 05:44:55 INFO  no build target found for /root/onnx_spinal_project_new/hw/spinal/Accelerator/Accelerator.scala. Using presentation compiler with project's scala-library version: 3.3.7
2026.01.29 05:44:55 INFO  no build target found for /root/onnx_spinal_project_new/hw/spinal/Accelerator/Accelerator.scala. Using presentation compiler with project's scala-library version: 3.3.7
2026.01.29 05:44:56 INFO  no build target found for /root/onnx_spinal_project_new/hw/spinal/WrapForFPGA/OutputCache_Ctrl.scala. Using presentation compiler with project's scala-library version: 3.3.7
2026.01.29 05:44:56 INFO  tracing is disabled for protocol BSP, to enable tracing of incoming and outgoing JSON messages create an empty file at /root/onnx_spinal_project_new/.metals/bsp.trace.json or /root/.cache/metals/bsp.trace.json
2026.01.29 05:44:59 INFO  no build target found for /root/onnx_spinal_project_new/hw/spinal/WrapForFPGA/OutputCache_Ctrl.scala. Using presentation compiler with project's scala-library version: 3.3.7
2026.01.29 05:45:05 INFO  no build target found for /root/onnx_spinal_project_new/hw/spinal/WrapForFPGA/OutputCache_Ctrl.scala. Using presentation compiler with project's scala-library version: 3.3.7
2026.01.29 05:45:05 INFO  Attempting to connect to the build server...
2026.01.29 05:45:05 INFO  Found a Bloop server running
2026.01.29 05:45:05 INFO  Attempting to connect to the build server...
2026.01.29 05:45:05 INFO  Found a Bloop server running
2026.01.29 05:45:05 INFO  tracing is disabled for protocol BSP, to enable tracing of incoming and outgoing JSON messages create an empty file at /root/onnx_spinal_project_new/project/.metals/bsp.trace.json or /root/.cache/metals/bsp.trace.json
2026.01.29 05:45:05 INFO  tracing is disabled for protocol BSP, to enable tracing of incoming and outgoing JSON messages create an empty file at /root/onnx_spinal_project_new/project/project/.metals/bsp.trace.json or /root/.cache/metals/bsp.trace.json
2026.01.29 05:45:05 INFO  no build target found for /root/onnx_spinal_project_new/hw/spinal/WrapForFPGA/OutputCache_Ctrl.scala. Using presentation compiler with project's scala-library version: 3.3.7
2026.01.29 05:45:05 INFO  no build target found for /root/onnx_spinal_project_new/hw/spinal/WrapForFPGA/OutputCache_Ctrl.scala. Using presentation compiler with project's scala-library version: 3.3.7
2026.01.29 05:45:07 INFO  time: Connected to build server in 18s
2026.01.29 05:45:07 INFO  Connected to Build server: Bloop v2.0.18
2026.01.29 05:45:08 INFO  time: Imported build in 0.16s
2026.01.29 05:45:08 WARN  2.12.15 is no longer supported in the current Metals versions, using the last known supported version 1.3.3
2026.01.29 05:45:08 WARN  2.13.14 is no longer supported in the current Metals versions, using the last known supported version 1.6.3
2026.01.29 05:45:11 INFO  QDox parse error in file:///root/onnx_spinal_project_new/sw/java/test/java/org/forwarder/backend/impls/dl4j/opsets/aiOnnx/v13/ops/DL4JCastV13Test.java (full report at: "/root/onnx_spinal_project_new/.metals/.reports/metals-full/2025-12-01/r_qdox-error_(Onnx_5fSpinalHDL-test)_13-08-59-057.md")
2026.01.29 05:45:12 WARN  Could not find java sources in /usr/lib/jvm/src.zip, /usr/lib/jvm/lib/src.zip, /usr/lib/jvm/java-17-openjdk/src.zip, /usr/lib/jvm/java-17-openjdk/lib/src.zip, /usr/lib/jvm/src.zip, /usr/lib/jvm/lib/src.zip, /usr/lib/jvm/java-17-openjdk-17.0.14.0.7-2.el9.x86_64/src.zip, /usr/lib/jvm/java-17-openjdk-17.0.14.0.7-2.el9.x86_64/lib/src.zip. Java symbols will not be available.
2026.01.29 05:45:13 INFO  time: indexed workspace in 5.64s
2026.01.29 05:45:15 INFO  compiling onnx_spinalhdl (149 scala sources and 447 java sources)
Jan 29, 2026 5:45:29 AM org.eclipse.lsp4j.jsonrpc.RemoteEndpoint handleCancellation
WARNING: Unmatched cancel notification for request id 27
2026.01.29 05:45:43 WARN  70 deprecations
2026.01.29 05:45:43 WARN  1 deprecation (since 2.11.0)
2026.01.29 05:45:43 WARN  4 deprecations (since 2.12.16)
2026.01.29 05:45:43 WARN  14 deprecations (since 2.13.0)
2026.01.29 05:45:43 WARN  84 deprecations (since 2.13.3)
2026.01.29 05:45:43 WARN  1 deprecation (since 2.13.4)
2026.01.29 05:45:43 WARN  174 deprecations in total; re-run with -deprecation for details
2026.01.29 05:45:43 WARN  165 feature warnings; re-run with -feature for details
2026.01.29 05:45:51 INFO  compiling onnx_spinalhdl-test (98 java sources)
2026.01.29 05:45:51 INFO  time: compiled Onnx_SpinalHDL in 36s
2026.01.29 05:45:55 INFO  time: compiled Onnx_SpinalHDL-test in 3.94s
2026.01.29 07:58:53 INFO  Started: Metals version 1.6.5 in folders '/root/onnx_spinal_project_new' for client Visual Studio Code 1.107.1.
2026.01.29 07:58:53 INFO  Memory monitor started
2026.01.29 07:58:57 WARN  Using H2 2.4.240 which is newer than the version Flyway has been verified with. The latest verified version of H2 is 2.3.232.
2026.01.29 07:58:57 INFO  no build target found for /root/onnx_spinal_project_new/build.sbt. Using presentation compiler with project's scala-library version: 3.3.7
2026.01.29 07:58:58 INFO  no build target found for /root/onnx_spinal_project_new/hw/spinal/Accelerator/Accelerator.scala. Using presentation compiler with project's scala-library version: 3.3.7
2026.01.29 07:58:58 INFO  no build target found for /root/onnx_spinal_project_new/hw/spinal/Accelerator/Accelerator.scala. Using presentation compiler with project's scala-library version: 3.3.7
2026.01.29 07:58:58 INFO  no build target found for /root/onnx_spinal_project_new/build.sbt. Using presentation compiler with project's scala-library version: 3.3.7
2026.01.29 07:58:58 INFO  Attempting to connect to the build server...
2026.01.29 07:58:58 INFO  No running Bloop server found, starting one.
2026.01.29 07:58:59 INFO  Starting compilation server
2026.01.29 07:59:00 INFO  tracing is disabled for protocol BSP, to enable tracing of incoming and outgoing JSON messages create an empty file at /root/onnx_spinal_project_new/.metals/bsp.trace.json or /root/.cache/metals/bsp.trace.json
2026.01.29 07:59:03 INFO  Attempting to connect to the build server...
2026.01.29 07:59:03 INFO  Found a Bloop server running
2026.01.29 07:59:03 INFO  Attempting to connect to the build server...
2026.01.29 07:59:03 INFO  Found a Bloop server running
2026.01.29 07:59:03 INFO  tracing is disabled for protocol BSP, to enable tracing of incoming and outgoing JSON messages create an empty file at /root/onnx_spinal_project_new/project/project/.metals/bsp.trace.json or /root/.cache/metals/bsp.trace.json
2026.01.29 07:59:03 INFO  tracing is disabled for protocol BSP, to enable tracing of incoming and outgoing JSON messages create an empty file at /root/onnx_spinal_project_new/project/.metals/bsp.trace.json or /root/.cache/metals/bsp.trace.json
2026.01.29 07:59:04 INFO  time: Connected to build server in 5.97s
2026.01.29 07:59:04 INFO  Connected to Build server: Bloop v2.0.18
2026.01.29 07:59:04 INFO  time: Imported build in 0.17s
2026.01.29 07:59:04 WARN  2.12.15 is no longer supported in the current Metals versions, using the last known supported version 1.3.3
2026.01.29 07:59:04 WARN  2.13.14 is no longer supported in the current Metals versions, using the last known supported version 1.6.3
2026.01.29 07:59:07 INFO  QDox parse error in file:///root/onnx_spinal_project_new/sw/java/test/java/org/forwarder/backend/impls/dl4j/opsets/aiOnnx/v13/ops/DL4JCastV13Test.java (full report at: "/root/onnx_spinal_project_new/.metals/.reports/metals-full/2025-12-01/r_qdox-error_(Onnx_5fSpinalHDL-test)_13-08-59-057.md")
2026.01.29 07:59:08 WARN  Could not find java sources in /usr/lib/jvm/src.zip, /usr/lib/jvm/lib/src.zip, /usr/lib/jvm/java-17-openjdk/src.zip, /usr/lib/jvm/java-17-openjdk/lib/src.zip, /usr/lib/jvm/src.zip, /usr/lib/jvm/lib/src.zip, /usr/lib/jvm/java-17-openjdk-17.0.14.0.7-2.el9.x86_64/src.zip, /usr/lib/jvm/java-17-openjdk-17.0.14.0.7-2.el9.x86_64/lib/src.zip. Java symbols will not be available.
2026.01.29 07:59:09 INFO  time: indexed workspace in 5.24s
2026.01.29 07:59:11 INFO  compiling onnx_spinalhdl (149 scala sources and 447 java sources)
2026.01.29 07:59:41 WARN  70 deprecations
2026.01.29 07:59:41 WARN  1 deprecation (since 2.11.0)
2026.01.29 07:59:41 WARN  4 deprecations (since 2.12.16)
2026.01.29 07:59:41 WARN  14 deprecations (since 2.13.0)
2026.01.29 07:59:41 WARN  84 deprecations (since 2.13.3)
2026.01.29 07:59:41 WARN  1 deprecation (since 2.13.4)
2026.01.29 07:59:41 WARN  174 deprecations in total; re-run with -deprecation for details
2026.01.29 07:59:41 WARN  165 feature warnings; re-run with -feature for details
2026.01.29 07:59:50 INFO  compiling onnx_spinalhdl-test (98 java sources)
2026.01.29 07:59:50 INFO  time: compiled Onnx_SpinalHDL in 39s
2026.01.29 07:59:55 INFO  time: compiled Onnx_SpinalHDL-test in 4.75s
2026.01.29 07:59:56 INFO  time: code lens generation in 1.3s
2026.01.29 07:59:56 INFO  time: code lens generation in 1.3s
2026.01.29 08:12:31 INFO  skipping build import with status 'Installed'
Jan 29, 2026 8:12:48 AM org.eclipse.lsp4j.jsonrpc.RemoteEndpoint handleNotification
WARNING: Notification threw an exception: {
  "jsonrpc": "2.0",
  "method": "metals/didFocusTextDocument",
  "params": [
    "vscode-local:/c%3A/proj/build.sbt"
  ]
}
java.nio.file.FileSystemNotFoundException: Provider "vscode-local" not installed
	at java.base/java.nio.file.Path.of(Path.java:212)
	at java.base/java.nio.file.Paths.get(Paths.java:98)
	at scala.meta.internal.mtags.MtagsEnrichments$XtensionURIMtags.toAbsolutePath(MtagsEnrichments.scala:149)
	at scala.meta.internal.mtags.MtagsEnrichments$XtensionStringMtags.toAbsolutePath(MtagsEnrichments.scala:209)
	at scala.meta.internal.metals.MetalsEnrichments$XtensionString.toAbsolutePath(MetalsEnrichments.scala:778)
	at scala.meta.internal.metals.MetalsEnrichments$XtensionString.toAbsolutePath(MetalsEnrichments.scala:775)
	at scala.meta.internal.metals.WorkspaceLspService.didFocus(WorkspaceLspService.scala:808)
	at scala.meta.metals.lsp.DelegatingScalaService.didFocus(DelegatingScalaService.scala:42)
	at java.base/jdk.internal.reflect.NativeMethodAccessorImpl.invoke0(Native Method)
	at java.base/jdk.internal.reflect.NativeMethodAccessorImpl.invoke(NativeMethodAccessorImpl.java:77)
	at java.base/jdk.internal.reflect.DelegatingMethodAccessorImpl.invoke(DelegatingMethodAccessorImpl.java:43)
	at java.base/java.lang.reflect.Method.invoke(Method.java:569)
	at org.eclipse.lsp4j.jsonrpc.services.GenericEndpoint.lambda$recursiveFindRpcMethods$0(GenericEndpoint.java:65)
	at org.eclipse.lsp4j.jsonrpc.services.GenericEndpoint.notify(GenericEndpoint.java:160)
	at org.eclipse.lsp4j.jsonrpc.RemoteEndpoint.handleNotification(RemoteEndpoint.java:231)
	at org.eclipse.lsp4j.jsonrpc.RemoteEndpoint.consume(RemoteEndpoint.java:198)
	at org.eclipse.lsp4j.jsonrpc.json.StreamMessageProducer.handleMessage(StreamMessageProducer.java:185)
	at org.eclipse.lsp4j.jsonrpc.json.StreamMessageProducer.listen(StreamMessageProducer.java:97)
	at org.eclipse.lsp4j.jsonrpc.json.ConcurrentMessageProcessor.run(ConcurrentMessageProcessor.java:114)
	at java.base/java.util.concurrent.Executors$RunnableAdapter.call(Executors.java:539)
	at java.base/java.util.concurrent.FutureTask.run(FutureTask.java:264)
	at java.base/java.util.concurrent.ThreadPoolExecutor.runWorker(ThreadPoolExecutor.java:1136)
	at java.base/java.util.concurrent.ThreadPoolExecutor$Worker.run(ThreadPoolExecutor.java:635)
	at java.base/java.lang.Thread.run(Thread.java:840)

2026.02.02 03:04:51 INFO  Started: Metals version 1.6.5 in folders '/root/onnx_spinal_project_new' for client Visual Studio Code 1.108.2.
2026.02.02 03:04:51 INFO  Memory monitor started
2026.02.02 03:04:55 WARN  Using H2 2.4.240 which is newer than the version Flyway has been verified with. The latest verified version of H2 is 2.3.232.
2026.02.02 03:04:55 INFO  no build target found for /root/onnx_spinal_project_new/build.sbt. Using presentation compiler with project's scala-library version: 3.3.7
2026.02.02 03:04:56 INFO  no build target found for /root/onnx_spinal_project_new/hw/spinal/Accelerator/Accelerator.scala. Using presentation compiler with project's scala-library version: 3.3.7
2026.02.02 03:04:56 INFO  no build target found for /root/onnx_spinal_project_new/build.sbt. Using presentation compiler with project's scala-library version: 3.3.7
2026.02.02 03:04:57 INFO  no build target found for /root/onnx_spinal_project_new/hw/spinal/Accelerator/Accelerator.scala. Using presentation compiler with project's scala-library version: 3.3.7
2026.02.02 03:04:57 INFO  no build target found for /root/onnx_spinal_project_new/build.sbt. Using presentation compiler with project's scala-library version: 3.3.7
Feb 02, 2026 3:04:57 AM org.eclipse.lsp4j.jsonrpc.RemoteEndpoint handleCancellation
WARNING: Unmatched cancel notification for request id 13
Feb 02, 2026 3:04:57 AM org.eclipse.lsp4j.jsonrpc.RemoteEndpoint handleCancellation
WARNING: Unmatched cancel notification for request id 5
2026.02.02 03:04:57 INFO  Attempting to connect to the build server...
2026.02.02 03:04:57 INFO  No running Bloop server found, starting one.
2026.02.02 03:04:58 INFO  Starting compilation server
Feb 02, 2026 3:04:59 AM org.eclipse.lsp4j.jsonrpc.services.GenericEndpoint notify
INFO: Unsupported notification method: $/setTrace
Feb 02, 2026 3:04:59 AM org.eclipse.lsp4j.jsonrpc.services.GenericEndpoint notify
INFO: Unsupported notification method: $/setTrace
2026.02.02 03:04:59 INFO  tracing is disabled for protocol BSP, to enable tracing of incoming and outgoing JSON messages create an empty file at /root/onnx_spinal_project_new/.metals/bsp.trace.json or /root/.cache/metals/bsp.trace.json
2026.02.02 03:05:03 INFO  Attempting to connect to the build server...
2026.02.02 03:05:03 INFO  Found a Bloop server running
2026.02.02 03:05:03 INFO  Attempting to connect to the build server...
2026.02.02 03:05:03 INFO  Found a Bloop server running
2026.02.02 03:05:03 INFO  tracing is disabled for protocol BSP, to enable tracing of incoming and outgoing JSON messages create an empty file at /root/onnx_spinal_project_new/project/project/.metals/bsp.trace.json or /root/.cache/metals/bsp.trace.json
2026.02.02 03:05:03 INFO  tracing is disabled for protocol BSP, to enable tracing of incoming and outgoing JSON messages create an empty file at /root/onnx_spinal_project_new/project/.metals/bsp.trace.json or /root/.cache/metals/bsp.trace.json
2026.02.02 03:05:04 INFO  time: Connected to build server in 7.26s
2026.02.02 03:05:04 INFO  Connected to Build server: Bloop v2.0.18
2026.02.02 03:05:04 INFO  time: Imported build in 0.18s
2026.02.02 03:05:04 WARN  2.12.15 is no longer supported in the current Metals versions, using the last known supported version 1.3.3
2026.02.02 03:05:04 WARN  2.13.14 is no longer supported in the current Metals versions, using the last known supported version 1.6.3
2026.02.02 03:05:07 INFO  QDox parse error in file:///root/onnx_spinal_project_new/sw/java/test/java/org/forwarder/backend/impls/dl4j/opsets/aiOnnx/v13/ops/DL4JCastV13Test.java (full report at: "/root/onnx_spinal_project_new/.metals/.reports/metals-full/2025-12-01/r_qdox-error_(Onnx_5fSpinalHDL-test)_13-08-59-057.md")
2026.02.02 03:05:08 WARN  Could not find java sources in /usr/lib/jvm/src.zip, /usr/lib/jvm/lib/src.zip, /usr/lib/jvm/java-17-openjdk/src.zip, /usr/lib/jvm/java-17-openjdk/lib/src.zip, /usr/lib/jvm/src.zip, /usr/lib/jvm/lib/src.zip, /usr/lib/jvm/java-17-openjdk-17.0.14.0.7-2.el9.x86_64/src.zip, /usr/lib/jvm/java-17-openjdk-17.0.14.0.7-2.el9.x86_64/lib/src.zip. Java symbols will not be available.
2026.02.02 03:05:09 INFO  time: indexed workspace in 4.73s
2026.02.02 03:05:13 INFO  time: code lens generation in 1.83s
2026.02.02 03:05:13 INFO  time: code lens generation in 1.83s
Feb 02, 2026 3:08:01 AM org.eclipse.lsp4j.jsonrpc.RemoteEndpoint handleCancellation
WARNING: Unmatched cancel notification for request id 32
Exception in thread "pool-7-thread-1" java.lang.InterruptedException
	at scala.meta.internal.metals.FutureCancelToken.checkCanceled(FutureCancelToken.scala:29)
	at scala.meta.internal.pc.CompilerAccess.$anonfun$onCompilerJobQueue$1(CompilerAccess.scala:207)
	at scala.meta.internal.pc.CompilerJobQueue$Job.run(CompilerJobQueue.scala:152)
	at java.base/java.util.concurrent.ThreadPoolExecutor.runWorker(ThreadPoolExecutor.java:1136)
	at java.base/java.util.concurrent.ThreadPoolExecutor$Worker.run(ThreadPoolExecutor.java:635)
	at java.base/java.lang.Thread.run(Thread.java:840)
Exception in thread "pool-7-thread-2" java.lang.InterruptedException
	at scala.meta.internal.metals.FutureCancelToken.checkCanceled(FutureCancelToken.scala:29)
	at scala.meta.internal.pc.CompilerAccess.$anonfun$onCompilerJobQueue$1(CompilerAccess.scala:207)
	at scala.meta.internal.pc.CompilerJobQueue$Job.run(CompilerJobQueue.scala:152)
	at java.base/java.util.concurrent.ThreadPoolExecutor.runWorker(ThreadPoolExecutor.java:1136)
	at java.base/java.util.concurrent.ThreadPoolExecutor$Worker.run(ThreadPoolExecutor.java:635)
	at java.base/java.lang.Thread.run(Thread.java:840)
Feb 02, 2026 3:13:11 AM org.eclipse.lsp4j.jsonrpc.RemoteEndpoint handleNotification
WARNING: Notification threw an exception: {
  "jsonrpc": "2.0",
  "method": "metals/didFocusTextDocument",
  "params": [
    "vscode-local:/c%3A/accelerator_projects/hw_spinal/validation/build.sbt"
  ]
}
java.nio.file.FileSystemNotFoundException: Provider "vscode-local" not installed
	at java.base/java.nio.file.Path.of(Path.java:212)
	at java.base/java.nio.file.Paths.get(Paths.java:98)
	at scala.meta.internal.mtags.MtagsEnrichments$XtensionURIMtags.toAbsolutePath(MtagsEnrichments.scala:149)
	at scala.meta.internal.mtags.MtagsEnrichments$XtensionStringMtags.toAbsolutePath(MtagsEnrichments.scala:209)
	at scala.meta.internal.metals.MetalsEnrichments$XtensionString.toAbsolutePath(MetalsEnrichments.scala:778)
	at scala.meta.internal.metals.MetalsEnrichments$XtensionString.toAbsolutePath(MetalsEnrichments.scala:775)
	at scala.meta.internal.metals.WorkspaceLspService.didFocus(WorkspaceLspService.scala:808)
	at scala.meta.metals.lsp.DelegatingScalaService.didFocus(DelegatingScalaService.scala:42)
	at java.base/jdk.internal.reflect.NativeMethodAccessorImpl.invoke0(Native Method)
	at java.base/jdk.internal.reflect.NativeMethodAccessorImpl.invoke(NativeMethodAccessorImpl.java:77)
	at java.base/jdk.internal.reflect.DelegatingMethodAccessorImpl.invoke(DelegatingMethodAccessorImpl.java:43)
	at java.base/java.lang.reflect.Method.invoke(Method.java:569)
	at org.eclipse.lsp4j.jsonrpc.services.GenericEndpoint.lambda$recursiveFindRpcMethods$0(GenericEndpoint.java:65)
	at org.eclipse.lsp4j.jsonrpc.services.GenericEndpoint.notify(GenericEndpoint.java:160)
	at org.eclipse.lsp4j.jsonrpc.RemoteEndpoint.handleNotification(RemoteEndpoint.java:231)
	at org.eclipse.lsp4j.jsonrpc.RemoteEndpoint.consume(RemoteEndpoint.java:198)
	at org.eclipse.lsp4j.jsonrpc.json.StreamMessageProducer.handleMessage(StreamMessageProducer.java:185)
	at org.eclipse.lsp4j.jsonrpc.json.StreamMessageProducer.listen(StreamMessageProducer.java:97)
	at org.eclipse.lsp4j.jsonrpc.json.ConcurrentMessageProcessor.run(ConcurrentMessageProcessor.java:114)
	at java.base/java.util.concurrent.Executors$RunnableAdapter.call(Executors.java:539)
	at java.base/java.util.concurrent.FutureTask.run(FutureTask.java:264)
	at java.base/java.util.concurrent.ThreadPoolExecutor.runWorker(ThreadPoolExecutor.java:1136)
	at java.base/java.util.concurrent.ThreadPoolExecutor$Worker.run(ThreadPoolExecutor.java:635)
	at java.base/java.lang.Thread.run(Thread.java:840)

Feb 02, 2026 3:16:39 AM org.eclipse.lsp4j.jsonrpc.RemoteEndpoint handleCancellation
WARNING: Unmatched cancel notification for request id 59
Feb 02, 2026 3:24:55 AM org.eclipse.lsp4j.jsonrpc.RemoteEndpoint handleCancellation
WARNING: Unmatched cancel notification for request id 64
Feb 02, 2026 3:24:55 AM org.eclipse.lsp4j.jsonrpc.RemoteEndpoint handleCancellation
WARNING: Unmatched cancel notification for request id 69
Feb 02, 2026 3:24:55 AM org.eclipse.lsp4j.jsonrpc.RemoteEndpoint handleCancellation
WARNING: Unmatched cancel notification for request id 70
Feb 02, 2026 3:25:01 AM org.eclipse.lsp4j.jsonrpc.RemoteEndpoint handleCancellation
WARNING: Unmatched cancel notification for request id 85
Feb 02, 2026 3:25:01 AM org.eclipse.lsp4j.jsonrpc.RemoteEndpoint handleCancellation
WARNING: Unmatched cancel notification for request id 86
Feb 02, 2026 3:25:01 AM org.eclipse.lsp4j.jsonrpc.RemoteEndpoint handleCancellation
WARNING: Unmatched cancel notification for request id 87
Feb 02, 2026 3:25:01 AM org.eclipse.lsp4j.jsonrpc.RemoteEndpoint handleCancellation
WARNING: Unmatched cancel notification for request id 88
Feb 02, 2026 3:25:01 AM org.eclipse.lsp4j.jsonrpc.RemoteEndpoint handleCancellation
WARNING: Unmatched cancel notification for request id 89
Feb 02, 2026 3:25:01 AM org.eclipse.lsp4j.jsonrpc.RemoteEndpoint handleCancellation
WARNING: Unmatched cancel notification for request id 90
2026.02.07 13:00:49 INFO  Started: Metals version 1.6.5 in folders '/root/onnx_spinal_project_new' for client Visual Studio Code 1.109.0.
2026.02.07 13:00:49 INFO  Memory monitor started
2026.02.07 13:00:54 WARN  Using H2 2.4.240 which is newer than the version Flyway has been verified with. The latest verified version of H2 is 2.3.232.
2026.02.07 13:00:54 INFO  no build target found for /root/onnx_spinal_project_new/sw/java/main/java/org/forwarder/backend/impls/dl4j/opsets/aiOnnx/v13/ops/DL4JConcatV13.java. Using fallback presentation compiler.
2026.02.07 13:00:54 INFO  Attempting to connect to the build server...
2026.02.07 13:00:54 INFO  No running Bloop server found, starting one.
2026.02.07 13:00:55 INFO  no build target found for /root/onnx_spinal_project_new/hw/spinal/Accelerator/Accelerator.scala. Using presentation compiler with project's scala-library version: 3.3.7
2026.02.07 13:00:56 INFO  Starting compilation server
2026.02.07 13:00:58 INFO  tracing is disabled for protocol BSP, to enable tracing of incoming and outgoing JSON messages create an empty file at /root/onnx_spinal_project_new/.metals/bsp.trace.json or /root/.cache/metals/bsp.trace.json
2026.02.07 13:00:59 INFO  no build target found for /root/onnx_spinal_project_new/hw/spinal/Accelerator/Accelerator.scala. Using presentation compiler with project's scala-library version: 3.3.7
2026.02.07 13:00:59 INFO  no build target found for /root/onnx_spinal_project_new/sw/java/main/java/org/forwarder/backend/impls/dl4j/opsets/aiOnnx/v13/ops/DL4JConcatV13.java. Using fallback presentation compiler.
Feb 07, 2026 1:00:59 PM org.eclipse.lsp4j.jsonrpc.RemoteEndpoint handleCancellation
WARNING: Unmatched cancel notification for request id 3
2026.02.07 13:00:59 INFO  no build target found for /root/onnx_spinal_project_new/sw/java/main/java/org/forwarder/backend/impls/dl4j/opsets/aiOnnx/v13/ops/DL4JConcatV13.java. Using fallback presentation compiler.
Feb 07, 2026 1:00:59 PM org.eclipse.lsp4j.jsonrpc.RemoteEndpoint handleCancellation
WARNING: Unmatched cancel notification for request id 14
Feb 07, 2026 1:00:59 PM org.eclipse.lsp4j.jsonrpc.RemoteEndpoint handleCancellation
WARNING: Unmatched cancel notification for request id 4
2026.02.07 13:00:59 INFO  no build target found for /root/onnx_spinal_project_new/sw/java/main/java/org/forwarder/backend/impls/dl4j/opsets/aiOnnx/v13/ops/DL4JConcatV13.java. Using fallback presentation compiler.
2026.02.07 13:00:59 INFO  no build target found for /root/onnx_spinal_project_new/hw/spinal/Accelerator/Accelerator.scala. Using presentation compiler with project's scala-library version: 3.3.7
2026.02.07 13:00:59 INFO  no build target found for /root/onnx_spinal_project_new/sw/java/main/java/org/forwarder/backend/impls/dl4j/opsets/aiOnnx/v13/ops/DL4JConcatV13.java. Using fallback presentation compiler.
2026.02.07 13:00:59 INFO  no build target found for /root/onnx_spinal_project_new/hw/spinal/Accelerator/Accelerator.scala. Using presentation compiler with project's scala-library version: 3.3.7
2026.02.07 13:00:59 INFO  no build target found for /root/onnx_spinal_project_new/sw/java/main/java/org/forwarder/backend/impls/dl4j/opsets/aiOnnx/v13/ops/DL4JConcatV13.java. Using fallback presentation compiler.
2026.02.07 13:00:59 INFO  no build target found for /root/onnx_spinal_project_new/hw/spinal/Accelerator/Accelerator.scala. Using presentation compiler with project's scala-library version: 3.3.7
2026.02.07 13:00:59 INFO  no build target found for /root/onnx_spinal_project_new/sw/java/main/java/org/forwarder/backend/impls/dl4j/opsets/aiOnnx/v13/ops/DL4JConcatV13.java. Using fallback presentation compiler.
2026.02.07 13:00:59 INFO  no build target found for /root/onnx_spinal_project_new/hw/spinal/Accelerator/Accelerator.scala. Using presentation compiler with project's scala-library version: 3.3.7
Feb 07, 2026 1:01:00 PM org.eclipse.lsp4j.jsonrpc.RemoteEndpoint handleCancellation
WARNING: Unmatched cancel notification for request id 16
Feb 07, 2026 1:01:00 PM org.eclipse.lsp4j.jsonrpc.RemoteEndpoint handleCancellation
WARNING: Unmatched cancel notification for request id 17
Feb 07, 2026 1:01:00 PM org.eclipse.lsp4j.jsonrpc.RemoteEndpoint handleCancellation
WARNING: Unmatched cancel notification for request id 18
Feb 07, 2026 1:01:00 PM org.eclipse.lsp4j.jsonrpc.RemoteEndpoint handleCancellation
WARNING: Unmatched cancel notification for request id 19
Feb 07, 2026 1:01:00 PM org.eclipse.lsp4j.jsonrpc.RemoteEndpoint handleCancellation
WARNING: Unmatched cancel notification for request id 20
Feb 07, 2026 1:01:00 PM org.eclipse.lsp4j.jsonrpc.RemoteEndpoint handleCancellation
WARNING: Unmatched cancel notification for request id 21
Feb 07, 2026 1:01:00 PM org.eclipse.lsp4j.jsonrpc.RemoteEndpoint handleCancellation
WARNING: Unmatched cancel notification for request id 5
Feb 07, 2026 1:01:00 PM org.eclipse.lsp4j.jsonrpc.RemoteEndpoint handleCancellation
WARNING: Unmatched cancel notification for request id 6
Feb 07, 2026 1:01:00 PM org.eclipse.lsp4j.jsonrpc.RemoteEndpoint handleCancellation
WARNING: Unmatched cancel notification for request id 22
Feb 07, 2026 1:01:00 PM org.eclipse.lsp4j.jsonrpc.RemoteEndpoint handleCancellation
WARNING: Unmatched cancel notification for request id 23
2026.02.07 13:00:59 INFO  no build target found for /root/onnx_spinal_project_new/sw/java/main/java/org/forwarder/backend/impls/dl4j/opsets/aiOnnx/v13/ops/DL4JConcatV13.java. Using fallback presentation compiler.
2026.02.07 13:00:59 INFO  no build target found for /root/onnx_spinal_project_new/hw/spinal/Accelerator/Accelerator.scala. Using presentation compiler with project's scala-library version: 3.3.7
Feb 07, 2026 1:01:00 PM org.eclipse.lsp4j.jsonrpc.RemoteEndpoint handleCancellation
WARNING: Unmatched cancel notification for request id 26
Feb 07, 2026 1:01:00 PM org.eclipse.lsp4j.jsonrpc.RemoteEndpoint handleCancellation
WARNING: Unmatched cancel notification for request id 27
2026.02.07 13:00:59 INFO  no build target found for /root/onnx_spinal_project_new/sw/java/main/java/org/forwarder/backend/impls/dl4j/opsets/aiOnnx/v13/ops/DL4JConcatV13.java. Using fallback presentation compiler.
2026.02.07 13:00:59 INFO  no build target found for /root/onnx_spinal_project_new/hw/spinal/Accelerator/Accelerator.scala. Using presentation compiler with project's scala-library version: 3.3.7
Feb 07, 2026 1:01:00 PM org.eclipse.lsp4j.jsonrpc.RemoteEndpoint handleCancellation
WARNING: Unmatched cancel notification for request id 29
2026.02.07 13:01:00 INFO  no build target found for /root/onnx_spinal_project_new/sw/java/main/java/org/forwarder/backend/impls/dl4j/opsets/aiOnnx/v13/ops/DL4JConcatV13.java. Using fallback presentation compiler.
Feb 07, 2026 1:01:00 PM org.eclipse.lsp4j.jsonrpc.RemoteEndpoint handleCancellation
WARNING: Unmatched cancel notification for request id 32
2026.02.07 13:01:00 INFO  no build target found for /root/onnx_spinal_project_new/sw/java/main/java/org/forwarder/backend/impls/dl4j/opsets/aiOnnx/v13/ops/DL4JConcatV13.java. Using fallback presentation compiler.
Feb 07, 2026 1:01:00 PM org.eclipse.lsp4j.jsonrpc.RemoteEndpoint handleCancellation
WARNING: Unmatched cancel notification for request id 35
2026.02.07 13:01:00 INFO  no build target found for /root/onnx_spinal_project_new/sw/java/main/java/org/forwarder/backend/impls/dl4j/opsets/aiOnnx/v13/ops/DL4JConcatV13.java. Using fallback presentation compiler.
Feb 07, 2026 1:01:06 PM org.eclipse.lsp4j.jsonrpc.services.GenericEndpoint notify
INFO: Unsupported notification method: $/setTrace
Feb 07, 2026 1:01:06 PM org.eclipse.lsp4j.jsonrpc.services.GenericEndpoint notify
INFO: Unsupported notification method: $/setTrace
Feb 07, 2026 1:01:06 PM org.eclipse.lsp4j.jsonrpc.services.GenericEndpoint notify
INFO: Unsupported notification method: $/setTrace
Feb 07, 2026 1:01:07 PM org.eclipse.lsp4j.jsonrpc.services.GenericEndpoint notify
INFO: Unsupported notification method: $/setTrace
Feb 07, 2026 1:01:08 PM org.eclipse.lsp4j.jsonrpc.services.GenericEndpoint notify
INFO: Unsupported notification method: $/setTrace
Feb 07, 2026 1:01:11 PM org.eclipse.lsp4j.jsonrpc.services.GenericEndpoint notify
INFO: Unsupported notification method: $/setTrace
2026.02.07 13:01:13 INFO  no build target found for /root/onnx_spinal_project_new/sw/java/main/java/org/forwarder/backend/impls/dl4j/opsets/aiOnnx/v13/ops/DL4JConcatV13.java. Using fallback presentation compiler.
2026.02.07 13:01:13 INFO  no build target found for /root/onnx_spinal_project_new/hw/spinal/Accelerator/Accelerator.scala. Using presentation compiler with project's scala-library version: 3.3.7
2026.02.07 13:01:13 INFO  no build target found for /root/onnx_spinal_project_new/sw/java/main/java/org/forwarder/backend/impls/dl4j/opsets/aiOnnx/v13/ops/DL4JConcatV13.java. Using fallback presentation compiler.
2026.02.07 13:01:13 INFO  no build target found for /root/onnx_spinal_project_new/hw/spinal/Accelerator/Accelerator.scala. Using presentation compiler with project's scala-library version: 3.3.7
2026.02.07 13:01:13 INFO  no build target found for /root/onnx_spinal_project_new/sw/java/main/java/org/forwarder/backend/impls/dl4j/opsets/aiOnnx/v13/ops/DL4JConcatV13.java. Using fallback presentation compiler.
2026.02.07 13:01:13 INFO  no build target found for /root/onnx_spinal_project_new/hw/spinal/Accelerator/Accelerator.scala. Using presentation compiler with project's scala-library version: 3.3.7
Feb 07, 2026 1:01:13 PM org.eclipse.lsp4j.jsonrpc.RemoteEndpoint handleCancellation
WARNING: Unmatched cancel notification for request id 44
Feb 07, 2026 1:01:13 PM org.eclipse.lsp4j.jsonrpc.RemoteEndpoint handleCancellation
WARNING: Unmatched cancel notification for request id 45
Feb 07, 2026 1:01:13 PM org.eclipse.lsp4j.jsonrpc.RemoteEndpoint handleCancellation
WARNING: Unmatched cancel notification for request id 46
Feb 07, 2026 1:01:13 PM org.eclipse.lsp4j.jsonrpc.RemoteEndpoint handleCancellation
WARNING: Unmatched cancel notification for request id 47
2026.02.07 13:01:15 INFO  Attempting to connect to the build server...
2026.02.07 13:01:15 INFO  Found a Bloop server running
2026.02.07 13:01:15 INFO  Attempting to connect to the build server...
2026.02.07 13:01:15 INFO  Found a Bloop server running
2026.02.07 13:01:15 INFO  tracing is disabled for protocol BSP, to enable tracing of incoming and outgoing JSON messages create an empty file at /root/onnx_spinal_project_new/project/project/.metals/bsp.trace.json or /root/.cache/metals/bsp.trace.json
2026.02.07 13:01:15 INFO  tracing is disabled for protocol BSP, to enable tracing of incoming and outgoing JSON messages create an empty file at /root/onnx_spinal_project_new/project/.metals/bsp.trace.json or /root/.cache/metals/bsp.trace.json
2026.02.07 13:01:32 INFO  time: Connected to build server in 37s
2026.02.07 13:01:32 INFO  Connected to Build server: Bloop v2.0.18
2026.02.07 13:01:32 INFO  time: Imported build in 0.25s
2026.02.07 13:01:32 WARN  2.12.15 is no longer supported in the current Metals versions, using the last known supported version 1.3.3
2026.02.07 13:01:32 WARN  2.13.14 is no longer supported in the current Metals versions, using the last known supported version 1.6.3
2026.02.07 13:01:39 INFO  QDox parse error in file:///root/onnx_spinal_project_new/sw/java/test/java/org/forwarder/backend/impls/dl4j/opsets/aiOnnx/v13/ops/DL4JCastV13Test.java (full report at: "/root/onnx_spinal_project_new/.metals/.reports/metals-full/2025-12-01/r_qdox-error_(Onnx_5fSpinalHDL-test)_13-08-59-057.md")
2026.02.07 13:01:45 WARN  Could not find java sources in /usr/lib/jvm/src.zip, /usr/lib/jvm/lib/src.zip, /usr/lib/jvm/java-17-openjdk/src.zip, /usr/lib/jvm/java-17-openjdk/lib/src.zip, /usr/lib/jvm/src.zip, /usr/lib/jvm/lib/src.zip, /usr/lib/jvm/java-17-openjdk-17.0.14.0.7-2.el9.x86_64/src.zip, /usr/lib/jvm/java-17-openjdk-17.0.14.0.7-2.el9.x86_64/lib/src.zip. Java symbols will not be available.
2026.02.07 13:01:46 INFO  time: indexed workspace in 14s
2026.02.07 13:20:36 INFO  Started: Metals version 1.6.5 in folders '/root/onnx_spinal_project_new' for client Visual Studio Code 1.109.0.
2026.02.07 13:20:36 INFO  Memory monitor started
2026.02.07 13:20:41 WARN  Using H2 2.4.240 which is newer than the version Flyway has been verified with. The latest verified version of H2 is 2.3.232.
2026.02.07 13:20:41 INFO  no build target found for /root/onnx_spinal_project_new/sw/java/main/java/org/forwarder/backend/impls/dl4j/opsets/aiOnnx/v13/ops/DL4JConcatV13.java. Using fallback presentation compiler.
2026.02.07 13:20:41 INFO  no build target found for /root/onnx_spinal_project_new/hw/spinal/Accelerator/Accelerator.scala. Using presentation compiler with project's scala-library version: 3.3.7
Feb 07, 2026 1:20:42 PM org.eclipse.lsp4j.jsonrpc.RemoteEndpoint handleCancellation
WARNING: Unmatched cancel notification for request id 3
Feb 07, 2026 1:20:42 PM org.eclipse.lsp4j.jsonrpc.RemoteEndpoint handleCancellation
WARNING: Unmatched cancel notification for request id 4
2026.02.07 13:20:42 INFO  no build target found for /root/onnx_spinal_project_new/sw/java/main/java/org/forwarder/backend/impls/dl4j/opsets/aiOnnx/v13/ops/DL4JConcatV13.java. Using fallback presentation compiler.
2026.02.07 13:20:42 INFO  no build target found for /root/onnx_spinal_project_new/hw/spinal/Accelerator/Accelerator.scala. Using presentation compiler with project's scala-library version: 3.3.7
2026.02.07 13:20:42 INFO  Attempting to connect to the build server...
2026.02.07 13:20:42 INFO  no build target found for /root/onnx_spinal_project_new/sw/java/main/java/org/forwarder/backend/impls/dl4j/opsets/aiOnnx/v13/ops/DL4JConcatV13.java. Using fallback presentation compiler.
2026.02.07 13:20:42 INFO  No running Bloop server found, starting one.
2026.02.07 13:20:42 INFO  no build target found for /root/onnx_spinal_project_new/hw/spinal/Accelerator/Accelerator.scala. Using presentation compiler with project's scala-library version: 3.3.7
2026.02.07 13:20:42 INFO  no build target found for /root/onnx_spinal_project_new/sw/java/main/java/org/forwarder/backend/impls/dl4j/opsets/aiOnnx/v13/ops/DL4JConcatV13.java. Using fallback presentation compiler.
2026.02.07 13:20:42 INFO  no build target found for /root/onnx_spinal_project_new/hw/spinal/Accelerator/Accelerator.scala. Using presentation compiler with project's scala-library version: 3.3.7
2026.02.07 13:20:42 INFO  no build target found for /root/onnx_spinal_project_new/sw/java/main/java/org/forwarder/backend/impls/dl4j/opsets/aiOnnx/v13/ops/DL4JConcatV13.java. Using fallback presentation compiler.
2026.02.07 13:20:42 INFO  no build target found for /root/onnx_spinal_project_new/hw/spinal/Accelerator/Accelerator.scala. Using presentation compiler with project's scala-library version: 3.3.7
Feb 07, 2026 1:20:43 PM org.eclipse.lsp4j.jsonrpc.RemoteEndpoint handleCancellation
WARNING: Unmatched cancel notification for request id 10
Feb 07, 2026 1:20:43 PM org.eclipse.lsp4j.jsonrpc.RemoteEndpoint handleCancellation
WARNING: Unmatched cancel notification for request id 11
Feb 07, 2026 1:20:43 PM org.eclipse.lsp4j.jsonrpc.RemoteEndpoint handleCancellation
WARNING: Unmatched cancel notification for request id 12
Feb 07, 2026 1:20:43 PM org.eclipse.lsp4j.jsonrpc.RemoteEndpoint handleCancellation
WARNING: Unmatched cancel notification for request id 13
Feb 07, 2026 1:20:43 PM org.eclipse.lsp4j.jsonrpc.RemoteEndpoint handleCancellation
WARNING: Unmatched cancel notification for request id 14
Feb 07, 2026 1:20:43 PM org.eclipse.lsp4j.jsonrpc.RemoteEndpoint handleCancellation
WARNING: Unmatched cancel notification for request id 15
2026.02.07 13:20:43 INFO  no build target found for /root/onnx_spinal_project_new/sw/java/main/java/org/forwarder/backend/impls/dl4j/opsets/aiOnnx/v13/ops/DL4JConcatV13.java. Using fallback presentation compiler.
Feb 07, 2026 1:20:43 PM org.eclipse.lsp4j.jsonrpc.RemoteEndpoint handleCancellation
WARNING: Unmatched cancel notification for request id 5
2026.02.07 13:20:43 INFO  no build target found for /root/onnx_spinal_project_new/hw/spinal/Accelerator/Accelerator.scala. Using presentation compiler with project's scala-library version: 3.3.7
Feb 07, 2026 1:20:43 PM org.eclipse.lsp4j.jsonrpc.RemoteEndpoint handleCancellation
WARNING: Unmatched cancel notification for request id 6
Feb 07, 2026 1:20:43 PM org.eclipse.lsp4j.jsonrpc.RemoteEndpoint handleCancellation
WARNING: Unmatched cancel notification for request id 16
Feb 07, 2026 1:20:43 PM org.eclipse.lsp4j.jsonrpc.RemoteEndpoint handleCancellation
WARNING: Unmatched cancel notification for request id 17
2026.02.07 13:20:42 INFO  no build target found for /root/onnx_spinal_project_new/sw/java/main/java/org/forwarder/backend/impls/dl4j/opsets/aiOnnx/v13/ops/DL4JConcatV13.java. Using fallback presentation compiler.
2026.02.07 13:20:42 INFO  no build target found for /root/onnx_spinal_project_new/hw/spinal/Accelerator/Accelerator.scala. Using presentation compiler with project's scala-library version: 3.3.7
Feb 07, 2026 1:20:43 PM org.eclipse.lsp4j.jsonrpc.RemoteEndpoint handleCancellation
WARNING: Unmatched cancel notification for request id 27
Feb 07, 2026 1:20:43 PM org.eclipse.lsp4j.jsonrpc.RemoteEndpoint handleCancellation
WARNING: Unmatched cancel notification for request id 28
2026.02.07 13:20:42 INFO  no build target found for /root/onnx_spinal_project_new/sw/java/main/java/org/forwarder/backend/impls/dl4j/opsets/aiOnnx/v13/ops/DL4JConcatV13.java. Using fallback presentation compiler.
2026.02.07 13:20:42 INFO  no build target found for /root/onnx_spinal_project_new/hw/spinal/Accelerator/Accelerator.scala. Using presentation compiler with project's scala-library version: 3.3.7
Feb 07, 2026 1:20:43 PM org.eclipse.lsp4j.jsonrpc.RemoteEndpoint handleCancellation
WARNING: Unmatched cancel notification for request id 30
2026.02.07 13:20:42 INFO  no build target found for /root/onnx_spinal_project_new/sw/java/main/java/org/forwarder/backend/impls/dl4j/opsets/aiOnnx/v13/ops/DL4JConcatV13.java. Using fallback presentation compiler.
Feb 07, 2026 1:20:43 PM org.eclipse.lsp4j.jsonrpc.RemoteEndpoint handleCancellation
WARNING: Unmatched cancel notification for request id 33
2026.02.07 13:20:42 INFO  no build target found for /root/onnx_spinal_project_new/sw/java/main/java/org/forwarder/backend/impls/dl4j/opsets/aiOnnx/v13/ops/DL4JConcatV13.java. Using fallback presentation compiler.
2026.02.07 13:20:43 INFO  Starting compilation server
2026.02.07 13:20:45 INFO  tracing is disabled for protocol BSP, to enable tracing of incoming and outgoing JSON messages create an empty file at /root/onnx_spinal_project_new/.metals/bsp.trace.json or /root/.cache/metals/bsp.trace.json
2026.02.07 13:20:49 INFO  Attempting to connect to the build server...
2026.02.07 13:20:49 INFO  Found a Bloop server running
2026.02.07 13:20:49 INFO  Attempting to connect to the build server...
2026.02.07 13:20:49 INFO  Found a Bloop server running
2026.02.07 13:20:49 INFO  tracing is disabled for protocol BSP, to enable tracing of incoming and outgoing JSON messages create an empty file at /root/onnx_spinal_project_new/project/project/.metals/bsp.trace.json or /root/.cache/metals/bsp.trace.json
2026.02.07 13:20:49 INFO  tracing is disabled for protocol BSP, to enable tracing of incoming and outgoing JSON messages create an empty file at /root/onnx_spinal_project_new/project/.metals/bsp.trace.json or /root/.cache/metals/bsp.trace.json
2026.02.07 13:20:51 INFO  time: Connected to build server in 8.54s
2026.02.07 13:20:51 INFO  Connected to Build server: Bloop v2.0.18
2026.02.07 13:20:51 INFO  time: Imported build in 0.17s
2026.02.07 13:20:51 WARN  2.12.15 is no longer supported in the current Metals versions, using the last known supported version 1.3.3
2026.02.07 13:20:51 WARN  2.13.14 is no longer supported in the current Metals versions, using the last known supported version 1.6.3
2026.02.07 13:20:53 INFO  QDox parse error in file:///root/onnx_spinal_project_new/sw/java/test/java/org/forwarder/backend/impls/dl4j/opsets/aiOnnx/v13/ops/DL4JCastV13Test.java (full report at: "/root/onnx_spinal_project_new/.metals/.reports/metals-full/2025-12-01/r_qdox-error_(Onnx_5fSpinalHDL-test)_13-08-59-057.md")
2026.02.07 13:20:54 WARN  Could not find java sources in /usr/lib/jvm/src.zip, /usr/lib/jvm/lib/src.zip, /usr/lib/jvm/java-17-openjdk/src.zip, /usr/lib/jvm/java-17-openjdk/lib/src.zip, /usr/lib/jvm/src.zip, /usr/lib/jvm/lib/src.zip, /usr/lib/jvm/java-17-openjdk-17.0.14.0.7-2.el9.x86_64/src.zip, /usr/lib/jvm/java-17-openjdk-17.0.14.0.7-2.el9.x86_64/lib/src.zip. Java symbols will not be available.
2026.02.07 13:20:55 INFO  time: indexed workspace in 3.97s
Feb 07, 2026 1:30:12 PM org.eclipse.lsp4j.jsonrpc.services.GenericEndpoint notify
INFO: Unsupported notification method: $/setTrace
2026.02.07 13:30:32 INFO  compiling onnx_spinalhdl (26 scala sources and 15 java sources)
2026.02.07 13:30:43 WARN  6 deprecations
2026.02.07 13:30:43 WARN  4 deprecations (since 2.12.16)
2026.02.07 13:30:43 WARN  2 deprecations (since 2.13.0)
2026.02.07 13:30:43 WARN  25 deprecations (since 2.13.3)
2026.02.07 13:30:43 WARN  1 deprecation (since 2.13.4)
2026.02.07 13:30:43 WARN  38 deprecations in total; re-run with -deprecation for details
2026.02.07 13:30:47 INFO  time: compiled Onnx_SpinalHDL in 14s
2026.02.07 13:30:47 INFO  compiling onnx_spinalhdl (154 scala sources and 452 java sources)
2026.02.07 13:31:02 WARN  71 deprecations
2026.02.07 13:31:02 WARN  1 deprecation (since 2.11.0)
2026.02.07 13:31:02 WARN  4 deprecations (since 2.12.16)
2026.02.07 13:31:02 WARN  14 deprecations (since 2.13.0)
2026.02.07 13:31:02 WARN  84 deprecations (since 2.13.3)
2026.02.07 13:31:02 WARN  1 deprecation (since 2.13.4)
2026.02.07 13:31:02 WARN  175 deprecations in total; re-run with -deprecation for details
2026.02.07 13:31:02 WARN  165 feature warnings; re-run with -feature for details
2026.02.07 13:31:10 INFO  time: compiled Onnx_SpinalHDL in 23s
2026.02.07 13:31:10 INFO  compiling onnx_spinalhdl-test (9 java sources)
2026.02.07 13:31:13 INFO  time: compiled Onnx_SpinalHDL-test in 3.03s
Feb 07, 2026 7:11:33 PM org.eclipse.lsp4j.jsonrpc.services.GenericEndpoint notify
INFO: Unsupported notification method: $/setTrace
Feb 07, 2026 7:26:38 PM org.eclipse.lsp4j.jsonrpc.services.GenericEndpoint notify
INFO: Unsupported notification method: $/setTrace
Feb 08, 2026 3:02:26 AM org.eclipse.lsp4j.jsonrpc.services.GenericEndpoint notify
INFO: Unsupported notification method: $/setTrace
Feb 08, 2026 3:02:28 AM org.eclipse.lsp4j.jsonrpc.services.GenericEndpoint notify
INFO: Unsupported notification method: $/setTrace
2026.02.08 19:21:52 INFO  Started: Metals version 1.6.5 in folders '/root/onnx_spinal_project_new' for client Visual Studio Code 1.109.0.
2026.02.08 19:21:52 INFO  Memory monitor started
2026.02.08 19:21:53 WARN  Using H2 2.4.240 which is newer than the version Flyway has been verified with. The latest verified version of H2 is 2.3.232.
2026.02.08 19:21:53 INFO  no build target found for /root/onnx_spinal_project_new/hw/spinal/Accelerator/Accelerator.scala. Using presentation compiler with project's scala-library version: 3.3.7
2026.02.08 19:21:54 INFO  Attempting to connect to the build server...
2026.02.08 19:21:54 INFO  Found a Bloop server running
2026.02.08 19:21:55 INFO  tracing is disabled for protocol BSP, to enable tracing of incoming and outgoing JSON messages create an empty file at /root/onnx_spinal_project_new/.metals/bsp.trace.json or /root/.cache/metals/bsp.trace.json
2026.02.08 19:21:55 INFO  Attempting to connect to the build server...
2026.02.08 19:21:55 INFO  Found a Bloop server running
2026.02.08 19:21:55 INFO  Attempting to connect to the build server...
2026.02.08 19:21:55 INFO  Found a Bloop server running
2026.02.08 19:21:55 INFO  tracing is disabled for protocol BSP, to enable tracing of incoming and outgoing JSON messages create an empty file at /root/onnx_spinal_project_new/project/project/.metals/bsp.trace.json or /root/.cache/metals/bsp.trace.json
2026.02.08 19:21:55 INFO  tracing is disabled for protocol BSP, to enable tracing of incoming and outgoing JSON messages create an empty file at /root/onnx_spinal_project_new/project/.metals/bsp.trace.json or /root/.cache/metals/bsp.trace.json
2026.02.08 19:21:55 INFO  time: Connected to build server in 1.08s
2026.02.08 19:21:55 INFO  Connected to Build server: Bloop v2.0.18
2026.02.08 19:21:56 INFO  time: Imported build in 0.41s
2026.02.08 19:21:57 WARN  2.12.15 is no longer supported in the current Metals versions, using the last known supported version 1.3.3
2026.02.08 19:21:58 WARN  2.13.14 is no longer supported in the current Metals versions, using the last known supported version 1.6.3
2026.02.08 19:22:05 INFO  QDox parse error in file:///root/onnx_spinal_project_new/sw/java/test/java/org/forwarder/backend/impls/dl4j/opsets/aiOnnx/v13/ops/DL4JCastV13Test.java (full report at: "/root/onnx_spinal_project_new/.metals/.reports/metals-full/2025-12-01/r_qdox-error_(Onnx_5fSpinalHDL-test)_13-08-59-057.md")
2026.02.08 19:22:07 WARN  Could not find java sources in /usr/lib/jvm/src.zip, /usr/lib/jvm/lib/src.zip, /usr/lib/jvm/java-17-openjdk/src.zip, /usr/lib/jvm/java-17-openjdk/lib/src.zip, /usr/lib/jvm/src.zip, /usr/lib/jvm/lib/src.zip, /usr/lib/jvm/java-17-openjdk-17.0.14.0.7-2.el9.x86_64/src.zip, /usr/lib/jvm/java-17-openjdk-17.0.14.0.7-2.el9.x86_64/lib/src.zip. Java symbols will not be available.
2026.02.08 19:22:11 INFO  time: indexed workspace in 13s
2026.02.08 19:26:27 INFO  Shutting down server
2026.02.08 19:26:27 INFO  Memory monitor stopped
2026.02.08 19:26:27 INFO  shutting down Metals
2026.02.08 19:26:27 INFO  Shut down connection with build server.
2026.02.08 19:26:27 INFO  Shut down connection with build server.
2026.02.08 19:26:27 INFO  Shut down connection with build server.
2026.02.08 19:26:27 INFO  Exiting server
Feb 09, 2026 1:34:21 AM org.eclipse.lsp4j.jsonrpc.RemoteEndpoint handleCancellation
WARNING: Unmatched cancel notification for request id 74
2026.02.09 07:13:26 INFO  Created report: Optional[file:///root/onnx_spinal_project_new/hw/spinal/MatrixCacheInterface/InputMatrixCache.scala]
2026.02.09 07:13:26 INFO  empty definition using pc, found symbol in pc:  (full report at: "/root/onnx_spinal_project_new/.metals/.reports/metals-full/2026-02-09/r_empty-definition_(Onnx_5fSpinalHDL)_07-13-26-885.md")
Feb 09, 2026 9:11:00 AM org.eclipse.lsp4j.jsonrpc.services.GenericEndpoint notify
INFO: Unsupported notification method: $/setTrace
Feb 10, 2026 7:29:21 PM org.eclipse.lsp4j.jsonrpc.services.GenericEndpoint notify
INFO: Unsupported notification method: $/setTrace
Feb 10, 2026 7:29:21 PM org.eclipse.lsp4j.jsonrpc.services.GenericEndpoint notify
INFO: Unsupported notification method: $/setTrace
Feb 10, 2026 8:38:05 PM org.eclipse.lsp4j.jsonrpc.services.GenericEndpoint notify
INFO: Unsupported notification method: $/setTrace
Feb 11, 2026 3:17:36 AM org.eclipse.lsp4j.jsonrpc.services.GenericEndpoint notify
INFO: Unsupported notification method: $/setTrace
Feb 11, 2026 8:47:53 AM org.eclipse.lsp4j.jsonrpc.services.GenericEndpoint notify
INFO: Unsupported notification method: $/setTrace
Feb 11, 2026 8:55:26 AM org.eclipse.lsp4j.jsonrpc.RemoteEndpoint handleCancellation
WARNING: Unmatched cancel notification for request id 139
Feb 11, 2026 8:55:36 AM org.eclipse.lsp4j.jsonrpc.services.GenericEndpoint notify
INFO: Unsupported notification method: $/setTrace
Feb 11, 2026 8:56:15 AM org.eclipse.lsp4j.jsonrpc.RemoteEndpoint handleNotification
WARNING: Notification threw an exception: {
  "jsonrpc": "2.0",
  "method": "metals/didFocusTextDocument",
  "params": [
    "git:/root/onnx_spinal_project_new/hw/spinal/WrapForFPGA/DualCache_Ctrl.scala?%7B%22path%22%3A%22%2Froot%2Fonnx_spinal_project_new%2Fhw%2Fspinal%2FWrapForFPGA%2FDualCache_Ctrl.scala%22%2C%22ref%22%3A%22e9c5d47667111eafafb4f43d1e97ec7fc14e8121%22%7D"
  ]
}
java.nio.file.FileSystemNotFoundException: Provider "git" not installed
	at java.base/java.nio.file.Path.of(Path.java:212)
	at java.base/java.nio.file.Paths.get(Paths.java:98)
	at scala.meta.internal.mtags.MtagsEnrichments$XtensionURIMtags.toAbsolutePath(MtagsEnrichments.scala:149)
	at scala.meta.internal.mtags.MtagsEnrichments$XtensionStringMtags.toAbsolutePath(MtagsEnrichments.scala:209)
	at scala.meta.internal.metals.MetalsEnrichments$XtensionString.toAbsolutePath(MetalsEnrichments.scala:778)
	at scala.meta.internal.metals.MetalsEnrichments$XtensionString.toAbsolutePath(MetalsEnrichments.scala:775)
	at scala.meta.internal.metals.WorkspaceLspService.didFocus(WorkspaceLspService.scala:808)
	at scala.meta.metals.lsp.DelegatingScalaService.didFocus(DelegatingScalaService.scala:42)
	at java.base/jdk.internal.reflect.NativeMethodAccessorImpl.invoke0(Native Method)
	at java.base/jdk.internal.reflect.NativeMethodAccessorImpl.invoke(NativeMethodAccessorImpl.java:77)
	at java.base/jdk.internal.reflect.DelegatingMethodAccessorImpl.invoke(DelegatingMethodAccessorImpl.java:43)
	at java.base/java.lang.reflect.Method.invoke(Method.java:569)
	at org.eclipse.lsp4j.jsonrpc.services.GenericEndpoint.lambda$recursiveFindRpcMethods$0(GenericEndpoint.java:65)
	at org.eclipse.lsp4j.jsonrpc.services.GenericEndpoint.notify(GenericEndpoint.java:160)
	at org.eclipse.lsp4j.jsonrpc.RemoteEndpoint.handleNotification(RemoteEndpoint.java:231)
	at org.eclipse.lsp4j.jsonrpc.RemoteEndpoint.consume(RemoteEndpoint.java:198)
	at org.eclipse.lsp4j.jsonrpc.json.StreamMessageProducer.handleMessage(StreamMessageProducer.java:185)
	at org.eclipse.lsp4j.jsonrpc.json.StreamMessageProducer.listen(StreamMessageProducer.java:97)
	at org.eclipse.lsp4j.jsonrpc.json.ConcurrentMessageProcessor.run(ConcurrentMessageProcessor.java:114)
	at java.base/java.util.concurrent.Executors$RunnableAdapter.call(Executors.java:539)
	at java.base/java.util.concurrent.FutureTask.run(FutureTask.java:264)
	at java.base/java.util.concurrent.ThreadPoolExecutor.runWorker(ThreadPoolExecutor.java:1136)
	at java.base/java.util.concurrent.ThreadPoolExecutor$Worker.run(ThreadPoolExecutor.java:635)
	at java.base/java.lang.Thread.run(Thread.java:840)

Feb 11, 2026 8:56:17 AM org.eclipse.lsp4j.jsonrpc.RemoteEndpoint handleNotification
WARNING: Notification threw an exception: {
  "jsonrpc": "2.0",
  "method": "metals/didFocusTextDocument",
  "params": [
    "git:/root/onnx_spinal_project_new/hw/spinal/WrapForFPGA/DualCache_Ctrl.scala?%7B%22path%22%3A%22%2Froot%2Fonnx_spinal_project_new%2Fhw%2Fspinal%2FWrapForFPGA%2FDualCache_Ctrl.scala%22%2C%22ref%22%3A%22063f088c16a14ee3aa073346e97a627d2d1c87b2%22%7D"
  ]
}
java.nio.file.FileSystemNotFoundException: Provider "git" not installed
	at java.base/java.nio.file.Path.of(Path.java:212)
	at java.base/java.nio.file.Paths.get(Paths.java:98)
	at scala.meta.internal.mtags.MtagsEnrichments$XtensionURIMtags.toAbsolutePath(MtagsEnrichments.scala:149)
	at scala.meta.internal.mtags.MtagsEnrichments$XtensionStringMtags.toAbsolutePath(MtagsEnrichments.scala:209)
	at scala.meta.internal.metals.MetalsEnrichments$XtensionString.toAbsolutePath(MetalsEnrichments.scala:778)
	at scala.meta.internal.metals.MetalsEnrichments$XtensionString.toAbsolutePath(MetalsEnrichments.scala:775)
	at scala.meta.internal.metals.WorkspaceLspService.didFocus(WorkspaceLspService.scala:808)
	at scala.meta.metals.lsp.DelegatingScalaService.didFocus(DelegatingScalaService.scala:42)
	at java.base/jdk.internal.reflect.NativeMethodAccessorImpl.invoke0(Native Method)
	at java.base/jdk.internal.reflect.NativeMethodAccessorImpl.invoke(NativeMethodAccessorImpl.java:77)
	at java.base/jdk.internal.reflect.DelegatingMethodAccessorImpl.invoke(DelegatingMethodAccessorImpl.java:43)
	at java.base/java.lang.reflect.Method.invoke(Method.java:569)
	at org.eclipse.lsp4j.jsonrpc.services.GenericEndpoint.lambda$recursiveFindRpcMethods$0(GenericEndpoint.java:65)
	at org.eclipse.lsp4j.jsonrpc.services.GenericEndpoint.notify(GenericEndpoint.java:160)
	at org.eclipse.lsp4j.jsonrpc.RemoteEndpoint.handleNotification(RemoteEndpoint.java:231)
	at org.eclipse.lsp4j.jsonrpc.RemoteEndpoint.consume(RemoteEndpoint.java:198)
	at org.eclipse.lsp4j.jsonrpc.json.StreamMessageProducer.handleMessage(StreamMessageProducer.java:185)
	at org.eclipse.lsp4j.jsonrpc.json.StreamMessageProducer.listen(StreamMessageProducer.java:97)
	at org.eclipse.lsp4j.jsonrpc.json.ConcurrentMessageProcessor.run(ConcurrentMessageProcessor.java:114)
	at java.base/java.util.concurrent.Executors$RunnableAdapter.call(Executors.java:539)
	at java.base/java.util.concurrent.FutureTask.run(FutureTask.java:264)
	at java.base/java.util.concurrent.ThreadPoolExecutor.runWorker(ThreadPoolExecutor.java:1136)
	at java.base/java.util.concurrent.ThreadPoolExecutor$Worker.run(ThreadPoolExecutor.java:635)
	at java.base/java.lang.Thread.run(Thread.java:840)

Feb 11, 2026 8:57:07 AM org.eclipse.lsp4j.jsonrpc.RemoteEndpoint handleNotification
WARNING: Notification threw an exception: {
  "jsonrpc": "2.0",
  "method": "metals/didFocusTextDocument",
  "params": [
    "git:/root/onnx_spinal_project_new/hw/spinal/WrapForFPGA/DualCache_Ctrl.scala?%7B%22path%22%3A%22%2Froot%2Fonnx_spinal_project_new%2Fhw%2Fspinal%2FWrapForFPGA%2FDualCache_Ctrl.scala%22%2C%22ref%22%3A%22e9c5d47667111eafafb4f43d1e97ec7fc14e8121%22%7D"
  ]
}
java.nio.file.FileSystemNotFoundException: Provider "git" not installed
	at java.base/java.nio.file.Path.of(Path.java:212)
	at java.base/java.nio.file.Paths.get(Paths.java:98)
	at scala.meta.internal.mtags.MtagsEnrichments$XtensionURIMtags.toAbsolutePath(MtagsEnrichments.scala:149)
	at scala.meta.internal.mtags.MtagsEnrichments$XtensionStringMtags.toAbsolutePath(MtagsEnrichments.scala:209)
	at scala.meta.internal.metals.MetalsEnrichments$XtensionString.toAbsolutePath(MetalsEnrichments.scala:778)
	at scala.meta.internal.metals.MetalsEnrichments$XtensionString.toAbsolutePath(MetalsEnrichments.scala:775)
	at scala.meta.internal.metals.WorkspaceLspService.didFocus(WorkspaceLspService.scala:808)
	at scala.meta.metals.lsp.DelegatingScalaService.didFocus(DelegatingScalaService.scala:42)
	at java.base/jdk.internal.reflect.NativeMethodAccessorImpl.invoke0(Native Method)
	at java.base/jdk.internal.reflect.NativeMethodAccessorImpl.invoke(NativeMethodAccessorImpl.java:77)
	at java.base/jdk.internal.reflect.DelegatingMethodAccessorImpl.invoke(DelegatingMethodAccessorImpl.java:43)
	at java.base/java.lang.reflect.Method.invoke(Method.java:569)
	at org.eclipse.lsp4j.jsonrpc.services.GenericEndpoint.lambda$recursiveFindRpcMethods$0(GenericEndpoint.java:65)
	at org.eclipse.lsp4j.jsonrpc.services.GenericEndpoint.notify(GenericEndpoint.java:160)
	at org.eclipse.lsp4j.jsonrpc.RemoteEndpoint.handleNotification(RemoteEndpoint.java:231)
	at org.eclipse.lsp4j.jsonrpc.RemoteEndpoint.consume(RemoteEndpoint.java:198)
	at org.eclipse.lsp4j.jsonrpc.json.StreamMessageProducer.handleMessage(StreamMessageProducer.java:185)
	at org.eclipse.lsp4j.jsonrpc.json.StreamMessageProducer.listen(StreamMessageProducer.java:97)
	at org.eclipse.lsp4j.jsonrpc.json.ConcurrentMessageProcessor.run(ConcurrentMessageProcessor.java:114)
	at java.base/java.util.concurrent.Executors$RunnableAdapter.call(Executors.java:539)
	at java.base/java.util.concurrent.FutureTask.run(FutureTask.java:264)
	at java.base/java.util.concurrent.ThreadPoolExecutor.runWorker(ThreadPoolExecutor.java:1136)
	at java.base/java.util.concurrent.ThreadPoolExecutor$Worker.run(ThreadPoolExecutor.java:635)
	at java.base/java.lang.Thread.run(Thread.java:840)

2026.02.12 08:22:40 INFO  Started: Metals version 1.6.5 in folders '/root/onnx_spinal_project_new' for client Visual Studio Code 1.109.0.
2026.02.12 08:22:40 INFO  Memory monitor started
2026.02.12 08:22:44 WARN  Using H2 2.4.240 which is newer than the version Flyway has been verified with. The latest verified version of H2 is 2.3.232.
2026.02.12 08:22:44 INFO  no build target found for /root/onnx_spinal_project_new/hw/spinal/Accelerator/Accelerator.scala. Using presentation compiler with project's scala-library version: 3.3.7
Feb 12, 2026 8:22:47 AM org.eclipse.lsp4j.jsonrpc.services.GenericEndpoint notify
INFO: Unsupported notification method: $/setTrace
Feb 12, 2026 8:22:47 AM org.eclipse.lsp4j.jsonrpc.services.GenericEndpoint notify
INFO: Unsupported notification method: $/setTrace
2026.02.12 08:22:47 INFO  no build target found for /root/onnx_spinal_project_new/hw/spinal/Accelerator/Accelerator.scala. Using presentation compiler with project's scala-library version: 3.3.7
2026.02.12 08:22:47 INFO  Attempting to connect to the build server...
2026.02.12 08:22:47 INFO  No running Bloop server found, starting one.
2026.02.12 08:22:48 INFO  Starting compilation server
2026.02.12 08:22:49 INFO  tracing is disabled for protocol BSP, to enable tracing of incoming and outgoing JSON messages create an empty file at /root/onnx_spinal_project_new/.metals/bsp.trace.json or /root/.cache/metals/bsp.trace.json
2026.02.12 08:22:59 INFO  Attempting to connect to the build server...
2026.02.12 08:22:59 INFO  Found a Bloop server running
2026.02.12 08:22:59 INFO  Attempting to connect to the build server...
2026.02.12 08:22:59 INFO  Found a Bloop server running
2026.02.12 08:22:59 INFO  tracing is disabled for protocol BSP, to enable tracing of incoming and outgoing JSON messages create an empty file at /root/onnx_spinal_project_new/project/project/.metals/bsp.trace.json or /root/.cache/metals/bsp.trace.json
2026.02.12 08:22:59 INFO  tracing is disabled for protocol BSP, to enable tracing of incoming and outgoing JSON messages create an empty file at /root/onnx_spinal_project_new/project/.metals/bsp.trace.json or /root/.cache/metals/bsp.trace.json
2026.02.12 08:23:03 INFO  time: Connected to build server in 16s
2026.02.12 08:23:03 INFO  Connected to Build server: Bloop v2.0.18
2026.02.12 08:23:04 INFO  time: Imported build in 0.14s
2026.02.12 08:23:04 WARN  2.12.15 is no longer supported in the current Metals versions, using the last known supported version 1.3.3
2026.02.12 08:23:04 WARN  2.13.14 is no longer supported in the current Metals versions, using the last known supported version 1.6.3
2026.02.12 08:23:06 INFO  QDox parse error in file:///root/onnx_spinal_project_new/sw/java/test/java/org/forwarder/backend/impls/dl4j/opsets/aiOnnx/v13/ops/DL4JCastV13Test.java (full report at: "/root/onnx_spinal_project_new/.metals/.reports/metals-full/2025-12-01/r_qdox-error_(Onnx_5fSpinalHDL-test)_13-08-59-057.md")
2026.02.12 08:23:07 WARN  Could not find java sources in /usr/lib/jvm/src.zip, /usr/lib/jvm/lib/src.zip, /usr/lib/jvm/java-17-openjdk/src.zip, /usr/lib/jvm/java-17-openjdk/lib/src.zip, /usr/lib/jvm/src.zip, /usr/lib/jvm/lib/src.zip, /usr/lib/jvm/java-17-openjdk-17.0.14.0.7-2.el9.x86_64/src.zip, /usr/lib/jvm/java-17-openjdk-17.0.14.0.7-2.el9.x86_64/lib/src.zip. Java symbols will not be available.
2026.02.12 08:23:08 INFO  time: indexed workspace in 4.63s
Feb 12, 2026 8:23:27 AM org.eclipse.lsp4j.jsonrpc.RemoteEndpoint handleNotification
WARNING: Notification threw an exception: {
  "jsonrpc": "2.0",
  "method": "metals/didFocusTextDocument",
  "params": [
    "git:/root/onnx_spinal_project_new/hw/spinal/WrapForFPGA/DualCache_Ctrl.scala?%7B%22path%22%3A%22%2Froot%2Fonnx_spinal_project_new%2Fhw%2Fspinal%2FWrapForFPGA%2FDualCache_Ctrl.scala%22%2C%22ref%22%3A%22063f088c16a14ee3aa073346e97a627d2d1c87b2%22%7D"
  ]
}
java.nio.file.FileSystemNotFoundException: Provider "git" not installed
	at java.base/java.nio.file.Path.of(Path.java:212)
	at java.base/java.nio.file.Paths.get(Paths.java:98)
	at scala.meta.internal.mtags.MtagsEnrichments$XtensionURIMtags.toAbsolutePath(MtagsEnrichments.scala:149)
	at scala.meta.internal.mtags.MtagsEnrichments$XtensionStringMtags.toAbsolutePath(MtagsEnrichments.scala:209)
	at scala.meta.internal.metals.MetalsEnrichments$XtensionString.toAbsolutePath(MetalsEnrichments.scala:778)
	at scala.meta.internal.metals.MetalsEnrichments$XtensionString.toAbsolutePath(MetalsEnrichments.scala:775)
	at scala.meta.internal.metals.WorkspaceLspService.didFocus(WorkspaceLspService.scala:808)
	at scala.meta.metals.lsp.DelegatingScalaService.didFocus(DelegatingScalaService.scala:42)
	at java.base/jdk.internal.reflect.NativeMethodAccessorImpl.invoke0(Native Method)
	at java.base/jdk.internal.reflect.NativeMethodAccessorImpl.invoke(NativeMethodAccessorImpl.java:77)
	at java.base/jdk.internal.reflect.DelegatingMethodAccessorImpl.invoke(DelegatingMethodAccessorImpl.java:43)
	at java.base/java.lang.reflect.Method.invoke(Method.java:569)
	at org.eclipse.lsp4j.jsonrpc.services.GenericEndpoint.lambda$recursiveFindRpcMethods$0(GenericEndpoint.java:65)
	at org.eclipse.lsp4j.jsonrpc.services.GenericEndpoint.notify(GenericEndpoint.java:160)
	at org.eclipse.lsp4j.jsonrpc.RemoteEndpoint.handleNotification(RemoteEndpoint.java:231)
	at org.eclipse.lsp4j.jsonrpc.RemoteEndpoint.consume(RemoteEndpoint.java:198)
	at org.eclipse.lsp4j.jsonrpc.json.StreamMessageProducer.handleMessage(StreamMessageProducer.java:185)
	at org.eclipse.lsp4j.jsonrpc.json.StreamMessageProducer.listen(StreamMessageProducer.java:97)
	at org.eclipse.lsp4j.jsonrpc.json.ConcurrentMessageProcessor.run(ConcurrentMessageProcessor.java:114)
	at java.base/java.util.concurrent.Executors$RunnableAdapter.call(Executors.java:539)
	at java.base/java.util.concurrent.FutureTask.run(FutureTask.java:264)
	at java.base/java.util.concurrent.ThreadPoolExecutor.runWorker(ThreadPoolExecutor.java:1136)
	at java.base/java.util.concurrent.ThreadPoolExecutor$Worker.run(ThreadPoolExecutor.java:635)
	at java.base/java.lang.Thread.run(Thread.java:840)

Feb 12, 2026 1:10:54 PM org.eclipse.lsp4j.jsonrpc.RemoteEndpoint handleNotification
WARNING: Notification threw an exception: {
  "jsonrpc": "2.0",
  "method": "metals/didFocusTextDocument",
  "params": [
    "git:/root/onnx_spinal_project_new/hw/spinal/WrapForFPGA/DualCache_Ctrl.scala?%7B%22path%22%3A%22%2Froot%2Fonnx_spinal_project_new%2Fhw%2Fspinal%2FWrapForFPGA%2FDualCache_Ctrl.scala%22%2C%22ref%22%3A%22e9c5d47667111eafafb4f43d1e97ec7fc14e8121%22%7D"
  ]
}
java.nio.file.FileSystemNotFoundException: Provider "git" not installed
	at java.base/java.nio.file.Path.of(Path.java:212)
	at java.base/java.nio.file.Paths.get(Paths.java:98)
	at scala.meta.internal.mtags.MtagsEnrichments$XtensionURIMtags.toAbsolutePath(MtagsEnrichments.scala:149)
	at scala.meta.internal.mtags.MtagsEnrichments$XtensionStringMtags.toAbsolutePath(MtagsEnrichments.scala:209)
	at scala.meta.internal.metals.MetalsEnrichments$XtensionString.toAbsolutePath(MetalsEnrichments.scala:778)
	at scala.meta.internal.metals.MetalsEnrichments$XtensionString.toAbsolutePath(MetalsEnrichments.scala:775)
	at scala.meta.internal.metals.WorkspaceLspService.didFocus(WorkspaceLspService.scala:808)
	at scala.meta.metals.lsp.DelegatingScalaService.didFocus(DelegatingScalaService.scala:42)
	at java.base/jdk.internal.reflect.NativeMethodAccessorImpl.invoke0(Native Method)
	at java.base/jdk.internal.reflect.NativeMethodAccessorImpl.invoke(NativeMethodAccessorImpl.java:77)
	at java.base/jdk.internal.reflect.DelegatingMethodAccessorImpl.invoke(DelegatingMethodAccessorImpl.java:43)
	at java.base/java.lang.reflect.Method.invoke(Method.java:569)
	at org.eclipse.lsp4j.jsonrpc.services.GenericEndpoint.lambda$recursiveFindRpcMethods$0(GenericEndpoint.java:65)
	at org.eclipse.lsp4j.jsonrpc.services.GenericEndpoint.notify(GenericEndpoint.java:160)
	at org.eclipse.lsp4j.jsonrpc.RemoteEndpoint.handleNotification(RemoteEndpoint.java:231)
	at org.eclipse.lsp4j.jsonrpc.RemoteEndpoint.consume(RemoteEndpoint.java:198)
	at org.eclipse.lsp4j.jsonrpc.json.StreamMessageProducer.handleMessage(StreamMessageProducer.java:185)
	at org.eclipse.lsp4j.jsonrpc.json.StreamMessageProducer.listen(StreamMessageProducer.java:97)
	at org.eclipse.lsp4j.jsonrpc.json.ConcurrentMessageProcessor.run(ConcurrentMessageProcessor.java:114)
	at java.base/java.util.concurrent.Executors$RunnableAdapter.call(Executors.java:539)
	at java.base/java.util.concurrent.FutureTask.run(FutureTask.java:264)
	at java.base/java.util.concurrent.ThreadPoolExecutor.runWorker(ThreadPoolExecutor.java:1136)
	at java.base/java.util.concurrent.ThreadPoolExecutor$Worker.run(ThreadPoolExecutor.java:635)
	at java.base/java.lang.Thread.run(Thread.java:840)

Feb 12, 2026 1:13:14 PM org.eclipse.lsp4j.jsonrpc.services.GenericEndpoint notify
INFO: Unsupported notification method: $/setTrace
Feb 12, 2026 7:18:12 PM org.eclipse.lsp4j.jsonrpc.services.GenericEndpoint notify
INFO: Unsupported notification method: $/setTrace
Feb 13, 2026 12:32:00 AM org.eclipse.lsp4j.jsonrpc.services.GenericEndpoint notify
INFO: Unsupported notification method: $/setTrace
Feb 15, 2026 5:07:02 PM org.eclipse.lsp4j.jsonrpc.services.GenericEndpoint notify
INFO: Unsupported notification method: $/setTrace
2026.02.20 14:20:56 INFO  Started: Metals version 1.6.5 in folders '/root/onnx_spinal_project_new' for client Visual Studio Code 1.109.2.
2026.02.20 14:20:56 INFO  Memory monitor started
2026.02.20 14:21:00 WARN  Using H2 2.4.240 which is newer than the version Flyway has been verified with. The latest verified version of H2 is 2.3.232.
2026.02.20 14:21:00 INFO  no build target found for /root/onnx_spinal_project_new/hw/spinal/Accelerator/Accelerator.scala. Using presentation compiler with project's scala-library version: 3.3.7
2026.02.20 14:21:03 INFO  no build target found for /root/onnx_spinal_project_new/hw/spinal/WrapForFPGA/DualCache_Ctrl.scala. Using presentation compiler with project's scala-library version: 3.3.7
2026.02.20 14:21:03 INFO  no build target found for /root/onnx_spinal_project_new/hw/spinal/WrapForFPGA/DualCache_Ctrl.scala. Using presentation compiler with project's scala-library version: 3.3.7
2026.02.20 14:21:03 INFO  no build target found for /root/onnx_spinal_project_new/hw/spinal/Accelerator/Accelerator.scala. Using presentation compiler with project's scala-library version: 3.3.7
2026.02.20 14:21:03 INFO  Attempting to connect to the build server...
2026.02.20 14:21:03 INFO  No running Bloop server found, starting one.
2026.02.20 14:21:04 INFO  Starting compilation server
2026.02.20 14:21:05 INFO  tracing is disabled for protocol BSP, to enable tracing of incoming and outgoing JSON messages create an empty file at /root/onnx_spinal_project_new/.metals/bsp.trace.json or /root/.cache/metals/bsp.trace.json
2026.02.20 14:21:16 INFO  Attempting to connect to the build server...
2026.02.20 14:21:16 INFO  Found a Bloop server running
2026.02.20 14:21:16 INFO  Attempting to connect to the build server...
2026.02.20 14:21:16 INFO  Found a Bloop server running
2026.02.20 14:21:16 INFO  tracing is disabled for protocol BSP, to enable tracing of incoming and outgoing JSON messages create an empty file at /root/onnx_spinal_project_new/project/project/.metals/bsp.trace.json or /root/.cache/metals/bsp.trace.json
2026.02.20 14:21:16 INFO  tracing is disabled for protocol BSP, to enable tracing of incoming and outgoing JSON messages create an empty file at /root/onnx_spinal_project_new/project/.metals/bsp.trace.json or /root/.cache/metals/bsp.trace.json
2026.02.20 14:21:21 INFO  time: Connected to build server in 17s
2026.02.20 14:21:21 INFO  Connected to Build server: Bloop v2.0.18
2026.02.20 14:21:21 INFO  time: Imported build in 0.19s
2026.02.20 14:21:21 WARN  2.12.15 is no longer supported in the current Metals versions, using the last known supported version 1.3.3
2026.02.20 14:21:21 WARN  2.13.14 is no longer supported in the current Metals versions, using the last known supported version 1.6.3
2026.02.20 14:21:23 INFO  QDox parse error in file:///root/onnx_spinal_project_new/sw/java/test/java/org/forwarder/backend/impls/dl4j/opsets/aiOnnx/v13/ops/DL4JCastV13Test.java (full report at: "/root/onnx_spinal_project_new/.metals/.reports/metals-full/2025-12-01/r_qdox-error_(Onnx_5fSpinalHDL-test)_13-08-59-057.md")
2026.02.20 14:21:25 WARN  Could not find java sources in /usr/lib/jvm/src.zip, /usr/lib/jvm/lib/src.zip, /usr/lib/jvm/java-17-openjdk/src.zip, /usr/lib/jvm/java-17-openjdk/lib/src.zip, /usr/lib/jvm/src.zip, /usr/lib/jvm/lib/src.zip, /usr/lib/jvm/java-17-openjdk-17.0.14.0.7-2.el9.x86_64/src.zip, /usr/lib/jvm/java-17-openjdk-17.0.14.0.7-2.el9.x86_64/lib/src.zip. Java symbols will not be available.
2026.02.20 14:21:27 INFO  time: indexed workspace in 6.14s
2026.02.25 05:55:44 INFO  Shutting down server
2026.02.25 05:55:44 INFO  Memory monitor stopped
2026.02.25 05:55:44 INFO  shutting down Metals
2026.02.25 05:55:45 INFO  Shut down connection with build server.
2026.02.25 05:55:45 INFO  Shut down connection with build server.
2026.02.25 05:55:45 INFO  Shut down connection with build server.
2026.02.25 05:55:44 INFO  Exiting server
2026.03.10 05:57:32 INFO  Started: Metals version 1.6.5 in folders '/root/onnx_spinal_project_new' for client Visual Studio Code 1.109.5.
2026.03.10 05:57:32 INFO  Memory monitor started
2026.03.10 05:57:32 WARN  Using H2 2.4.240 which is newer than the version Flyway has been verified with. The latest verified version of H2 is 2.3.232.
2026.03.10 05:57:32 INFO  no build target found for /root/onnx_spinal_project_new/hw/spinal/Accelerator/Accelerator.scala. Using presentation compiler with project's scala-library version: 3.3.7
2026.03.10 05:57:33 INFO  Attempting to connect to the build server...
2026.03.10 05:57:33 INFO  No running Bloop server found, starting one.
2026.03.10 05:57:34 INFO  Starting compilation server
2026.03.10 05:57:35 INFO  no build target found for /root/onnx_spinal_project_new/hw/spinal/Accelerator/Accelerator.scala. Using presentation compiler with project's scala-library version: 3.3.7
2026.03.10 05:57:35 INFO  no build target found for /root/onnx_spinal_project_new/hw/spinal/WrapForFPGA/DualCache_Ctrl.scala. Using presentation compiler with project's scala-library version: 3.3.7
2026.03.10 05:57:35 INFO  tracing is disabled for protocol BSP, to enable tracing of incoming and outgoing JSON messages create an empty file at /root/onnx_spinal_project_new/.metals/bsp.trace.json or /root/.cache/metals/bsp.trace.json
Mar 10, 2026 5:57:40 AM org.eclipse.lsp4j.jsonrpc.services.GenericEndpoint notify
INFO: Unsupported notification method: $/setTrace
Mar 10, 2026 5:57:40 AM org.eclipse.lsp4j.jsonrpc.services.GenericEndpoint notify
INFO: Unsupported notification method: $/setTrace
Mar 10, 2026 5:57:40 AM org.eclipse.lsp4j.jsonrpc.services.GenericEndpoint notify
INFO: Unsupported notification method: $/setTrace
Mar 10, 2026 5:57:40 AM org.eclipse.lsp4j.jsonrpc.services.GenericEndpoint notify
INFO: Unsupported notification method: $/setTrace
Mar 10, 2026 5:57:40 AM org.eclipse.lsp4j.jsonrpc.services.GenericEndpoint notify
INFO: Unsupported notification method: $/setTrace
2026.03.10 05:57:41 INFO  Attempting to connect to the build server...
2026.03.10 05:57:41 INFO  Found a Bloop server running
2026.03.10 05:57:41 INFO  Attempting to connect to the build server...
2026.03.10 05:57:41 INFO  Found a Bloop server running
2026.03.10 05:57:41 INFO  tracing is disabled for protocol BSP, to enable tracing of incoming and outgoing JSON messages create an empty file at /root/onnx_spinal_project_new/project/project/.metals/bsp.trace.json or /root/.cache/metals/bsp.trace.json
2026.03.10 05:57:41 INFO  tracing is disabled for protocol BSP, to enable tracing of incoming and outgoing JSON messages create an empty file at /root/onnx_spinal_project_new/project/.metals/bsp.trace.json or /root/.cache/metals/bsp.trace.json
Mar 10, 2026 5:57:41 AM org.eclipse.lsp4j.jsonrpc.services.GenericEndpoint notify
INFO: Unsupported notification method: $/setTrace
Mar 10, 2026 5:57:41 AM org.eclipse.lsp4j.jsonrpc.services.GenericEndpoint notify
INFO: Unsupported notification method: $/setTrace
2026.03.10 05:57:43 INFO  time: Connected to build server in 9.94s
2026.03.10 05:57:43 INFO  Connected to Build server: Bloop v2.0.18
2026.03.10 05:57:43 INFO  time: Imported build in 0.27s
2026.03.10 05:57:43 WARN  2.12.15 is no longer supported in the current Metals versions, using the last known supported version 1.3.3
2026.03.10 05:57:43 WARN  2.13.14 is no longer supported in the current Metals versions, using the last known supported version 1.6.3
Mar 10, 2026 5:57:44 AM org.eclipse.lsp4j.jsonrpc.services.GenericEndpoint notify
INFO: Unsupported notification method: $/setTrace
Mar 10, 2026 5:57:46 AM org.eclipse.lsp4j.jsonrpc.RemoteEndpoint handleCancellation
WARNING: Unmatched cancel notification for request id 22
Mar 10, 2026 5:57:46 AM org.eclipse.lsp4j.jsonrpc.RemoteEndpoint handleCancellation
WARNING: Unmatched cancel notification for request id 23
Mar 10, 2026 5:57:47 AM org.eclipse.lsp4j.jsonrpc.services.GenericEndpoint notify
INFO: Unsupported notification method: $/setTrace
2026.03.10 05:57:51 INFO  QDox parse error in file:///root/onnx_spinal_project_new/sw/java/test/java/org/forwarder/backend/impls/dl4j/opsets/aiOnnx/v13/ops/DL4JCastV13Test.java (full report at: "/root/onnx_spinal_project_new/.metals/.reports/metals-full/2025-12-01/r_qdox-error_(Onnx_5fSpinalHDL-test)_13-08-59-057.md")
2026.03.10 05:57:54 WARN  Could not find java sources in /usr/lib/jvm/src.zip, /usr/lib/jvm/lib/src.zip, /usr/lib/jvm/java-17-openjdk/src.zip, /usr/lib/jvm/java-17-openjdk/lib/src.zip, /usr/lib/jvm/src.zip, /usr/lib/jvm/lib/src.zip, /usr/lib/jvm/java-17-openjdk-17.0.14.0.7-2.el9.x86_64/src.zip, /usr/lib/jvm/java-17-openjdk-17.0.14.0.7-2.el9.x86_64/lib/src.zip. Java symbols will not be available.
2026.03.10 05:57:56 INFO  time: indexed workspace in 12s
Mar 10, 2026 5:58:17 AM org.eclipse.lsp4j.jsonrpc.RemoteEndpoint handleCancellation
WARNING: Unmatched cancel notification for request id 69
Mar 10, 2026 6:00:42 AM org.eclipse.lsp4j.jsonrpc.RemoteEndpoint handleCancellation
WARNING: Unmatched cancel notification for request id 106
2026.03.10 06:00:49 INFO  empty definition using pc, found symbol in pc:  (full report at: "/root/onnx_spinal_project_new/.metals/.reports/metals-full/2025-12-12/r_empty-definition_(Onnx_5fSpinalHDL)_06-42-16-665.md")
Mar 10, 2026 6:03:54 AM org.eclipse.lsp4j.jsonrpc.RemoteEndpoint handleCancellation
WARNING: Unmatched cancel notification for request id 175
Mar 10, 2026 6:04:05 AM org.eclipse.lsp4j.jsonrpc.RemoteEndpoint handleCancellation
WARNING: Unmatched cancel notification for request id 191
Mar 10, 2026 6:04:31 AM org.eclipse.lsp4j.jsonrpc.services.GenericEndpoint notify
INFO: Unsupported notification method: $/setTrace
Mar 11, 2026 5:10:49 AM org.eclipse.lsp4j.jsonrpc.RemoteEndpoint handleCancellation
WARNING: Unmatched cancel notification for request id 556
Mar 11, 2026 8:16:39 AM org.eclipse.lsp4j.jsonrpc.RemoteEndpoint handleCancellation
WARNING: Unmatched cancel notification for request id 562
Mar 11, 2026 12:54:54 PM org.eclipse.lsp4j.jsonrpc.RemoteEndpoint handleCancellation
WARNING: Unmatched cancel notification for request id 586
2026.03.11 12:56:48 INFO  compiling onnx_spinalhdl (1 scala source)
2026.03.11 12:56:54 INFO  time: compiled Onnx_SpinalHDL in 5.78s
2026.03.12 04:30:57 INFO  Started: Metals version 1.6.6 in folders '/root/onnx_spinal_project_new' for client Visual Studio Code 1.109.5.
2026.03.12 04:30:57 INFO  Memory monitor started
2026.03.12 04:31:01 WARN  Using H2 2.4.240 which is newer than the version Flyway has been verified with. The latest verified version of H2 is 2.3.232.
2026.03.12 04:31:01 INFO  no build target found for /root/onnx_spinal_project_new/hw/spinal/WrapForFPGA/WrapForFPGA.scala. Using presentation compiler with project's scala-library version: 3.3.7
2026.03.12 04:31:01 INFO  Attempting to connect to the build server...
2026.03.12 04:31:01 INFO  No running Bloop server found, starting one.
2026.03.12 04:31:03 INFO  no build target found for /root/onnx_spinal_project_new/hw/spinal/Accelerator/Accelerator.scala. Using presentation compiler with project's scala-library version: 3.3.7
2026.03.12 04:31:04 INFO  no build target found for /root/onnx_spinal_project_new/hw/spinal/WrapForFPGA/WrapForFPGA.scala. Using presentation compiler with project's scala-library version: 3.3.7
2026.03.12 04:31:04 INFO  no build target found for /root/onnx_spinal_project_new/hw/spinal/Accelerator/Accelerator.scala. Using presentation compiler with project's scala-library version: 3.3.7
2026.03.12 04:31:04 INFO  Starting compilation server
2026.03.12 04:31:05 INFO  tracing is disabled for protocol BSP, to enable tracing of incoming and outgoing JSON messages create an empty file at /root/onnx_spinal_project_new/.metals/bsp.trace.json or /root/.cache/metals/bsp.trace.json
2026.03.12 04:31:10 INFO  Attempting to connect to the build server...
2026.03.12 04:31:10 INFO  Found a Bloop server running
2026.03.12 04:31:10 INFO  Attempting to connect to the build server...
2026.03.12 04:31:10 INFO  Found a Bloop server running
2026.03.12 04:31:10 INFO  tracing is disabled for protocol BSP, to enable tracing of incoming and outgoing JSON messages create an empty file at /root/onnx_spinal_project_new/project/.metals/bsp.trace.json or /root/.cache/metals/bsp.trace.json
2026.03.12 04:31:10 INFO  tracing is disabled for protocol BSP, to enable tracing of incoming and outgoing JSON messages create an empty file at /root/onnx_spinal_project_new/project/project/.metals/bsp.trace.json or /root/.cache/metals/bsp.trace.json
2026.03.12 04:31:12 INFO  time: Connected to build server in 10s
2026.03.12 04:31:12 INFO  Connected to Build server: Bloop v2.0.19
2026.03.12 04:31:12 INFO  time: Imported build in 0.17s
2026.03.12 04:31:12 WARN  2.12.15 is no longer supported in the current Metals versions, using the last known supported version 1.3.3
2026.03.12 04:31:12 WARN  2.13.14 is no longer supported in the current Metals versions, using the last known supported version 1.6.3
2026.03.12 04:31:14 INFO  QDox parse error in file:///root/onnx_spinal_project_new/sw/java/test/java/org/forwarder/backend/impls/dl4j/opsets/aiOnnx/v13/ops/DL4JCastV13Test.java (full report at: "/root/onnx_spinal_project_new/.metals/.reports/metals-full/2025-12-01/r_qdox-error_(Onnx_5fSpinalHDL-test)_13-08-59-057.md")
2026.03.12 04:31:15 WARN  Could not find java sources in /usr/lib/jvm/src.zip, /usr/lib/jvm/lib/src.zip, /usr/lib/jvm/java-17-openjdk/src.zip, /usr/lib/jvm/java-17-openjdk/lib/src.zip, /usr/lib/jvm/src.zip, /usr/lib/jvm/lib/src.zip, /usr/lib/jvm/java-17-openjdk-17.0.14.0.7-2.el9.x86_64/src.zip, /usr/lib/jvm/java-17-openjdk-17.0.14.0.7-2.el9.x86_64/lib/src.zip. Java symbols will not be available.
2026.03.12 04:31:17 INFO  time: indexed workspace in 4.67s
2026.03.17 09:48:28 INFO  Shutting down server
2026.03.17 09:48:28 INFO  Memory monitor stopped
2026.03.17 09:48:28 INFO  shutting down Metals
2026.03.17 09:48:29 INFO  Shut down connection with build server.
2026.03.17 09:48:29 INFO  Shut down connection with build server.
2026.03.17 09:48:29 INFO  Shut down connection with build server.
2026.03.17 09:48:29 INFO  Exiting server
2026.04.15 11:41:45 INFO  Started: Metals version 1.6.6 in folders '/root/onnx_spinal_project_new' for client Visual Studio Code 1.115.0.
2026.04.15 11:41:45 INFO  Memory monitor started
2026.04.15 11:41:45 WARN  Using H2 2.4.240 which is newer than the version Flyway has been verified with. The latest verified version of H2 is 2.3.232.
2026.04.15 11:41:46 INFO  no build target found for /root/onnx_spinal_project_new/hw/spinal/Accelerator/Accelerator.scala. Using presentation compiler with project's scala-library version: 3.3.7
2026.04.15 11:41:46 INFO  Attempting to connect to the build server...
2026.04.15 11:41:46 INFO  No running Bloop server found, starting one.
2026.04.15 11:41:48 INFO  Starting compilation server
2026.04.15 11:41:49 INFO  no build target found for /root/onnx_spinal_project_new/hw/spinal/Accelerator/Accelerator.scala. Using presentation compiler with project's scala-library version: 3.3.7
2026.04.15 11:41:49 INFO  tracing is disabled for protocol BSP, to enable tracing of incoming and outgoing JSON messages create an empty file at /root/onnx_spinal_project_new/.metals/bsp.trace.json or /root/.cache/metals/bsp.trace.json
2026.04.15 11:41:56 INFO  Attempting to connect to the build server...
2026.04.15 11:41:56 INFO  Found a Bloop server running
2026.04.15 11:41:56 INFO  Attempting to connect to the build server...
2026.04.15 11:41:56 INFO  Found a Bloop server running
2026.04.15 11:41:57 INFO  tracing is disabled for protocol BSP, to enable tracing of incoming and outgoing JSON messages create an empty file at /root/onnx_spinal_project_new/project/project/.metals/bsp.trace.json or /root/.cache/metals/bsp.trace.json
2026.04.15 11:41:57 INFO  tracing is disabled for protocol BSP, to enable tracing of incoming and outgoing JSON messages create an empty file at /root/onnx_spinal_project_new/project/.metals/bsp.trace.json or /root/.cache/metals/bsp.trace.json
2026.04.15 11:41:57 INFO  no build target found for /root/onnx_spinal_project_new/hw/spinal/playGround/StreamWidthAdapter_Test.scala. Using presentation compiler with project's scala-library version: 3.3.7
Apr 15, 2026 11:41:57 AM org.eclipse.lsp4j.jsonrpc.RemoteEndpoint handleCancellation
WARNING: Unmatched cancel notification for request id 8
2026.04.15 11:41:57 INFO  no build target found for /root/onnx_spinal_project_new/hw/spinal/playGround/StreamWidthAdapter_Test.scala. Using presentation compiler with project's scala-library version: 3.3.7
2026.04.15 11:41:57 INFO  no build target found for /root/onnx_spinal_project_new/hw/spinal/playGround/StreamWidthAdapter_Test.scala. Using presentation compiler with project's scala-library version: 3.3.7
2026.04.15 11:41:57 INFO  no build target found for /root/onnx_spinal_project_new/hw/spinal/playGround/StreamWidthAdapter_Test.scala. Using presentation compiler with project's scala-library version: 3.3.7
2026.04.15 11:41:57 INFO  no build target found for /root/onnx_spinal_project_new/hw/spinal/playGround/tb_InstAxi4ToStream128.scala. Using presentation compiler with project's scala-library version: 3.3.7
Apr 15, 2026 11:41:58 AM org.eclipse.lsp4j.jsonrpc.RemoteEndpoint handleCancellation
WARNING: Unmatched cancel notification for request id 15
2026.04.15 11:41:58 INFO  no build target found for /root/onnx_spinal_project_new/hw/spinal/playGround/tb_InstAxi4ToStream128.scala. Using presentation compiler with project's scala-library version: 3.3.7
2026.04.15 11:41:57 INFO  no build target found for /root/onnx_spinal_project_new/hw/spinal/playGround/tb_InstAxi4ToStream128.scala. Using presentation compiler with project's scala-library version: 3.3.7
Apr 15, 2026 11:41:58 AM org.eclipse.lsp4j.jsonrpc.RemoteEndpoint handleCancellation
WARNING: Unmatched cancel notification for request id 19
Apr 15, 2026 11:41:58 AM org.eclipse.lsp4j.jsonrpc.RemoteEndpoint handleCancellation
WARNING: Unmatched cancel notification for request id 18
Apr 15, 2026 11:41:58 AM org.eclipse.lsp4j.jsonrpc.RemoteEndpoint handleCancellation
WARNING: Unmatched cancel notification for request id 16
2026.04.15 11:41:58 INFO  no build target found for /root/onnx_spinal_project_new/hw/spinal/playGround/tb_InstAxi4ToStream128.scala. Using presentation compiler with project's scala-library version: 3.3.7
2026.04.15 11:41:58 INFO  no build target found for /root/onnx_spinal_project_new/hw/spinal/playGround/tb_InstAxi4ToStream128.scala. Using presentation compiler with project's scala-library version: 3.3.7
Apr 15, 2026 11:41:58 AM org.eclipse.lsp4j.jsonrpc.RemoteEndpoint handleCancellation
WARNING: Unmatched cancel notification for request id 22
2026.04.15 11:41:58 INFO  no build target found for /root/onnx_spinal_project_new/hw/spinal/playGround/PipelineAPI_Demo.scala. Using presentation compiler with project's scala-library version: 3.3.7
2026.04.15 11:41:58 INFO  no build target found for /root/onnx_spinal_project_new/hw/spinal/playGround/PipelineAPI_Demo.scala. Using presentation compiler with project's scala-library version: 3.3.7
Apr 15, 2026 11:41:59 AM org.eclipse.lsp4j.jsonrpc.RemoteEndpoint handleCancellation
WARNING: Unmatched cancel notification for request id 23
Apr 15, 2026 11:41:59 AM org.eclipse.lsp4j.jsonrpc.RemoteEndpoint handleCancellation
WARNING: Unmatched cancel notification for request id 24
2026.04.15 11:41:58 INFO  no build target found for /root/onnx_spinal_project_new/hw/spinal/playGround/PATH_Demo.scala. Using presentation compiler with project's scala-library version: 3.3.7
2026.04.15 11:41:58 INFO  no build target found for /root/onnx_spinal_project_new/hw/spinal/playGround/PATH_Demo.scala. Using presentation compiler with project's scala-library version: 3.3.7
Apr 15, 2026 11:41:59 AM org.eclipse.lsp4j.jsonrpc.RemoteEndpoint handleCancellation
WARNING: Unmatched cancel notification for request id 25
Apr 15, 2026 11:41:59 AM org.eclipse.lsp4j.jsonrpc.RemoteEndpoint handleCancellation
WARNING: Unmatched cancel notification for request id 26
2026.04.15 11:41:58 INFO  no build target found for /root/onnx_spinal_project_new/hw/spinal/playGround/new class demo.scala. Using presentation compiler with project's scala-library version: 3.3.7
Apr 15, 2026 11:41:59 AM org.eclipse.lsp4j.jsonrpc.RemoteEndpoint handleCancellation
WARNING: Unmatched cancel notification for request id 27
2026.04.15 11:41:59 INFO  no build target found for /root/onnx_spinal_project_new/hw/spinal/playGround/new class demo.scala. Using presentation compiler with project's scala-library version: 3.3.7
2026.04.15 11:41:58 INFO  no build target found for /root/onnx_spinal_project_new/hw/spinal/playGround/new class demo.scala. Using presentation compiler with project's scala-library version: 3.3.7
2026.04.15 11:41:58 INFO  no build target found for /root/onnx_spinal_project_new/hw/spinal/playGround/new class demo.scala. Using presentation compiler with project's scala-library version: 3.3.7
2026.04.15 11:41:58 INFO  no build target found for /root/onnx_spinal_project_new/hw/spinal/playGround/new case class demo.scala. Using presentation compiler with project's scala-library version: 3.3.7
Apr 15, 2026 11:41:59 AM org.eclipse.lsp4j.jsonrpc.RemoteEndpoint handleCancellation
WARNING: Unmatched cancel notification for request id 32
2026.04.15 11:41:59 INFO  no build target found for /root/onnx_spinal_project_new/hw/spinal/playGround/new case class demo.scala. Using presentation compiler with project's scala-library version: 3.3.7
2026.04.15 11:41:58 INFO  no build target found for /root/onnx_spinal_project_new/hw/spinal/playGround/new case class demo.scala. Using presentation compiler with project's scala-library version: 3.3.7
2026.04.15 11:41:58 INFO  no build target found for /root/onnx_spinal_project_new/hw/spinal/playGround/new case class demo.scala. Using presentation compiler with project's scala-library version: 3.3.7
2026.04.15 11:41:59 INFO  no build target found for /root/onnx_spinal_project_new/hw/spinal/playGround/MyTopLevelSim.scala. Using presentation compiler with project's scala-library version: 3.3.7
2026.04.15 11:41:59 INFO  no build target found for /root/onnx_spinal_project_new/hw/spinal/playGround/MyTopLevelSim.scala. Using presentation compiler with project's scala-library version: 3.3.7
2026.04.15 11:41:59 INFO  no build target found for /root/onnx_spinal_project_new/hw/spinal/playGround/MyTopLevelSim.scala. Using presentation compiler with project's scala-library version: 3.3.7
Apr 15, 2026 11:41:59 AM org.eclipse.lsp4j.jsonrpc.RemoteEndpoint handleCancellation
WARNING: Unmatched cancel notification for request id 42
2026.04.15 11:41:59 INFO  no build target found for /root/onnx_spinal_project_new/hw/spinal/playGround/MyTopLevelFormal.scala. Using presentation compiler with project's scala-library version: 3.3.7
2026.04.15 11:41:59 INFO  no build target found for /root/onnx_spinal_project_new/hw/spinal/playGround/MyTopLevelFormal.scala. Using presentation compiler with project's scala-library version: 3.3.7
Apr 15, 2026 11:42:00 AM org.eclipse.lsp4j.jsonrpc.RemoteEndpoint handleCancellation
WARNING: Unmatched cancel notification for request id 43
2026.04.15 11:42:00 INFO  no build target found for /root/onnx_spinal_project_new/hw/spinal/playGround/MyTopLevelFormal.scala. Using presentation compiler with project's scala-library version: 3.3.7
2026.04.15 11:41:59 INFO  no build target found for /root/onnx_spinal_project_new/hw/spinal/playGround/MyTopLevelFormal.scala. Using presentation compiler with project's scala-library version: 3.3.7
2026.04.15 11:41:59 INFO  no build target found for /root/onnx_spinal_project_new/hw/spinal/playGround/MyTopLevel.scala. Using presentation compiler with project's scala-library version: 3.3.7
Apr 15, 2026 11:42:00 AM org.eclipse.lsp4j.jsonrpc.RemoteEndpoint handleCancellation
WARNING: Unmatched cancel notification for request id 48
2026.04.15 11:42:00 INFO  no build target found for /root/onnx_spinal_project_new/hw/spinal/playGround/MyTopLevel.scala. Using presentation compiler with project's scala-library version: 3.3.7
2026.04.15 11:41:59 INFO  no build target found for /root/onnx_spinal_project_new/hw/spinal/playGround/MyTopLevel.scala. Using presentation compiler with project's scala-library version: 3.3.7
2026.04.15 11:41:59 INFO  no build target found for /root/onnx_spinal_project_new/hw/spinal/playGround/MyTopLevel.scala. Using presentation compiler with project's scala-library version: 3.3.7
2026.04.15 11:41:59 INFO  no build target found for /root/onnx_spinal_project_new/hw/spinal/playGround/MemDemo.scala. Using presentation compiler with project's scala-library version: 3.3.7
Apr 15, 2026 11:42:00 AM org.eclipse.lsp4j.jsonrpc.RemoteEndpoint handleCancellation
WARNING: Unmatched cancel notification for request id 55
2026.04.15 11:42:00 INFO  no build target found for /root/onnx_spinal_project_new/hw/spinal/playGround/MemDemo.scala. Using presentation compiler with project's scala-library version: 3.3.7
2026.04.15 11:41:59 INFO  no build target found for /root/onnx_spinal_project_new/hw/spinal/playGround/MemDemo.scala. Using presentation compiler with project's scala-library version: 3.3.7
2026.04.15 11:42:00 INFO  no build target found for /root/onnx_spinal_project_new/hw/spinal/playGround/MemDemo.scala. Using presentation compiler with project's scala-library version: 3.3.7
2026.04.15 11:42:00 INFO  no build target found for /root/onnx_spinal_project_new/hw/spinal/playGround/InstAxi4ToStream128.scala. Using presentation compiler with project's scala-library version: 3.3.7
2026.04.15 11:42:01 INFO  no build target found for /root/onnx_spinal_project_new/hw/spinal/playGround/InstAxi4ToStream128.scala. Using presentation compiler with project's scala-library version: 3.3.7
2026.04.15 11:42:00 INFO  no build target found for /root/onnx_spinal_project_new/hw/spinal/playGround/InstAxi4ToStream128.scala. Using presentation compiler with project's scala-library version: 3.3.7
Apr 15, 2026 11:42:01 AM org.eclipse.lsp4j.jsonrpc.RemoteEndpoint handleCancellation
WARNING: Unmatched cancel notification for request id 62
2026.04.15 11:42:05 INFO  time: Connected to build server in 19s
2026.04.15 11:42:05 INFO  Connected to Build server: Bloop v2.0.19
2026.04.15 11:42:05 INFO  time: Imported build in 0.16s
2026.04.15 11:42:06 WARN  2.12.15 is no longer supported in the current Metals versions, using the last known supported version 1.3.3
2026.04.15 11:42:06 WARN  2.13.14 is no longer supported in the current Metals versions, using the last known supported version 1.6.3
2026.04.15 11:42:09 INFO  QDox parse error in file:///root/onnx_spinal_project_new/sw/java/test/java/org/forwarder/backend/impls/dl4j/opsets/aiOnnx/v13/ops/DL4JCastV13Test.java (full report at: "/root/onnx_spinal_project_new/.metals/.reports/metals-full/2025-12-01/r_qdox-error_(Onnx_5fSpinalHDL-test)_13-08-59-057.md")
2026.04.15 11:42:11 WARN  Could not find java sources in /usr/lib/jvm/src.zip, /usr/lib/jvm/lib/src.zip, /usr/lib/jvm/java-17-openjdk/src.zip, /usr/lib/jvm/java-17-openjdk/lib/src.zip, /usr/lib/jvm/src.zip, /usr/lib/jvm/lib/src.zip, /usr/lib/jvm/java-17-openjdk-17.0.14.0.7-2.el9.x86_64/src.zip, /usr/lib/jvm/java-17-openjdk-17.0.14.0.7-2.el9.x86_64/lib/src.zip. Java symbols will not be available.
Apr 15, 2026 11:42:12 AM org.eclipse.lsp4j.jsonrpc.services.GenericEndpoint notify
INFO: Unsupported notification method: $/setTrace
2026.04.15 11:42:13 INFO  time: indexed workspace in 6.94s
Apr 15, 2026 11:42:15 AM org.eclipse.lsp4j.jsonrpc.services.GenericEndpoint notify
INFO: Unsupported notification method: $/setTrace
Apr 15, 2026 11:42:16 AM org.eclipse.lsp4j.jsonrpc.services.GenericEndpoint notify
INFO: Unsupported notification method: $/setTrace
Apr 15, 2026 11:42:16 AM org.eclipse.lsp4j.jsonrpc.services.GenericEndpoint notify
INFO: Unsupported notification method: $/setTrace
Apr 15, 2026 11:42:22 AM org.eclipse.lsp4j.jsonrpc.RemoteEndpoint handleCancellation
WARNING: Unmatched cancel notification for request id 75
Apr 15, 2026 11:42:22 AM org.eclipse.lsp4j.jsonrpc.services.GenericEndpoint notify
INFO: Unsupported notification method: $/setTrace
Apr 15, 2026 11:42:22 AM org.eclipse.lsp4j.jsonrpc.RemoteEndpoint handleCancellation
WARNING: Unmatched cancel notification for request id 80
Apr 15, 2026 11:42:22 AM org.eclipse.lsp4j.jsonrpc.RemoteEndpoint handleCancellation
WARNING: Unmatched cancel notification for request id 81
Apr 15, 2026 11:42:23 AM org.eclipse.lsp4j.jsonrpc.services.GenericEndpoint notify
INFO: Unsupported notification method: $/setTrace
Apr 15, 2026 11:42:26 AM org.eclipse.lsp4j.jsonrpc.RemoteEndpoint handleCancellation
WARNING: Unmatched cancel notification for request id 92
Apr 15, 2026 11:42:26 AM org.eclipse.lsp4j.jsonrpc.RemoteEndpoint handleCancellation
WARNING: Unmatched cancel notification for request id 93
Apr 15, 2026 11:42:26 AM org.eclipse.lsp4j.jsonrpc.RemoteEndpoint handleCancellation
WARNING: Unmatched cancel notification for request id 94
Apr 15, 2026 11:42:26 AM org.eclipse.lsp4j.jsonrpc.RemoteEndpoint handleCancellation
WARNING: Unmatched cancel notification for request id 95
Apr 15, 2026 11:42:55 AM org.eclipse.lsp4j.jsonrpc.services.GenericEndpoint notify
INFO: Unsupported notification method: $/setTrace
Apr 15, 2026 12:45:29 PM org.eclipse.lsp4j.jsonrpc.RemoteEndpoint handleCancellation
WARNING: Unmatched cancel notification for request id 102
Apr 15, 2026 12:45:29 PM org.eclipse.lsp4j.jsonrpc.RemoteEndpoint handleCancellation
WARNING: Unmatched cancel notification for request id 103
Apr 15, 2026 12:45:29 PM org.eclipse.lsp4j.jsonrpc.RemoteEndpoint handleCancellation
WARNING: Unmatched cancel notification for request id 104
2026.04.15 12:45:51 INFO  Shutting down server
2026.04.15 12:45:51 INFO  Memory monitor stopped
2026.04.15 12:45:51 INFO  shutting down Metals
2026.04.15 12:45:51 INFO  Shut down connection with build server.
2026.04.15 12:45:51 INFO  Shut down connection with build server.
2026.04.15 12:45:51 INFO  Shut down connection with build server.
2026.04.15 12:45:51 INFO  Exiting server
2026.04.21 06:37:28 INFO  Started: Metals version 1.6.7 in folders '/root/onnx_spinal_project_new' for client Visual Studio Code 1.115.0.
2026.04.21 06:37:28 INFO  Memory monitor started
2026.04.21 06:37:28 WARN  Using H2 2.4.240 which is newer than the version Flyway has been verified with. The latest verified version of H2 is 2.3.232.
2026.04.21 06:37:28 INFO  no build target found for /root/onnx_spinal_project_new/hw/spinal/playGround/InstAxi4ToStream128.scala. Using presentation compiler with project's scala-library version: 3.3.7
2026.04.21 06:37:29 INFO  Attempting to connect to the build server...
2026.04.21 06:37:29 INFO  No running Bloop server found, starting one.
2026.04.21 06:37:30 INFO  Starting compilation server
2026.04.21 06:37:31 INFO  no build target found for /root/onnx_spinal_project_new/hw/spinal/Accelerator/Accelerator.scala. Using presentation compiler with project's scala-library version: 3.3.7
2026.04.21 06:37:31 INFO  no build target found for /root/onnx_spinal_project_new/hw/spinal/playGround/InstAxi4ToStream128.scala. Using presentation compiler with project's scala-library version: 3.3.7
2026.04.21 06:37:30 INFO  no build target found for /root/onnx_spinal_project_new/hw/spinal/Accelerator/Accelerator.scala. Using presentation compiler with project's scala-library version: 3.3.7
2026.04.21 06:37:31 INFO  tracing is disabled for protocol BSP, to enable tracing of incoming and outgoing JSON messages create an empty file at /root/onnx_spinal_project_new/.metals/bsp.trace.json or /root/.cache/metals/bsp.trace.json
2026.04.21 06:37:36 INFO  Attempting to connect to the build server...
2026.04.21 06:37:36 INFO  Found a Bloop server running
2026.04.21 06:37:36 INFO  Attempting to connect to the build server...
2026.04.21 06:37:36 INFO  Found a Bloop server running
2026.04.21 06:37:36 INFO  tracing is disabled for protocol BSP, to enable tracing of incoming and outgoing JSON messages create an empty file at /root/onnx_spinal_project_new/project/project/.metals/bsp.trace.json or /root/.cache/metals/bsp.trace.json
2026.04.21 06:37:36 INFO  tracing is disabled for protocol BSP, to enable tracing of incoming and outgoing JSON messages create an empty file at /root/onnx_spinal_project_new/project/.metals/bsp.trace.json or /root/.cache/metals/bsp.trace.json
2026.04.21 06:37:38 INFO  time: Connected to build server in 9.24s
2026.04.21 06:37:38 INFO  Connected to Build server: Bloop v2.0.19
2026.04.21 06:37:38 INFO  time: Imported build in 0.14s
2026.04.21 06:37:38 WARN  2.12.15 is no longer supported in the current Metals versions, using the last known supported version 1.3.3
2026.04.21 06:37:38 WARN  2.13.14 is no longer supported in the current Metals versions, using the last known supported version 1.6.3
2026.04.21 06:37:41 INFO  QDox parse error in file:///root/onnx_spinal_project_new/sw/java/test/java/org/forwarder/backend/impls/dl4j/opsets/aiOnnx/v13/ops/DL4JCastV13Test.java (full report at: "/root/onnx_spinal_project_new/.metals/.reports/metals-full/2025-12-01/r_qdox-error_(Onnx_5fSpinalHDL-test)_13-08-59-057.md")
2026.04.21 06:37:43 WARN  Could not find java sources in /usr/lib/jvm/src.zip, /usr/lib/jvm/lib/src.zip, /usr/lib/jvm/java-17-openjdk/src.zip, /usr/lib/jvm/java-17-openjdk/lib/src.zip, /usr/lib/jvm/src.zip, /usr/lib/jvm/lib/src.zip, /usr/lib/jvm/java-17-openjdk-17.0.14.0.7-2.el9.x86_64/src.zip, /usr/lib/jvm/java-17-openjdk-17.0.14.0.7-2.el9.x86_64/lib/src.zip. Java symbols will not be available.
2026.04.21 06:37:44 INFO  time: indexed workspace in 5.62s
Apr 21, 2026 9:54:38 AM org.eclipse.lsp4j.jsonrpc.RemoteEndpoint handleCancellation
WARNING: Unmatched cancel notification for request id 45
2026.04.21 09:54:41 INFO  time: code lens generation in 2.05s
Apr 21, 2026 10:11:55 AM org.eclipse.lsp4j.jsonrpc.RemoteEndpoint handleCancellation
WARNING: Unmatched cancel notification for request id 164
Apr 21, 2026 10:11:55 AM org.eclipse.lsp4j.jsonrpc.RemoteEndpoint handleCancellation
WARNING: Unmatched cancel notification for request id 168
Apr 21, 2026 10:11:55 AM org.eclipse.lsp4j.jsonrpc.RemoteEndpoint handleCancellation
WARNING: Unmatched cancel notification for request id 170
Apr 21, 2026 10:11:55 AM org.eclipse.lsp4j.jsonrpc.RemoteEndpoint handleCancellation
WARNING: Unmatched cancel notification for request id 171
Apr 21, 2026 10:12:00 AM org.eclipse.lsp4j.jsonrpc.RemoteEndpoint handleCancellation
WARNING: Unmatched cancel notification for request id 184
Apr 21, 2026 10:12:00 AM org.eclipse.lsp4j.jsonrpc.RemoteEndpoint handleCancellation
WARNING: Unmatched cancel notification for request id 185
Apr 21, 2026 10:12:00 AM org.eclipse.lsp4j.jsonrpc.RemoteEndpoint handleCancellation
WARNING: Unmatched cancel notification for request id 186
Apr 21, 2026 10:12:00 AM org.eclipse.lsp4j.jsonrpc.RemoteEndpoint handleCancellation
WARNING: Unmatched cancel notification for request id 187
Apr 21, 2026 10:12:00 AM org.eclipse.lsp4j.jsonrpc.RemoteEndpoint handleCancellation
WARNING: Unmatched cancel notification for request id 188
Apr 21, 2026 10:12:00 AM org.eclipse.lsp4j.jsonrpc.RemoteEndpoint handleCancellation
WARNING: Unmatched cancel notification for request id 189
2026.04.21 10:12:15 INFO  running '/root/.local/share/coursier/bin/sbt -Dbloop.export-jar-classifiers=sources bloopInstall'
2026.04.21 10:12:17 INFO  [info] welcome to sbt 1.6.0 (Red Hat, Inc. Java 17.0.14)
2026.04.21 10:12:17 INFO  [info] loading settings for project onnx_spinal_project_new-build-build-build from metals.sbt ...
2026.04.21 10:12:18 INFO  [info] loading project definition from /root/onnx_spinal_project_new/project/project/project
2026.04.21 10:12:18 INFO  [info] loading settings for project onnx_spinal_project_new-build-build from metals.sbt ...
2026.04.21 10:12:18 INFO  [info] loading project definition from /root/onnx_spinal_project_new/project/project
2026.04.21 10:12:20 INFO  [success] Generated .bloop/onnx_spinal_project_new-build-build.json
2026.04.21 10:12:20 INFO  [success] Total time: 1 s, completed Apr 21, 2026, 10:12:20 AM
2026.04.21 10:12:20 INFO  [info] loading settings for project onnx_spinal_project_new-build from metals.sbt,plugins.sbt ...
2026.04.21 10:12:20 INFO  [info] loading project definition from /root/onnx_spinal_project_new/project
2026.04.21 10:12:20 INFO  [success] Generated .bloop/onnx_spinal_project_new-build.json
2026.04.21 10:12:20 INFO  [success] Total time: 0 s, completed Apr 21, 2026, 10:12:21 AM
2026.04.21 10:12:20 INFO  [info] loading settings for project Onnx_SpinalHDL from build.sbt ...
2026.04.21 10:12:20 INFO  [info] set current project to Onnx_SpinalHDL (in build file:/root/onnx_spinal_project_new/)
2026.04.21 10:12:22 INFO  [success] Generated .bloop/Onnx_SpinalHDL.json
2026.04.21 10:12:22 INFO  [success] Generated .bloop/Onnx_SpinalHDL-test.json
2026.04.21 10:12:22 INFO  [success] Total time: 1 s, completed Apr 21, 2026, 10:12:22 AM
2026.04.21 10:12:22 INFO  time: ran 'sbt bloopInstall' in 6.72s
2026.04.21 10:12:22 INFO  Disconnecting from Bloop session...
2026.04.21 10:12:22 INFO  Shut down connection with build server.
2026.04.21 10:12:22 INFO  Shut down connection with build server.
2026.04.21 10:12:22 INFO  Shut down connection with build server.
2026.04.21 10:12:22 INFO  Attempting to connect to the build server...
2026.04.21 10:12:22 INFO  Found a Bloop server running
2026.04.21 10:12:32 ERROR Bloop server PID: 2518
Ignoring SIGINT
Will truncate output file /root/.local/share/scalacli/bloop/daemon/output every 5 minutes
Unable to load nailgun-version.properties.
NGServer [UNKNOWN] started on local socket /root/.local/share/scalacli/bloop/daemon/socket.
/root/.local/share/scalacli/bloop
/root/.local/share/scalacli/bloop
/root/.local/share/scalacli/bloop
/root/.local/share/scalacli/bloop
/root/.local/share/scalacli/bloop
/root/.local/share/scalacli/bloop
/root/.local/share/scalacli/bloop
/root/.local/share/scalacli/bloop

2026.04.21 10:12:32 ERROR Failed to connect with build server, no functionality will work.
java.lang.RuntimeException: Timeout (10 seconds) while waiting for BSP socket to be created in /root/.local/share/scalacli/bloop/bsp/2352-1
	at scala.sys.package$.error(package.scala:27)
	at bloop.rifle.internal.Operations$$anon$1.openSocket(Operations.scala:422)
	at scala.meta.internal.metals.BloopServers.create$1(BloopServers.scala:416)
	at scala.meta.internal.metals.BloopServers.openConnection$1(BloopServers.scala:432)
	at scala.meta.internal.metals.BloopServers.$anonfun$connect$5(BloopServers.scala:445)
	at scala.concurrent.Future$.$anonfun$apply$1(Future.scala:691)
	at scala.concurrent.impl.Promise$Transformation.run(Promise.scala:500)
	at java.util.concurrent.ThreadPoolExecutor.runWorker(ThreadPoolExecutor.java:1136)
	at java.util.concurrent.ThreadPoolExecutor$Worker.run(ThreadPoolExecutor.java:635)
	at java.lang.Thread.run(Thread.java:840)

2026.04.21 10:12:32 INFO  running '/root/.local/share/coursier/bin/sbt -Dbloop.export-jar-classifiers=sources bloopInstall'
2026.04.21 10:12:33 INFO  [info] welcome to sbt 1.6.0 (Red Hat, Inc. Java 17.0.14)
2026.04.21 10:12:33 INFO  [info] loading settings for project onnx_spinal_project_new-build-build-build from metals.sbt ...
2026.04.21 10:12:35 INFO  [info] loading project definition from /root/onnx_spinal_project_new/project/project/project
2026.04.21 10:12:35 INFO  [info] loading settings for project onnx_spinal_project_new-build-build from metals.sbt ...
2026.04.21 10:12:35 INFO  [info] loading project definition from /root/onnx_spinal_project_new/project/project
2026.04.21 10:12:36 INFO  [success] Generated .bloop/onnx_spinal_project_new-build-build.json
2026.04.21 10:12:36 INFO  [success] Total time: 1 s, completed Apr 21, 2026, 10:12:37 AM
2026.04.21 10:12:36 INFO  [info] loading settings for project onnx_spinal_project_new-build from metals.sbt,plugins.sbt ...
2026.04.21 10:12:36 INFO  [info] loading project definition from /root/onnx_spinal_project_new/project
2026.04.21 10:12:36 INFO  [success] Generated .bloop/onnx_spinal_project_new-build.json
2026.04.21 10:12:36 INFO  [success] Total time: 0 s, completed Apr 21, 2026, 10:12:37 AM
2026.04.21 10:12:36 INFO  [info] loading settings for project Onnx_SpinalHDL from build.sbt ...
2026.04.21 10:12:36 INFO  [info] set current project to Onnx_SpinalHDL (in build file:/root/onnx_spinal_project_new/)
2026.04.21 10:12:38 INFO  [success] Generated .bloop/Onnx_SpinalHDL-test.json
2026.04.21 10:12:38 INFO  [success] Generated .bloop/Onnx_SpinalHDL.json
2026.04.21 10:12:38 INFO  [success] Total time: 0 s, completed Apr 21, 2026, 10:12:38 AM
2026.04.21 10:12:38 INFO  time: ran 'sbt bloopInstall' in 5.91s
2026.04.21 10:12:38 INFO  Attempting to connect to the build server...
2026.04.21 10:12:38 INFO  Found a Bloop server running
2026.04.21 10:12:38 INFO  tracing is disabled for protocol BSP, to enable tracing of incoming and outgoing JSON messages create an empty file at /root/onnx_spinal_project_new/.metals/bsp.trace.json or /root/.cache/metals/bsp.trace.json
2026.04.21 10:12:38 INFO  Attempting to connect to the build server...
2026.04.21 10:12:38 INFO  Found a Bloop server running
2026.04.21 10:12:38 INFO  Attempting to connect to the build server...
2026.04.21 10:12:38 INFO  Found a Bloop server running
2026.04.21 10:12:38 INFO  tracing is disabled for protocol BSP, to enable tracing of incoming and outgoing JSON messages create an empty file at /root/onnx_spinal_project_new/project/.metals/bsp.trace.json or /root/.cache/metals/bsp.trace.json
2026.04.21 10:12:39 INFO  tracing is disabled for protocol BSP, to enable tracing of incoming and outgoing JSON messages create an empty file at /root/onnx_spinal_project_new/project/project/.metals/bsp.trace.json or /root/.cache/metals/bsp.trace.json
2026.04.21 10:12:39 INFO  time: Connected to build server in 0.25s
2026.04.21 10:12:39 INFO  Connected to Build server: Bloop v2.0.19
2026.04.21 10:12:41 INFO  QDox parse error in file:///root/onnx_spinal_project_new/sw/java/test/java/org/forwarder/backend/impls/dl4j/opsets/aiOnnx/v13/ops/DL4JCastV13Test.java (full report at: "/root/onnx_spinal_project_new/.metals/.reports/metals-full/2025-12-01/r_qdox-error_(Onnx_5fSpinalHDL-test)_13-08-59-057.md")
2026.04.21 10:12:43 WARN  Could not find java sources in /usr/lib/jvm/src.zip, /usr/lib/jvm/lib/src.zip, /usr/lib/jvm/java-17-openjdk/src.zip, /usr/lib/jvm/java-17-openjdk/lib/src.zip, /usr/lib/jvm/src.zip, /usr/lib/jvm/lib/src.zip, /usr/lib/jvm/java-17-openjdk-17.0.14.0.7-2.el9.x86_64/src.zip, /usr/lib/jvm/java-17-openjdk-17.0.14.0.7-2.el9.x86_64/lib/src.zip. Java symbols will not be available.
2026.04.21 10:12:43 INFO  time: indexed workspace in 5.08s
Apr 21, 2026 10:13:13 AM org.eclipse.lsp4j.jsonrpc.services.GenericEndpoint notify
INFO: Unsupported notification method: $/setTrace
Apr 21, 2026 10:15:08 AM org.eclipse.lsp4j.jsonrpc.RemoteEndpoint handleCancellation
WARNING: Unmatched cancel notification for request id 250
Apr 21, 2026 10:15:29 AM org.eclipse.lsp4j.jsonrpc.RemoteEndpoint handleCancellation
WARNING: Unmatched cancel notification for request id 269
Apr 21, 2026 10:17:05 AM org.eclipse.lsp4j.jsonrpc.RemoteEndpoint handleCancellation
WARNING: Unmatched cancel notification for request id 342
2026.04.22 05:04:26 INFO  Shutting down server
2026.04.22 05:04:26 INFO  Memory monitor stopped
2026.04.22 05:04:26 INFO  shutting down Metals
2026.04.22 05:04:27 INFO  Shut down connection with build server.
2026.04.22 05:04:27 INFO  Shut down connection with build server.
2026.04.22 05:04:27 INFO  Shut down connection with build server.
2026.04.22 05:04:26 INFO  Exiting server
2026.04.23 05:38:52 INFO  Started: Metals version 1.6.7 in folders '/root/onnx_spinal_project_new' for client Visual Studio Code 1.117.0.
2026.04.23 05:38:52 INFO  Memory monitor started
2026.04.23 05:38:52 WARN  Using H2 2.4.240 which is newer than the version Flyway has been verified with. The latest verified version of H2 is 2.3.232.
2026.04.23 05:38:53 INFO  Attempting to connect to the build server...
2026.04.23 05:38:53 INFO  No running Bloop server found, starting one.
Apr 23, 2026 5:38:54 AM org.eclipse.lsp4j.jsonrpc.services.GenericEndpoint notify
INFO: Unsupported notification method: $/setTrace
2026.04.23 05:38:54 INFO  Starting compilation server
2026.04.23 05:38:57 INFO  tracing is disabled for protocol BSP, to enable tracing of incoming and outgoing JSON messages create an empty file at /root/onnx_spinal_project_new/.metals/bsp.trace.json or /root/.cache/metals/bsp.trace.json
2026.04.23 05:39:01 INFO  Attempting to connect to the build server...
2026.04.23 05:39:01 INFO  Found a Bloop server running
2026.04.23 05:39:01 INFO  Attempting to connect to the build server...
2026.04.23 05:39:01 INFO  Found a Bloop server running
Apr 23, 2026 5:39:01 AM org.eclipse.lsp4j.jsonrpc.services.GenericEndpoint notify
INFO: Unsupported notification method: $/setTrace
2026.04.23 05:39:01 INFO  tracing is disabled for protocol BSP, to enable tracing of incoming and outgoing JSON messages create an empty file at /root/onnx_spinal_project_new/project/.metals/bsp.trace.json or /root/.cache/metals/bsp.trace.json
2026.04.23 05:39:01 INFO  tracing is disabled for protocol BSP, to enable tracing of incoming and outgoing JSON messages create an empty file at /root/onnx_spinal_project_new/project/project/.metals/bsp.trace.json or /root/.cache/metals/bsp.trace.json
2026.04.23 05:39:03 INFO  time: Connected to build server in 9.82s
2026.04.23 05:39:03 INFO  Connected to Build server: Bloop v2.0.19
2026.04.23 05:39:03 INFO  time: Imported build in 0.17s
2026.04.23 05:39:03 WARN  2.12.15 is no longer supported in the current Metals versions, using the last known supported version 1.3.3
2026.04.23 05:39:04 WARN  2.13.14 is no longer supported in the current Metals versions, using the last known supported version 1.6.3
2026.04.23 05:39:07 INFO  QDox parse error in file:///root/onnx_spinal_project_new/sw/java/test/java/org/forwarder/backend/impls/dl4j/opsets/aiOnnx/v13/ops/DL4JCastV13Test.java (full report at: "/root/onnx_spinal_project_new/.metals/.reports/metals-full/2025-12-01/r_qdox-error_(Onnx_5fSpinalHDL-test)_13-08-59-057.md")
2026.04.23 05:39:09 WARN  Could not find java sources in /usr/lib/jvm/src.zip, /usr/lib/jvm/lib/src.zip, /usr/lib/jvm/java-17-openjdk/src.zip, /usr/lib/jvm/java-17-openjdk/lib/src.zip, /usr/lib/jvm/src.zip, /usr/lib/jvm/lib/src.zip, /usr/lib/jvm/java-17-openjdk-17.0.14.0.7-2.el9.x86_64/src.zip, /usr/lib/jvm/java-17-openjdk-17.0.14.0.7-2.el9.x86_64/lib/src.zip. Java symbols will not be available.
2026.04.23 05:39:13 INFO  time: indexed workspace in 9.78s
2026.04.23 05:39:19 INFO  compiling onnx_spinalhdl (1 scala source)
2026.04.23 05:39:29 INFO  time: compiled Onnx_SpinalHDL in 9.47s
Apr 23, 2026 5:40:00 AM org.eclipse.lsp4j.jsonrpc.RemoteEndpoint handleCancellation
WARNING: Unmatched cancel notification for request id 3
2026.04.23 05:40:20 INFO  compiling onnx_spinalhdl (77 scala sources)
2026.04.23 05:40:23 INFO  time: code lens generation in 2.76s
2026.04.23 05:40:24 INFO  QDox parse error in file:///root/onnx_spinal_project_new/sw/java/test/java/org/forwarder/backend/impls/HWAccelerated/opsets/v13/ops/HWAcceleratedNegV13Test.java (full report at: "/root/onnx_spinal_project_new/.metals/.reports/metals-full/2026-04-23/r_qdox-error_(Onnx_5fSpinalHDL-test)_05-40-24-274.md")
2026.04.23 05:40:24 INFO  Created report: Optional[file:///root/onnx_spinal_project_new/sw/java/test/java/org/forwarder/backend/impls/HWAccelerated/opsets/v13/ops/HWAcceleratedNegV13Test.java]
2026.04.23 05:40:24 INFO  QDox parse error in file:///root/onnx_spinal_project_new/sw/java/test/java/org/forwarder/backend/impls/HWAccelerated/opsets/v13/ops/HWAcceleratedNegV13Test.java (full report at: "/root/onnx_spinal_project_new/.metals/.reports/metals-full/2026-04-23/r_qdox-error_(Onnx_5fSpinalHDL-test)_05-40-24-274.md")
2026.04.23 05:40:46 WARN  3 deprecations
2026.04.23 05:40:46 WARN  1 deprecation (since 2.11.0)
2026.04.23 05:40:46 WARN  6 deprecations (since 2.13.0)
2026.04.23 05:40:46 WARN  31 deprecations (since 2.13.3)
2026.04.23 05:40:46 WARN  41 deprecations in total; re-run with -deprecation for details
2026.04.23 05:40:46 INFO  time: compiled Onnx_SpinalHDL in 26s
2026.04.23 05:40:46 INFO  compiling onnx_spinalhdl (14 scala sources and 4 java sources)
2026.04.23 05:40:49 WARN  4 deprecations (since 2.13.3); re-run with -deprecation for details
2026.04.23 05:40:52 INFO  time: compiled Onnx_SpinalHDL in 5.36s
2026.04.23 05:40:52 INFO  compiling onnx_spinalhdl (3 scala sources and 24 java sources)
2026.04.23 05:40:58 INFO  time: compiled Onnx_SpinalHDL in 5.29s
2026.04.23 05:40:58 INFO  compiling onnx_spinalhdl (302 java sources)
2026.04.23 05:41:04 INFO  compiling onnx_spinalhdl-test (20 java sources)
2026.04.23 05:41:04 INFO  time: compiled Onnx_SpinalHDL in 6.42s
2026.04.23 05:41:09 INFO  time: compiled Onnx_SpinalHDL-test in 5.22s
Apr 23, 2026 5:41:57 AM org.eclipse.lsp4j.jsonrpc.RemoteEndpoint handleCancellation
WARNING: Unmatched cancel notification for request id 73
2026.04.23 05:42:08 INFO  running '/root/.local/share/coursier/bin/sbt -Dbloop.export-jar-classifiers=sources bloopInstall'
2026.04.23 05:42:10 INFO  [info] welcome to sbt 1.6.0 (Red Hat, Inc. Java 17.0.14)
2026.04.23 05:42:10 INFO  [info] loading settings for project onnx_spinal_project_new-build-build-build from metals.sbt ...
2026.04.23 05:42:11 INFO  [info] loading project definition from /root/onnx_spinal_project_new/project/project/project
2026.04.23 05:42:11 INFO  [info] loading settings for project onnx_spinal_project_new-build-build from metals.sbt ...
2026.04.23 05:42:11 INFO  [info] loading project definition from /root/onnx_spinal_project_new/project/project
2026.04.23 05:42:13 INFO  [success] Generated .bloop/onnx_spinal_project_new-build-build.json
2026.04.23 05:42:13 INFO  [success] Total time: 1 s, completed Apr 23, 2026, 5:42:13 AM
2026.04.23 05:42:13 INFO  [info] loading settings for project onnx_spinal_project_new-build from metals.sbt,plugins.sbt ...
2026.04.23 05:42:13 INFO  [info] loading project definition from /root/onnx_spinal_project_new/project
2026.04.23 05:42:13 INFO  [success] Generated .bloop/onnx_spinal_project_new-build.json
2026.04.23 05:42:13 INFO  [success] Total time: 0 s, completed Apr 23, 2026, 5:42:13 AM
2026.04.23 05:42:17 INFO  [info] loading settings for project Onnx_SpinalHDL from build.sbt ...
2026.04.23 05:42:17 INFO  [info] set current project to Onnx_SpinalHDL (in build file:/root/onnx_spinal_project_new/)
2026.04.23 05:42:17 INFO  [success] Generated .bloop/Onnx_SpinalHDL-test.json
2026.04.23 05:42:17 INFO  [success] Generated .bloop/Onnx_SpinalHDL.json
2026.04.23 05:42:17 INFO  [success] Total time: 0 s, completed Apr 23, 2026, 5:42:17 AM
2026.04.23 05:42:18 INFO  time: ran 'sbt bloopInstall' in 9.74s
2026.04.23 05:42:18 INFO  Disconnecting from Bloop session...
2026.04.23 05:42:18 INFO  Shut down connection with build server.
2026.04.23 05:42:18 INFO  Shut down connection with build server.
2026.04.23 05:42:18 INFO  Shut down connection with build server.
2026.04.23 05:42:18 INFO  Attempting to connect to the build server...
2026.04.23 05:42:18 INFO  Found a Bloop server running
2026.04.23 05:42:18 INFO  tracing is disabled for protocol BSP, to enable tracing of incoming and outgoing JSON messages create an empty file at /root/onnx_spinal_project_new/.metals/bsp.trace.json or /root/.cache/metals/bsp.trace.json
2026.04.23 05:42:19 INFO  Attempting to connect to the build server...
2026.04.23 05:42:19 INFO  Found a Bloop server running
2026.04.23 05:42:19 INFO  Attempting to connect to the build server...
2026.04.23 05:42:19 INFO  Found a Bloop server running
2026.04.23 05:42:19 INFO  tracing is disabled for protocol BSP, to enable tracing of incoming and outgoing JSON messages create an empty file at /root/onnx_spinal_project_new/project/project/.metals/bsp.trace.json or /root/.cache/metals/bsp.trace.json
2026.04.23 05:42:19 INFO  tracing is disabled for protocol BSP, to enable tracing of incoming and outgoing JSON messages create an empty file at /root/onnx_spinal_project_new/project/.metals/bsp.trace.json or /root/.cache/metals/bsp.trace.json
2026.04.23 05:42:19 INFO  time: Connected to build server in 1.54s
2026.04.23 05:42:19 INFO  Connected to Build server: Bloop v2.0.19
2026.04.23 05:42:25 INFO  QDox parse error in file:///root/onnx_spinal_project_new/sw/java/test/java/org/forwarder/backend/impls/dl4j/opsets/aiOnnx/v13/ops/DL4JCastV13Test.java (full report at: "/root/onnx_spinal_project_new/.metals/.reports/metals-full/2025-12-01/r_qdox-error_(Onnx_5fSpinalHDL-test)_13-08-59-057.md")
2026.04.23 05:42:26 INFO  QDox parse error in file:///root/onnx_spinal_project_new/sw/java/test/java/org/forwarder/backend/impls/HWAccelerated/opsets/v13/ops/HWAcceleratedNegV13Test.java (full report at: "/root/onnx_spinal_project_new/.metals/.reports/metals-full/2026-04-23/r_qdox-error_(Onnx_5fSpinalHDL-test)_05-40-24-274.md")
2026.04.23 05:42:27 WARN  Could not find java sources in /usr/lib/jvm/src.zip, /usr/lib/jvm/lib/src.zip, /usr/lib/jvm/java-17-openjdk/src.zip, /usr/lib/jvm/java-17-openjdk/lib/src.zip, /usr/lib/jvm/src.zip, /usr/lib/jvm/lib/src.zip, /usr/lib/jvm/java-17-openjdk-17.0.14.0.7-2.el9.x86_64/src.zip, /usr/lib/jvm/java-17-openjdk-17.0.14.0.7-2.el9.x86_64/lib/src.zip. Java symbols will not be available.
2026.04.23 05:42:27 INFO  time: indexed workspace in 7.98s
2026.04.23 05:42:29 INFO  compiling onnx_spinalhdl (20 scala sources)
2026.04.23 05:42:37 INFO  compiling onnx_spinalhdl-test (4 scala sources)
2026.04.23 05:42:37 INFO  time: compiled Onnx_SpinalHDL in 8.72s
2026.04.23 05:42:40 INFO  time: compiled Onnx_SpinalHDL-test in 3.65s
Apr 23, 2026 5:43:01 AM org.eclipse.lsp4j.jsonrpc.services.GenericEndpoint notify
INFO: Unsupported notification method: $/setTrace
Apr 23, 2026 5:43:01 AM org.eclipse.lsp4j.jsonrpc.services.GenericEndpoint notify
INFO: Unsupported notification method: $/setTrace
Apr 23, 2026 5:58:56 AM org.eclipse.lsp4j.jsonrpc.services.GenericEndpoint notify
INFO: Unsupported notification method: $/setTrace
Apr 23, 2026 7:16:05 AM org.eclipse.lsp4j.jsonrpc.RemoteEndpoint handleCancellation
WARNING: Unmatched cancel notification for request id 201
Apr 23, 2026 7:20:40 AM org.eclipse.lsp4j.jsonrpc.services.GenericEndpoint notify
INFO: Unsupported notification method: $/setTrace
2026.04.26 07:51:37 INFO  Shutting down server
2026.04.26 07:51:37 INFO  Memory monitor stopped
2026.04.26 07:51:37 INFO  shutting down Metals
2026.04.26 07:51:38 INFO  Shut down connection with build server.
2026.04.26 07:51:38 INFO  Shut down connection with build server.
2026.04.26 07:51:38 INFO  Shut down connection with build server.
2026.04.26 07:51:38 INFO  Exiting server
2026.04.26 12:46:53 INFO  Started: Metals version 1.6.7 in folders '/root/onnx_spinal_project_new' for client Visual Studio Code 1.117.0.
2026.04.26 12:46:53 INFO  Memory monitor started
2026.04.26 12:46:53 WARN  Using H2 2.4.240 which is newer than the version Flyway has been verified with. The latest verified version of H2 is 2.3.232.
2026.04.26 12:46:53 INFO  no build target found for /root/onnx_spinal_project_new/hw/spinal/WrapForFPGA/WrapForFPGA.scala. Using presentation compiler with project's scala-library version: 3.3.7
2026.04.26 12:46:54 INFO  Attempting to connect to the build server...
2026.04.26 12:46:54 INFO  Found a Bloop server running
2026.04.26 12:46:55 INFO  tracing is disabled for protocol BSP, to enable tracing of incoming and outgoing JSON messages create an empty file at /root/onnx_spinal_project_new/.metals/bsp.trace.json or /root/.cache/metals/bsp.trace.json
2026.04.26 12:46:55 INFO  Attempting to connect to the build server...
2026.04.26 12:46:55 INFO  Found a Bloop server running
2026.04.26 12:46:55 INFO  Attempting to connect to the build server...
2026.04.26 12:46:55 INFO  Found a Bloop server running
2026.04.26 12:46:56 INFO  tracing is disabled for protocol BSP, to enable tracing of incoming and outgoing JSON messages create an empty file at /root/onnx_spinal_project_new/project/project/.metals/bsp.trace.json or /root/.cache/metals/bsp.trace.json
2026.04.26 12:46:56 INFO  tracing is disabled for protocol BSP, to enable tracing of incoming and outgoing JSON messages create an empty file at /root/onnx_spinal_project_new/project/.metals/bsp.trace.json or /root/.cache/metals/bsp.trace.json
2026.04.26 12:46:56 INFO  time: Connected to build server in 1.48s
2026.04.26 12:46:55 INFO  Connected to Build server: Bloop v2.0.19
2026.04.26 12:46:56 INFO  time: Imported build in 0.24s
2026.04.26 12:46:57 WARN  2.12.15 is no longer supported in the current Metals versions, using the last known supported version 1.3.3
2026.04.26 12:46:57 WARN  2.13.14 is no longer supported in the current Metals versions, using the last known supported version 1.6.3
2026.04.26 12:47:00 INFO  QDox parse error in file:///root/onnx_spinal_project_new/sw/java/test/java/org/forwarder/backend/impls/dl4j/opsets/aiOnnx/v13/ops/DL4JCastV13Test.java (full report at: "/root/onnx_spinal_project_new/.metals/.reports/metals-full/2025-12-01/r_qdox-error_(Onnx_5fSpinalHDL-test)_13-08-59-057.md")
2026.04.26 12:47:00 INFO  QDox parse error in file:///root/onnx_spinal_project_new/sw/java/test/java/org/forwarder/backend/impls/HWAccelerated/opsets/v13/ops/HWAcceleratedNegV13Test.java (full report at: "/root/onnx_spinal_project_new/.metals/.reports/metals-full/2026-04-23/r_qdox-error_(Onnx_5fSpinalHDL-test)_05-40-24-274.md")
2026.04.26 12:47:01 WARN  Could not find java sources in /usr/lib/jvm/src.zip, /usr/lib/jvm/lib/src.zip, /usr/lib/jvm/java-17-openjdk/src.zip, /usr/lib/jvm/java-17-openjdk/lib/src.zip, /usr/lib/jvm/src.zip, /usr/lib/jvm/lib/src.zip, /usr/lib/jvm/java-17-openjdk-17.0.14.0.7-2.el9.x86_64/src.zip, /usr/lib/jvm/java-17-openjdk-17.0.14.0.7-2.el9.x86_64/lib/src.zip. Java symbols will not be available.
2026.04.26 12:47:02 INFO  time: indexed workspace in 6.17s
2026.04.27 04:57:11 INFO  Shutting down server
2026.04.27 04:57:11 INFO  Memory monitor stopped
2026.04.27 04:57:11 INFO  shutting down Metals
2026.04.27 04:57:11 INFO  Shut down connection with build server.
2026.04.27 04:57:11 INFO  Shut down connection with build server.
2026.04.27 04:57:11 INFO  Shut down connection with build server.
2026.04.28 03:01:05 INFO  Started: Metals version 1.6.7 in folders '/root/onnx_spinal_project_new' for client Visual Studio Code 1.117.0.
2026.04.28 03:01:05 INFO  Memory monitor started
2026.04.28 03:01:07 WARN  Using H2 2.4.240 which is newer than the version Flyway has been verified with. The latest verified version of H2 is 2.3.232.
2026.04.28 03:01:07 INFO  no build target found for /root/onnx_spinal_project_new/hw/spinal/WrapForFPGA/WrapForFPGA.scala. Using presentation compiler with project's scala-library version: 3.3.7
2026.04.28 03:01:07 INFO  Attempting to connect to the build server...
2026.04.28 03:01:07 INFO  No running Bloop server found, starting one.
2026.04.28 03:01:08 INFO  Starting compilation server
2026.04.28 03:01:09 INFO  no build target found for /root/onnx_spinal_project_new/hw/spinal/WrapForFPGA/WrapForFPGA.scala. Using presentation compiler with project's scala-library version: 3.3.7
2026.04.28 03:01:10 INFO  tracing is disabled for protocol BSP, to enable tracing of incoming and outgoing JSON messages create an empty file at /root/onnx_spinal_project_new/.metals/bsp.trace.json or /root/.cache/metals/bsp.trace.json
2026.04.28 03:01:12 INFO  Attempting to connect to the build server...
2026.04.28 03:01:12 INFO  Found a Bloop server running
2026.04.28 03:01:12 INFO  Attempting to connect to the build server...
2026.04.28 03:01:12 INFO  Found a Bloop server running
2026.04.28 03:01:13 INFO  tracing is disabled for protocol BSP, to enable tracing of incoming and outgoing JSON messages create an empty file at /root/onnx_spinal_project_new/project/project/.metals/bsp.trace.json or /root/.cache/metals/bsp.trace.json
2026.04.28 03:01:13 INFO  tracing is disabled for protocol BSP, to enable tracing of incoming and outgoing JSON messages create an empty file at /root/onnx_spinal_project_new/project/.metals/bsp.trace.json or /root/.cache/metals/bsp.trace.json
2026.04.28 03:01:14 INFO  time: Connected to build server in 6.8s
2026.04.28 03:01:14 INFO  Connected to Build server: Bloop v2.0.19
2026.04.28 03:01:14 INFO  time: Imported build in 0.19s
2026.04.28 03:01:14 WARN  2.12.15 is no longer supported in the current Metals versions, using the last known supported version 1.3.3
2026.04.28 03:01:14 WARN  2.13.14 is no longer supported in the current Metals versions, using the last known supported version 1.6.3
2026.04.28 03:01:16 INFO  QDox parse error in file:///root/onnx_spinal_project_new/sw/java/test/java/org/forwarder/backend/impls/dl4j/opsets/aiOnnx/v13/ops/DL4JCastV13Test.java (full report at: "/root/onnx_spinal_project_new/.metals/.reports/metals-full/2025-12-01/r_qdox-error_(Onnx_5fSpinalHDL-test)_13-08-59-057.md")
2026.04.28 03:01:17 INFO  QDox parse error in file:///root/onnx_spinal_project_new/sw/java/test/java/org/forwarder/backend/impls/HWAccelerated/opsets/v13/ops/HWAcceleratedNegV13Test.java (full report at: "/root/onnx_spinal_project_new/.metals/.reports/metals-full/2026-04-23/r_qdox-error_(Onnx_5fSpinalHDL-test)_05-40-24-274.md")
2026.04.28 03:01:18 WARN  Could not find java sources in /usr/lib/jvm/src.zip, /usr/lib/jvm/lib/src.zip, /usr/lib/jvm/java-17-openjdk/src.zip, /usr/lib/jvm/java-17-openjdk/lib/src.zip, /usr/lib/jvm/src.zip, /usr/lib/jvm/lib/src.zip, /usr/lib/jvm/java-17-openjdk-17.0.14.0.7-2.el9.x86_64/src.zip, /usr/lib/jvm/java-17-openjdk-17.0.14.0.7-2.el9.x86_64/lib/src.zip. Java symbols will not be available.
2026.04.28 03:01:19 INFO  time: indexed workspace in 4.47s
Apr 28, 2026 3:07:52 AM org.eclipse.lsp4j.jsonrpc.RemoteEndpoint handleCancellation
WARNING: Unmatched cancel notification for request id 17
Apr 28, 2026 3:07:52 AM org.eclipse.lsp4j.jsonrpc.RemoteEndpoint handleCancellation
WARNING: Unmatched cancel notification for request id 20
Apr 28, 2026 3:07:52 AM org.eclipse.lsp4j.jsonrpc.RemoteEndpoint handleCancellation
WARNING: Unmatched cancel notification for request id 22
Apr 28, 2026 3:07:58 AM org.eclipse.lsp4j.jsonrpc.RemoteEndpoint handleCancellation
WARNING: Unmatched cancel notification for request id 31
Apr 28, 2026 3:07:58 AM org.eclipse.lsp4j.jsonrpc.RemoteEndpoint handleCancellation
WARNING: Unmatched cancel notification for request id 32
Apr 28, 2026 3:07:58 AM org.eclipse.lsp4j.jsonrpc.RemoteEndpoint handleCancellation
WARNING: Unmatched cancel notification for request id 33
Apr 28, 2026 3:08:01 AM org.eclipse.lsp4j.jsonrpc.RemoteEndpoint handleCancellation
WARNING: Unmatched cancel notification for request id 42
Apr 28, 2026 3:08:12 AM org.eclipse.lsp4j.jsonrpc.RemoteEndpoint handleCancellation
WARNING: Unmatched cancel notification for request id 52
Apr 28, 2026 3:10:05 AM org.eclipse.lsp4j.jsonrpc.RemoteEndpoint handleCancellation
WARNING: Unmatched cancel notification for request id 84
Apr 28, 2026 3:35:17 AM org.eclipse.lsp4j.jsonrpc.RemoteEndpoint handleCancellation
WARNING: Unmatched cancel notification for request id 255
Apr 28, 2026 3:35:18 AM org.eclipse.lsp4j.jsonrpc.RemoteEndpoint handleCancellation
WARNING: Unmatched cancel notification for request id 258
Apr 28, 2026 3:37:08 AM org.eclipse.lsp4j.jsonrpc.RemoteEndpoint handleCancellation
WARNING: Unmatched cancel notification for request id 332
2026.04.28 03:38:44 INFO  Created report: Optional[file:///root/onnx_spinal_project_new/sw/java/main/java/org/forwarder/Model.java]
2026.04.28 03:38:44 INFO  empty definition using pc, found symbol in pc:  (full report at: "/root/onnx_spinal_project_new/.metals/.reports/metals-full/2026-04-28/r_empty-definition_(Onnx_5fSpinalHDL)_03-38-44-970.md")
Apr 28, 2026 3:42:15 AM org.eclipse.lsp4j.jsonrpc.RemoteEndpoint handleCancellation
WARNING: Unmatched cancel notification for request id 486
Apr 28, 2026 3:42:46 AM org.eclipse.lsp4j.jsonrpc.RemoteEndpoint handleCancellation
WARNING: Unmatched cancel notification for request id 501
Apr 28, 2026 3:45:10 AM org.eclipse.lsp4j.jsonrpc.RemoteEndpoint handleCancellation
WARNING: Unmatched cancel notification for request id 554
2026.04.28 04:29:22 INFO  time: code lens generation in 2.41s
2026.04.28 04:29:29 INFO  Created report: Optional[file:///root/onnx_spinal_project_new/build.sbt]
2026.04.28 04:29:29 INFO  empty definition using pc, found symbol in pc:  (full report at: "/root/onnx_spinal_project_new/.metals/.reports/metals-full/2026-04-28/r_empty-definition_(onnx_5fspinal_5fproject_5fnew-build)_04-29-29-567.md")
Apr 28, 2026 3:10:30 PM org.eclipse.lsp4j.jsonrpc.RemoteEndpoint handleCancellation
WARNING: Unmatched cancel notification for request id 776
Apr 29, 2026 5:09:16 AM org.eclipse.lsp4j.jsonrpc.services.GenericEndpoint notify
INFO: Unsupported notification method: $/setTrace
2026.04.29 09:10:07 INFO  Started: Metals version 1.6.7 in folders '/root/onnx_spinal_project_new' for client Visual Studio Code 1.117.0.
2026.04.29 09:10:07 INFO  Memory monitor started
2026.04.29 09:10:12 WARN  Using H2 2.4.240 which is newer than the version Flyway has been verified with. The latest verified version of H2 is 2.3.232.
2026.04.29 09:10:12 INFO  no build target found for /root/onnx_spinal_project_new/build.sbt. Using presentation compiler with project's scala-library version: 3.3.7
2026.04.29 09:10:12 INFO  Attempting to connect to the build server...
2026.04.29 09:10:12 INFO  No running Bloop server found, starting one.
2026.04.29 09:10:13 INFO  Starting compilation server
2026.04.29 09:10:15 INFO  no build target found for /root/onnx_spinal_project_new/build.sbt. Using presentation compiler with project's scala-library version: 3.3.7
2026.04.29 09:10:16 INFO  tracing is disabled for protocol BSP, to enable tracing of incoming and outgoing JSON messages create an empty file at /root/onnx_spinal_project_new/.metals/bsp.trace.json or /root/.cache/metals/bsp.trace.json
2026.04.29 09:10:26 INFO  Attempting to connect to the build server...
2026.04.29 09:10:26 INFO  Found a Bloop server running
2026.04.29 09:10:26 INFO  Attempting to connect to the build server...
2026.04.29 09:10:26 INFO  Found a Bloop server running
2026.04.29 09:10:26 INFO  tracing is disabled for protocol BSP, to enable tracing of incoming and outgoing JSON messages create an empty file at /root/onnx_spinal_project_new/project/project/.metals/bsp.trace.json or /root/.cache/metals/bsp.trace.json
2026.04.29 09:10:26 INFO  tracing is disabled for protocol BSP, to enable tracing of incoming and outgoing JSON messages create an empty file at /root/onnx_spinal_project_new/project/.metals/bsp.trace.json or /root/.cache/metals/bsp.trace.json
2026.04.29 09:10:28 INFO  time: Connected to build server in 15s
2026.04.29 09:10:28 INFO  Connected to Build server: Bloop v2.0.19
2026.04.29 09:10:28 INFO  time: Imported build in 0.19s
2026.04.29 09:10:28 WARN  2.12.15 is no longer supported in the current Metals versions, using the last known supported version 1.3.3
2026.04.29 09:10:28 WARN  2.13.14 is no longer supported in the current Metals versions, using the last known supported version 1.6.3
2026.04.29 09:10:32 INFO  QDox parse error in file:///root/onnx_spinal_project_new/sw/java/test/java/org/forwarder/backend/impls/dl4j/opsets/aiOnnx/v13/ops/DL4JCastV13Test.java (full report at: "/root/onnx_spinal_project_new/.metals/.reports/metals-full/2025-12-01/r_qdox-error_(Onnx_5fSpinalHDL-test)_13-08-59-057.md")
2026.04.29 09:10:33 INFO  QDox parse error in file:///root/onnx_spinal_project_new/sw/java/test/java/org/forwarder/backend/impls/HWAccelerated/opsets/v13/ops/HWAcceleratedNegV13Test.java (full report at: "/root/onnx_spinal_project_new/.metals/.reports/metals-full/2026-04-23/r_qdox-error_(Onnx_5fSpinalHDL-test)_05-40-24-274.md")
2026.04.29 09:10:34 WARN  Could not find java sources in /usr/lib/jvm/src.zip, /usr/lib/jvm/lib/src.zip, /usr/lib/jvm/java-17-openjdk/src.zip, /usr/lib/jvm/java-17-openjdk/lib/src.zip, /usr/lib/jvm/src.zip, /usr/lib/jvm/lib/src.zip, /usr/lib/jvm/java-17-openjdk-17.0.14.0.7-2.el9.x86_64/src.zip, /usr/lib/jvm/java-17-openjdk-17.0.14.0.7-2.el9.x86_64/lib/src.zip. Java symbols will not be available.
2026.04.29 09:10:35 INFO  time: indexed workspace in 6.42s
2026.04.29 09:10:41 INFO  time: code lens generation in 1.26s
2026.04.29 09:10:41 INFO  time: code lens generation in 1.26s
Exception in thread "pool-6-thread-1" java.lang.InterruptedException
	at scala.meta.internal.metals.FutureCancelToken.checkCanceled(FutureCancelToken.scala:29)
	at scala.meta.internal.pc.CompilerAccess.$anonfun$onCompilerJobQueue$1(CompilerAccess.scala:243)
	at scala.meta.internal.pc.CompilerJobQueue$Job.run(CompilerJobQueue.scala:152)
	at java.base/java.util.concurrent.ThreadPoolExecutor.runWorker(ThreadPoolExecutor.java:1136)
	at java.base/java.util.concurrent.ThreadPoolExecutor$Worker.run(ThreadPoolExecutor.java:635)
	at java.base/java.lang.Thread.run(Thread.java:840)
Apr 29, 2026 9:44:26 AM org.eclipse.lsp4j.jsonrpc.RemoteEndpoint handleCancellation
WARNING: Unmatched cancel notification for request id 38
Apr 30, 2026 5:43:23 AM org.eclipse.lsp4j.jsonrpc.RemoteEndpoint handleCancellation
WARNING: Unmatched cancel notification for request id 103
Apr 30, 2026 5:43:25 AM org.eclipse.lsp4j.jsonrpc.RemoteEndpoint handleCancellation
WARNING: Unmatched cancel notification for request id 105
2026.04.30 05:45:53 INFO  Created report: Optional[file:///root/onnx_spinal_project_new/sw/java/main/java/org/forwarder/Forwarder.java]
2026.04.30 05:45:53 INFO  empty definition using pc, found symbol in pc: java/util/concurrent/ConcurrentHashMap# (full report at: "/root/onnx_spinal_project_new/.metals/.reports/metals-full/2026-04-30/r_empty-definition_(Onnx_5fSpinalHDL)_05-45-53-832.md")
Apr 30, 2026 5:48:41 AM org.eclipse.lsp4j.jsonrpc.RemoteEndpoint handleCancellation
WARNING: Unmatched cancel notification for request id 171
Apr 30, 2026 5:52:40 AM org.eclipse.lsp4j.jsonrpc.RemoteEndpoint handleCancellation
WARNING: Unmatched cancel notification for request id 198
Apr 30, 2026 6:01:36 AM org.eclipse.lsp4j.jsonrpc.RemoteEndpoint handleCancellation
WARNING: Unmatched cancel notification for request id 221
Apr 30, 2026 6:02:29 AM org.eclipse.lsp4j.jsonrpc.RemoteEndpoint handleCancellation
WARNING: Unmatched cancel notification for request id 277
Apr 30, 2026 6:02:31 AM org.eclipse.lsp4j.jsonrpc.RemoteEndpoint handleCancellation
WARNING: Unmatched cancel notification for request id 285
Apr 30, 2026 6:02:31 AM org.eclipse.lsp4j.jsonrpc.RemoteEndpoint handleCancellation
WARNING: Unmatched cancel notification for request id 287
Apr 30, 2026 6:17:22 AM org.eclipse.lsp4j.jsonrpc.RemoteEndpoint handleCancellation
WARNING: Unmatched cancel notification for request id 321
2026.05.01 09:03:12 INFO  Shutting down server
2026.05.01 09:03:12 INFO  Memory monitor stopped
2026.05.01 09:03:12 INFO  shutting down Metals
2026.05.01 09:03:13 INFO  Shut down connection with build server.
2026.05.01 09:03:13 INFO  Shut down connection with build server.
2026.05.01 09:03:13 INFO  Shut down connection with build server.
2026.05.03 06:04:36 INFO  Started: Metals version 1.6.7 in folders '/root/onnx_spinal_project_new' for client Visual Studio Code 1.118.1.
2026.05.03 06:04:36 INFO  Memory monitor started
2026.05.03 06:04:37 WARN  Using H2 2.4.240 which is newer than the version Flyway has been verified with. The latest verified version of H2 is 2.3.232.
2026.05.03 06:04:37 INFO  no build target found for /root/onnx_spinal_project_new/build.sbt. Using presentation compiler with project's scala-library version: 3.3.7
2026.05.03 06:04:37 INFO  Attempting to connect to the build server...
2026.05.03 06:04:37 INFO  No running Bloop server found, starting one.
2026.05.03 06:04:38 INFO  Starting compilation server
2026.05.03 06:04:39 INFO  no build target found for /root/onnx_spinal_project_new/build.sbt. Using presentation compiler with project's scala-library version: 3.3.7
2026.05.03 06:04:40 INFO  tracing is disabled for protocol BSP, to enable tracing of incoming and outgoing JSON messages create an empty file at /root/onnx_spinal_project_new/.metals/bsp.trace.json or /root/.cache/metals/bsp.trace.json
2026.05.03 06:04:45 INFO  Attempting to connect to the build server...
2026.05.03 06:04:45 INFO  Found a Bloop server running
2026.05.03 06:04:45 INFO  Attempting to connect to the build server...
2026.05.03 06:04:45 INFO  Found a Bloop server running
2026.05.03 06:04:45 INFO  tracing is disabled for protocol BSP, to enable tracing of incoming and outgoing JSON messages create an empty file at /root/onnx_spinal_project_new/project/project/.metals/bsp.trace.json or /root/.cache/metals/bsp.trace.json
2026.05.03 06:04:45 INFO  tracing is disabled for protocol BSP, to enable tracing of incoming and outgoing JSON messages create an empty file at /root/onnx_spinal_project_new/project/.metals/bsp.trace.json or /root/.cache/metals/bsp.trace.json
2026.05.03 06:04:47 INFO  time: Connected to build server in 9.27s
2026.05.03 06:04:47 INFO  Connected to Build server: Bloop v2.0.19
2026.05.03 06:04:47 INFO  time: Imported build in 0.2s
2026.05.03 06:04:47 WARN  2.12.15 is no longer supported in the current Metals versions, using the last known supported version 1.3.3
2026.05.03 06:04:47 WARN  2.13.14 is no longer supported in the current Metals versions, using the last known supported version 1.6.3
2026.05.03 06:04:49 INFO  Created report: Optional[file:///root/onnx_spinal_project_new/sw/java/test/java/org/forwarder/backend/impls/dl4j/opsets/aiOnnx/v13/ops/DL4JCastV13Test.java]
2026.05.03 06:04:49 INFO  QDox parse error in file:///root/onnx_spinal_project_new/sw/java/test/java/org/forwarder/backend/impls/dl4j/opsets/aiOnnx/v13/ops/DL4JCastV13Test.java (full report at: "/root/onnx_spinal_project_new/.metals/.reports/metals-full/2026-05-03/r_qdox-error_(Onnx_5fSpinalHDL-test)_06-04-49-696.md")
2026.05.03 06:04:50 INFO  QDox parse error in file:///root/onnx_spinal_project_new/sw/java/test/java/org/forwarder/backend/impls/HWAccelerated/opsets/v13/ops/HWAcceleratedNegV13Test.java (full report at: "/root/onnx_spinal_project_new/.metals/.reports/metals-full/2026-04-23/r_qdox-error_(Onnx_5fSpinalHDL-test)_05-40-24-274.md")
2026.05.03 06:04:51 WARN  Could not find java sources in /usr/lib/jvm/src.zip, /usr/lib/jvm/lib/src.zip, /usr/lib/jvm/java-17-openjdk/src.zip, /usr/lib/jvm/java-17-openjdk/lib/src.zip, /usr/lib/jvm/src.zip, /usr/lib/jvm/lib/src.zip, /usr/lib/jvm/java-17-openjdk-17.0.14.0.7-2.el9.x86_64/src.zip, /usr/lib/jvm/java-17-openjdk-17.0.14.0.7-2.el9.x86_64/lib/src.zip. Java symbols will not be available.
2026.05.03 06:04:52 INFO  time: indexed workspace in 5.11s
2026.05.03 06:04:57 INFO  time: code lens generation in 1.13s
2026.05.03 06:04:57 INFO  time: code lens generation in 1.13s
May 03, 2026 6:05:47 AM org.eclipse.lsp4j.jsonrpc.RemoteEndpoint handleCancellation
WARNING: Unmatched cancel notification for request id 11
May 03, 2026 6:09:59 AM org.eclipse.lsp4j.jsonrpc.RemoteEndpoint handleCancellation
WARNING: Unmatched cancel notification for request id 32
May 03, 2026 6:19:12 AM org.eclipse.lsp4j.jsonrpc.RemoteEndpoint fallbackResponseError
SEVERE: Internal error: begin -1, end 1728, length 3190
java.lang.StringIndexOutOfBoundsException: begin -1, end 1728, length 3190
	at java.base/java.lang.String.checkBoundsBeginEnd(String.java:4606)
	at java.base/java.lang.String.substring(String.java:2709)
	at scala.meta.internal.pc.JavaMetalsGlobal.findIndentifierStartAndEnd(JavaMetalsGlobal.scala:87)
	at scala.meta.internal.pc.JavaMetalsGlobal.isAtIdentifier(JavaMetalsGlobal.scala:137)
	at scala.meta.internal.pc.JavaDocumentHighlightProvider.atIdentifier$1(JavaDocumentHighlightProvider.scala:53)
	at scala.meta.internal.pc.JavaDocumentHighlightProvider.documentHighlight(JavaDocumentHighlightProvider.scala:55)
	at scala.meta.internal.pc.JavaDocumentHighlightProvider.documentHighlight(JavaDocumentHighlightProvider.scala:25)
	at scala.meta.internal.pc.JavaPresentationCompiler.documentHighlight(JavaPresentationCompiler.scala:112)
	at scala.meta.internal.metals.Compilers.$anonfun$documentHighlight$1(Compilers.scala:908)
	at scala.meta.internal.metals.Compilers.$anonfun$withPCAndAdjustLsp$4(Compilers.scala:1543)
	at scala.Option.map(Option.scala:242)
	at scala.meta.internal.metals.Compilers.$anonfun$withPCAndAdjustLsp$3(Compilers.scala:1543)
	at scala.Option.flatMap(Option.scala:283)
	at scala.meta.internal.metals.Compilers.withPCAndAdjustLsp(Compilers.scala:1535)
	at scala.meta.internal.metals.Compilers.documentHighlight(Compilers.scala:903)
	at scala.meta.internal.metals.MetalsLspService.$anonfun$documentHighlights$1(MetalsLspService.scala:1019)
	at scala.meta.internal.metals.CancelTokens$.future(CancelTokens.scala:38)
	at scala.meta.internal.metals.MetalsLspService.documentHighlights(MetalsLspService.scala:1018)
	at scala.meta.internal.metals.WorkspaceLspService.documentHighlights(WorkspaceLspService.scala:541)
	at scala.meta.metals.lsp.DelegatingScalaService.documentHighlights(DelegatingScalaService.scala:83)
	at java.base/jdk.internal.reflect.NativeMethodAccessorImpl.invoke0(Native Method)
	at java.base/jdk.internal.reflect.NativeMethodAccessorImpl.invoke(NativeMethodAccessorImpl.java:77)
	at java.base/jdk.internal.reflect.DelegatingMethodAccessorImpl.invoke(DelegatingMethodAccessorImpl.java:43)
	at java.base/java.lang.reflect.Method.invoke(Method.java:569)
	at org.eclipse.lsp4j.jsonrpc.services.GenericEndpoint.lambda$recursiveFindRpcMethods$0(GenericEndpoint.java:65)
	at org.eclipse.lsp4j.jsonrpc.services.GenericEndpoint.request(GenericEndpoint.java:128)
	at org.eclipse.lsp4j.jsonrpc.RemoteEndpoint.handleRequest(RemoteEndpoint.java:265)
	at org.eclipse.lsp4j.jsonrpc.RemoteEndpoint.consume(RemoteEndpoint.java:195)
	at org.eclipse.lsp4j.jsonrpc.json.StreamMessageProducer.handleMessage(StreamMessageProducer.java:189)
	at org.eclipse.lsp4j.jsonrpc.json.StreamMessageProducer.listen(StreamMessageProducer.java:97)
	at org.eclipse.lsp4j.jsonrpc.json.ConcurrentMessageProcessor.run(ConcurrentMessageProcessor.java:97)
	at java.base/java.util.concurrent.Executors$RunnableAdapter.call(Executors.java:539)
	at java.base/java.util.concurrent.FutureTask.run(FutureTask.java:264)
	at java.base/java.util.concurrent.ThreadPoolExecutor.runWorker(ThreadPoolExecutor.java:1136)
	at java.base/java.util.concurrent.ThreadPoolExecutor$Worker.run(ThreadPoolExecutor.java:635)
	at java.base/java.lang.Thread.run(Thread.java:840)

May 03, 2026 6:19:20 AM org.eclipse.lsp4j.jsonrpc.RemoteEndpoint fallbackResponseError
SEVERE: Internal error: begin -1, end 1728, length 3190
java.lang.StringIndexOutOfBoundsException: begin -1, end 1728, length 3190
	at java.base/java.lang.String.checkBoundsBeginEnd(String.java:4606)
	at java.base/java.lang.String.substring(String.java:2709)
	at scala.meta.internal.pc.JavaMetalsGlobal.findIndentifierStartAndEnd(JavaMetalsGlobal.scala:87)
	at scala.meta.internal.pc.JavaMetalsGlobal.isAtIdentifier(JavaMetalsGlobal.scala:137)
	at scala.meta.internal.pc.JavaDocumentHighlightProvider.atIdentifier$1(JavaDocumentHighlightProvider.scala:53)
	at scala.meta.internal.pc.JavaDocumentHighlightProvider.documentHighlight(JavaDocumentHighlightProvider.scala:55)
	at scala.meta.internal.pc.JavaDocumentHighlightProvider.documentHighlight(JavaDocumentHighlightProvider.scala:25)
	at scala.meta.internal.pc.JavaPresentationCompiler.documentHighlight(JavaPresentationCompiler.scala:112)
	at scala.meta.internal.metals.Compilers.$anonfun$documentHighlight$1(Compilers.scala:908)
	at scala.meta.internal.metals.Compilers.$anonfun$withPCAndAdjustLsp$4(Compilers.scala:1543)
	at scala.Option.map(Option.scala:242)
	at scala.meta.internal.metals.Compilers.$anonfun$withPCAndAdjustLsp$3(Compilers.scala:1543)
	at scala.Option.flatMap(Option.scala:283)
	at scala.meta.internal.metals.Compilers.withPCAndAdjustLsp(Compilers.scala:1535)
	at scala.meta.internal.metals.Compilers.documentHighlight(Compilers.scala:903)
	at scala.meta.internal.metals.MetalsLspService.$anonfun$documentHighlights$1(MetalsLspService.scala:1019)
	at scala.meta.internal.metals.CancelTokens$.future(CancelTokens.scala:38)
	at scala.meta.internal.metals.MetalsLspService.documentHighlights(MetalsLspService.scala:1018)
	at scala.meta.internal.metals.WorkspaceLspService.documentHighlights(WorkspaceLspService.scala:541)
	at scala.meta.metals.lsp.DelegatingScalaService.documentHighlights(DelegatingScalaService.scala:83)
	at java.base/jdk.internal.reflect.NativeMethodAccessorImpl.invoke0(Native Method)
	at java.base/jdk.internal.reflect.NativeMethodAccessorImpl.invoke(NativeMethodAccessorImpl.java:77)
	at java.base/jdk.internal.reflect.DelegatingMethodAccessorImpl.invoke(DelegatingMethodAccessorImpl.java:43)
	at java.base/java.lang.reflect.Method.invoke(Method.java:569)
	at org.eclipse.lsp4j.jsonrpc.services.GenericEndpoint.lambda$recursiveFindRpcMethods$0(GenericEndpoint.java:65)
	at org.eclipse.lsp4j.jsonrpc.services.GenericEndpoint.request(GenericEndpoint.java:128)
	at org.eclipse.lsp4j.jsonrpc.RemoteEndpoint.handleRequest(RemoteEndpoint.java:265)
	at org.eclipse.lsp4j.jsonrpc.RemoteEndpoint.consume(RemoteEndpoint.java:195)
	at org.eclipse.lsp4j.jsonrpc.json.StreamMessageProducer.handleMessage(StreamMessageProducer.java:189)
	at org.eclipse.lsp4j.jsonrpc.json.StreamMessageProducer.listen(StreamMessageProducer.java:97)
	at org.eclipse.lsp4j.jsonrpc.json.ConcurrentMessageProcessor.run(ConcurrentMessageProcessor.java:97)
	at java.base/java.util.concurrent.Executors$RunnableAdapter.call(Executors.java:539)
	at java.base/java.util.concurrent.FutureTask.run(FutureTask.java:264)
	at java.base/java.util.concurrent.ThreadPoolExecutor.runWorker(ThreadPoolExecutor.java:1136)
	at java.base/java.util.concurrent.ThreadPoolExecutor$Worker.run(ThreadPoolExecutor.java:635)
	at java.base/java.lang.Thread.run(Thread.java:840)

May 03, 2026 6:19:20 AM org.eclipse.lsp4j.jsonrpc.RemoteEndpoint handleCancellation
WARNING: Unmatched cancel notification for request id 114
May 03, 2026 6:19:20 AM org.eclipse.lsp4j.jsonrpc.RemoteEndpoint fallbackResponseError
SEVERE: Internal error: begin -1, end 1728, length 3190
java.lang.StringIndexOutOfBoundsException: begin -1, end 1728, length 3190
	at java.base/java.lang.String.checkBoundsBeginEnd(String.java:4606)
	at java.base/java.lang.String.substring(String.java:2709)
	at scala.meta.internal.pc.JavaMetalsGlobal.findIndentifierStartAndEnd(JavaMetalsGlobal.scala:87)
	at scala.meta.internal.pc.JavaMetalsGlobal.isAtIdentifier(JavaMetalsGlobal.scala:137)
	at scala.meta.internal.pc.JavaDocumentHighlightProvider.atIdentifier$1(JavaDocumentHighlightProvider.scala:53)
	at scala.meta.internal.pc.JavaDocumentHighlightProvider.documentHighlight(JavaDocumentHighlightProvider.scala:55)
	at scala.meta.internal.pc.JavaDocumentHighlightProvider.documentHighlight(JavaDocumentHighlightProvider.scala:25)
	at scala.meta.internal.pc.JavaPresentationCompiler.documentHighlight(JavaPresentationCompiler.scala:112)
	at scala.meta.internal.metals.Compilers.$anonfun$documentHighlight$1(Compilers.scala:908)
	at scala.meta.internal.metals.Compilers.$anonfun$withPCAndAdjustLsp$4(Compilers.scala:1543)
	at scala.Option.map(Option.scala:242)
	at scala.meta.internal.metals.Compilers.$anonfun$withPCAndAdjustLsp$3(Compilers.scala:1543)
	at scala.Option.flatMap(Option.scala:283)
	at scala.meta.internal.metals.Compilers.withPCAndAdjustLsp(Compilers.scala:1535)
	at scala.meta.internal.metals.Compilers.documentHighlight(Compilers.scala:903)
	at scala.meta.internal.metals.MetalsLspService.$anonfun$documentHighlights$1(MetalsLspService.scala:1019)
	at scala.meta.internal.metals.CancelTokens$.future(CancelTokens.scala:38)
	at scala.meta.internal.metals.MetalsLspService.documentHighlights(MetalsLspService.scala:1018)
	at scala.meta.internal.metals.WorkspaceLspService.documentHighlights(WorkspaceLspService.scala:541)
	at scala.meta.metals.lsp.DelegatingScalaService.documentHighlights(DelegatingScalaService.scala:83)
	at java.base/jdk.internal.reflect.NativeMethodAccessorImpl.invoke0(Native Method)
	at java.base/jdk.internal.reflect.NativeMethodAccessorImpl.invoke(NativeMethodAccessorImpl.java:77)
	at java.base/jdk.internal.reflect.DelegatingMethodAccessorImpl.invoke(DelegatingMethodAccessorImpl.java:43)
	at java.base/java.lang.reflect.Method.invoke(Method.java:569)
	at org.eclipse.lsp4j.jsonrpc.services.GenericEndpoint.lambda$recursiveFindRpcMethods$0(GenericEndpoint.java:65)
	at org.eclipse.lsp4j.jsonrpc.services.GenericEndpoint.request(GenericEndpoint.java:128)
	at org.eclipse.lsp4j.jsonrpc.RemoteEndpoint.handleRequest(RemoteEndpoint.java:265)
	at org.eclipse.lsp4j.jsonrpc.RemoteEndpoint.consume(RemoteEndpoint.java:195)
	at org.eclipse.lsp4j.jsonrpc.json.StreamMessageProducer.handleMessage(StreamMessageProducer.java:189)
	at org.eclipse.lsp4j.jsonrpc.json.StreamMessageProducer.listen(StreamMessageProducer.java:97)
	at org.eclipse.lsp4j.jsonrpc.json.ConcurrentMessageProcessor.run(ConcurrentMessageProcessor.java:97)
	at java.base/java.util.concurrent.Executors$RunnableAdapter.call(Executors.java:539)
	at java.base/java.util.concurrent.FutureTask.run(FutureTask.java:264)
	at java.base/java.util.concurrent.ThreadPoolExecutor.runWorker(ThreadPoolExecutor.java:1136)
	at java.base/java.util.concurrent.ThreadPoolExecutor$Worker.run(ThreadPoolExecutor.java:635)
	at java.base/java.lang.Thread.run(Thread.java:840)

May 03, 2026 6:19:20 AM org.eclipse.lsp4j.jsonrpc.RemoteEndpoint handleCancellation
WARNING: Unmatched cancel notification for request id 115
May 03, 2026 6:19:20 AM org.eclipse.lsp4j.jsonrpc.RemoteEndpoint fallbackResponseError
SEVERE: Internal error: begin -1, end 1728, length 3190
java.lang.StringIndexOutOfBoundsException: begin -1, end 1728, length 3190
	at java.base/java.lang.String.checkBoundsBeginEnd(String.java:4606)
	at java.base/java.lang.String.substring(String.java:2709)
	at scala.meta.internal.pc.JavaMetalsGlobal.findIndentifierStartAndEnd(JavaMetalsGlobal.scala:87)
	at scala.meta.internal.pc.JavaMetalsGlobal.isAtIdentifier(JavaMetalsGlobal.scala:137)
	at scala.meta.internal.pc.JavaDocumentHighlightProvider.atIdentifier$1(JavaDocumentHighlightProvider.scala:53)
	at scala.meta.internal.pc.JavaDocumentHighlightProvider.documentHighlight(JavaDocumentHighlightProvider.scala:55)
	at scala.meta.internal.pc.JavaDocumentHighlightProvider.documentHighlight(JavaDocumentHighlightProvider.scala:25)
	at scala.meta.internal.pc.JavaPresentationCompiler.documentHighlight(JavaPresentationCompiler.scala:112)
	at scala.meta.internal.metals.Compilers.$anonfun$documentHighlight$1(Compilers.scala:908)
	at scala.meta.internal.metals.Compilers.$anonfun$withPCAndAdjustLsp$4(Compilers.scala:1543)
	at scala.Option.map(Option.scala:242)
	at scala.meta.internal.metals.Compilers.$anonfun$withPCAndAdjustLsp$3(Compilers.scala:1543)
	at scala.Option.flatMap(Option.scala:283)
	at scala.meta.internal.metals.Compilers.withPCAndAdjustLsp(Compilers.scala:1535)
	at scala.meta.internal.metals.Compilers.documentHighlight(Compilers.scala:903)
	at scala.meta.internal.metals.MetalsLspService.$anonfun$documentHighlights$1(MetalsLspService.scala:1019)
	at scala.meta.internal.metals.CancelTokens$.future(CancelTokens.scala:38)
	at scala.meta.internal.metals.MetalsLspService.documentHighlights(MetalsLspService.scala:1018)
	at scala.meta.internal.metals.WorkspaceLspService.documentHighlights(WorkspaceLspService.scala:541)
	at scala.meta.metals.lsp.DelegatingScalaService.documentHighlights(DelegatingScalaService.scala:83)
	at java.base/jdk.internal.reflect.NativeMethodAccessorImpl.invoke0(Native Method)
	at java.base/jdk.internal.reflect.NativeMethodAccessorImpl.invoke(NativeMethodAccessorImpl.java:77)
	at java.base/jdk.internal.reflect.DelegatingMethodAccessorImpl.invoke(DelegatingMethodAccessorImpl.java:43)
	at java.base/java.lang.reflect.Method.invoke(Method.java:569)
	at org.eclipse.lsp4j.jsonrpc.services.GenericEndpoint.lambda$recursiveFindRpcMethods$0(GenericEndpoint.java:65)
	at org.eclipse.lsp4j.jsonrpc.services.GenericEndpoint.request(GenericEndpoint.java:128)
	at org.eclipse.lsp4j.jsonrpc.RemoteEndpoint.handleRequest(RemoteEndpoint.java:265)
	at org.eclipse.lsp4j.jsonrpc.RemoteEndpoint.consume(RemoteEndpoint.java:195)
	at org.eclipse.lsp4j.jsonrpc.json.StreamMessageProducer.handleMessage(StreamMessageProducer.java:189)
	at org.eclipse.lsp4j.jsonrpc.json.StreamMessageProducer.listen(StreamMessageProducer.java:97)
	at org.eclipse.lsp4j.jsonrpc.json.ConcurrentMessageProcessor.run(ConcurrentMessageProcessor.java:97)
	at java.base/java.util.concurrent.Executors$RunnableAdapter.call(Executors.java:539)
	at java.base/java.util.concurrent.FutureTask.run(FutureTask.java:264)
	at java.base/java.util.concurrent.ThreadPoolExecutor.runWorker(ThreadPoolExecutor.java:1136)
	at java.base/java.util.concurrent.ThreadPoolExecutor$Worker.run(ThreadPoolExecutor.java:635)
	at java.base/java.lang.Thread.run(Thread.java:840)

May 03, 2026 6:27:13 AM org.eclipse.lsp4j.jsonrpc.RemoteEndpoint handleCancellation
WARNING: Unmatched cancel notification for request id 243
May 03, 2026 6:27:41 AM org.eclipse.lsp4j.jsonrpc.RemoteEndpoint handleCancellation
WARNING: Unmatched cancel notification for request id 255
May 03, 2026 6:29:43 AM org.eclipse.lsp4j.jsonrpc.RemoteEndpoint handleCancellation
WARNING: Unmatched cancel notification for request id 282
May 03, 2026 6:29:43 AM org.eclipse.lsp4j.jsonrpc.RemoteEndpoint handleCancellation
WARNING: Unmatched cancel notification for request id 284
May 03, 2026 6:29:43 AM org.eclipse.lsp4j.jsonrpc.RemoteEndpoint handleCancellation
WARNING: Unmatched cancel notification for request id 283
May 03, 2026 6:29:43 AM org.eclipse.lsp4j.jsonrpc.RemoteEndpoint handleCancellation
WARNING: Unmatched cancel notification for request id 286
May 03, 2026 6:29:44 AM org.eclipse.lsp4j.jsonrpc.RemoteEndpoint handleCancellation
WARNING: Unmatched cancel notification for request id 287
May 03, 2026 6:41:10 AM org.eclipse.lsp4j.jsonrpc.RemoteEndpoint handleCancellation
WARNING: Unmatched cancel notification for request id 314
2026.05.03 06:45:24 INFO  Created report: Optional[file:///root/onnx_spinal_project_new/sw/java/main/java/org/forwarder/backend/impls/HWAccelerated/opsets/v11/ops/HWAcceleratedGemmV11.java]
2026.05.03 06:45:24 INFO  empty definition using pc, found symbol in pc: Accelerator/AcceleratorSimInterface# (full report at: "/root/onnx_spinal_project_new/.metals/.reports/metals-full/2026-05-03/r_empty-definition_(Onnx_5fSpinalHDL)_06-45-24-484.md")
2026.05.03 06:45:25 INFO  Created report: Optional[file:///root/onnx_spinal_project_new/sw/java/main/java/org/forwarder/backend/impls/HWAccelerated/opsets/v13/ops/HWAcceleratedAddExpV13.java]
2026.05.03 06:45:25 INFO  empty definition using pc, found symbol in pc: Accelerator/AcceleratorSimInterface# (full report at: "/root/onnx_spinal_project_new/.metals/.reports/metals-full/2026-05-03/r_empty-definition_(Onnx_5fSpinalHDL)_06-45-25-000.md")
2026.05.03 06:45:24 INFO  empty definition using pc, found symbol in pc: Accelerator/AcceleratorSimInterface# (full report at: "/root/onnx_spinal_project_new/.metals/.reports/metals-full/2026-05-03/r_empty-definition_(Onnx_5fSpinalHDL)_06-45-24-484.md")
2026.05.03 06:45:26 INFO  Created report: Optional[file:///root/onnx_spinal_project_new/sw/java/main/java/org/forwarder/backend/impls/HWAccelerated/opsets/v13/ops/HWAcceleratedAddLogV13.java]
2026.05.03 06:45:26 INFO  empty definition using pc, found symbol in pc: Accelerator/AcceleratorSimInterface# (full report at: "/root/onnx_spinal_project_new/.metals/.reports/metals-full/2026-05-03/r_empty-definition_(Onnx_5fSpinalHDL)_06-45-26-788.md")
2026.05.03 06:45:27 INFO  empty definition using pc, found symbol in pc: Accelerator/AcceleratorSimInterface# (full report at: "/root/onnx_spinal_project_new/.metals/.reports/metals-full/2026-05-03/r_empty-definition_(Onnx_5fSpinalHDL)_06-45-25-000.md")
2026.05.03 06:45:27 INFO  Created report: Optional[file:///root/onnx_spinal_project_new/sw/java/main/java/org/forwarder/backend/impls/HWAccelerated/opsets/v13/ops/HWAcceleratedAddV13.java]
2026.05.03 06:45:27 INFO  empty definition using pc, found symbol in pc: Accelerator/AcceleratorSimInterface# (full report at: "/root/onnx_spinal_project_new/.metals/.reports/metals-full/2026-05-03/r_empty-definition_(Onnx_5fSpinalHDL)_06-45-27-559.md")
2026.05.03 06:45:27 INFO  empty definition using pc, found symbol in pc: Accelerator/AcceleratorSimInterface# (full report at: "/root/onnx_spinal_project_new/.metals/.reports/metals-full/2026-05-03/r_empty-definition_(Onnx_5fSpinalHDL)_06-45-26-788.md")
2026.05.03 06:45:27 INFO  Created report: Optional[file:///root/onnx_spinal_project_new/sw/java/main/java/org/forwarder/backend/impls/HWAccelerated/opsets/v13/ops/HWAcceleratedExpV13.java]
2026.05.03 06:45:27 INFO  empty definition using pc, found symbol in pc: Accelerator/AcceleratorSimInterface# (full report at: "/root/onnx_spinal_project_new/.metals/.reports/metals-full/2026-05-03/r_empty-definition_(Onnx_5fSpinalHDL)_06-45-27-927.md")
2026.05.03 06:45:28 INFO  empty definition using pc, found symbol in pc: Accelerator/AcceleratorSimInterface# (full report at: "/root/onnx_spinal_project_new/.metals/.reports/metals-full/2026-05-03/r_empty-definition_(Onnx_5fSpinalHDL)_06-45-27-559.md")
2026.05.03 06:45:28 INFO  Created report: Optional[file:///root/onnx_spinal_project_new/sw/java/main/java/org/forwarder/backend/impls/HWAccelerated/opsets/v13/ops/HWAcceleratedGemmReluV13.java]
2026.05.03 06:45:28 INFO  empty definition using pc, found symbol in pc: Accelerator/AcceleratorSimInterface# (full report at: "/root/onnx_spinal_project_new/.metals/.reports/metals-full/2026-05-03/r_empty-definition_(Onnx_5fSpinalHDL)_06-45-28-246.md")
2026.05.03 06:45:27 INFO  empty definition using pc, found symbol in pc: Accelerator/AcceleratorSimInterface# (full report at: "/root/onnx_spinal_project_new/.metals/.reports/metals-full/2026-05-03/r_empty-definition_(Onnx_5fSpinalHDL)_06-45-27-927.md")
2026.05.03 06:45:28 INFO  Created report: Optional[file:///root/onnx_spinal_project_new/sw/java/main/java/org/forwarder/backend/impls/HWAccelerated/opsets/v13/ops/HWAcceleratedLogV13.java]
2026.05.03 06:45:28 INFO  empty definition using pc, found symbol in pc: Accelerator/AcceleratorSimInterface# (full report at: "/root/onnx_spinal_project_new/.metals/.reports/metals-full/2026-05-03/r_empty-definition_(Onnx_5fSpinalHDL)_06-45-28-543.md")
2026.05.03 06:45:28 INFO  empty definition using pc, found symbol in pc: Accelerator/AcceleratorSimInterface# (full report at: "/root/onnx_spinal_project_new/.metals/.reports/metals-full/2026-05-03/r_empty-definition_(Onnx_5fSpinalHDL)_06-45-28-246.md")
2026.05.03 06:45:27 INFO  Created report: Optional[file:///root/onnx_spinal_project_new/sw/java/main/java/org/forwarder/backend/impls/HWAccelerated/opsets/v13/ops/HWAcceleratedMatMulV13.java]
2026.05.03 06:45:27 INFO  empty definition using pc, found symbol in pc: Accelerator/AcceleratorSimInterface# (full report at: "/root/onnx_spinal_project_new/.metals/.reports/metals-full/2026-05-03/r_empty-definition_(Onnx_5fSpinalHDL)_06-45-28-877.md")
2026.05.03 06:45:29 INFO  empty definition using pc, found symbol in pc: Accelerator/AcceleratorSimInterface# (full report at: "/root/onnx_spinal_project_new/.metals/.reports/metals-full/2026-05-03/r_empty-definition_(Onnx_5fSpinalHDL)_06-45-28-543.md")
2026.05.03 06:45:29 INFO  empty definition using pc, found symbol in pc: Accelerator/AcceleratorSimInterface# (full report at: "/root/onnx_spinal_project_new/.metals/.reports/metals-full/2026-05-03/r_empty-definition_(Onnx_5fSpinalHDL)_06-45-28-877.md")
May 03, 2026 6:47:29 AM org.eclipse.lsp4j.jsonrpc.RemoteEndpoint handleCancellation
WARNING: Unmatched cancel notification for request id 458
2026.05.04 07:48:12 INFO  Shutting down server
2026.05.04 07:48:12 INFO  Memory monitor stopped
2026.05.04 07:48:12 INFO  shutting down Metals
2026.05.04 07:48:12 INFO  Shut down connection with build server.
2026.05.04 07:48:12 INFO  Shut down connection with build server.
2026.05.04 07:48:12 INFO  Shut down connection with build server.
2026.05.04 07:48:12 INFO  Exiting server
2026.05.06 08:11:30 INFO  Started: Metals version 1.3.3 in folders '/root/onnx_spinal_project_new' for client Visual Studio Code 1.118.1.
SLF4J(W): Class path contains multiple SLF4J providers.
SLF4J(W): Found provider [scribe.slf4j.ScribeServiceProvider@7ee3f2ff]
SLF4J(W): Found provider [ch.qos.logback.classic.spi.LogbackServiceProvider@7e8e4815]
SLF4J(W): See https://www.slf4j.org/codes.html#multiple_bindings for an explanation.
SLF4J(I): Actual provider is of type [scribe.slf4j.ScribeServiceProvider@7ee3f2ff]
2026.05.06 08:11:32 WARN  Flyway upgrade recommended: H2 2.2.224 is newer than this version of Flyway and support has not been tested. The latest supported version of H2 is 2.2.220.
2026.05.06 08:11:32 WARN  Schema "PUBLIC" has a version (7) that is newer than the latest available migration (6) !
2026.05.06 08:11:33 INFO  Attempting to connect to the build server...
2026.05.06 08:11:33 INFO  Setting up current java home /usr/lib/jvm/java-17-openjdk-17.0.14.0.7-2.el9.x86_64 in /root/.bloop/bloop.json
2026.05.06 08:11:33 INFO  no build target found for /root/onnx_spinal_project_new/sw/java/test/java/org/forwarder/demo/ModelTest.java. Using presentation compiler with project's scala-library version: 3.3.3
2026.05.06 08:11:35 WARN  no build target for: /root/onnx_spinal_project_new/sw/java/main/java/org/forwarder/Forwarder.java
May 06, 2026 8:11:39 AM scala.meta.internal.pc.CompilerAccess handleError
SEVERE: A severe compiler error occurred, full details of the error can be found in the error report /root/onnx_spinal_project_new/.metals/.reports/metals-full/2026-05-06/r_compiler-error_08-11-39-880.md
2026.05.06 08:11:41 INFO  no build target found for /root/onnx_spinal_project_new/sw/java/test/java/org/forwarder/demo/ModelTest.java. Using presentation compiler with project's scala-library version: 3.3.3
May 06, 2026 8:11:42 AM scala.meta.internal.pc.CompilerAccess handleError
SEVERE: A severe compiler error occurred, full details of the error can be found in the error report /root/onnx_spinal_project_new/.metals/.reports/metals-full/2026-05-06/r_compiler-error_08-11-42-140.md
2026.05.06 08:11:43 INFO  tracing is disabled for protocol BSP, to enable tracing of incoming and outgoing JSON messages create an empty file at /root/onnx_spinal_project_new/.metals/bsp.trace.json or /root/.cache/metals/bsp.trace.json
2026.05.06 08:11:45 INFO  Attempting to connect to the build server...
2026.05.06 08:11:45 INFO  Attempting to connect to the build server...
2026.05.06 08:11:45 INFO  tracing is disabled for protocol BSP, to enable tracing of incoming and outgoing JSON messages create an empty file at /root/onnx_spinal_project_new/project/project/.metals/bsp.trace.json or /root/.cache/metals/bsp.trace.json
2026.05.06 08:11:45 INFO  tracing is disabled for protocol BSP, to enable tracing of incoming and outgoing JSON messages create an empty file at /root/onnx_spinal_project_new/project/.metals/bsp.trace.json or /root/.cache/metals/bsp.trace.json
2026.05.06 08:11:46 INFO  time: Connected to build server in 13s
2026.05.06 08:11:46 INFO  Connected to Build server: Bloop v1.6.0
2026.05.06 08:11:47 INFO  time: Imported build in 0.22s
2026.05.06 08:11:47 INFO  running doctor check
2026.05.06 08:11:47 INFO  java targets: onnx_spinal_project_new-build-build, onnx_spinal_project_new-build, Onnx_SpinalHDL, Onnx_SpinalHDL-test
2026.05.06 08:11:51 WARN  Could not find java sources in /usr/lib/jvm/src.zip, /usr/lib/jvm/lib/src.zip, /usr/lib/jvm/java-17-openjdk/src.zip, /usr/lib/jvm/java-17-openjdk/lib/src.zip, /usr/lib/jvm/src.zip, /usr/lib/jvm/lib/src.zip, /usr/lib/jvm/java-17-openjdk-17.0.14.0.7-2.el9.x86_64/src.zip, /usr/lib/jvm/java-17-openjdk-17.0.14.0.7-2.el9.x86_64/lib/src.zip. Java symbols will not be available.
2026.05.06 08:11:51 WARN  Could not find java sources in /usr/lib/jvm/src.zip, /usr/lib/jvm/lib/src.zip, /usr/lib/jvm/java-17-openjdk/src.zip, /usr/lib/jvm/java-17-openjdk/lib/src.zip, /usr/lib/jvm/src.zip, /usr/lib/jvm/lib/src.zip, /usr/lib/jvm/java-17-openjdk-17.0.14.0.7-2.el9.x86_64/src.zip, /usr/lib/jvm/java-17-openjdk-17.0.14.0.7-2.el9.x86_64/lib/src.zip. Java symbols will not be available.
2026.05.06 08:11:51 INFO  time: indexed workspace in 4.88s
2026.05.06 08:11:57 INFO  compiling onnx_spinalhdl (204 scala sources and 464 java sources)
2026.05.06 08:12:06 INFO  Shutting down server
2026.05.06 08:12:06 INFO  shutting down Metals
2026.05.06 08:12:06 INFO  Shut down connection with build server.
2026.05.06 08:12:06 INFO  Shut down connection with build server.
2026.05.06 08:12:06 INFO  Shut down connection with build server.
May 06, 2026 8:12:06 AM org.eclipse.lsp4j.jsonrpc.RemoteEndpoint notify
INFO: Failed to send notification message.
org.eclipse.lsp4j.jsonrpc.JsonRpcException: java.nio.channels.AsynchronousCloseException
	at org.eclipse.lsp4j.jsonrpc.json.StreamMessageConsumer.consume(StreamMessageConsumer.java:72)
	at scala.meta.internal.metals.RequestMonitorImpl$$anon$1.consume(ServerLivenessMonitor.scala:41)
	at org.eclipse.lsp4j.jsonrpc.RemoteEndpoint.notify(RemoteEndpoint.java:135)
	at org.eclipse.lsp4j.jsonrpc.RemoteEndpoint.sendCancelNotification(RemoteEndpoint.java:191)
	at org.eclipse.lsp4j.jsonrpc.RemoteEndpoint$1.cancel(RemoteEndpoint.java:160)
	at scala.meta.internal.metals.utils.FutureWithTimeout$$anon$1.$anonfun$cancel$1(FutureWithTimeout.scala:37)
	at scala.runtime.java8.JFunction0$mcZ$sp.apply(JFunction0$mcZ$sp.scala:17)
	at scala.util.Try$.apply(Try.scala:217)
	at scala.meta.internal.metals.utils.FutureWithTimeout$$anon$1.cancel(FutureWithTimeout.scala:37)
	at scala.meta.internal.metals.Cancelable$.$anonfun$cancelAll$1(Cancelable.scala:29)
	at scala.collection.immutable.List.foreach(List.scala:334)
	at scala.meta.internal.metals.Cancelable$.cancelAll(Cancelable.scala:28)
	at scala.meta.internal.metals.MutableCancelable.cancel(MutableCancelable.scala:25)
	at scala.meta.internal.metals.utils.RequestRegistry.cancel(RequestRegistry.scala:94)
	at scala.meta.internal.metals.BuildServerConnection.cancel(BuildServerConnection.scala:450)
	at scala.meta.internal.metals.BuildServerConnection.$anonfun$shutdown$1(BuildServerConnection.scala:182)
	at scala.meta.internal.metals.BuildServerConnection.$anonfun$shutdown$1$adapted(BuildServerConnection.scala:174)
	at scala.concurrent.impl.Promise$Transformation.run(Promise.scala:467)
	at java.base/java.util.concurrent.ThreadPoolExecutor.runWorker(ThreadPoolExecutor.java:1136)
	at java.base/java.util.concurrent.ThreadPoolExecutor$Worker.run(ThreadPoolExecutor.java:635)
	at java.base/java.lang.Thread.run(Thread.java:840)
Caused by: java.nio.channels.AsynchronousCloseException
	at java.base/java.nio.channels.spi.AbstractInterruptibleChannel.end(AbstractInterruptibleChannel.java:202)
	at java.base/sun.nio.ch.SinkChannelImpl.endWrite(SinkChannelImpl.java:263)
	at java.base/sun.nio.ch.SinkChannelImpl.write(SinkChannelImpl.java:285)
	at java.base/java.nio.channels.Channels.writeFullyImpl(Channels.java:74)
	at java.base/java.nio.channels.Channels.writeFully(Channels.java:93)
	at java.base/java.nio.channels.Channels$1.write(Channels.java:171)
	at java.base/java.io.OutputStream.write(OutputStream.java:127)
	at java.base/java.nio.channels.Channels$1.write(Channels.java:151)
	at scala.meta.internal.metals.ClosableOutputStream.write(ClosableOutputStream.scala:26)
	at java.base/java.io.FilterOutputStream.write(FilterOutputStream.java:137)
	at java.base/java.io.FilterOutputStream.write(FilterOutputStream.java:108)
	at org.eclipse.lsp4j.jsonrpc.json.StreamMessageConsumer.consume(StreamMessageConsumer.java:67)
	... 20 more

2026.05.06 08:12:06 INFO  Cancelling compilation on Bloop server
2026.05.06 08:12:06 INFO  Exiting server
2026.05.06 08:12:06 WARN  Target root /root/onnx_spinal_project_new/.bloop/Onnx_SpinalHDL/bloop-bsp-clients-classes/test-classes-Metals-eNqr889aRFy40i0Y-xlrXw== does not exist
2026.05.06 08:12:22 INFO  Started: Metals version 1.3.3 in folders '/root/onnx_spinal_project_new' for client Visual Studio Code 1.118.1.
SLF4J(W): Class path contains multiple SLF4J providers.
SLF4J(W): Found provider [scribe.slf4j.ScribeServiceProvider@7c17cc0f]
SLF4J(W): Found provider [ch.qos.logback.classic.spi.LogbackServiceProvider@2064a4f]
SLF4J(W): See https://www.slf4j.org/codes.html#multiple_bindings for an explanation.
SLF4J(I): Actual provider is of type [scribe.slf4j.ScribeServiceProvider@7c17cc0f]
2026.05.06 08:12:23 WARN  Flyway upgrade recommended: H2 2.2.224 is newer than this version of Flyway and support has not been tested. The latest supported version of H2 is 2.2.220.
2026.05.06 08:12:23 WARN  Schema "PUBLIC" has a version (7) that is newer than the latest available migration (6) !
2026.05.06 08:12:24 INFO  Attempting to connect to the build server...
2026.05.06 08:12:24 INFO  no build target found for /root/onnx_spinal_project_new/sw/java/test/java/org/forwarder/demo/ModelTest.java. Using presentation compiler with project's scala-library version: 3.3.3
2026.05.06 08:12:24 INFO  tracing is disabled for protocol BSP, to enable tracing of incoming and outgoing JSON messages create an empty file at /root/onnx_spinal_project_new/.metals/bsp.trace.json or /root/.cache/metals/bsp.trace.json
2026.05.06 08:12:24 INFO  Attempting to connect to the build server...
2026.05.06 08:12:24 INFO  Attempting to connect to the build server...
2026.05.06 08:12:24 INFO  tracing is disabled for protocol BSP, to enable tracing of incoming and outgoing JSON messages create an empty file at /root/onnx_spinal_project_new/project/project/.metals/bsp.trace.json or /root/.cache/metals/bsp.trace.json
2026.05.06 08:12:24 INFO  tracing is disabled for protocol BSP, to enable tracing of incoming and outgoing JSON messages create an empty file at /root/onnx_spinal_project_new/project/.metals/bsp.trace.json or /root/.cache/metals/bsp.trace.json
2026.05.06 08:12:24 INFO  time: Connected to build server in 0.32s
2026.05.06 08:12:24 INFO  Connected to Build server: Bloop v1.6.0
2026.05.06 08:12:25 INFO  running doctor check
2026.05.06 08:12:25 INFO  java targets: onnx_spinal_project_new-build-build, onnx_spinal_project_new-build, Onnx_SpinalHDL, Onnx_SpinalHDL-test
2026.05.06 08:12:29 WARN  Could not find java sources in /usr/lib/jvm/src.zip, /usr/lib/jvm/lib/src.zip, /usr/lib/jvm/java-17-openjdk/src.zip, /usr/lib/jvm/java-17-openjdk/lib/src.zip, /usr/lib/jvm/src.zip, /usr/lib/jvm/lib/src.zip, /usr/lib/jvm/java-17-openjdk-17.0.14.0.7-2.el9.x86_64/src.zip, /usr/lib/jvm/java-17-openjdk-17.0.14.0.7-2.el9.x86_64/lib/src.zip. Java symbols will not be available.
2026.05.06 08:12:29 WARN  Could not find java sources in /usr/lib/jvm/src.zip, /usr/lib/jvm/lib/src.zip, /usr/lib/jvm/java-17-openjdk/src.zip, /usr/lib/jvm/java-17-openjdk/lib/src.zip, /usr/lib/jvm/src.zip, /usr/lib/jvm/lib/src.zip, /usr/lib/jvm/java-17-openjdk-17.0.14.0.7-2.el9.x86_64/src.zip, /usr/lib/jvm/java-17-openjdk-17.0.14.0.7-2.el9.x86_64/lib/src.zip. Java symbols will not be available.
2026.05.06 08:12:29 INFO  time: indexed workspace in 4.6s
2026.05.06 08:12:30 INFO  compiling onnx_spinalhdl (204 scala sources and 464 java sources)
2026.05.06 08:12:42 ERROR code navigation does not work for the file '/root/onnx_spinal_project_new/sw/java/test/java/org/forwarder/demo/ModelTest.java' because the build target Onnx_SpinalHDL-test is being compiled. Wait until compilation is finished and try again.
2026.05.06 08:12:42 WARN  Using indexes to guess the definition of testModelWithOpsetV13_hw
2026.05.06 08:12:42 ERROR code navigation does not work for the file '/root/onnx_spinal_project_new/sw/java/test/java/org/forwarder/demo/ModelTest.java' because the build target Onnx_SpinalHDL-test is being compiled. Wait until compilation is finished and try again.
2026.05.06 08:12:42 WARN  Using indexes to guess the definition of testModelWithOpsetV13_hw
2026.05.06 08:12:47 ERROR code navigation does not work for the file '/root/onnx_spinal_project_new/sw/java/test/java/org/forwarder/demo/ModelTest.java' because the build target Onnx_SpinalHDL-test is being compiled. Wait until compilation is finished and try again.
2026.05.06 08:12:47 WARN  Using indexes to guess the definition of testModel
May 06, 2026 8:12:52 AM org.eclipse.lsp4j.jsonrpc.RemoteEndpoint handleCancellation
WARNING: Unmatched cancel notification for request id 57
May 06, 2026 8:12:52 AM org.eclipse.lsp4j.jsonrpc.RemoteEndpoint handleCancellation
WARNING: Unmatched cancel notification for request id 61
May 06, 2026 8:12:54 AM org.eclipse.lsp4j.jsonrpc.RemoteEndpoint handleCancellation
WARNING: Unmatched cancel notification for request id 63
May 06, 2026 8:12:55 AM org.eclipse.lsp4j.jsonrpc.RemoteEndpoint handleCancellation
WARNING: Unmatched cancel notification for request id 70
2026.05.06 08:12:56 WARN  70 deprecations
2026.05.06 08:12:56 WARN  1 deprecation (since 2.11.0)
2026.05.06 08:12:56 WARN  4 deprecations (since 2.12.16)
2026.05.06 08:12:56 WARN  19 deprecations (since 2.13.0)
2026.05.06 08:12:56 WARN  102 deprecations (since 2.13.3)
2026.05.06 08:12:56 WARN  1 deprecation (since 2.13.4)
2026.05.06 08:12:56 WARN  197 deprecations in total; re-run with -deprecation for details
2026.05.06 08:12:56 WARN  165 feature warnings; re-run with -feature for details
May 06, 2026 8:12:58 AM org.eclipse.lsp4j.jsonrpc.RemoteEndpoint handleCancellation
WARNING: Unmatched cancel notification for request id 75
2026.05.06 08:13:10 INFO  compiling onnx_spinalhdl-test (4 scala sources and 111 java sources)
2026.05.06 08:13:14 INFO  time: compiled Onnx_SpinalHDL in 44s
May 06, 2026 8:13:16 AM org.eclipse.lsp4j.jsonrpc.services.GenericEndpoint notify
INFO: Unsupported notification method: $/setTrace
2026.05.06 08:13:16 INFO  time: compiled Onnx_SpinalHDL-test in 6.7s
2026.05.06 08:13:21 INFO  time: code lens generation in 2.43s
2026.05.06 08:13:21 INFO  time: code lens generation in 2.66s
2026.05.06 08:13:21 INFO  time: code lens generation in 2.66s
2026.05.06 08:13:21 INFO  time: code lens generation in 2.73s
2026.05.06 08:13:21 INFO  time: code lens generation in 2.74s
2026.05.06 08:13:21 INFO  time: code lens generation in 2.29s
2026.05.06 08:13:21 INFO  time: code lens generation in 2.75s
2026.05.06 08:13:21 INFO  time: code lens generation in 1.17s
2026.05.06 08:13:21 INFO  time: code lens generation in 2.82s
2026.05.06 08:13:49 INFO  time: code lens generation in 30s
May 06, 2026 8:16:18 AM org.eclipse.lsp4j.jsonrpc.RemoteEndpoint handleNotification
WARNING: Notification threw an exception: {
  "jsonrpc": "2.0",
  "method": "metals/didFocusTextDocument",
  "params": [
    "vscode-local:/c%3A/accelerator_projects/hw_spinal/validation/wrapper/Accelerator.scala"
  ]
}
java.nio.file.FileSystemNotFoundException: Provider "vscode-local" not installed
	at java.base/java.nio.file.Path.of(Path.java:212)
	at java.base/java.nio.file.Paths.get(Paths.java:98)
	at scala.meta.internal.mtags.MtagsEnrichments$XtensionURIMtags.toAbsolutePath(MtagsEnrichments.scala:131)
	at scala.meta.internal.mtags.MtagsEnrichments$XtensionStringMtags.toAbsolutePath(MtagsEnrichments.scala:188)
	at scala.meta.internal.metals.MetalsEnrichments$XtensionString.toAbsolutePath(MetalsEnrichments.scala:756)
	at scala.meta.internal.metals.MetalsEnrichments$XtensionString.toAbsolutePath(MetalsEnrichments.scala:753)
	at scala.meta.internal.metals.WorkspaceLspService.didFocus(WorkspaceLspService.scala:695)
	at scala.meta.metals.lsp.DelegatingScalaService.didFocus(DelegatingScalaService.scala:43)
	at java.base/jdk.internal.reflect.NativeMethodAccessorImpl.invoke0(Native Method)
	at java.base/jdk.internal.reflect.NativeMethodAccessorImpl.invoke(NativeMethodAccessorImpl.java:77)
	at java.base/jdk.internal.reflect.DelegatingMethodAccessorImpl.invoke(DelegatingMethodAccessorImpl.java:43)
	at java.base/java.lang.reflect.Method.invoke(Method.java:569)
	at org.eclipse.lsp4j.jsonrpc.services.GenericEndpoint.lambda$recursiveFindRpcMethods$0(GenericEndpoint.java:65)
	at org.eclipse.lsp4j.jsonrpc.services.GenericEndpoint.notify(GenericEndpoint.java:160)
	at org.eclipse.lsp4j.jsonrpc.RemoteEndpoint.handleNotification(RemoteEndpoint.java:231)
	at org.eclipse.lsp4j.jsonrpc.RemoteEndpoint.consume(RemoteEndpoint.java:198)
	at org.eclipse.lsp4j.jsonrpc.json.StreamMessageProducer.handleMessage(StreamMessageProducer.java:185)
	at org.eclipse.lsp4j.jsonrpc.json.StreamMessageProducer.listen(StreamMessageProducer.java:97)
	at org.eclipse.lsp4j.jsonrpc.json.ConcurrentMessageProcessor.run(ConcurrentMessageProcessor.java:114)
	at java.base/java.util.concurrent.Executors$RunnableAdapter.call(Executors.java:539)
	at java.base/java.util.concurrent.FutureTask.run(FutureTask.java:264)
	at java.base/java.util.concurrent.ThreadPoolExecutor.runWorker(ThreadPoolExecutor.java:1136)
	at java.base/java.util.concurrent.ThreadPoolExecutor$Worker.run(ThreadPoolExecutor.java:635)
	at java.base/java.lang.Thread.run(Thread.java:840)

May 06, 2026 8:18:00 AM org.eclipse.lsp4j.jsonrpc.RemoteEndpoint handleNotification
WARNING: Notification threw an exception: {
  "jsonrpc": "2.0",
  "method": "metals/didFocusTextDocument",
  "params": [
    "vscode-local:/c%3A/accelerator_projects/hw_spinal/validation/hw/Accelerator_FPGA.scala"
  ]
}
java.nio.file.FileSystemNotFoundException: Provider "vscode-local" not installed
	at java.base/java.nio.file.Path.of(Path.java:212)
	at java.base/java.nio.file.Paths.get(Paths.java:98)
	at scala.meta.internal.mtags.MtagsEnrichments$XtensionURIMtags.toAbsolutePath(MtagsEnrichments.scala:131)
	at scala.meta.internal.mtags.MtagsEnrichments$XtensionStringMtags.toAbsolutePath(MtagsEnrichments.scala:188)
	at scala.meta.internal.metals.MetalsEnrichments$XtensionString.toAbsolutePath(MetalsEnrichments.scala:756)
	at scala.meta.internal.metals.MetalsEnrichments$XtensionString.toAbsolutePath(MetalsEnrichments.scala:753)
	at scala.meta.internal.metals.WorkspaceLspService.didFocus(WorkspaceLspService.scala:695)
	at scala.meta.metals.lsp.DelegatingScalaService.didFocus(DelegatingScalaService.scala:43)
	at java.base/jdk.internal.reflect.NativeMethodAccessorImpl.invoke0(Native Method)
	at java.base/jdk.internal.reflect.NativeMethodAccessorImpl.invoke(NativeMethodAccessorImpl.java:77)
	at java.base/jdk.internal.reflect.DelegatingMethodAccessorImpl.invoke(DelegatingMethodAccessorImpl.java:43)
	at java.base/java.lang.reflect.Method.invoke(Method.java:569)
	at org.eclipse.lsp4j.jsonrpc.services.GenericEndpoint.lambda$recursiveFindRpcMethods$0(GenericEndpoint.java:65)
	at org.eclipse.lsp4j.jsonrpc.services.GenericEndpoint.notify(GenericEndpoint.java:160)
	at org.eclipse.lsp4j.jsonrpc.RemoteEndpoint.handleNotification(RemoteEndpoint.java:231)
	at org.eclipse.lsp4j.jsonrpc.RemoteEndpoint.consume(RemoteEndpoint.java:198)
	at org.eclipse.lsp4j.jsonrpc.json.StreamMessageProducer.handleMessage(StreamMessageProducer.java:185)
	at org.eclipse.lsp4j.jsonrpc.json.StreamMessageProducer.listen(StreamMessageProducer.java:97)
	at org.eclipse.lsp4j.jsonrpc.json.ConcurrentMessageProcessor.run(ConcurrentMessageProcessor.java:114)
	at java.base/java.util.concurrent.Executors$RunnableAdapter.call(Executors.java:539)
	at java.base/java.util.concurrent.FutureTask.run(FutureTask.java:264)
	at java.base/java.util.concurrent.ThreadPoolExecutor.runWorker(ThreadPoolExecutor.java:1136)
	at java.base/java.util.concurrent.ThreadPoolExecutor$Worker.run(ThreadPoolExecutor.java:635)
	at java.base/java.lang.Thread.run(Thread.java:840)

May 06, 2026 9:20:24 AM org.eclipse.lsp4j.jsonrpc.RemoteEndpoint handleCancellation
WARNING: Unmatched cancel notification for request id 358
May 06, 2026 9:20:24 AM org.eclipse.lsp4j.jsonrpc.RemoteEndpoint handleCancellation
WARNING: Unmatched cancel notification for request id 359
May 06, 2026 9:21:20 AM org.eclipse.lsp4j.jsonrpc.RemoteEndpoint handleCancellation
WARNING: Unmatched cancel notification for request id 386
May 06, 2026 11:40:10 AM org.eclipse.lsp4j.jsonrpc.RemoteEndpoint handleCancellation
WARNING: Unmatched cancel notification for request id 466
May 06, 2026 11:40:11 AM org.eclipse.lsp4j.jsonrpc.RemoteEndpoint handleCancellation
WARNING: Unmatched cancel notification for request id 467
May 06, 2026 11:40:11 AM org.eclipse.lsp4j.jsonrpc.RemoteEndpoint handleCancellation
WARNING: Unmatched cancel notification for request id 472
May 06, 2026 11:40:11 AM org.eclipse.lsp4j.jsonrpc.RemoteEndpoint handleCancellation
WARNING: Unmatched cancel notification for request id 471
May 06, 2026 11:40:19 AM org.eclipse.lsp4j.jsonrpc.RemoteEndpoint handleCancellation
WARNING: Unmatched cancel notification for request id 492
May 06, 2026 11:40:36 AM org.eclipse.lsp4j.jsonrpc.RemoteEndpoint handleCancellation
WARNING: Unmatched cancel notification for request id 498
May 06, 2026 11:41:20 AM org.eclipse.lsp4j.jsonrpc.RemoteEndpoint handleCancellation
WARNING: Unmatched cancel notification for request id 577
May 07, 2026 1:47:04 AM org.eclipse.lsp4j.jsonrpc.RemoteEndpoint handleCancellation
WARNING: Unmatched cancel notification for request id 740
May 07, 2026 1:54:44 AM org.eclipse.lsp4j.jsonrpc.RemoteEndpoint handleCancellation
WARNING: Unmatched cancel notification for request id 947
May 07, 2026 1:54:44 AM org.eclipse.lsp4j.jsonrpc.RemoteEndpoint handleCancellation
WARNING: Unmatched cancel notification for request id 948
May 07, 2026 2:12:34 AM org.eclipse.lsp4j.jsonrpc.RemoteEndpoint handleCancellation
WARNING: Unmatched cancel notification for request id 1289
May 07, 2026 2:14:02 AM org.eclipse.lsp4j.jsonrpc.RemoteEndpoint handleCancellation
WARNING: Unmatched cancel notification for request id 1386
May 07, 2026 2:22:38 AM org.eclipse.lsp4j.jsonrpc.RemoteEndpoint handleCancellation
WARNING: Unmatched cancel notification for request id 1445
May 07, 2026 2:27:14 AM org.eclipse.lsp4j.jsonrpc.RemoteEndpoint handleCancellation
WARNING: Unmatched cancel notification for request id 1678
May 07, 2026 2:28:30 AM org.eclipse.lsp4j.jsonrpc.RemoteEndpoint handleCancellation
WARNING: Unmatched cancel notification for request id 1743
May 07, 2026 2:28:30 AM org.eclipse.lsp4j.jsonrpc.RemoteEndpoint handleCancellation
WARNING: Unmatched cancel notification for request id 1744
May 07, 2026 2:28:30 AM org.eclipse.lsp4j.jsonrpc.RemoteEndpoint handleCancellation
WARNING: Unmatched cancel notification for request id 1748
May 07, 2026 2:34:04 AM org.eclipse.lsp4j.jsonrpc.RemoteEndpoint handleCancellation
WARNING: Unmatched cancel notification for request id 1818
May 07, 2026 6:17:52 AM org.eclipse.lsp4j.jsonrpc.services.GenericEndpoint notify
INFO: Unsupported notification method: $/setTrace
May 07, 2026 6:23:07 AM org.eclipse.lsp4j.jsonrpc.RemoteEndpoint handleCancellation
WARNING: Unmatched cancel notification for request id 1861
May 07, 2026 6:23:11 AM org.eclipse.lsp4j.jsonrpc.RemoteEndpoint handleCancellation
WARNING: Unmatched cancel notification for request id 1878
May 07, 2026 6:42:16 AM org.eclipse.lsp4j.jsonrpc.RemoteEndpoint handleCancellation
WARNING: Unmatched cancel notification for request id 1907
May 07, 2026 6:42:17 AM org.eclipse.lsp4j.jsonrpc.RemoteEndpoint handleCancellation
WARNING: Unmatched cancel notification for request id 1908
May 07, 2026 6:42:17 AM org.eclipse.lsp4j.jsonrpc.RemoteEndpoint handleCancellation
WARNING: Unmatched cancel notification for request id 1909
May 07, 2026 6:42:17 AM org.eclipse.lsp4j.jsonrpc.RemoteEndpoint handleCancellation
WARNING: Unmatched cancel notification for request id 1910
May 07, 2026 6:42:17 AM org.eclipse.lsp4j.jsonrpc.RemoteEndpoint handleCancellation
WARNING: Unmatched cancel notification for request id 1911
May 07, 2026 6:42:17 AM org.eclipse.lsp4j.jsonrpc.RemoteEndpoint handleCancellation
WARNING: Unmatched cancel notification for request id 1917
May 07, 2026 6:42:19 AM org.eclipse.lsp4j.jsonrpc.RemoteEndpoint handleNotification
WARNING: Notification threw an exception: {
  "jsonrpc": "2.0",
  "method": "metals/didFocusTextDocument",
  "params": [
    "vscode-local:/c%3A/accelerator_projects/hw_spinal/validation/hw/Accelerator_FPGA.scala"
  ]
}
java.nio.file.FileSystemNotFoundException: Provider "vscode-local" not installed
	at java.base/java.nio.file.Path.of(Path.java:212)
	at java.base/java.nio.file.Paths.get(Paths.java:98)
	at scala.meta.internal.mtags.MtagsEnrichments$XtensionURIMtags.toAbsolutePath(MtagsEnrichments.scala:131)
	at scala.meta.internal.mtags.MtagsEnrichments$XtensionStringMtags.toAbsolutePath(MtagsEnrichments.scala:188)
	at scala.meta.internal.metals.MetalsEnrichments$XtensionString.toAbsolutePath(MetalsEnrichments.scala:756)
	at scala.meta.internal.metals.MetalsEnrichments$XtensionString.toAbsolutePath(MetalsEnrichments.scala:753)
	at scala.meta.internal.metals.WorkspaceLspService.didFocus(WorkspaceLspService.scala:695)
	at scala.meta.metals.lsp.DelegatingScalaService.didFocus(DelegatingScalaService.scala:43)
	at jdk.internal.reflect.GeneratedMethodAccessor43.invoke(Unknown Source)
	at java.base/jdk.internal.reflect.DelegatingMethodAccessorImpl.invoke(DelegatingMethodAccessorImpl.java:43)
	at java.base/java.lang.reflect.Method.invoke(Method.java:569)
	at org.eclipse.lsp4j.jsonrpc.services.GenericEndpoint.lambda$recursiveFindRpcMethods$0(GenericEndpoint.java:65)
	at org.eclipse.lsp4j.jsonrpc.services.GenericEndpoint.notify(GenericEndpoint.java:160)
	at org.eclipse.lsp4j.jsonrpc.RemoteEndpoint.handleNotification(RemoteEndpoint.java:231)
	at org.eclipse.lsp4j.jsonrpc.RemoteEndpoint.consume(RemoteEndpoint.java:198)
	at org.eclipse.lsp4j.jsonrpc.json.StreamMessageProducer.handleMessage(StreamMessageProducer.java:185)
	at org.eclipse.lsp4j.jsonrpc.json.StreamMessageProducer.listen(StreamMessageProducer.java:97)
	at org.eclipse.lsp4j.jsonrpc.json.ConcurrentMessageProcessor.run(ConcurrentMessageProcessor.java:114)
	at java.base/java.util.concurrent.Executors$RunnableAdapter.call(Executors.java:539)
	at java.base/java.util.concurrent.FutureTask.run(FutureTask.java:264)
	at java.base/java.util.concurrent.ThreadPoolExecutor.runWorker(ThreadPoolExecutor.java:1136)
	at java.base/java.util.concurrent.ThreadPoolExecutor$Worker.run(ThreadPoolExecutor.java:635)
	at java.base/java.lang.Thread.run(Thread.java:840)

2026.05.07 07:28:21 INFO  compiling onnx_spinalhdl (17 scala sources)
2026.05.07 07:28:38 WARN  4 deprecations
2026.05.07 07:28:38 WARN  7 deprecations (since 2.13.0)
2026.05.07 07:28:38 WARN  6 deprecations (since 2.13.3)
2026.05.07 07:28:38 WARN  17 deprecations in total; re-run with -deprecation for details
2026.05.07 07:28:38 INFO  time: compiled Onnx_SpinalHDL in 17s
2026.05.07 07:28:50 INFO  compiling onnx_spinalhdl (11 scala sources and 14 java sources)
2026.05.07 07:28:50 INFO  time: compiled Onnx_SpinalHDL in 0.62s
2026.05.07 07:28:51 WARN  no build target for: /root/onnx_spinal_project_new/build.sc
2026.05.07 08:58:57 INFO  compiling onnx_spinalhdl (11 scala sources and 15 java sources)
2026.05.07 08:59:05 INFO  time: compiled Onnx_SpinalHDL in 8.12s
2026.05.07 08:59:05 INFO  compiling onnx_spinalhdl (11 scala sources and 16 java sources)
2026.05.07 08:59:07 INFO  time: compiled Onnx_SpinalHDL in 1.15s
May 07, 2026 9:24:55 AM org.eclipse.lsp4j.jsonrpc.RemoteEndpoint handleCancellation
WARNING: Unmatched cancel notification for request id 2200
May 07, 2026 9:24:55 AM org.eclipse.lsp4j.jsonrpc.RemoteEndpoint handleCancellation
WARNING: Unmatched cancel notification for request id 2201
May 07, 2026 10:49:10 AM org.eclipse.lsp4j.jsonrpc.RemoteEndpoint handleCancellation
WARNING: Unmatched cancel notification for request id 2346
2026.05.07 11:06:26 INFO  compiling onnx_spinalhdl (11 scala sources and 15 java sources)
2026.05.07 11:06:34 INFO  time: compiled Onnx_SpinalHDL in 7.42s
May 07, 2026 11:07:31 AM org.eclipse.lsp4j.jsonrpc.RemoteEndpoint handleNotification
WARNING: Notification threw an exception: {
  "jsonrpc": "2.0",
  "method": "metals/didFocusTextDocument",
  "params": [
    "_claude_fs_right:/root/onnx_spinal_project_new/sw/java/main/java/org/forwarder/backend/impls/HWAccelerated/utils/HWAcceleratedJNI.java"
  ]
}
java.lang.IllegalArgumentException: Illegal character in scheme name at index 0: _claude_fs_right:/root/onnx_spinal_project_new/sw/java/main/java/org/forwarder/backend/impls/HWAccelerated/utils/HWAcceleratedJNI.java
	at java.base/java.net.URI.create(URI.java:906)
	at scala.meta.internal.mtags.MtagsEnrichments$XtensionStringMtags.toAbsolutePath(MtagsEnrichments.scala:188)
	at scala.meta.internal.metals.MetalsEnrichments$XtensionString.toAbsolutePath(MetalsEnrichments.scala:756)
	at scala.meta.internal.metals.MetalsEnrichments$XtensionString.toAbsolutePath(MetalsEnrichments.scala:753)
	at scala.meta.internal.metals.WorkspaceLspService.didFocus(WorkspaceLspService.scala:695)
	at scala.meta.metals.lsp.DelegatingScalaService.didFocus(DelegatingScalaService.scala:43)
	at jdk.internal.reflect.GeneratedMethodAccessor43.invoke(Unknown Source)
	at java.base/jdk.internal.reflect.DelegatingMethodAccessorImpl.invoke(DelegatingMethodAccessorImpl.java:43)
	at java.base/java.lang.reflect.Method.invoke(Method.java:569)
	at org.eclipse.lsp4j.jsonrpc.services.GenericEndpoint.lambda$recursiveFindRpcMethods$0(GenericEndpoint.java:65)
	at org.eclipse.lsp4j.jsonrpc.services.GenericEndpoint.notify(GenericEndpoint.java:160)
	at org.eclipse.lsp4j.jsonrpc.RemoteEndpoint.handleNotification(RemoteEndpoint.java:231)
	at org.eclipse.lsp4j.jsonrpc.RemoteEndpoint.consume(RemoteEndpoint.java:198)
	at org.eclipse.lsp4j.jsonrpc.json.StreamMessageProducer.handleMessage(StreamMessageProducer.java:185)
	at org.eclipse.lsp4j.jsonrpc.json.StreamMessageProducer.listen(StreamMessageProducer.java:97)
	at org.eclipse.lsp4j.jsonrpc.json.ConcurrentMessageProcessor.run(ConcurrentMessageProcessor.java:114)
	at java.base/java.util.concurrent.Executors$RunnableAdapter.call(Executors.java:539)
	at java.base/java.util.concurrent.FutureTask.run(FutureTask.java:264)
	at java.base/java.util.concurrent.ThreadPoolExecutor.runWorker(ThreadPoolExecutor.java:1136)
	at java.base/java.util.concurrent.ThreadPoolExecutor$Worker.run(ThreadPoolExecutor.java:635)
	at java.base/java.lang.Thread.run(Thread.java:840)
Caused by: java.net.URISyntaxException: Illegal character in scheme name at index 0: _claude_fs_right:/root/onnx_spinal_project_new/sw/java/main/java/org/forwarder/backend/impls/HWAccelerated/utils/HWAcceleratedJNI.java
	at java.base/java.net.URI$Parser.fail(URI.java:2976)
	at java.base/java.net.URI$Parser.checkChars(URI.java:3147)
	at java.base/java.net.URI$Parser.checkChar(URI.java:3157)
	at java.base/java.net.URI$Parser.parse(URI.java:3172)
	at java.base/java.net.URI.<init>(URI.java:623)
	at java.base/java.net.URI.create(URI.java:904)
	... 20 more

May 07, 2026 11:07:38 AM org.eclipse.lsp4j.jsonrpc.RemoteEndpoint handleNotification
WARNING: Notification threw an exception: {
  "jsonrpc": "2.0",
  "method": "metals/didFocusTextDocument",
  "params": [
    "_claude_fs_right:/root/onnx_spinal_project_new/sw/java/main/java/org/forwarder/backend/impls/HWAccelerated/utils/HWAcceleratedJNI.java"
  ]
}
java.lang.IllegalArgumentException: Illegal character in scheme name at index 0: _claude_fs_right:/root/onnx_spinal_project_new/sw/java/main/java/org/forwarder/backend/impls/HWAccelerated/utils/HWAcceleratedJNI.java
	at java.base/java.net.URI.create(URI.java:906)
	at scala.meta.internal.mtags.MtagsEnrichments$XtensionStringMtags.toAbsolutePath(MtagsEnrichments.scala:188)
	at scala.meta.internal.metals.MetalsEnrichments$XtensionString.toAbsolutePath(MetalsEnrichments.scala:756)
	at scala.meta.internal.metals.MetalsEnrichments$XtensionString.toAbsolutePath(MetalsEnrichments.scala:753)
	at scala.meta.internal.metals.WorkspaceLspService.didFocus(WorkspaceLspService.scala:695)
	at scala.meta.metals.lsp.DelegatingScalaService.didFocus(DelegatingScalaService.scala:43)
	at jdk.internal.reflect.GeneratedMethodAccessor43.invoke(Unknown Source)
	at java.base/jdk.internal.reflect.DelegatingMethodAccessorImpl.invoke(DelegatingMethodAccessorImpl.java:43)
	at java.base/java.lang.reflect.Method.invoke(Method.java:569)
	at org.eclipse.lsp4j.jsonrpc.services.GenericEndpoint.lambda$recursiveFindRpcMethods$0(GenericEndpoint.java:65)
	at org.eclipse.lsp4j.jsonrpc.services.GenericEndpoint.notify(GenericEndpoint.java:160)
	at org.eclipse.lsp4j.jsonrpc.RemoteEndpoint.handleNotification(RemoteEndpoint.java:231)
	at org.eclipse.lsp4j.jsonrpc.RemoteEndpoint.consume(RemoteEndpoint.java:198)
	at org.eclipse.lsp4j.jsonrpc.json.StreamMessageProducer.handleMessage(StreamMessageProducer.java:185)
	at org.eclipse.lsp4j.jsonrpc.json.StreamMessageProducer.listen(StreamMessageProducer.java:97)
	at org.eclipse.lsp4j.jsonrpc.json.ConcurrentMessageProcessor.run(ConcurrentMessageProcessor.java:114)
	at java.base/java.util.concurrent.Executors$RunnableAdapter.call(Executors.java:539)
	at java.base/java.util.concurrent.FutureTask.run(FutureTask.java:264)
	at java.base/java.util.concurrent.ThreadPoolExecutor.runWorker(ThreadPoolExecutor.java:1136)
	at java.base/java.util.concurrent.ThreadPoolExecutor$Worker.run(ThreadPoolExecutor.java:635)
	at java.base/java.lang.Thread.run(Thread.java:840)
Caused by: java.net.URISyntaxException: Illegal character in scheme name at index 0: _claude_fs_right:/root/onnx_spinal_project_new/sw/java/main/java/org/forwarder/backend/impls/HWAccelerated/utils/HWAcceleratedJNI.java
	at java.base/java.net.URI$Parser.fail(URI.java:2976)
	at java.base/java.net.URI$Parser.checkChars(URI.java:3147)
	at java.base/java.net.URI$Parser.checkChar(URI.java:3157)
	at java.base/java.net.URI$Parser.parse(URI.java:3172)
	at java.base/java.net.URI.<init>(URI.java:623)
	at java.base/java.net.URI.create(URI.java:904)
	... 20 more

May 07, 2026 11:07:43 AM org.eclipse.lsp4j.jsonrpc.RemoteEndpoint handleNotification
WARNING: Notification threw an exception: {
  "jsonrpc": "2.0",
  "method": "metals/didFocusTextDocument",
  "params": [
    "_claude_fs_right:/root/onnx_spinal_project_new/sw/java/main/java/org/forwarder/backend/impls/HWAccelerated/utils/HWAcceleratedJNI.java"
  ]
}
java.lang.IllegalArgumentException: Illegal character in scheme name at index 0: _claude_fs_right:/root/onnx_spinal_project_new/sw/java/main/java/org/forwarder/backend/impls/HWAccelerated/utils/HWAcceleratedJNI.java
	at java.base/java.net.URI.create(URI.java:906)
	at scala.meta.internal.mtags.MtagsEnrichments$XtensionStringMtags.toAbsolutePath(MtagsEnrichments.scala:188)
	at scala.meta.internal.metals.MetalsEnrichments$XtensionString.toAbsolutePath(MetalsEnrichments.scala:756)
	at scala.meta.internal.metals.MetalsEnrichments$XtensionString.toAbsolutePath(MetalsEnrichments.scala:753)
	at scala.meta.internal.metals.WorkspaceLspService.didFocus(WorkspaceLspService.scala:695)
	at scala.meta.metals.lsp.DelegatingScalaService.didFocus(DelegatingScalaService.scala:43)
	at jdk.internal.reflect.GeneratedMethodAccessor43.invoke(Unknown Source)
	at java.base/jdk.internal.reflect.DelegatingMethodAccessorImpl.invoke(DelegatingMethodAccessorImpl.java:43)
	at java.base/java.lang.reflect.Method.invoke(Method.java:569)
	at org.eclipse.lsp4j.jsonrpc.services.GenericEndpoint.lambda$recursiveFindRpcMethods$0(GenericEndpoint.java:65)
	at org.eclipse.lsp4j.jsonrpc.services.GenericEndpoint.notify(GenericEndpoint.java:160)
	at org.eclipse.lsp4j.jsonrpc.RemoteEndpoint.handleNotification(RemoteEndpoint.java:231)
	at org.eclipse.lsp4j.jsonrpc.RemoteEndpoint.consume(RemoteEndpoint.java:198)
	at org.eclipse.lsp4j.jsonrpc.json.StreamMessageProducer.handleMessage(StreamMessageProducer.java:185)
	at org.eclipse.lsp4j.jsonrpc.json.StreamMessageProducer.listen(StreamMessageProducer.java:97)
	at org.eclipse.lsp4j.jsonrpc.json.ConcurrentMessageProcessor.run(ConcurrentMessageProcessor.java:114)
	at java.base/java.util.concurrent.Executors$RunnableAdapter.call(Executors.java:539)
	at java.base/java.util.concurrent.FutureTask.run(FutureTask.java:264)
	at java.base/java.util.concurrent.ThreadPoolExecutor.runWorker(ThreadPoolExecutor.java:1136)
	at java.base/java.util.concurrent.ThreadPoolExecutor$Worker.run(ThreadPoolExecutor.java:635)
	at java.base/java.lang.Thread.run(Thread.java:840)
Caused by: java.net.URISyntaxException: Illegal character in scheme name at index 0: _claude_fs_right:/root/onnx_spinal_project_new/sw/java/main/java/org/forwarder/backend/impls/HWAccelerated/utils/HWAcceleratedJNI.java
	at java.base/java.net.URI$Parser.fail(URI.java:2976)
	at java.base/java.net.URI$Parser.checkChars(URI.java:3147)
	at java.base/java.net.URI$Parser.checkChar(URI.java:3157)
	at java.base/java.net.URI$Parser.parse(URI.java:3172)
	at java.base/java.net.URI.<init>(URI.java:623)
	at java.base/java.net.URI.create(URI.java:904)
	... 20 more

2026.05.07 11:09:22 WARN  Using indexes to guess the definition of nativeInitialize
2026.05.07 11:11:52 WARN  Using indexes to guess the definition of nativeInitialize
2026.05.07 11:11:53 WARN  Using indexes to guess the definition of nativeSendInstructions
2026.05.07 11:14:46 WARN  Using indexes to guess the definition of initialize
2026.05.07 11:14:46 WARN  Using indexes to guess the definition of shutdown
2026.05.07 11:14:46 WARN  Using indexes to guess the definition of executeInstructions
2026.05.07 11:14:47 WARN  Using indexes to guess the definition of nativeInitialize
2026.05.07 11:14:47 WARN  Using indexes to guess the definition of nativeWaitForCompletion
2026.05.07 11:14:47 WARN  Using indexes to guess the definition of nativeSendInstructions
2026.05.07 11:14:47 WARN  Using indexes to guess the definition of nativeGetStatus
2026.05.07 11:16:19 INFO  compiling onnx_spinalhdl (11 scala sources and 15 java sources)
2026.05.07 11:16:24 INFO  time: compiled Onnx_SpinalHDL in 4.87s
2026.05.07 11:17:17 INFO  compiling onnx_spinalhdl (11 scala sources and 15 java sources)
2026.05.07 11:17:19 INFO  time: compiled Onnx_SpinalHDL in 1.29s
2026.05.07 11:17:19 INFO  compiling onnx_spinalhdl (11 scala sources and 15 java sources)
2026.05.07 11:17:20 INFO  time: compiled Onnx_SpinalHDL in 0.83s
2026.05.07 11:19:18 WARN  Using indexes to guess the definition of HWAcceleratorJNI
2026.05.07 11:21:59 WARN  Using indexes to guess the definition of HWAcceleratorJNI
2026.05.07 11:31:13 WARN  Using indexes to guess the definition of readDDR
2026.05.07 11:31:13 WARN  Using indexes to guess the definition of writeDDR
2026.05.08 04:09:36 INFO  Shutting down server
2026.05.08 04:09:36 INFO  shutting down Metals
2026.05.08 04:09:38 INFO  Shut down connection with build server.
2026.05.08 04:09:38 INFO  Shut down connection with build server.
2026.05.08 04:09:38 INFO  Shut down connection with build server.
2026.05.08 06:40:56 INFO  Started: Metals version 1.6.7 in folders '/root/onnx_spinal_project_new' for client Visual Studio Code 1.118.1.
2026.05.08 06:40:56 INFO  Memory monitor started
2026.05.08 06:40:58 WARN  Using H2 2.4.240 which is newer than the version Flyway has been verified with. The latest verified version of H2 is 2.3.232.
2026.05.08 06:40:58 INFO  Attempting to connect to the build server...
2026.05.08 06:40:58 INFO  Found a Bloop server running
2026.05.08 06:41:00 INFO  tracing is disabled for protocol BSP, to enable tracing of incoming and outgoing JSON messages create an empty file at /root/onnx_spinal_project_new/.metals/bsp.trace.json or /root/.cache/metals/bsp.trace.json
2026.05.08 06:41:01 INFO  Attempting to connect to the build server...
2026.05.08 06:41:01 INFO  Found a Bloop server running
2026.05.08 06:41:01 INFO  Attempting to connect to the build server...
2026.05.08 06:41:01 INFO  Found a Bloop server running
2026.05.08 06:41:01 INFO  tracing is disabled for protocol BSP, to enable tracing of incoming and outgoing JSON messages create an empty file at /root/onnx_spinal_project_new/project/project/.metals/bsp.trace.json or /root/.cache/metals/bsp.trace.json
2026.05.08 06:41:01 INFO  tracing is disabled for protocol BSP, to enable tracing of incoming and outgoing JSON messages create an empty file at /root/onnx_spinal_project_new/project/.metals/bsp.trace.json or /root/.cache/metals/bsp.trace.json
2026.05.08 06:41:01 INFO  time: Connected to build server in 1.51s
2026.05.08 06:41:01 INFO  Connected to Build server: Bloop v2.0.19
2026.05.08 06:41:04 INFO  time: Imported build in 3.23s
2026.05.08 06:41:04 WARN  2.12.15 is no longer supported in the current Metals versions, using the last known supported version 1.3.3
2026.05.08 06:41:06 WARN  2.13.14 is no longer supported in the current Metals versions, using the last known supported version 1.6.3
2026.05.08 06:41:10 INFO  QDox parse error in file:///root/onnx_spinal_project_new/sw/java/test/java/org/forwarder/backend/impls/dl4j/opsets/aiOnnx/v13/ops/DL4JCastV13Test.java (full report at: "/root/onnx_spinal_project_new/.metals/.reports/metals-full/2026-05-03/r_qdox-error_(Onnx_5fSpinalHDL-test)_06-04-49-696.md")
2026.05.08 06:41:10 INFO  QDox parse error in file:///root/onnx_spinal_project_new/sw/java/test/java/org/forwarder/backend/impls/HWAccelerated/opsets/v13/ops/HWAcceleratedNegV13Test.java (full report at: "/root/onnx_spinal_project_new/.metals/.reports/metals-full/2026-04-23/r_qdox-error_(Onnx_5fSpinalHDL-test)_05-40-24-274.md")
2026.05.08 06:41:11 WARN  Could not find java sources in /usr/lib/jvm/src.zip, /usr/lib/jvm/lib/src.zip, /usr/lib/jvm/java-17-openjdk/src.zip, /usr/lib/jvm/java-17-openjdk/lib/src.zip, /usr/lib/jvm/src.zip, /usr/lib/jvm/lib/src.zip, /usr/lib/jvm/java-17-openjdk-17.0.14.0.7-2.el9.x86_64/src.zip, /usr/lib/jvm/java-17-openjdk-17.0.14.0.7-2.el9.x86_64/lib/src.zip. Java symbols will not be available.
2026.05.08 06:41:13 INFO  time: indexed workspace in 8.53s
2026.05.08 06:48:50 INFO  compiling onnx_spinalhdl (20 scala sources and 463 java sources)
2026.05.08 06:48:57 INFO  time: compiled Onnx_SpinalHDL in 7.2s
May 08, 2026 6:57:42 AM org.eclipse.lsp4j.jsonrpc.RemoteEndpoint handleCancellation
WARNING: Unmatched cancel notification for request id 4
May 08, 2026 6:57:42 AM org.eclipse.lsp4j.jsonrpc.RemoteEndpoint handleCancellation
WARNING: Unmatched cancel notification for request id 8
May 08, 2026 6:57:55 AM org.eclipse.lsp4j.jsonrpc.RemoteEndpoint handleCancellation
WARNING: Unmatched cancel notification for request id 19
May 08, 2026 7:03:15 AM org.eclipse.lsp4j.jsonrpc.RemoteEndpoint handleCancellation
WARNING: Unmatched cancel notification for request id 57
May 08, 2026 7:03:26 AM org.eclipse.lsp4j.jsonrpc.RemoteEndpoint handleCancellation
WARNING: Unmatched cancel notification for request id 96
2026.05.08 07:03:31 INFO  Created report: Optional[file:///root/onnx_spinal_project_new/sw/java/main/java/org/forwarder/backend/impls/HWAccelerated/opsets/v13/ops/HWAcceleratedAddLogV13.java]
2026.05.08 07:03:31 INFO  empty definition using pc, found symbol in pc: _empty_/InstJavaTODO# (full report at: "/root/onnx_spinal_project_new/.metals/.reports/metals-full/2026-05-08/r_empty-definition_(Onnx_5fSpinalHDL)_07-03-31-729.md")
May 08, 2026 7:03:36 AM org.eclipse.lsp4j.jsonrpc.RemoteEndpoint handleCancellation
WARNING: Unmatched cancel notification for request id 109
2026.05.08 07:03:37 INFO  empty definition using pc, found symbol in pc: _empty_/InstJavaTODO# (full report at: "/root/onnx_spinal_project_new/.metals/.reports/metals-full/2026-05-08/r_empty-definition_(Onnx_5fSpinalHDL)_07-03-31-729.md")
2026.05.08 07:03:51 INFO  empty definition using pc, found symbol in pc: _empty_/InstJavaTODO# (full report at: "/root/onnx_spinal_project_new/.metals/.reports/metals-full/2026-05-08/r_empty-definition_(Onnx_5fSpinalHDL)_07-03-31-729.md")
2026.05.08 07:06:51 INFO  compiling onnx_spinalhdl (213 scala sources and 464 java sources)
2026.05.08 07:06:53 WARN  no build target for: /root/onnx_spinal_project_new/build.sc
2026.05.08 07:06:58 INFO  no build target found for /root/onnx_spinal_project_new/build.sc. Using presentation compiler with project's scala-library version: 2.13.18
May 08, 2026 7:06:58 AM org.eclipse.lsp4j.jsonrpc.RemoteEndpoint handleCancellation
WARNING: Unmatched cancel notification for request id 141
May 08, 2026 7:06:58 AM org.eclipse.lsp4j.jsonrpc.RemoteEndpoint handleCancellation
WARNING: Unmatched cancel notification for request id 144
May 08, 2026 7:06:58 AM org.eclipse.lsp4j.jsonrpc.RemoteEndpoint handleCancellation
WARNING: Unmatched cancel notification for request id 149
May 08, 2026 7:07:00 AM org.eclipse.lsp4j.jsonrpc.RemoteEndpoint handleCancellation
WARNING: Unmatched cancel notification for request id 151
May 08, 2026 7:07:00 AM org.eclipse.lsp4j.jsonrpc.RemoteEndpoint handleCancellation
WARNING: Unmatched cancel notification for request id 148
May 08, 2026 7:07:00 AM org.eclipse.lsp4j.jsonrpc.RemoteEndpoint handleCancellation
WARNING: Unmatched cancel notification for request id 145
May 08, 2026 7:07:00 AM org.eclipse.lsp4j.jsonrpc.RemoteEndpoint handleCancellation
WARNING: Unmatched cancel notification for request id 146
May 08, 2026 7:07:00 AM org.eclipse.lsp4j.jsonrpc.RemoteEndpoint handleCancellation
WARNING: Unmatched cancel notification for request id 147
May 08, 2026 7:07:00 AM org.eclipse.lsp4j.jsonrpc.RemoteEndpoint handleCancellation
WARNING: Unmatched cancel notification for request id 142
May 08, 2026 7:07:00 AM org.eclipse.lsp4j.jsonrpc.RemoteEndpoint handleCancellation
WARNING: Unmatched cancel notification for request id 143
May 08, 2026 7:07:01 AM org.eclipse.lsp4j.jsonrpc.RemoteEndpoint handleCancellation
WARNING: Unmatched cancel notification for request id 152
May 08, 2026 7:07:01 AM org.eclipse.lsp4j.jsonrpc.RemoteEndpoint handleCancellation
WARNING: Unmatched cancel notification for request id 153
May 08, 2026 7:07:01 AM org.eclipse.lsp4j.jsonrpc.RemoteEndpoint handleCancellation
WARNING: Unmatched cancel notification for request id 154
May 08, 2026 7:07:01 AM org.eclipse.lsp4j.jsonrpc.RemoteEndpoint handleCancellation
WARNING: Unmatched cancel notification for request id 155
May 08, 2026 7:07:01 AM org.eclipse.lsp4j.jsonrpc.RemoteEndpoint handleCancellation
WARNING: Unmatched cancel notification for request id 158
May 08, 2026 7:07:01 AM org.eclipse.lsp4j.jsonrpc.RemoteEndpoint handleCancellation
WARNING: Unmatched cancel notification for request id 159
May 08, 2026 7:07:01 AM org.eclipse.lsp4j.jsonrpc.RemoteEndpoint handleCancellation
WARNING: Unmatched cancel notification for request id 160
May 08, 2026 7:07:01 AM org.eclipse.lsp4j.jsonrpc.RemoteEndpoint handleCancellation
WARNING: Unmatched cancel notification for request id 161
May 08, 2026 7:07:01 AM org.eclipse.lsp4j.jsonrpc.RemoteEndpoint handleCancellation
WARNING: Unmatched cancel notification for request id 163
May 08, 2026 7:07:01 AM org.eclipse.lsp4j.jsonrpc.RemoteEndpoint handleCancellation
WARNING: Unmatched cancel notification for request id 166
May 08, 2026 7:07:01 AM org.eclipse.lsp4j.jsonrpc.RemoteEndpoint handleCancellation
WARNING: Unmatched cancel notification for request id 167
May 08, 2026 7:07:01 AM org.eclipse.lsp4j.jsonrpc.RemoteEndpoint handleCancellation
WARNING: Unmatched cancel notification for request id 168
May 08, 2026 7:07:01 AM org.eclipse.lsp4j.jsonrpc.RemoteEndpoint handleCancellation
WARNING: Unmatched cancel notification for request id 169
2026.05.08 07:07:02 INFO  Created report: Optional[file:///root/onnx_spinal_project_new/sw/java/main/java/org/forwarder/backend/impls/HWAccelerated/opsets/v13/ops/HWAcceleratedAddExpV13.java]
2026.05.08 07:07:02 INFO  empty definition using pc, found symbol in pc: _empty_/InstJavaTODO# (full report at: "/root/onnx_spinal_project_new/.metals/.reports/metals-full/2026-05-08/r_empty-definition_(Onnx_5fSpinalHDL)_07-07-02-256.md")
2026.05.08 07:07:30 WARN  74 deprecations
2026.05.08 07:07:30 WARN  1 deprecation (since 2.11.0)
2026.05.08 07:07:30 WARN  4 deprecations (since 2.12.16)
2026.05.08 07:07:30 WARN  23 deprecations (since 2.13.0)
2026.05.08 07:07:30 WARN  107 deprecations (since 2.13.3)
2026.05.08 07:07:30 WARN  1 deprecation (since 2.13.4)
2026.05.08 07:07:30 WARN  210 deprecations in total; re-run with -deprecation for details
2026.05.08 07:07:30 WARN  165 feature warnings; re-run with -feature for details
2026.05.08 07:07:39 INFO  time: compiled Onnx_SpinalHDL in 48s
May 08, 2026 7:07:52 AM org.eclipse.lsp4j.jsonrpc.RemoteEndpoint handleCancellation
WARNING: Unmatched cancel notification for request id 188
May 08, 2026 7:09:23 AM org.eclipse.lsp4j.jsonrpc.RemoteEndpoint handleCancellation
WARNING: Unmatched cancel notification for request id 220
2026.05.08 07:09:23 INFO  compiling onnx_spinalhdl-test (4 scala sources and 111 java sources)
2026.05.08 07:09:31 INFO  time: compiled Onnx_SpinalHDL-test in 7.99s
May 08, 2026 7:10:08 AM org.eclipse.lsp4j.jsonrpc.RemoteEndpoint handleCancellation
WARNING: Unmatched cancel notification for request id 233
May 08, 2026 7:10:09 AM org.eclipse.lsp4j.jsonrpc.RemoteEndpoint handleCancellation
WARNING: Unmatched cancel notification for request id 244
2026.05.08 07:11:01 INFO  Created report: Optional.empty
2026.05.08 07:11:01 INFO  Failed to visit file <WORKSPACE>/hw/spinal/FloatingPoint/LeadingZerosTester.scala: <WORKSPACE>/hw/sp... (full report at: "/root/onnx_spinal_project_new/.metals/.reports/bloop/2026-05-08/r_Failed to visit file..._07-11-01-411.md")
2026.05.08 07:11:01 INFO  Created report: Optional.empty
2026.05.08 07:11:01 INFO  Failed to visit file <WORKSPACE>/hw/spinal/FloatingPoint/berkeley-softfloat-3/build/Linux-x86_64-GCC... (full report at: "/root/onnx_spinal_project_new/.metals/.reports/bloop/2026-05-08/r_Failed to visit file..._07-11-01-423.md")
2026.05.08 07:11:01 INFO  Created report: Optional.empty
2026.05.08 07:11:01 INFO  Failed to visit file <WORKSPACE>/hw/spinal/FloatingPoint/berkeley-softfloat-3/build/Linux-x86_64-GCC... (full report at: "/root/onnx_spinal_project_new/.metals/.reports/bloop/2026-05-08/r_Failed to visit file..._07-11-01-426.md")
2026.05.08 07:11:01 INFO  Created report: Optional.empty
2026.05.08 07:11:01 INFO  Failed to visit file <WORKSPACE>/hw/spinal/FloatingPoint/berkeley-softfloat-3/build/Linux-x86_64-GCC... (full report at: "/root/onnx_spinal_project_new/.metals/.reports/bloop/2026-05-08/r_Failed to visit file..._07-11-01-428.md")
2026.05.08 07:11:01 INFO  Created report: Optional.empty
2026.05.08 07:11:01 INFO  Failed to visit file <WORKSPACE>/hw/spinal/FloatingPoint/berkeley-softfloat-3/build/Linux-x86_64-GCC... (full report at: "/root/onnx_spinal_project_new/.metals/.reports/bloop/2026-05-08/r_Failed to visit file..._07-11-01-431.md")
2026.05.08 07:11:01 INFO  Created report: Optional.empty
2026.05.08 07:11:01 INFO  Failed to visit file <WORKSPACE>/hw/spinal/FloatingPoint/berkeley-softfloat-3/build/Linux-x86_64-GCC... (full report at: "/root/onnx_spinal_project_new/.metals/.reports/bloop/2026-05-08/r_Failed to visit file..._07-11-01-433.md")
2026.05.08 07:11:01 INFO  Created report: Optional.empty
2026.05.08 07:11:01 INFO  Failed to visit file <WORKSPACE>/hw/spinal/FloatingPoint/berkeley-softfloat-3/build/Linux-x86_64-GCC... (full report at: "/root/onnx_spinal_project_new/.metals/.reports/bloop/2026-05-08/r_Failed to visit file..._07-11-01-436.md")
2026.05.08 07:11:01 INFO  Created report: Optional.empty
2026.05.08 07:11:01 INFO  Failed to visit file <WORKSPACE>/hw/spinal/FloatingPoint/berkeley-softfloat-3/build/Linux-x86_64-GCC... (full report at: "/root/onnx_spinal_project_new/.metals/.reports/bloop/2026-05-08/r_Failed to visit file..._07-11-01-440.md")
2026.05.08 07:11:01 INFO  Created report: Optional.empty
2026.05.08 07:11:01 INFO  Failed to visit file <WORKSPACE>/hw/spinal/FloatingPoint/berkeley-softfloat-3/build/Linux-x86_64-GCC... (full report at: "/root/onnx_spinal_project_new/.metals/.reports/bloop/2026-05-08/r_Failed to visit file..._07-11-01-444.md")
2026.05.08 07:11:01 INFO  Created report: Optional.empty
2026.05.08 07:11:01 INFO  Failed to visit file <WORKSPACE>/hw/spinal/FloatingPoint/berkeley-softfloat-3/build/Linux-x86_64-GCC... (full report at: "/root/onnx_spinal_project_new/.metals/.reports/bloop/2026-05-08/r_Failed to visit file..._07-11-01-448.md")
2026.05.08 07:11:01 INFO  Created report: Optional.empty
2026.05.08 07:11:01 INFO  Failed to visit file <WORKSPACE>/hw/spinal/FloatingPoint/berkeley-softfloat-3/build/Linux-x86_64-GCC... (full report at: "/root/onnx_spinal_project_new/.metals/.reports/bloop/2026-05-08/r_Failed to visit file..._07-11-01-453.md")
2026.05.08 07:11:01 INFO  Created report: Optional.empty
2026.05.08 07:11:01 INFO  Failed to visit file <WORKSPACE>/hw/spinal/FloatingPoint/berkeley-softfloat-3/build/Linux-x86_64-GCC... (full report at: "/root/onnx_spinal_project_new/.metals/.reports/bloop/2026-05-08/r_Failed to visit file..._07-11-01-456.md")
2026.05.08 07:11:01 INFO  Created report: Optional.empty
2026.05.08 07:11:01 INFO  Failed to visit file <WORKSPACE>/hw/spinal/FloatingPoint/berkeley-softfloat-3/build/Linux-x86_64-GCC... (full report at: "/root/onnx_spinal_project_new/.metals/.reports/bloop/2026-05-08/r_Failed to visit file..._07-11-01-458.md")
2026.05.08 07:11:01 INFO  Created report: Optional.empty
2026.05.08 07:11:01 INFO  Failed to visit file <WORKSPACE>/hw/spinal/FloatingPoint/berkeley-softfloat-3/build/Linux-x86_64-GCC... (full report at: "/root/onnx_spinal_project_new/.metals/.reports/bloop/2026-05-08/r_Failed to visit file..._07-11-01-460.md")
2026.05.08 07:11:01 INFO  Created report: Optional.empty
2026.05.08 07:11:01 INFO  Failed to visit file <WORKSPACE>/hw/spinal/FloatingPoint/berkeley-softfloat-3/build/Linux-x86_64-GCC... (full report at: "/root/onnx_spinal_project_new/.metals/.reports/bloop/2026-05-08/r_Failed to visit file..._07-11-01-465.md")
2026.05.08 07:11:01 INFO  Created report: Optional.empty
2026.05.08 07:11:01 INFO  Failed to visit file <WORKSPACE>/hw/spinal/FloatingPoint/berkeley-softfloat-3/build/Linux-x86_64-GCC... (full report at: "/root/onnx_spinal_project_new/.metals/.reports/bloop/2026-05-08/r_Failed to visit file..._07-11-01-467.md")
2026.05.08 07:11:01 INFO  Created report: Optional.empty
2026.05.08 07:11:01 INFO  Failed to visit file <WORKSPACE>/hw/spinal/FloatingPoint/berkeley-softfloat-3/build/Linux-x86_64-GCC... (full report at: "/root/onnx_spinal_project_new/.metals/.reports/bloop/2026-05-08/r_Failed to visit file..._07-11-01-470.md")
2026.05.08 07:11:01 INFO  Created report: Optional.empty
2026.05.08 07:11:01 INFO  Failed to visit file <WORKSPACE>/hw/spinal/FloatingPoint/berkeley-softfloat-3/build/Linux-x86_64-GCC... (full report at: "/root/onnx_spinal_project_new/.metals/.reports/bloop/2026-05-08/r_Failed to visit file..._07-11-01-473.md")
2026.05.08 07:11:01 INFO  Created report: Optional.empty
2026.05.08 07:11:01 INFO  Failed to visit file <WORKSPACE>/hw/spinal/FloatingPoint/berkeley-softfloat-3/build/Linux-x86_64-GCC... (full report at: "/root/onnx_spinal_project_new/.metals/.reports/bloop/2026-05-08/r_Failed to visit file..._07-11-01-475.md")
2026.05.08 07:11:01 INFO  Created report: Optional.empty
2026.05.08 07:11:01 INFO  Failed to visit file <WORKSPACE>/hw/spinal/FloatingPoint/berkeley-softfloat-3/build/Linux-x86_64-GCC... (full report at: "/root/onnx_spinal_project_new/.metals/.reports/bloop/2026-05-08/r_Failed to visit file..._07-11-01-477.md")
2026.05.08 07:11:01 INFO  Created report: Optional.empty
2026.05.08 07:11:01 INFO  Failed to visit file <WORKSPACE>/hw/spinal/FloatingPoint/berkeley-softfloat-3/build/Linux-x86_64-GCC... (full report at: "/root/onnx_spinal_project_new/.metals/.reports/bloop/2026-05-08/r_Failed to visit file..._07-11-01-480.md")
2026.05.08 07:11:01 INFO  Created report: Optional.empty
2026.05.08 07:11:01 INFO  Failed to visit file <WORKSPACE>/hw/spinal/FloatingPoint/berkeley-softfloat-3/build/Linux-x86_64-GCC... (full report at: "/root/onnx_spinal_project_new/.metals/.reports/bloop/2026-05-08/r_Failed to visit file..._07-11-01-484.md")
2026.05.08 07:11:01 INFO  Created report: Optional.empty
2026.05.08 07:11:01 INFO  Failed to visit file <WORKSPACE>/hw/spinal/FloatingPoint/berkeley-softfloat-3/build/Linux-x86_64-GCC... (full report at: "/root/onnx_spinal_project_new/.metals/.reports/bloop/2026-05-08/r_Failed to visit file..._07-11-01-487.md")
2026.05.08 07:11:01 INFO  Created report: Optional.empty
2026.05.08 07:11:01 INFO  Failed to visit file <WORKSPACE>/hw/spinal/FloatingPoint/berkeley-softfloat-3/build/Linux-x86_64-GCC... (full report at: "/root/onnx_spinal_project_new/.metals/.reports/bloop/2026-05-08/r_Failed to visit file..._07-11-01-489.md")
2026.05.08 07:11:01 INFO  Created report: Optional.empty
2026.05.08 07:11:01 INFO  Failed to visit file <WORKSPACE>/hw/spinal/FloatingPoint/berkeley-softfloat-3/build/Linux-x86_64-GCC... (full report at: "/root/onnx_spinal_project_new/.metals/.reports/bloop/2026-05-08/r_Failed to visit file..._07-11-01-493.md")
2026.05.08 07:11:01 INFO  Created report: Optional.empty
2026.05.08 07:11:01 INFO  Failed to visit file <WORKSPACE>/hw/spinal/FloatingPoint/berkeley-softfloat-3/build/Linux-x86_64-GCC... (full report at: "/root/onnx_spinal_project_new/.metals/.reports/bloop/2026-05-08/r_Failed to visit file..._07-11-01-496.md")
2026.05.08 07:11:01 INFO  Created report: Optional.empty
2026.05.08 07:11:01 INFO  Failed to visit file <WORKSPACE>/hw/spinal/FloatingPoint/berkeley-softfloat-3/build/Linux-x86_64-GCC... (full report at: "/root/onnx_spinal_project_new/.metals/.reports/bloop/2026-05-08/r_Failed to visit file..._07-11-01-497.md")
2026.05.08 07:11:01 INFO  Created report: Optional.empty
2026.05.08 07:11:01 INFO  Failed to visit file <WORKSPACE>/hw/spinal/FloatingPoint/berkeley-softfloat-3/build/Linux-x86_64-GCC... (full report at: "/root/onnx_spinal_project_new/.metals/.reports/bloop/2026-05-08/r_Failed to visit file..._07-11-01-499.md")
2026.05.08 07:11:01 INFO  Created report: Optional.empty
2026.05.08 07:11:01 INFO  Failed to visit file <WORKSPACE>/hw/spinal/FloatingPoint/berkeley-softfloat-3/build/Linux-x86_64-GCC... (full report at: "/root/onnx_spinal_project_new/.metals/.reports/bloop/2026-05-08/r_Failed to visit file..._07-11-01-501.md")
2026.05.08 07:11:01 INFO  Created report: Optional.empty
2026.05.08 07:11:01 INFO  Failed to visit file <WORKSPACE>/hw/spinal/FloatingPoint/berkeley-softfloat-3/build/Linux-x86_64-GCC... (full report at: "/root/onnx_spinal_project_new/.metals/.reports/bloop/2026-05-08/r_Failed to visit file..._07-11-01-503.md")
2026.05.08 07:11:01 INFO  Created report: Optional.empty
2026.05.08 07:11:01 INFO  Failed to visit file <WORKSPACE>/hw/spinal/FloatingPoint/berkeley-softfloat-3/build/Linux-x86_64-GCC... (full report at: "/root/onnx_spinal_project_new/.metals/.reports/bloop/2026-05-08/r_Failed to visit file..._07-11-01-507.md")
2026.05.08 07:11:01 INFO  Created report: Optional.empty
2026.05.08 07:11:01 INFO  Failed to visit file <WORKSPACE>/hw/spinal/FloatingPoint/berkeley-softfloat-3/build/Linux-x86_64-GCC... (full report at: "/root/onnx_spinal_project_new/.metals/.reports/bloop/2026-05-08/r_Failed to visit file..._07-11-01-509.md")
2026.05.08 07:11:01 INFO  Created report: Optional.empty
2026.05.08 07:11:01 INFO  Failed to visit file <WORKSPACE>/hw/spinal/FloatingPoint/berkeley-softfloat-3/build/Linux-x86_64-GCC... (full report at: "/root/onnx_spinal_project_new/.metals/.reports/bloop/2026-05-08/r_Failed to visit file..._07-11-01-511.md")
2026.05.08 07:11:01 INFO  Created report: Optional.empty
2026.05.08 07:11:01 INFO  Failed to visit file <WORKSPACE>/hw/spinal/FloatingPoint/berkeley-softfloat-3/build/Linux-x86_64-GCC... (full report at: "/root/onnx_spinal_project_new/.metals/.reports/bloop/2026-05-08/r_Failed to visit file..._07-11-01-513.md")
2026.05.08 07:11:01 INFO  Created report: Optional.empty
2026.05.08 07:11:01 INFO  Failed to visit file <WORKSPACE>/hw/spinal/FloatingPoint/berkeley-softfloat-3/build/Linux-x86_64-GCC... (full report at: "/root/onnx_spinal_project_new/.metals/.reports/bloop/2026-05-08/r_Failed to visit file..._07-11-01-515.md")
2026.05.08 07:11:01 INFO  Created report: Optional.empty
2026.05.08 07:11:01 INFO  Failed to visit file <WORKSPACE>/hw/spinal/FloatingPoint/berkeley-softfloat-3/build/Linux-x86_64-GCC... (full report at: "/root/onnx_spinal_project_new/.metals/.reports/bloop/2026-05-08/r_Failed to visit file..._07-11-01-517.md")
2026.05.08 07:11:01 INFO  Created report: Optional.empty
2026.05.08 07:11:01 INFO  Failed to visit file <WORKSPACE>/hw/spinal/FloatingPoint/berkeley-softfloat-3/build/Linux-x86_64-GCC... (full report at: "/root/onnx_spinal_project_new/.metals/.reports/bloop/2026-05-08/r_Failed to visit file..._07-11-01-520.md")
2026.05.08 07:11:01 INFO  Created report: Optional.empty
2026.05.08 07:11:01 INFO  Failed to visit file <WORKSPACE>/hw/spinal/FloatingPoint/berkeley-softfloat-3/build/Linux-x86_64-GCC... (full report at: "/root/onnx_spinal_project_new/.metals/.reports/bloop/2026-05-08/r_Failed to visit file..._07-11-01-524.md")
2026.05.08 07:11:01 INFO  Created report: Optional.empty
2026.05.08 07:11:01 INFO  Failed to visit file <WORKSPACE>/hw/spinal/FloatingPoint/berkeley-softfloat-3/build/Linux-x86_64-GCC... (full report at: "/root/onnx_spinal_project_new/.metals/.reports/bloop/2026-05-08/r_Failed to visit file..._07-11-01-526.md")
2026.05.08 07:11:01 INFO  Created report: Optional.empty
2026.05.08 07:11:01 INFO  Failed to visit file <WORKSPACE>/hw/spinal/FloatingPoint/berkeley-softfloat-3/build/Linux-x86_64-GCC... (full report at: "/root/onnx_spinal_project_new/.metals/.reports/bloop/2026-05-08/r_Failed to visit file..._07-11-01-529.md")
2026.05.08 07:11:01 INFO  Created report: Optional.empty
2026.05.08 07:11:01 INFO  Failed to visit file <WORKSPACE>/hw/spinal/FloatingPoint/berkeley-softfloat-3/build/Linux-x86_64-GCC... (full report at: "/root/onnx_spinal_project_new/.metals/.reports/bloop/2026-05-08/r_Failed to visit file..._07-11-01-533.md")
2026.05.08 07:11:01 INFO  Created report: Optional.empty
2026.05.08 07:11:01 INFO  Failed to visit file <WORKSPACE>/hw/spinal/FloatingPoint/berkeley-softfloat-3/build/Linux-x86_64-GCC... (full report at: "/root/onnx_spinal_project_new/.metals/.reports/bloop/2026-05-08/r_Failed to visit file..._07-11-01-536.md")
2026.05.08 07:11:01 INFO  Created report: Optional.empty
2026.05.08 07:11:01 INFO  Failed to visit file <WORKSPACE>/hw/spinal/FloatingPoint/berkeley-softfloat-3/build/Linux-x86_64-GCC... (full report at: "/root/onnx_spinal_project_new/.metals/.reports/bloop/2026-05-08/r_Failed to visit file..._07-11-01-540.md")
2026.05.08 07:11:01 INFO  Created report: Optional.empty
2026.05.08 07:11:01 INFO  Failed to visit file <WORKSPACE>/hw/spinal/FloatingPoint/berkeley-softfloat-3/build/Linux-x86_64-GCC... (full report at: "/root/onnx_spinal_project_new/.metals/.reports/bloop/2026-05-08/r_Failed to visit file..._07-11-01-543.md")
2026.05.08 07:11:01 INFO  Created report: Optional.empty
2026.05.08 07:11:01 INFO  Failed to visit file <WORKSPACE>/hw/spinal/FloatingPoint/berkeley-softfloat-3/build/Linux-x86_64-GCC... (full report at: "/root/onnx_spinal_project_new/.metals/.reports/bloop/2026-05-08/r_Failed to visit file..._07-11-01-545.md")
2026.05.08 07:11:01 INFO  Created report: Optional.empty
2026.05.08 07:11:01 INFO  Failed to visit file <WORKSPACE>/hw/spinal/FloatingPoint/berkeley-softfloat-3/build/Linux-x86_64-GCC... (full report at: "/root/onnx_spinal_project_new/.metals/.reports/bloop/2026-05-08/r_Failed to visit file..._07-11-01-547.md")
2026.05.08 07:11:01 INFO  Created report: Optional.empty
2026.05.08 07:11:01 INFO  Failed to visit file <WORKSPACE>/hw/spinal/FloatingPoint/berkeley-softfloat-3/build/Linux-x86_64-GCC... (full report at: "/root/onnx_spinal_project_new/.metals/.reports/bloop/2026-05-08/r_Failed to visit file..._07-11-01-550.md")
2026.05.08 07:11:01 INFO  Created report: Optional.empty
2026.05.08 07:11:01 INFO  Failed to visit file <WORKSPACE>/hw/spinal/FloatingPoint/berkeley-softfloat-3/build/Linux-x86_64-GCC... (full report at: "/root/onnx_spinal_project_new/.metals/.reports/bloop/2026-05-08/r_Failed to visit file..._07-11-01-552.md")
2026.05.08 07:11:01 INFO  Created report: Optional.empty
2026.05.08 07:11:01 INFO  Failed to visit file <WORKSPACE>/hw/spinal/FloatingPoint/SquareSystolicArray.scala: <WORKSPACE>/hw/s... (full report at: "/root/onnx_spinal_project_new/.metals/.reports/bloop/2026-05-08/r_Failed to visit file..._07-11-01-554.md")
2026.05.08 07:11:01 INFO  Created report: Optional.empty
2026.05.08 07:11:01 INFO  Failed to visit file <WORKSPACE>/hw/spinal/FloatingPoint/Misc.scala: <WORKSPACE>/hw/spinal/FloatingP... (full report at: "/root/onnx_spinal_project_new/.metals/.reports/bloop/2026-05-08/r_Failed to visit file..._07-11-01-557.md")
2026.05.08 07:11:01 INFO  Created report: Optional.empty
2026.05.08 07:11:01 INFO  Failed to visit file <WORKSPACE>/hw/spinal/FloatingPoint/IntSqrtTester.scala: <WORKSPACE>/hw/spinal/... (full report at: "/root/onnx_spinal_project_new/.metals/.reports/bloop/2026-05-08/r_Failed to visit file..._07-11-01-559.md")
2026.05.08 07:11:01 INFO  Created report: Optional.empty
2026.05.08 07:11:01 INFO  Failed to visit file <WORKSPACE>/hw/spinal/playGround: <WORKSPACE>/hw/spinal/playGround
java.nio.fil... (full report at: "/root/onnx_spinal_project_new/.metals/.reports/bloop/2026-05-08/r_Failed to visit file..._07-11-01-562.md")
2026.05.08 07:11:01 INFO  Created report: Optional.empty
2026.05.08 07:11:01 INFO  Failed to visit file <WORKSPACE>/hw/spinal/projectname: <WORKSPACE>/hw/spinal/projectname
java.nio.f... (full report at: "/root/onnx_spinal_project_new/.metals/.reports/bloop/2026-05-08/r_Failed to visit file..._07-11-01-564.md")
2026.05.08 07:11:01 INFO  Created report: Optional.empty
2026.05.08 07:11:01 INFO  Failed to visit file <WORKSPACE>/hw/spinal/Tiling: <WORKSPACE>/hw/spinal/Tiling
java.nio.file.NoSuch... (full report at: "/root/onnx_spinal_project_new/.metals/.reports/bloop/2026-05-08/r_Failed to visit file..._07-11-01-566.md")
2026.05.08 07:11:01 INFO  Created report: Optional.empty
2026.05.08 07:11:01 INFO  Failed to visit file <WORKSPACE>/hw/spinal/LayerNormalization: <WORKSPACE>/hw/spinal/LayerNormalizat... (full report at: "/root/onnx_spinal_project_new/.metals/.reports/bloop/2026-05-08/r_Failed to visit file..._07-11-01-568.md")
2026.05.08 07:11:01 INFO  Created report: Optional.empty
2026.05.08 07:11:01 INFO  Failed to visit file <WORKSPACE>/hw/spinal/LogCumsumExp: <WORKSPACE>/hw/spinal/LogCumsumExp
java.nio... (full report at: "/root/onnx_spinal_project_new/.metals/.reports/bloop/2026-05-08/r_Failed to visit file..._07-11-01-571.md")
2026.05.08 07:11:01 INFO  Created report: Optional.empty
2026.05.08 07:11:01 INFO  Failed to visit file <WORKSPACE>/hw/spinal/Interface: <WORKSPACE>/hw/spinal/Interface
java.nio.file.... (full report at: "/root/onnx_spinal_project_new/.metals/.reports/bloop/2026-05-08/r_Failed to visit file..._07-11-01-575.md")
2026.05.08 07:11:01 INFO  Created report: Optional.empty
2026.05.08 07:11:01 INFO  Failed to visit file <WORKSPACE>/hw/spinal/LogarithmFunction: <WORKSPACE>/hw/spinal/LogarithmFunctio... (full report at: "/root/onnx_spinal_project_new/.metals/.reports/bloop/2026-05-08/r_Failed to visit file..._07-11-01-578.md")
2026.05.08 07:11:01 INFO  Created report: Optional.empty
2026.05.08 07:11:01 INFO  Failed to visit file <WORKSPACE>/hw/spinal/MemBlackBoxer: <WORKSPACE>/hw/spinal/MemBlackBoxer
java.n... (full report at: "/root/onnx_spinal_project_new/.metals/.reports/bloop/2026-05-08/r_Failed to visit file..._07-11-01-581.md")
2026.05.08 07:11:01 INFO  Created report: Optional.empty
2026.05.08 07:11:01 INFO  Failed to visit file <WORKSPACE>/hw/spinal/StreamProcessor: <WORKSPACE>/hw/spinal/StreamProcessor
ja... (full report at: "/root/onnx_spinal_project_new/.metals/.reports/bloop/2026-05-08/r_Failed to visit file..._07-11-01-595.md")
2026.05.08 07:11:01 INFO  Created report: Optional.empty
2026.05.08 07:11:01 INFO  Failed to visit file <WORKSPACE>/hw/spinal/Sigmoid: <WORKSPACE>/hw/spinal/Sigmoid
java.nio.file.NoSu... (full report at: "/root/onnx_spinal_project_new/.metals/.reports/bloop/2026-05-08/r_Failed to visit file..._07-11-01-599.md")
2026.05.08 07:11:02 WARN  no build target for: /root/onnx_spinal_project_new/build.sc
2026.05.08 07:11:01 INFO  compiling onnx_spinalhdl (35 scala sources and 14 java sources)
2026.05.08 07:11:02 INFO  Created report: Optional.empty
2026.05.08 07:11:02 INFO  IO error while decoding <WORKSPACE>/hw/spinal/FloatingPoint/tb_SquareSystolicArray.scala with UTF-8:... (full report at: "/root/onnx_spinal_project_new/.metals/.reports/bloop/2026-05-08/r_IO error while decod..._07-11-02-634.md")
2026.05.08 07:11:02 INFO  Created report: Optional.empty
2026.05.08 07:11:02 INFO  IO error while decoding <WORKSPACE>/hw/spinal/MatrixCacheInterface/InputMatrixCache.scala with UTF-8... (full report at: "/root/onnx_spinal_project_new/.metals/.reports/bloop/2026-05-08/r_IO error while decod..._07-11-02-637.md")
2026.05.08 07:11:02 INFO  Created report: Optional.empty
2026.05.08 07:11:02 INFO  IO error while decoding <WORKSPACE>/hw/spinal/MatrixCacheInterface/MatrixCache.scala with UTF-8: <WO... (full report at: "/root/onnx_spinal_project_new/.metals/.reports/bloop/2026-05-08/r_IO error while decod..._07-11-02-639.md")
2026.05.08 07:11:02 INFO  Created report: Optional.empty
2026.05.08 07:11:02 INFO  IO error while decoding <WORKSPACE>/hw/spinal/MatrixCacheInterface/OutputMatrixCache.scala with UTF-... (full report at: "/root/onnx_spinal_project_new/.metals/.reports/bloop/2026-05-08/r_IO error while decod..._07-11-02-640.md")
2026.05.08 07:11:02 INFO  Created report: Optional.empty
2026.05.08 07:11:02 INFO  IO error while decoding <WORKSPACE>/hw/spinal/MatrixCacheInterface/tb_InputMatrixCache.scala with UT... (full report at: "/root/onnx_spinal_project_new/.metals/.reports/bloop/2026-05-08/r_IO error while decod..._07-11-02-643.md")
2026.05.08 07:11:02 INFO  Created report: Optional.empty
2026.05.08 07:11:02 INFO  IO error while decoding <WORKSPACE>/hw/spinal/MatrixCacheInterface/tb_MatrixCache.scala with UTF-8: ... (full report at: "/root/onnx_spinal_project_new/.metals/.reports/bloop/2026-05-08/r_IO error while decod..._07-11-02-646.md")
2026.05.08 07:11:02 INFO  Created report: Optional.empty
2026.05.08 07:11:02 INFO  IO error while decoding <WORKSPACE>/hw/spinal/MatrixCacheInterface/tb_OutputMatrixCache.scala with U... (full report at: "/root/onnx_spinal_project_new/.metals/.reports/bloop/2026-05-08/r_IO error while decod..._07-11-02-648.md")
2026.05.08 07:11:02 INFO  Created report: Optional.empty
2026.05.08 07:11:02 INFO  IO error while decoding <WORKSPACE>/hw/spinal/MatrixComputeUnit/SystolicArray2D/SystolicArray2D.scal... (full report at: "/root/onnx_spinal_project_new/.metals/.reports/bloop/2026-05-08/r_IO error while decod..._07-11-02-649.md")
2026.05.08 07:11:02 INFO  Created report: Optional.empty
2026.05.08 07:11:02 INFO  IO error while decoding <WORKSPACE>/hw/spinal/MatrixComputeUnit/SystolicArray2D/SystolicArray2DUnit.... (full report at: "/root/onnx_spinal_project_new/.metals/.reports/bloop/2026-05-08/r_IO error while decod..._07-11-02-651.md")
2026.05.08 07:11:02 INFO  Created report: Optional.empty
2026.05.08 07:11:02 INFO  IO error while decoding <WORKSPACE>/hw/spinal/MatrixComputeUnit/SystolicArray2D/SystolicArray2DUnitS... (full report at: "/root/onnx_spinal_project_new/.metals/.reports/bloop/2026-05-08/r_IO error while decod..._07-11-02-652.md")
2026.05.08 07:11:02 INFO  Created report: Optional.empty
2026.05.08 07:11:02 INFO  IO error while decoding <WORKSPACE>/hw/spinal/MatrixComputeUnit/SystolicArray2D/SystolicArray2D_CC.s... (full report at: "/root/onnx_spinal_project_new/.metals/.reports/bloop/2026-05-08/r_IO error while decod..._07-11-02-654.md")
2026.05.08 07:11:02 INFO  Created report: Optional.empty
2026.05.08 07:11:02 INFO  IO error while decoding <WORKSPACE>/hw/spinal/MatrixComputeUnit/SystolicArray2D/SystolicArray2d_Wrap... (full report at: "/root/onnx_spinal_project_new/.metals/.reports/bloop/2026-05-08/r_IO error while decod..._07-11-02-656.md")
2026.05.08 07:11:02 INFO  Created report: Optional.empty
2026.05.08 07:11:02 INFO  IO error while decoding <WORKSPACE>/hw/spinal/MatrixComputeUnit/SystolicArray2D/tb_SystolicArray2D.s... (full report at: "/root/onnx_spinal_project_new/.metals/.reports/bloop/2026-05-08/r_IO error while decod..._07-11-02-657.md")
2026.05.08 07:11:02 INFO  Created report: Optional.empty
2026.05.08 07:11:02 INFO  IO error while decoding <WORKSPACE>/hw/spinal/MatrixComputeUnit/SystolicArray2D/tb_SystolicArray2D_C... (full report at: "/root/onnx_spinal_project_new/.metals/.reports/bloop/2026-05-08/r_IO error while decod..._07-11-02-659.md")
2026.05.08 07:11:02 INFO  Created report: Optional.empty
2026.05.08 07:11:02 INFO  IO error while decoding <WORKSPACE>/hw/spinal/MatrixComputeUnit/SystolicArray2D/tb_SystolicArray2D_W... (full report at: "/root/onnx_spinal_project_new/.metals/.reports/bloop/2026-05-08/r_IO error while decod..._07-11-02-661.md")
2026.05.08 07:11:02 INFO  Created report: Optional.empty
2026.05.08 07:11:02 INFO  IO error while decoding <WORKSPACE>/hw/spinal/WrapForFPGA/InstAxi4ToStream.scala with UTF-8: <WORKSP... (full report at: "/root/onnx_spinal_project_new/.metals/.reports/bloop/2026-05-08/r_IO error while decod..._07-11-02-663.md")
2026.05.08 07:11:02 INFO  Created report: Optional.empty
2026.05.08 07:11:02 INFO  IO error while decoding <WORKSPACE>/hw/spinal/WrapForFPGA/SystemWrapper.scala with UTF-8: <WORKSPACE... (full report at: "/root/onnx_spinal_project_new/.metals/.reports/bloop/2026-05-08/r_IO error while decod..._07-11-02-667.md")
2026.05.08 07:11:02 INFO  Created report: Optional.empty
2026.05.08 07:11:02 INFO  IO error while decoding <WORKSPACE>/hw/spinal/WrapForFPGA/WrapForFPGA.scala with UTF-8: <WORKSPACE>/... (full report at: "/root/onnx_spinal_project_new/.metals/.reports/bloop/2026-05-08/r_IO error while decod..._07-11-02-672.md")
2026.05.08 07:11:02 INFO  Created report: Optional.empty
2026.05.08 07:11:02 INFO  IO error while decoding <WORKSPACE>/hw/spinal/WrapForFPGA/tb_SystemWrapper_LargeMatrix64.scala with ... (full report at: "/root/onnx_spinal_project_new/.metals/.reports/bloop/2026-05-08/r_IO error while decod..._07-11-02-675.md")
2026.05.08 07:11:02 INFO  Created report: Optional.empty
2026.05.08 07:11:02 INFO  IO error while decoding <WORKSPACE>/hw/spinal/WrapForFPGA/tb_SystemWrapper_OpLevel.scala with UTF-8:... (full report at: "/root/onnx_spinal_project_new/.metals/.reports/bloop/2026-05-08/r_IO error while decod..._07-11-02-677.md")
2026.05.08 07:11:02 INFO  Created report: Optional.empty
2026.05.08 07:11:02 INFO  IO error while decoding <WORKSPACE>/hw/spinal/WrapForFPGA/tb_WrapForFPGA.scala with UTF-8: <WORKSPAC... (full report at: "/root/onnx_spinal_project_new/.metals/.reports/bloop/2026-05-08/r_IO error while decod..._07-11-02-678.md")
2026.05.08 07:11:02 INFO  Created report: Optional.empty
2026.05.08 07:11:02 INFO  IO error while decoding <WORKSPACE>/hw/spinal/WrapForFPGA/tb_WrapForFPGA_DirectDUT.scala with UTF-8:... (full report at: "/root/onnx_spinal_project_new/.metals/.reports/bloop/2026-05-08/r_IO error while decod..._07-11-02-687.md")
2026.05.08 07:11:02 INFO  Created report: Optional.empty
2026.05.08 07:11:02 INFO  IO error while decoding <WORKSPACE>/hw/spinal/WrapForFPGA/tb_WrapForFPGA_MatrixCache.scala with UTF-... (full report at: "/root/onnx_spinal_project_new/.metals/.reports/bloop/2026-05-08/r_IO error while decod..._07-11-02-690.md")
2026.05.08 07:11:02 INFO  Created report: Optional.empty
2026.05.08 07:11:02 INFO  IO error while decoding <WORKSPACE>/hw/spinal/WrapForFPGA/tb_WrapForFPGA_TiledMatMul.scala with UTF-... (full report at: "/root/onnx_spinal_project_new/.metals/.reports/bloop/2026-05-08/r_IO error while decod..._07-11-02-828.md")
2026.05.08 07:11:02 WARN  Invalid text document uri received from build server: file:///root/onnx_spinal_project_new/hw/spinal/FloatingPoint/Misc.scala
2026.05.08 07:11:02 WARN  Invalid text document uri received from build server: file:///root/onnx_spinal_project_new/hw/spinal/FloatingPoint/FpxxAdd.scala
2026.05.08 07:11:02 WARN  Invalid text document uri received from build server: file:///root/onnx_spinal_project_new/hw/spinal/FloatingPoint/FpxxTesterSupport.scala
2026.05.08 07:11:02 WARN  Invalid text document uri received from build server: file:///root/onnx_spinal_project_new/hw/spinal/FloatingPoint/FpxxRSqrt.scala
2026.05.08 07:11:02 WARN  Invalid text document uri received from build server: file:///root/onnx_spinal_project_new/hw/spinal/FloatingPoint/FpxxMul.scala
2026.05.08 07:11:02 WARN  Invalid text document uri received from build server: file:///root/onnx_spinal_project_new/hw/spinal/FloatingPoint/FpxxSqrtStream.scala
2026.05.08 07:11:02 WARN  Invalid text document uri received from build server: file:///root/onnx_spinal_project_new/hw/spinal/FloatingPoint/FpxxConverter.scala
2026.05.08 07:11:02 INFO  time: compiled Onnx_SpinalHDL in 1.23s
2026.05.08 07:11:03 INFO  compiling onnx_spinalhdl (11 scala sources and 15 java sources)
2026.05.08 07:11:03 INFO  time: compiled Onnx_SpinalHDL in 0.66s
May 08, 2026 7:17:11 AM org.eclipse.lsp4j.jsonrpc.RemoteEndpoint handleCancellation
WARNING: Unmatched cancel notification for request id 379
May 08, 2026 7:18:27 AM org.eclipse.lsp4j.jsonrpc.RemoteEndpoint handleCancellation
WARNING: Unmatched cancel notification for request id 406
May 08, 2026 7:18:30 AM org.eclipse.lsp4j.jsonrpc.RemoteEndpoint handleCancellation
WARNING: Unmatched cancel notification for request id 412
2026.05.08 07:19:29 INFO  empty definition using pc, found symbol in pc: Accelerator/AcceleratorSimInterface# (full report at: "/root/onnx_spinal_project_new/.metals/.reports/metals-full/2026-05-03/r_empty-definition_(Onnx_5fSpinalHDL)_06-45-25-000.md")
2026.05.08 07:37:32 INFO  running '/root/.local/share/coursier/bin/sbt -Dbloop.export-jar-classifiers=sources bloopInstall'
2026.05.08 07:37:32 INFO  no build target found for /root/onnx_spinal_project_new/project/project/metals.sbt. Using presentation compiler with project's scala-library version: 2.13.18
2026.05.08 07:37:32 WARN  no build target for: /root/onnx_spinal_project_new/project/project/metals.sbt
2026.05.08 07:37:33 ERROR [info] [launcher] getting org.scala-sbt sbt 1.11.0  (this may take some time)...
May 08, 2026 7:37:35 AM org.eclipse.lsp4j.jsonrpc.RemoteEndpoint handleCancellation
WARNING: Unmatched cancel notification for request id 474
2026.05.08 07:37:37 ERROR [info] [launcher] getting Scala 2.12.20 (for sbt)...
2026.05.08 07:37:38 INFO  [info] Updated file /root/onnx_spinal_project_new/project/build.properties: set sbt.version to 1.11.0
2026.05.08 07:37:38 INFO  [info] welcome to sbt 1.11.0 (Red Hat, Inc. Java 17.0.14)
2026.05.08 07:37:41 INFO  [info] loading settings for project onnx_spinal_project_new-build-build-build from metals.sbt...
2026.05.08 07:37:43 INFO  [info] loading project definition from /root/onnx_spinal_project_new/project/project/project
2026.05.08 07:37:46 INFO  [info] loading settings for project onnx_spinal_project_new-build-build from metals.sbt...
2026.05.08 07:37:46 INFO  [info] loading project definition from /root/onnx_spinal_project_new/project/project
2026.05.08 07:37:47 INFO  Created report: Optional[file:///root/onnx_spinal_project_new/sw/scala/main/scala/runtime/dispatch/AcceleratorDispatcher.scala]
2026.05.08 07:37:47 INFO  empty definition using pc, found symbol in pc: Accelerator/AcceleratorSimInterface. (full report at: "/root/onnx_spinal_project_new/.metals/.reports/metals-full/2026-05-08/r_empty-definition_(Onnx_5fSpinalHDL)_07-37-47-367.md")
2026.05.08 07:37:51 INFO  [success] Generated .bloop/onnx_spinal_project_new-build-build.json
2026.05.08 07:37:51 INFO  [success] Total time: 5 s, completed May 8, 2026, 7:37:51 AM
2026.05.08 07:37:52 INFO  [info] loading settings for project onnx_spinal_project_new-build from metals.sbt...
2026.05.08 07:37:52 INFO  [info] loading project definition from /root/onnx_spinal_project_new/project
2026.05.08 07:37:53 INFO  [success] Generated .bloop/onnx_spinal_project_new-build.json
2026.05.08 07:37:53 INFO  [success] Total time: 1 s, completed May 8, 2026, 7:37:54 AM
2026.05.08 07:37:55 INFO  [info] loading settings for project onnx_spinal_project_new from build.sbt...
2026.05.08 07:37:55 INFO  [info] set current project to onnx_spinal_project_new (in build file:/root/onnx_spinal_project_new/)
2026.05.08 07:37:59 INFO  [success] Generated .bloop/onnx_spinal_project_new-test.json
2026.05.08 07:37:59 INFO  [success] Generated .bloop/onnx_spinal_project_new.json
2026.05.08 07:37:59 INFO  [warn] Removed stale /root/onnx_spinal_project_new/.bloop/Onnx_SpinalHDL-test.json
2026.05.08 07:37:59 INFO  [warn] Removed stale /root/onnx_spinal_project_new/.bloop/Onnx_SpinalHDL.json
2026.05.08 07:37:59 INFO  [success] Total time: 3 s, completed May 8, 2026, 7:37:59 AM
2026.05.08 07:37:59 INFO  time: ran 'sbt bloopInstall' in 27s
2026.05.08 07:37:59 INFO  Disconnecting from Bloop session...
2026.05.08 07:37:59 INFO  Shut down connection with build server.
2026.05.08 07:37:59 INFO  Shut down connection with build server.
2026.05.08 07:37:59 INFO  Shut down connection with build server.
2026.05.08 07:37:59 INFO  Attempting to connect to the build server...
2026.05.08 07:37:59 INFO  Found a Bloop server running
2026.05.08 07:38:00 INFO  tracing is disabled for protocol BSP, to enable tracing of incoming and outgoing JSON messages create an empty file at /root/onnx_spinal_project_new/.metals/bsp.trace.json or /root/.cache/metals/bsp.trace.json
2026.05.08 07:38:01 INFO  Attempting to connect to the build server...
2026.05.08 07:38:01 INFO  Found a Bloop server running
2026.05.08 07:38:01 INFO  Attempting to connect to the build server...
2026.05.08 07:38:01 INFO  Found a Bloop server running
2026.05.08 07:38:01 INFO  tracing is disabled for protocol BSP, to enable tracing of incoming and outgoing JSON messages create an empty file at /root/onnx_spinal_project_new/project/project/.metals/bsp.trace.json or /root/.cache/metals/bsp.trace.json
2026.05.08 07:38:01 INFO  tracing is disabled for protocol BSP, to enable tracing of incoming and outgoing JSON messages create an empty file at /root/onnx_spinal_project_new/project/.metals/bsp.trace.json or /root/.cache/metals/bsp.trace.json
2026.05.08 07:38:03 INFO  time: Connected to build server in 3.48s
2026.05.08 07:38:03 INFO  Connected to Build server: Bloop v2.0.19
2026.05.08 07:38:03 INFO  no build target found for /root/onnx_spinal_project_new/sw/scala/main/scala/runtime/dispatch/AcceleratorDispatcher.scala. Using presentation compiler with project's scala-library version: 2.13.18
2026.05.08 07:38:04 INFO  no build target found for /root/onnx_spinal_project_new/sw/scala/main/scala/runtime/dispatch/AcceleratorDispatcher.scala. Using presentation compiler with project's scala-library version: 2.13.18
2026.05.08 07:38:07 INFO  QDox parse error in file:///root/onnx_spinal_project_new/sw/java/test/java/org/forwarder/backend/impls/dl4j/opsets/aiOnnx/v13/ops/DL4JCastV13Test.java (full report at: "/root/onnx_spinal_project_new/.metals/.reports/metals-full/2026-05-03/r_qdox-error_(Onnx_5fSpinalHDL-test)_06-04-49-696.md")
2026.05.08 07:38:07 INFO  QDox parse error in file:///root/onnx_spinal_project_new/sw/java/test/java/org/forwarder/backend/impls/HWAccelerated/opsets/v13/ops/HWAcceleratedNegV13Test.java (full report at: "/root/onnx_spinal_project_new/.metals/.reports/metals-full/2026-04-23/r_qdox-error_(Onnx_5fSpinalHDL-test)_05-40-24-274.md")
2026.05.08 07:38:07 WARN  Could not find java sources in /usr/lib/jvm/src.zip, /usr/lib/jvm/lib/src.zip, /usr/lib/jvm/java-17-openjdk/src.zip, /usr/lib/jvm/java-17-openjdk/lib/src.zip, /usr/lib/jvm/src.zip, /usr/lib/jvm/lib/src.zip, /usr/lib/jvm/java-17-openjdk-17.0.14.0.7-2.el9.x86_64/src.zip, /usr/lib/jvm/java-17-openjdk-17.0.14.0.7-2.el9.x86_64/lib/src.zip. Java symbols will not be available.
2026.05.08 07:38:10 INFO  time: indexed workspace in 6.74s
2026.05.08 07:38:10 WARN  no build target for: /root/onnx_spinal_project_new/sw/scala/main/scala/runtime/dispatch/AcceleratorDispatcher.scala
2026.05.08 07:38:10 WARN  no build target for: /root/onnx_spinal_project_new/hw/spinal/Accelerator/test.java
2026.05.08 07:38:10 WARN  no build target for: /root/onnx_spinal_project_new/sw/java/main/java/org/forwarder/Forwarder.java
2026.05.08 07:38:10 WARN  no build target for: /root/onnx_spinal_project_new/sw/java/main/java/org/forwarder/backend/impls/HWAccelerated/opsets/v13/ops/HWAcceleratedAddLogV13.java
2026.05.08 07:38:10 WARN  no build target for: /root/onnx_spinal_project_new/sw/java/main/java/org/forwarder/Model.java
2026.05.08 07:38:10 WARN  no build target for: /root/onnx_spinal_project_new/hw/spinal/Accelerator/InstJavaTODO.java
2026.05.08 07:38:10 INFO  compiling onnx_spinal_project_new-test (4 scala sources and 111 java sources)
2026.05.08 07:38:10 INFO  no build target found for /root/onnx_spinal_project_new/sw/scala/main/scala/runtime/dispatch/AcceleratorDispatcher.scala. Using presentation compiler with project's scala-library version: 2.13.18
2026.05.08 07:38:11 INFO  time: compiled onnx_spinal_project_new-test in 1.03s
2026.05.08 07:38:11 INFO  no build target found for /root/onnx_spinal_project_new/sw/scala/main/scala/runtime/dispatch/AcceleratorDispatcher.scala. Using presentation compiler with project's scala-library version: 2.13.18
2026.05.08 07:38:14 INFO  no build target found for /root/onnx_spinal_project_new/sw/scala/main/scala/runtime/dispatch/AcceleratorDispatcher.scala. Using presentation compiler with project's scala-library version: 2.13.18
2026.05.08 07:38:25 INFO  no build target found for /root/onnx_spinal_project_new/sw/scala/main/scala/runtime/dispatch/AcceleratorDispatcher.scala. Using presentation compiler with project's scala-library version: 2.13.18
2026.05.08 07:46:52 INFO  no build target found for /root/onnx_spinal_project_new/Accelerator/InstJavaTODO.java. Using fallback presentation compiler.
2026.05.08 07:46:52 WARN  no build target for: /root/onnx_spinal_project_new/Accelerator/InstJavaTODO.java
2026.05.08 07:46:52 INFO  no build target found for /root/onnx_spinal_project_new/Accelerator/InstJavaTODO.java. Using fallback presentation compiler.
May 08, 2026 7:46:52 AM org.eclipse.lsp4j.jsonrpc.RemoteEndpoint handleCancellation
WARNING: Unmatched cancel notification for request id 583
2026.05.08 07:46:52 INFO  no build target found for /root/onnx_spinal_project_new/Accelerator/InstJavaTODO.java. Using fallback presentation compiler.
2026.05.08 07:46:52 INFO  no build target found for /root/onnx_spinal_project_new/Accelerator/InstJavaTODO.java. Using fallback presentation compiler.
2026.05.08 07:46:53 INFO  no build target found for /root/onnx_spinal_project_new/Accelerator/InstJavaTODO.java. Using fallback presentation compiler.
